racer_id,total_races,avg_rank,win_count,top2_count,top3_count,avg_st,avg_tenji,win_pct,top2_pct,top3_pct
2000,122,3.72,15,35,54,0.15,6.752,12.3,28.7,44.3
2001,132,3.39,22,51,71,0.148,6.764,16.7,38.6,53.8
2002,121,3.42,21,39,62,0.149,6.743,17.4,32.2,51.2
2003,154,3.31,31,61,88,0.144,6.758,20.1,39.6,57.1
2004,130,3.65,17,37,63,0.151,6.754,13.1,28.5,48.5
2005,128,3.43,17,44,69,0.149,6.735,13.3,34.4,53.9
2006,137,3.62,25,44,64,0.148,6.752,18.2,32.1,46.7
2007,144,3.42,24,51,78,0.152,6.762,16.7,35.4,54.2
2008,120,3.55,17,43,60,0.143,6.74,14.2,35.8,50.0
2009,136,3.6,20,44,66,0.147,6.738,14.7,32.4,48.5
2010,145,3.68,20,47,69,0.148,6.747,13.8,32.4,47.6
2011,134,3.41,26,49,68,0.151,6.759,19.4,36.6,50.7
2012,117,3.43,18,35,65,0.156,6.739,15.4,29.9,55.6
2013,141,3.26,31,56,78,0.151,6.745,22.0,39.7,55.3
2014,142,3.39,24,49,76,0.15,6.762,16.9,34.5,53.5
2015,147,3.5,24,45,72,0.143,6.749,16.3,30.6,49.0
2016,141,3.37,24,51,73,0.146,6.747,17.0,36.2,51.8
2017,125,3.53,23,36,61,0.152,6.744,18.4,28.8,48.8
2018,140,3.54,21,45,68,0.15,6.759,15.0,32.1,48.6
2019,147,3.4,21,43,76,0.151,6.746,14.3,29.3,51.7
2020,143,3.48,29,51,74,0.151,6.766,20.3,35.7,51.7
2021,136,3.46,25,50,69,0.154,6.74,18.4,36.8,50.7
2022,133,3.29,30,49,73,0.147,6.744,22.6,36.8,54.9
2023,138,3.41,30,45,68,0.153,6.743,21.7,32.6,49.3
2024,138,3.37,27,51,73,0.152,6.752,19.6,37.0,52.9
2025,128,3.39,27,47,67,0.151,6.74,21.1,36.7,52.3
2026,122,3.61,18,40,57,0.152,6.752,14.8,32.8,46.7
2027,138,3.35,23,45,73,0.151,6.737,16.7,32.6,52.9
2028,133,3.75,17,35,59,0.154,6.751,12.8,26.3,44.4
2029,150,3.3,34,55,77,0.143,6.756,22.7,36.7,51.3
2030,133,3.31,26,51,72,0.155,6.75,19.5,38.3,54.1
2031,113,3.61,20,34,56,0.148,6.745,17.7,30.1,49.6
2032,139,3.53,25,45,66,0.148,6.753,18.0,32.4,47.5
2033,163,3.46,30,56,83,0.153,6.746,18.4,34.4,50.9
2034,141,3.46,27,51,68,0.15,6.741,19.1,36.2,48.2
2035,125,3.27,29,50,68,0.156,6.74,23.2,40.0,54.4
2036,140,3.24,36,55,79,0.146,6.743,25.7,39.3,56.4
2037,113,3.81,15,27,48,0.15,6.76,13.3,23.9,42.5
2038,120,3.72,16,34,50,0.151,6.746,13.3,28.3,41.7
2039,140,3.46,29,54,68,0.153,6.744,20.7,38.6,48.6
2040,115,3.5,23,40,57,0.152,6.744,20.0,34.8,49.6
2041,127,3.42,25,44,67,0.148,6.745,19.7,34.6,52.8
2042,132,3.59,19,42,65,0.154,6.765,14.4,31.8,49.2
2043,138,3.43,19,47,74,0.147,6.752,13.8,34.1,53.6
2044,116,3.6,17,36,56,0.147,6.769,14.7,31.0,48.3
2045,147,3.39,26,50,78,0.153,6.748,17.7,34.0,53.1
2046,124,3.45,24,50,66,0.148,6.759,19.4,40.3,53.2
2047,146,3.34,26,56,81,0.146,6.745,17.8,38.4,55.5
2048,133,3.22,26,51,78,0.159,6.734,19.5,38.3,58.6
2049,156,3.49,29,56,75,0.149,6.745,18.6,35.9,48.1
2050,119,3.48,20,39,57,0.146,6.753,16.8,32.8,47.9
2051,124,3.47,18,43,67,0.146,6.744,14.5,34.7,54.0
2052,119,3.7,14,31,52,0.154,6.763,11.8,26.1,43.7
2053,120,3.52,18,39,55,0.154,6.748,15.0,32.5,45.8
2054,115,3.73,13,31,50,0.15,6.738,11.3,27.0,43.5
2055,144,3.4,29,57,74,0.154,6.755,20.1,39.6,51.4
2056,132,3.36,19,44,76,0.148,6.745,14.4,33.3,57.6
2057,147,3.49,20,48,74,0.147,6.761,13.6,32.7,50.3
2058,144,3.26,31,59,78,0.148,6.755,21.5,41.0,54.2
2059,139,3.59,25,41,62,0.151,6.754,18.0,29.5,44.6
2060,135,3.38,25,48,74,0.148,6.752,18.5,35.6,54.8
2061,142,3.39,29,47,76,0.149,6.731,20.4,33.1,53.5
2062,148,3.56,24,52,68,0.151,6.755,16.2,35.1,45.9
2063,121,3.5,17,40,60,0.157,6.748,14.0,33.1,49.6
2064,165,3.58,32,53,73,0.152,6.769,19.4,32.1,44.2
2065,143,3.41,24,44,70,0.15,6.761,16.8,30.8,49.0
2066,127,3.72,13,40,56,0.147,6.752,10.2,31.5,44.1
2067,117,3.64,16,40,54,0.156,6.739,13.7,34.2,46.2
2068,137,3.8,16,35,60,0.15,6.761,11.7,25.5,43.8
2069,140,3.51,25,48,69,0.149,6.745,17.9,34.3,49.3
2070,131,3.54,28,41,63,0.146,6.74,21.4,31.3,48.1
2071,115,3.59,15,38,60,0.151,6.745,13.0,33.0,52.2
2072,138,3.38,26,49,71,0.149,6.734,18.8,35.5,51.4
2073,148,3.61,14,40,74,0.147,6.773,9.5,27.0,50.0
2074,118,3.37,23,41,63,0.154,6.742,19.5,34.7,53.4
2075,127,3.73,22,38,48,0.142,6.765,17.3,29.9,37.8
2076,128,3.51,18,39,69,0.146,6.749,14.1,30.5,53.9
2077,131,3.58,23,50,65,0.153,6.74,17.6,38.2,49.6
2078,125,3.42,19,47,68,0.154,6.746,15.2,37.6,54.4
2079,136,3.49,23,44,71,0.143,6.742,16.9,32.4,52.2
2080,117,3.78,12,31,49,0.152,6.743,10.3,26.5,41.9
2081,148,3.14,35,65,88,0.149,6.753,23.6,43.9,59.5
2082,142,3.37,29,51,74,0.15,6.755,20.4,35.9,52.1
2083,149,3.46,30,50,73,0.15,6.749,20.1,33.6,49.0
2084,139,3.7,23,37,60,0.148,6.745,16.5,26.6,43.2
2085,140,3.22,37,53,80,0.156,6.755,26.4,37.9,57.1
2086,137,3.45,18,54,73,0.152,6.748,13.1,39.4,53.3
2087,141,3.53,25,46,68,0.149,6.756,17.7,32.6,48.2
2088,124,3.69,18,38,54,0.145,6.76,14.5,30.6,43.5
2089,149,3.58,24,45,70,0.146,6.759,16.1,30.2,47.0
2090,133,3.6,19,35,65,0.15,6.75,14.3,26.3,48.9
2091,134,3.58,20,44,64,0.147,6.745,14.9,32.8,47.8
2092,129,3.32,22,51,73,0.146,6.748,17.1,39.5,56.6
2093,135,3.45,24,49,71,0.153,6.742,17.8,36.3,52.6
2094,104,3.48,19,35,50,0.153,6.756,18.3,33.7,48.1
2095,114,3.37,21,44,61,0.153,6.755,18.4,38.6,53.5
2096,132,3.52,23,45,69,0.153,6.756,17.4,34.1,52.3
2097,125,3.75,12,35,56,0.156,6.756,9.6,28.0,44.8
2098,144,3.48,27,49,70,0.143,6.736,18.8,34.0,48.6
2099,133,3.35,24,52,73,0.151,6.747,18.0,39.1,54.9
2100,138,3.59,23,44,63,0.153,6.756,16.7,31.9,45.7
2101,127,3.59,24,38,63,0.149,6.756,18.9,29.9,49.6
2102,140,3.61,22,42,66,0.148,6.749,15.7,30.0,47.1
2103,133,3.51,23,43,69,0.15,6.744,17.3,32.3,51.9
2104,132,3.95,14,29,49,0.153,6.753,10.6,22.0,37.1
2105,140,3.52,27,46,66,0.152,6.739,19.3,32.9,47.1
2106,116,3.53,18,34,55,0.149,6.75,15.5,29.3,47.4
2107,120,3.31,26,44,65,0.149,6.756,21.7,36.7,54.2
2108,147,3.52,27,46,71,0.145,6.756,18.4,31.3,48.3
2109,153,3.5,30,51,76,0.149,6.754,19.6,33.3,49.7
2110,128,3.53,22,40,62,0.154,6.763,17.2,31.2,48.4
2111,159,3.61,27,48,75,0.147,6.743,17.0,30.2,47.2
2112,145,3.48,25,52,74,0.152,6.756,17.2,35.9,51.0
2113,126,3.64,16,39,59,0.151,6.743,12.7,31.0,46.8
2114,116,3.5,22,40,54,0.142,6.745,19.0,34.5,46.6
2115,130,3.83,13,27,58,0.15,6.75,10.0,20.8,44.6
2116,124,3.42,21,41,71,0.153,6.743,16.9,33.1,57.3
2117,144,3.35,25,55,80,0.146,6.753,17.4,38.2,55.6
2118,142,3.5,21,47,68,0.151,6.744,14.8,33.1,47.9
2119,150,3.66,24,49,66,0.153,6.745,16.0,32.7,44.0
2120,134,3.49,24,47,65,0.155,6.737,17.9,35.1,48.5
2121,136,3.69,18,39,61,0.152,6.75,13.2,28.7,44.9
2122,143,3.45,17,44,79,0.147,6.754,11.9,30.8,55.2
2123,135,3.47,19,41,66,0.145,6.744,14.1,30.4,48.9
2124,117,3.55,14,38,56,0.154,6.739,12.0,32.5,47.9
2125,123,3.37,18,51,64,0.149,6.736,14.6,41.5,52.0
2126,134,3.37,28,51,69,0.152,6.744,20.9,38.1,51.5
2127,140,3.34,27,58,74,0.155,6.746,19.3,41.4,52.9
2128,131,3.82,12,33,57,0.151,6.75,9.2,25.2,43.5
2129,136,3.39,18,50,74,0.15,6.741,13.2,36.8,54.4
2130,141,3.5,22,47,73,0.15,6.737,15.6,33.3,51.8
2131,146,3.23,36,58,77,0.145,6.75,24.7,39.7,52.7
2132,131,3.42,21,49,63,0.15,6.752,16.0,37.4,48.1
2133,127,3.49,26,42,58,0.147,6.761,20.5,33.1,45.7
2134,134,3.58,21,42,68,0.152,6.744,15.7,31.3,50.7
2135,124,3.51,19,47,58,0.155,6.75,15.3,37.9,46.8
2136,142,3.59,22,43,68,0.152,6.756,15.5,30.3,47.9
2137,128,3.52,20,42,64,0.155,6.761,15.6,32.8,50.0
2138,128,3.48,21,46,69,0.15,6.761,16.4,35.9,53.9
2139,130,3.22,31,53,73,0.145,6.751,23.8,40.8,56.2
2140,110,3.25,23,40,66,0.148,6.759,20.9,36.4,60.0
2141,135,3.27,20,53,79,0.151,6.756,14.8,39.3,58.5
2142,131,3.34,24,49,72,0.151,6.753,18.3,37.4,55.0
2143,143,3.36,28,50,74,0.15,6.74,19.6,35.0,51.7
2144,135,3.61,14,37,66,0.149,6.739,10.4,27.4,48.9
2145,136,3.27,30,54,75,0.151,6.748,22.1,39.7,55.1
2146,153,3.75,11,39,66,0.152,6.744,7.2,25.5,43.1
2147,130,3.44,23,42,67,0.155,6.751,17.7,32.3,51.5
2148,132,3.45,27,49,65,0.148,6.75,20.5,37.1,49.2
2149,115,3.6,19,34,55,0.151,6.744,16.5,29.6,47.8
2150,139,3.19,33,56,81,0.151,6.742,23.7,40.3,58.3
2151,131,3.44,25,40,69,0.151,6.753,19.1,30.5,52.7
2152,144,3.24,33,59,79,0.152,6.762,22.9,41.0,54.9
2153,128,3.62,17,37,63,0.147,6.752,13.3,28.9,49.2
2154,166,3.6,20,54,82,0.149,6.756,12.0,32.5,49.4
2155,142,3.52,17,47,74,0.15,6.75,12.0,33.1,52.1
2156,134,3.25,32,57,78,0.149,6.755,23.9,42.5,58.2
2157,138,3.34,24,44,75,0.15,6.744,17.4,31.9,54.3
2158,122,3.61,19,35,60,0.147,6.746,15.6,28.7,49.2
2159,126,3.31,31,47,69,0.148,6.763,24.6,37.3,54.8
2160,133,3.41,20,43,69,0.15,6.761,15.0,32.3,51.9
2161,132,3.14,24,59,78,0.153,6.744,18.2,44.7,59.1
2162,147,3.46,21,48,79,0.144,6.753,14.3,32.7,53.7
2163,122,3.44,17,40,64,0.15,6.776,13.9,32.8,52.5
2164,137,3.41,24,47,67,0.154,6.751,17.5,34.3,48.9
2165,129,3.63,18,42,61,0.148,6.758,14.0,32.6,47.3
2166,148,3.6,20,48,66,0.145,6.732,13.5,32.4,44.6
2167,118,3.64,14,35,58,0.149,6.736,11.9,29.7,49.2
2168,131,3.62,19,41,61,0.149,6.741,14.5,31.3,46.6
2169,138,3.54,18,42,62,0.149,6.756,13.0,30.4,44.9
2170,143,3.3,32,54,82,0.147,6.742,22.4,37.8,57.3
2171,138,3.51,27,43,63,0.147,6.739,19.6,31.2,45.7
2172,126,3.53,21,41,61,0.149,6.738,16.7,32.5,48.4
2173,137,3.4,26,53,70,0.149,6.755,19.0,38.7,51.1
2174,127,3.6,18,36,61,0.151,6.75,14.2,28.3,48.0
2175,125,3.42,22,40,64,0.151,6.733,17.6,32.0,51.2
2176,135,3.32,28,53,78,0.149,6.742,20.7,39.3,57.8
2177,120,3.58,18,31,62,0.154,6.751,15.0,25.8,51.7
2178,144,3.44,26,48,72,0.152,6.766,18.1,33.3,50.0
2179,135,3.53,23,42,61,0.146,6.735,17.0,31.1,45.2
2180,137,3.64,23,48,62,0.152,6.759,16.8,35.0,45.3
2181,134,3.4,19,47,68,0.149,6.755,14.2,35.1,50.7
2182,110,3.25,22,41,61,0.144,6.731,20.0,37.3,55.5
2183,124,3.34,23,40,70,0.148,6.752,18.5,32.3,56.5
2184,143,3.36,30,52,77,0.151,6.734,21.0,36.4,53.8
2185,134,3.85,18,39,54,0.152,6.753,13.4,29.1,40.3
2186,111,3.51,17,36,56,0.15,6.745,15.3,32.4,50.5
2187,120,3.65,11,31,55,0.153,6.727,9.2,25.8,45.8
2188,132,3.52,22,46,65,0.153,6.733,16.7,34.8,49.2
2189,129,3.28,26,52,68,0.156,6.745,20.2,40.3,52.7
2190,109,3.69,16,34,53,0.146,6.735,14.7,31.2,48.6
2191,141,3.29,21,53,81,0.154,6.746,14.9,37.6,57.4
2192,111,3.35,21,45,59,0.152,6.745,18.9,40.5,53.2
2193,115,3.25,22,44,65,0.152,6.748,19.1,38.3,56.5
2194,129,3.6,25,40,60,0.155,6.751,19.4,31.0,46.5
2195,122,3.52,22,38,61,0.151,6.754,18.0,31.1,50.0
2196,127,3.33,23,47,66,0.147,6.746,18.1,37.0,52.0
2197,126,3.52,15,40,64,0.15,6.756,11.9,31.7,50.8
2198,129,3.26,31,54,69,0.151,6.747,24.0,41.9,53.5
2199,106,3.43,23,37,52,0.154,6.753,21.7,34.9,49.1
2200,119,3.39,19,41,63,0.144,6.755,16.0,34.5,52.9
2201,129,3.4,29,48,70,0.154,6.759,22.5,37.2,54.3
2202,152,3.66,23,48,68,0.149,6.753,15.1,31.6,44.7
2203,143,3.29,33,50,79,0.151,6.76,23.1,35.0,55.2
2204,124,3.53,15,40,62,0.147,6.758,12.1,32.3,50.0
2205,121,3.8,9,31,52,0.151,6.738,7.4,25.6,43.0
2206,131,3.47,22,46,67,0.151,6.726,16.8,35.1,51.1
2207,123,3.46,26,49,60,0.148,6.744,21.1,39.8,48.8
2208,128,3.3,23,49,69,0.149,6.758,18.0,38.3,53.9
2209,122,3.6,19,42,54,0.157,6.741,15.6,34.4,44.3
2210,129,3.48,19,44,68,0.153,6.761,14.7,34.1,52.7
2211,136,3.65,23,43,60,0.153,6.76,16.9,31.6,44.1
2212,136,3.51,22,41,70,0.146,6.744,16.2,30.1,51.5
2213,130,3.44,25,45,62,0.151,6.745,19.2,34.6,47.7
2214,159,3.29,36,57,88,0.153,6.751,22.6,35.8,55.3
2215,118,3.44,23,42,62,0.15,6.752,19.5,35.6,52.5
2216,131,3.63,16,43,60,0.156,6.754,12.2,32.8,45.8
2217,127,3.57,18,39,62,0.148,6.751,14.2,30.7,48.8
2218,150,3.42,27,51,84,0.155,6.754,18.0,34.0,56.0
2219,146,3.47,28,52,74,0.15,6.746,19.2,35.6,50.7
2220,147,3.37,24,56,81,0.146,6.739,16.3,38.1,55.1
2221,121,3.25,18,44,74,0.15,6.74,14.9,36.4,61.2
2222,140,3.55,25,45,67,0.148,6.741,17.9,32.1,47.9
2223,136,3.53,20,44,71,0.15,6.74,14.7,32.4,52.2
2224,138,3.64,25,40,57,0.151,6.766,18.1,29.0,41.3
2225,122,3.44,26,45,64,0.152,6.741,21.3,36.9,52.5
2226,128,3.69,16,37,58,0.147,6.743,12.5,28.9,45.3
2227,140,3.34,27,49,73,0.144,6.746,19.3,35.0,52.1
2228,149,3.36,26,55,80,0.147,6.733,17.4,36.9,53.7
2229,137,3.45,22,50,70,0.156,6.753,16.1,36.5,51.1
2230,128,3.46,23,41,65,0.152,6.749,18.0,32.0,50.8
2231,160,3.86,24,40,64,0.149,6.753,15.0,25.0,40.0
2232,135,3.44,25,44,65,0.146,6.753,18.5,32.6,48.1
2233,119,3.22,25,46,67,0.143,6.747,21.0,38.7,56.3
2234,121,3.24,25,48,71,0.149,6.727,20.7,39.7,58.7
2235,149,3.55,25,47,68,0.157,6.739,16.8,31.5,45.6
2236,127,3.3,23,45,71,0.153,6.742,18.1,35.4,55.9
2237,135,3.64,19,37,64,0.147,6.742,14.1,27.4,47.4
2238,150,3.4,28,57,78,0.152,6.746,18.7,38.0,52.0
2239,132,3.3,24,52,70,0.157,6.77,18.2,39.4,53.0
2240,119,3.26,30,49,63,0.144,6.741,25.2,41.2,52.9
2241,131,3.37,29,47,73,0.149,6.749,22.1,35.9,55.7
2242,138,3.62,20,46,65,0.151,6.761,14.5,33.3,47.1
2243,128,3.41,25,44,68,0.158,6.754,19.5,34.4,53.1
2244,141,3.51,30,52,72,0.145,6.75,21.3,36.9,51.1
2245,148,3.5,27,53,76,0.149,6.758,18.2,35.8,51.4
2246,121,3.75,19,34,52,0.152,6.752,15.7,28.1,43.0
2247,149,3.47,28,52,78,0.15,6.763,18.8,34.9,52.3
2248,158,3.46,24,52,82,0.148,6.746,15.2,32.9,51.9
2249,135,3.56,23,39,66,0.152,6.761,17.0,28.9,48.9
2250,129,3.3,23,44,76,0.153,6.751,17.8,34.1,58.9
2251,136,3.28,29,49,76,0.148,6.734,21.3,36.0,55.9
2252,115,3.43,25,40,56,0.144,6.768,21.7,34.8,48.7
2253,155,3.25,35,64,86,0.153,6.756,22.6,41.3,55.5
2254,135,3.61,19,36,64,0.15,6.739,14.1,26.7,47.4
2255,116,3.63,15,33,52,0.151,6.749,12.9,28.4,44.8
2256,145,3.38,34,55,78,0.147,6.754,23.4,37.9,53.8
2257,143,3.68,18,45,68,0.143,6.749,12.6,31.5,47.6
2258,136,3.36,18,45,78,0.149,6.738,13.2,33.1,57.4
2259,147,3.41,26,48,77,0.151,6.756,17.7,32.7,52.4
2260,128,3.54,16,40,65,0.148,6.748,12.5,31.2,50.8
2261,128,3.45,21,47,66,0.154,6.759,16.4,36.7,51.6
2262,115,3.41,23,42,61,0.151,6.736,20.0,36.5,53.0
2263,118,3.36,23,40,63,0.153,6.759,19.5,33.9,53.4
2264,131,3.47,20,46,66,0.145,6.751,15.3,35.1,50.4
2265,128,3.59,27,40,61,0.148,6.747,21.1,31.2,47.7
2266,125,3.41,31,47,67,0.151,6.769,24.8,37.6,53.6
2267,122,3.52,22,36,60,0.147,6.761,18.0,29.5,49.2
2268,129,3.58,19,42,64,0.148,6.754,14.7,32.6,49.6
2269,117,3.59,17,37,53,0.152,6.743,14.5,31.6,45.3
2270,138,3.41,21,49,74,0.149,6.739,15.2,35.5,53.6
2271,135,3.61,20,42,66,0.155,6.76,14.8,31.1,48.9
2272,145,3.06,39,63,86,0.148,6.761,26.9,43.4,59.3
2273,109,3.81,16,30,42,0.148,6.753,14.7,27.5,38.5
2274,134,3.57,23,42,66,0.151,6.737,17.2,31.3,49.3
2275,138,3.33,26,47,77,0.15,6.758,18.8,34.1,55.8
2276,106,3.67,15,33,51,0.154,6.757,14.2,31.1,48.1
2277,134,3.66,21,41,60,0.146,6.77,15.7,30.6,44.8
2278,122,3.33,17,48,70,0.15,6.758,13.9,39.3,57.4
2279,146,3.39,29,51,76,0.156,6.75,19.9,34.9,52.1
2280,113,3.41,21,39,54,0.146,6.748,18.6,34.5,47.8
2281,125,3.42,15,38,68,0.152,6.755,12.0,30.4,54.4
2282,132,3.34,26,48,72,0.15,6.743,19.7,36.4,54.5
2283,159,3.46,19,49,79,0.147,6.739,11.9,30.8,49.7
2284,136,3.49,25,47,70,0.15,6.736,18.4,34.6,51.5
2285,129,3.35,26,49,69,0.15,6.75,20.2,38.0,53.5
2286,132,3.26,27,51,75,0.153,6.761,20.5,38.6,56.8
2287,137,3.2,29,56,76,0.154,6.768,21.2,40.9,55.5
2288,116,3.37,21,43,59,0.152,6.76,18.1,37.1,50.9
2289,132,3.52,22,41,64,0.149,6.758,16.7,31.1,48.5
2290,123,3.59,20,39,55,0.152,6.761,16.3,31.7,44.7
2291,133,3.22,25,54,81,0.15,6.732,18.8,40.6,60.9
2292,140,3.52,29,47,64,0.146,6.745,20.7,33.6,45.7
2293,130,3.45,19,45,66,0.15,6.75,14.6,34.6,50.8
2294,133,3.78,17,38,55,0.15,6.742,12.8,28.6,41.4
2295,135,3.26,29,55,74,0.146,6.751,21.5,40.7,54.8
2296,129,3.35,27,49,66,0.156,6.743,20.9,38.0,51.2
2297,125,3.31,21,46,66,0.147,6.743,16.8,36.8,52.8
2298,154,3.62,26,49,77,0.145,6.752,16.9,31.8,50.0
2299,101,3.61,8,29,50,0.15,6.747,7.9,28.7,49.5
2300,122,3.48,27,43,60,0.151,6.737,22.1,35.2,49.2
2301,118,3.31,28,44,60,0.146,6.756,23.7,37.3,50.8
2302,120,3.78,16,34,51,0.151,6.739,13.3,28.3,42.5
2303,125,3.62,24,41,58,0.143,6.752,19.2,32.8,46.4
2304,125,3.68,14,33,65,0.15,6.758,11.2,26.4,52.0
2305,130,3.41,22,41,67,0.153,6.741,16.9,31.5,51.5
2306,156,3.46,29,52,79,0.15,6.738,18.6,33.3,50.6
2307,137,3.47,19,47,69,0.15,6.737,13.9,34.3,50.4
2308,129,3.51,22,42,62,0.146,6.747,17.1,32.6,48.1
2309,133,3.32,22,54,74,0.152,6.742,16.5,40.6,55.6
2310,127,3.35,28,46,68,0.147,6.745,22.0,36.2,53.5
2311,142,3.65,19,40,65,0.154,6.746,13.4,28.2,45.8
2312,112,3.43,22,39,55,0.156,6.751,19.6,34.8,49.1
2313,159,3.75,15,36,69,0.153,6.754,9.4,22.6,43.4
2314,141,3.33,27,52,75,0.151,6.749,19.1,36.9,53.2
2315,125,3.46,20,43,61,0.143,6.748,16.0,34.4,48.8
2316,128,3.67,19,36,62,0.146,6.752,14.8,28.1,48.4
2317,123,3.48,19,38,59,0.143,6.758,15.4,30.9,48.0
2318,122,3.4,17,43,67,0.156,6.754,13.9,35.2,54.9
2319,121,3.48,22,47,62,0.152,6.743,18.2,38.8,51.2
2320,116,3.51,19,32,57,0.151,6.761,16.4,27.6,49.1
2321,119,3.62,15,39,59,0.147,6.756,12.6,32.8,49.6
2322,124,3.45,23,42,61,0.155,6.751,18.5,33.9,49.2
2323,111,3.76,14,34,50,0.148,6.735,12.6,30.6,45.0
2324,133,3.54,23,42,65,0.146,6.767,17.3,31.6,48.9
2325,116,3.47,20,40,59,0.152,6.729,17.2,34.5,50.9
2326,140,3.61,20,49,66,0.148,6.758,14.3,35.0,47.1
2327,119,3.5,18,41,60,0.15,6.745,15.1,34.5,50.4
2328,133,3.31,21,48,78,0.151,6.739,15.8,36.1,58.6
2329,138,3.49,25,47,71,0.148,6.737,18.1,34.1,51.4
2330,135,3.23,29,52,71,0.152,6.749,21.5,38.5,52.6
2331,162,3.47,31,59,81,0.149,6.759,19.1,36.4,50.0
2332,140,3.73,17,34,67,0.149,6.76,12.1,24.3,47.9
2333,142,3.63,21,43,68,0.152,6.737,14.8,30.3,47.9
2334,131,3.72,18,40,61,0.151,6.743,13.7,30.5,46.6
2335,117,3.27,25,47,63,0.146,6.763,21.4,40.2,53.8
2336,144,3.44,23,51,74,0.151,6.75,16.0,35.4,51.4
2337,117,3.74,16,33,54,0.151,6.764,13.7,28.2,46.2
2338,126,3.62,15,44,59,0.14,6.755,11.9,34.9,46.8
2339,146,3.51,22,49,73,0.152,6.763,15.1,33.6,50.0
2340,139,3.36,24,46,72,0.15,6.743,17.3,33.1,51.8
2341,140,3.82,16,33,55,0.145,6.761,11.4,23.6,39.3
2342,123,3.67,18,38,52,0.146,6.75,14.6,30.9,42.3
2343,135,3.47,21,42,66,0.15,6.746,15.6,31.1,48.9
2344,134,3.63,20,42,65,0.161,6.735,14.9,31.3,48.5
2345,146,3.45,26,51,77,0.147,6.748,17.8,34.9,52.7
2346,125,3.55,19,41,59,0.155,6.746,15.2,32.8,47.2
2347,141,3.62,26,43,67,0.15,6.755,18.4,30.5,47.5
2348,123,3.35,19,47,66,0.15,6.75,15.4,38.2,53.7
2349,133,3.51,18,46,70,0.159,6.775,13.5,34.6,52.6
2350,167,3.47,22,65,83,0.15,6.749,13.2,38.9,49.7
2351,125,3.5,26,39,63,0.148,6.751,20.8,31.2,50.4
2352,139,3.7,19,44,61,0.148,6.746,13.7,31.7,43.9
2353,123,3.62,16,37,59,0.146,6.753,13.0,30.1,48.0
2354,103,3.62,14,31,51,0.148,6.747,13.6,30.1,49.5
2355,129,3.59,16,42,63,0.151,6.739,12.4,32.6,48.8
2356,135,3.71,19,39,61,0.152,6.76,14.1,28.9,45.2
2357,128,3.8,15,33,54,0.152,6.739,11.7,25.8,42.2
2358,142,3.78,16,40,66,0.153,6.769,11.3,28.2,46.5
2359,152,3.38,36,60,78,0.147,6.75,23.7,39.5,51.3
2360,140,3.54,25,43,69,0.149,6.738,17.9,30.7,49.3
2361,127,3.27,24,52,69,0.147,6.741,18.9,40.9,54.3
2362,136,3.65,22,46,61,0.147,6.753,16.2,33.8,44.9
2363,134,3.56,19,39,64,0.156,6.76,14.2,29.1,47.8
2364,149,3.48,22,49,78,0.147,6.732,14.8,32.9,52.3
2365,152,3.41,33,52,77,0.153,6.755,21.7,34.2,50.7
2366,143,3.75,14,38,66,0.147,6.76,9.8,26.6,46.2
2367,128,3.47,22,46,61,0.15,6.757,17.2,35.9,47.7
2368,133,3.69,20,38,60,0.153,6.75,15.0,28.6,45.1
2369,140,3.54,23,42,68,0.147,6.746,16.4,30.0,48.6
2370,131,3.66,24,42,63,0.154,6.748,18.3,32.1,48.1
2371,114,3.41,20,41,62,0.149,6.734,17.5,36.0,54.4
2372,133,3.63,16,36,63,0.148,6.755,12.0,27.1,47.4
2373,110,3.43,18,33,61,0.145,6.756,16.4,30.0,55.5
2374,117,3.58,21,37,56,0.154,6.755,17.9,31.6,47.9
2375,125,3.53,16,45,67,0.149,6.735,12.8,36.0,53.6
2376,136,3.48,23,46,68,0.147,6.737,16.9,33.8,50.0
2377,123,3.74,16,38,53,0.152,6.767,13.0,30.9,43.1
2378,139,3.47,25,42,79,0.153,6.75,18.0,30.2,56.8
2379,124,3.3,24,50,67,0.153,6.732,19.4,40.3,54.0
2380,136,3.32,25,49,74,0.151,6.749,18.4,36.0,54.4
2381,115,3.5,21,38,58,0.156,6.742,18.3,33.0,50.4
2382,108,3.43,15,35,59,0.15,6.752,13.9,32.4,54.6
2383,132,3.58,21,40,65,0.153,6.743,15.9,30.3,49.2
2384,139,3.46,29,43,68,0.144,6.748,20.9,30.9,48.9
2385,144,3.64,26,46,65,0.151,6.752,18.1,31.9,45.1
2386,132,3.83,13,32,56,0.152,6.751,9.8,24.2,42.4
2387,139,3.54,26,43,66,0.149,6.763,18.7,30.9,47.5
2388,136,3.48,25,48,71,0.151,6.738,18.4,35.3,52.2
2389,96,3.38,29,42,49,0.154,6.742,30.2,43.8,51.0
2390,127,3.57,21,41,61,0.15,6.743,16.5,32.3,48.0
2391,124,3.66,17,37,58,0.148,6.752,13.7,29.8,46.8
2392,120,3.52,18,38,61,0.147,6.753,15.0,31.7,50.8
2393,136,3.47,18,45,66,0.151,6.753,13.2,33.1,48.5
2394,148,3.47,31,53,73,0.152,6.744,20.9,35.8,49.3
2395,138,3.54,20,44,69,0.141,6.756,14.5,31.9,50.0
2396,122,3.62,12,32,56,0.151,6.755,9.8,26.2,45.9
2397,145,3.62,28,45,67,0.149,6.752,19.3,31.0,46.2
2398,122,3.52,20,42,57,0.148,6.735,16.4,34.4,46.7
2399,127,3.44,23,46,69,0.149,6.756,18.1,36.2,54.3
2400,129,3.25,27,51,73,0.146,6.758,20.9,39.5,56.6
2401,127,3.54,18,45,63,0.154,6.748,14.2,35.4,49.6
2402,135,3.64,23,35,63,0.147,6.752,17.0,25.9,46.7
2403,135,3.7,18,39,60,0.153,6.75,13.3,28.9,44.4
2404,117,3.19,25,46,70,0.151,6.754,21.4,39.3,59.8
2405,146,3.55,20,46,71,0.149,6.757,13.7,31.5,48.6
2406,126,3.37,23,48,70,0.147,6.754,18.3,38.1,55.6
2407,151,3.28,33,57,85,0.15,6.735,21.9,37.7,56.3
2408,120,3.47,24,43,61,0.146,6.756,20.0,35.8,50.8
2409,130,3.65,17,36,61,0.143,6.741,13.1,27.7,46.9
2410,129,3.5,18,43,65,0.148,6.744,14.0,33.3,50.4
2411,132,3.64,18,42,62,0.146,6.736,13.6,31.8,47.0
2412,134,3.53,23,43,68,0.151,6.753,17.2,32.1,50.7
2413,121,3.69,15,30,57,0.146,6.758,12.4,24.8,47.1
2414,144,3.74,23,40,62,0.147,6.76,16.0,27.8,43.1
2415,119,3.21,28,47,67,0.151,6.749,23.5,39.5,56.3
2416,136,3.65,17,34,66,0.155,6.746,12.5,25.0,48.5
2417,121,3.64,16,38,55,0.151,6.727,13.2,31.4,45.5
2418,130,3.49,20,41,66,0.152,6.775,15.4,31.5,50.8
2419,111,3.37,22,45,60,0.145,6.744,19.8,40.5,54.1
2420,156,3.56,22,47,74,0.152,6.753,14.1,30.1,47.4
2421,129,3.6,21,40,58,0.149,6.758,16.3,31.0,45.0
2422,119,3.41,26,42,61,0.153,6.762,21.8,35.3,51.3
2423,131,3.44,24,44,64,0.15,6.751,18.3,33.6,48.9
2424,133,3.63,22,39,62,0.153,6.736,16.5,29.3,46.6
2425,127,3.26,24,48,75,0.151,6.762,18.9,37.8,59.1
2426,148,3.58,26,46,68,0.15,6.745,17.6,31.1,45.9
2427,135,3.58,21,40,62,0.149,6.769,15.6,29.6,45.9
2428,121,3.44,24,46,65,0.159,6.751,19.8,38.0,53.7
2429,137,3.56,26,51,66,0.153,6.74,19.0,37.2,48.2
2430,143,3.56,21,41,69,0.153,6.749,14.7,28.7,48.3
2431,147,3.38,29,56,77,0.153,6.75,19.7,38.1,52.4
2432,126,3.63,20,42,58,0.142,6.76,15.9,33.3,46.0
2433,121,3.37,14,47,70,0.142,6.748,11.6,38.8,57.9
2434,118,3.24,29,48,66,0.148,6.745,24.6,40.7,55.9
2435,127,3.69,13,37,58,0.153,6.759,10.2,29.1,45.7
2436,138,3.71,17,35,63,0.148,6.754,12.3,25.4,45.7
2437,132,3.2,28,55,78,0.142,6.741,21.2,41.7,59.1
2438,140,3.41,23,47,74,0.15,6.76,16.4,33.6,52.9
2439,110,3.49,18,37,54,0.153,6.752,16.4,33.6,49.1
2440,112,3.38,24,41,57,0.148,6.733,21.4,36.6,50.9
2441,140,3.56,22,45,64,0.154,6.749,15.7,32.1,45.7
2442,119,3.58,18,38,56,0.149,6.761,15.1,31.9,47.1
2443,141,3.37,27,48,74,0.15,6.751,19.1,34.0,52.5
2444,155,3.59,20,46,67,0.146,6.748,12.9,29.7,43.2
2445,140,3.57,24,46,66,0.152,6.749,17.1,32.9,47.1
2446,122,3.57,18,38,60,0.152,6.752,14.8,31.1,49.2
2447,142,3.37,26,55,75,0.152,6.756,18.3,38.7,52.8
2448,119,3.63,17,37,56,0.154,6.751,14.3,31.1,47.1
2449,134,3.36,18,54,76,0.15,6.747,13.4,40.3,56.7
2450,114,3.66,12,35,57,0.162,6.764,10.5,30.7,50.0
2451,108,3.27,21,45,63,0.148,6.752,19.4,41.7,58.3
2452,126,3.4,27,46,68,0.153,6.738,21.4,36.5,54.0
2453,125,3.47,19,43,64,0.158,6.742,15.2,34.4,51.2
2454,139,3.38,25,50,77,0.151,6.741,18.0,36.0,55.4
2455,101,3.65,17,32,49,0.149,6.761,16.8,31.7,48.5
2456,138,3.44,24,44,70,0.153,6.734,17.4,31.9,50.7
2457,135,3.45,22,44,70,0.157,6.756,16.3,32.6,51.9
2458,135,3.46,20,46,70,0.149,6.739,14.8,34.1,51.9
2459,137,3.37,27,53,70,0.153,6.747,19.7,38.7,51.1
2460,108,3.4,26,40,56,0.154,6.749,24.1,37.0,51.9
2461,134,3.53,16,42,66,0.16,6.76,11.9,31.3,49.3
2462,131,3.57,16,46,61,0.154,6.747,12.2,35.1,46.6
2463,144,3.32,30,52,73,0.148,6.754,20.8,36.1,50.7
2464,119,3.45,21,46,60,0.15,6.744,17.6,38.7,50.4
2465,124,3.39,23,49,63,0.152,6.745,18.5,39.5,50.8
2466,148,3.44,26,45,79,0.149,6.748,17.6,30.4,53.4
2467,138,3.52,22,47,66,0.147,6.738,15.9,34.1,47.8
2468,141,3.62,19,41,66,0.152,6.755,13.5,29.1,46.8
2469,136,3.35,28,56,69,0.149,6.755,20.6,41.2,50.7
2470,118,3.41,25,48,59,0.152,6.75,21.2,40.7,50.0
2471,127,3.28,23,52,73,0.147,6.743,18.1,40.9,57.5
2472,133,3.6,24,41,67,0.146,6.758,18.0,30.8,50.4
2473,145,3.61,24,42,67,0.151,6.754,16.6,29.0,46.2
2474,125,3.34,25,46,69,0.149,6.74,20.0,36.8,55.2
2475,138,3.27,33,52,73,0.149,6.753,23.9,37.7,52.9
2476,119,3.52,13,44,61,0.155,6.763,10.9,37.0,51.3
2477,131,3.72,13,30,58,0.156,6.744,9.9,22.9,44.3
2478,154,3.56,18,43,76,0.156,6.744,11.7,27.9,49.4
2479,133,3.59,24,41,64,0.155,6.753,18.0,30.8,48.1
2480,118,3.58,15,38,59,0.147,6.746,12.7,32.2,50.0
2481,124,3.48,18,38,65,0.153,6.755,14.5,30.6,52.4
2482,127,3.41,18,40,72,0.149,6.755,14.2,31.5,56.7
2483,129,3.5,19,44,61,0.149,6.741,14.7,34.1,47.3
2484,124,3.32,24,49,69,0.148,6.743,19.4,39.5,55.6
2485,143,3.62,24,45,63,0.151,6.746,16.8,31.5,44.1
2486,112,3.42,18,40,58,0.152,6.753,16.1,35.7,51.8
2487,134,3.7,24,37,57,0.145,6.761,17.9,27.6,42.5
2488,136,3.52,25,43,62,0.147,6.752,18.4,31.6,45.6
2489,130,3.45,24,49,63,0.151,6.746,18.5,37.7,48.5
2490,138,3.51,21,41,69,0.15,6.751,15.2,29.7,50.0
2491,139,3.78,17,40,59,0.144,6.749,12.2,28.8,42.4
2492,124,3.6,24,41,56,0.155,6.741,19.4,33.1,45.2
2493,136,3.35,27,49,71,0.15,6.743,19.9,36.0,52.2
2494,132,3.39,26,51,71,0.153,6.748,19.7,38.6,53.8
2495,113,3.67,16,40,52,0.148,6.747,14.2,35.4,46.0
2496,131,3.3,26,50,72,0.146,6.743,19.8,38.2,55.0
2497,147,3.55,31,50,69,0.149,6.744,21.1,34.0,46.9
2498,127,3.39,17,44,71,0.154,6.749,13.4,34.6,55.9
2499,125,3.26,28,52,69,0.149,6.763,22.4,41.6,55.2
2500,137,3.55,20,43,67,0.144,6.757,14.6,31.4,48.9
2501,123,3.4,16,38,69,0.149,6.759,13.0,30.9,56.1
2502,131,3.53,22,45,64,0.152,6.755,16.8,34.4,48.9
2503,133,3.34,25,48,67,0.143,6.749,18.8,36.1,50.4
2504,127,3.48,21,41,66,0.15,6.737,16.5,32.3,52.0
2505,135,3.58,23,44,60,0.149,6.752,17.0,32.6,44.4
2506,131,3.33,31,48,72,0.153,6.75,23.7,36.6,55.0
2507,149,3.68,22,48,69,0.149,6.745,14.8,32.2,46.3
2508,92,3.3,22,34,50,0.153,6.74,23.9,37.0,54.3
2509,119,3.34,22,44,65,0.147,6.755,18.5,37.0,54.6
2510,121,3.44,15,44,62,0.148,6.745,12.4,36.4,51.2
2511,138,3.62,23,37,70,0.142,6.752,16.7,26.8,50.7
2512,142,3.34,30,50,72,0.157,6.738,21.1,35.2,50.7
2513,126,3.51,22,39,64,0.155,6.754,17.5,31.0,50.8
2514,133,3.4,25,46,69,0.151,6.742,18.8,34.6,51.9
2515,132,3.51,23,46,66,0.155,6.742,17.4,34.8,50.0
2516,126,3.58,24,43,59,0.151,6.755,19.0,34.1,46.8
2517,125,3.41,20,41,65,0.142,6.745,16.0,32.8,52.0
2518,129,3.77,14,38,57,0.15,6.743,10.9,29.5,44.2
2519,128,3.48,21,40,61,0.147,6.739,16.4,31.2,47.7
2520,139,3.66,19,45,62,0.15,6.757,13.7,32.4,44.6
2521,126,3.34,29,51,74,0.141,6.757,23.0,40.5,58.7
2522,142,3.67,19,42,67,0.151,6.744,13.4,29.6,47.2
2523,128,3.35,27,49,66,0.15,6.749,21.1,38.3,51.6
2524,140,3.23,29,60,74,0.148,6.759,20.7,42.9,52.9
2525,132,3.61,20,39,65,0.144,6.747,15.2,29.5,49.2
2526,135,3.38,22,45,74,0.149,6.758,16.3,33.3,54.8
2527,144,3.53,23,51,73,0.147,6.763,16.0,35.4,50.7
2528,129,3.37,27,45,69,0.147,6.755,20.9,34.9,53.5
2529,130,3.58,18,50,60,0.151,6.744,13.8,38.5,46.2
2530,127,3.72,18,31,54,0.148,6.748,14.2,24.4,42.5
2531,130,3.47,20,43,70,0.149,6.756,15.4,33.1,53.8
2532,128,3.16,28,58,73,0.154,6.756,21.9,45.3,57.0
2533,134,3.57,18,47,63,0.148,6.743,13.4,35.1,47.0
2534,129,3.31,19,48,72,0.153,6.751,14.7,37.2,55.8
2535,131,3.71,20,36,57,0.147,6.733,15.3,27.5,43.5
2536,140,3.49,31,44,73,0.153,6.743,22.1,31.4,52.1
2537,141,3.69,19,43,66,0.148,6.758,13.5,30.5,46.8
2538,140,3.43,24,54,76,0.159,6.754,17.1,38.6,54.3
2539,119,3.53,13,40,62,0.146,6.757,10.9,33.6,52.1
2540,146,3.6,20,44,68,0.148,6.751,13.7,30.1,46.6
2541,135,3.45,26,47,69,0.157,6.761,19.3,34.8,51.1
2542,127,3.43,22,39,64,0.156,6.752,17.3,30.7,50.4
2543,119,3.67,17,30,47,0.152,6.755,14.3,25.2,39.5
2544,112,3.47,23,40,56,0.151,6.745,20.5,35.7,50.0
2545,124,3.61,22,39,55,0.146,6.75,17.7,31.5,44.4
2546,147,3.47,28,48,75,0.15,6.764,19.0,32.7,51.0
2547,120,3.52,22,37,59,0.144,6.76,18.3,30.8,49.2
2548,129,3.29,26,50,70,0.147,6.764,20.2,38.8,54.3
2549,137,3.6,18,39,69,0.154,6.766,13.1,28.5,50.4
2550,120,3.28,19,46,67,0.145,6.744,15.8,38.3,55.8
2551,126,3.67,23,37,55,0.145,6.738,18.3,29.4,43.7
2552,150,3.49,26,52,76,0.145,6.75,17.3,34.7,50.7
2553,150,3.53,22,46,76,0.148,6.753,14.7,30.7,50.7
2554,141,3.57,22,42,65,0.154,6.755,15.6,29.8,46.1
2555,127,3.56,22,42,64,0.153,6.752,17.3,33.1,50.4
2556,140,3.45,27,49,69,0.154,6.743,19.3,35.0,49.3
2557,123,3.48,19,43,64,0.149,6.741,15.4,35.0,52.0
2558,130,3.4,24,48,72,0.153,6.761,18.5,36.9,55.4
2559,130,3.5,19,46,63,0.151,6.763,14.6,35.4,48.5
2560,140,3.57,25,47,65,0.15,6.764,17.9,33.6,46.4
2561,118,3.83,13,31,49,0.151,6.753,11.0,26.3,41.5
2562,135,3.29,27,56,72,0.144,6.755,20.0,41.5,53.3
2563,112,3.6,14,29,53,0.149,6.75,12.5,25.9,47.3
2564,147,3.43,25,46,77,0.154,6.748,17.0,31.3,52.4
2565,119,3.65,21,37,53,0.148,6.747,17.6,31.1,44.5
2566,143,3.46,18,47,78,0.152,6.735,12.6,32.9,54.5
2567,153,3.29,36,61,85,0.149,6.757,23.5,39.9,55.6
2568,135,3.54,20,45,67,0.142,6.731,14.8,33.3,49.6
2569,141,3.4,24,54,73,0.146,6.738,17.0,38.3,51.8
2570,121,3.41,22,40,63,0.147,6.76,18.2,33.1,52.1
2571,130,3.28,24,48,76,0.154,6.74,18.5,36.9,58.5
2572,137,3.42,18,51,75,0.154,6.755,13.1,37.2,54.7
2573,141,3.56,23,46,69,0.149,6.727,16.3,32.6,48.9
2574,142,3.55,21,42,65,0.155,6.754,14.8,29.6,45.8
2575,114,3.57,19,34,53,0.15,6.734,16.7,29.8,46.5
2576,108,3.46,17,39,56,0.151,6.748,15.7,36.1,51.9
2577,125,3.46,23,43,62,0.15,6.735,18.4,34.4,49.6
2578,113,3.52,19,39,58,0.142,6.747,16.8,34.5,51.3
2579,139,3.51,21,47,69,0.158,6.748,15.1,33.8,49.6
2580,133,3.53,20,43,65,0.143,6.748,15.0,32.3,48.9
2581,114,3.51,22,45,57,0.154,6.756,19.3,39.5,50.0
2582,118,3.14,26,46,76,0.151,6.742,22.0,39.0,64.4
2583,129,3.52,12,43,63,0.15,6.736,9.3,33.3,48.8
2584,140,3.64,21,47,68,0.154,6.754,15.0,33.6,48.6
2585,133,3.54,22,44,67,0.153,6.741,16.5,33.1,50.4
2586,128,3.45,21,45,69,0.152,6.764,16.4,35.2,53.9
2587,142,3.18,27,57,86,0.15,6.758,19.0,40.1,60.6
2588,137,3.39,27,43,71,0.148,6.761,19.7,31.4,51.8
2589,117,3.71,16,33,52,0.155,6.736,13.7,28.2,44.4
2590,132,3.39,29,52,72,0.154,6.744,22.0,39.4,54.5
2591,135,3.51,19,48,73,0.149,6.751,14.1,35.6,54.1
2592,144,3.42,29,53,78,0.152,6.751,20.1,36.8,54.2
2593,129,3.34,21,50,69,0.146,6.751,16.3,38.8,53.5
2594,118,3.69,15,39,54,0.148,6.757,12.7,33.1,45.8
2595,134,3.47,27,46,62,0.146,6.752,20.1,34.3,46.3
2596,118,3.56,21,39,59,0.148,6.758,17.8,33.1,50.0
2597,131,3.45,20,45,66,0.145,6.745,15.3,34.4,50.4
2598,128,3.79,21,34,52,0.162,6.744,16.4,26.6,40.6
2599,117,3.42,24,37,61,0.148,6.754,20.5,31.6,52.1
2600,131,3.63,22,38,62,0.156,6.762,16.8,29.0,47.3
2601,161,3.3,30,61,90,0.153,6.748,18.6,37.9,55.9
2602,120,3.65,20,40,57,0.147,6.744,16.7,33.3,47.5
2603,139,3.35,30,54,78,0.149,6.763,21.6,38.8,56.1
2604,117,3.65,16,38,54,0.161,6.737,13.7,32.5,46.2
2605,134,3.57,22,42,68,0.147,6.747,16.4,31.3,50.7
2606,138,3.37,23,52,76,0.15,6.736,16.7,37.7,55.1
2607,143,3.73,20,36,63,0.147,6.752,14.0,25.2,44.1
2608,137,3.49,17,51,74,0.151,6.758,12.4,37.2,54.0
2609,112,3.53,14,35,53,0.146,6.767,12.5,31.2,47.3
2610,124,3.37,23,44,68,0.142,6.751,18.5,35.5,54.8
2611,141,3.59,22,42,65,0.145,6.747,15.6,29.8,46.1
2612,132,3.48,23,50,63,0.151,6.746,17.4,37.9,47.7
2613,112,3.75,16,32,51,0.153,6.766,14.3,28.6,45.5
2614,130,3.63,19,42,57,0.151,6.747,14.6,32.3,43.8
2615,133,3.59,24,39,64,0.151,6.761,18.0,29.3,48.1
2616,117,3.59,23,38,55,0.149,6.755,19.7,32.5,47.0
2617,126,3.66,21,45,58,0.15,6.751,16.7,35.7,46.0
2618,118,3.53,20,36,57,0.146,6.736,16.9,30.5,48.3
2619,133,3.54,18,44,67,0.154,6.755,13.5,33.1,50.4
2620,121,3.52,19,42,59,0.15,6.752,15.7,34.7,48.8
2621,128,3.48,22,45,63,0.151,6.728,17.2,35.2,49.2
2622,120,3.48,19,42,62,0.148,6.763,15.8,35.0,51.7
2623,124,3.32,19,48,69,0.152,6.752,15.3,38.7,55.6
2624,107,3.31,21,37,56,0.143,6.753,19.6,34.6,52.3
2625,128,3.27,28,50,72,0.154,6.746,21.9,39.1,56.2
2626,129,3.4,20,43,67,0.154,6.756,15.5,33.3,51.9
2627,132,3.7,13,38,62,0.146,6.766,9.8,28.8,47.0
2628,121,3.61,19,42,60,0.153,6.76,15.7,34.7,49.6
2629,154,3.44,23,50,77,0.148,6.752,14.9,32.5,50.0
2630,132,3.39,23,44,69,0.154,6.763,17.4,33.3,52.3
2631,133,3.44,12,44,71,0.145,6.749,9.0,33.1,53.4
2632,131,3.38,19,48,77,0.15,6.747,14.5,36.6,58.8
2633,127,3.42,14,41,68,0.151,6.756,11.0,32.3,53.5
2634,149,3.41,20,49,78,0.153,6.75,13.4,32.9,52.3
2635,128,3.69,19,35,56,0.149,6.757,14.8,27.3,43.8
2636,122,3.47,17,37,62,0.154,6.766,13.9,30.3,50.8
2637,130,3.55,14,42,71,0.15,6.747,10.8,32.3,54.6
2638,137,3.34,26,57,74,0.149,6.756,19.0,41.6,54.0
2639,115,3.72,12,34,52,0.142,6.76,10.4,29.6,45.2
2640,120,3.62,22,39,54,0.154,6.742,18.3,32.5,45.0
2641,115,3.38,20,42,61,0.148,6.746,17.4,36.5,53.0
2642,137,3.27,25,55,78,0.15,6.729,18.2,40.1,56.9
2643,133,3.58,20,41,63,0.152,6.755,15.0,30.8,47.4
2644,116,3.72,13,30,48,0.154,6.749,11.2,25.9,41.4
2645,127,3.67,20,37,60,0.151,6.75,15.7,29.1,47.2
2646,125,3.49,16,36,60,0.15,6.74,12.8,28.8,48.0
2647,123,3.66,14,35,57,0.15,6.738,11.4,28.5,46.3
2648,141,3.57,19,45,72,0.151,6.761,13.5,31.9,51.1
2649,120,3.42,18,48,60,0.148,6.76,15.0,40.0,50.0
2650,130,3.58,21,40,65,0.145,6.738,16.2,30.8,50.0
2651,150,3.3,33,60,83,0.151,6.753,22.0,40.0,55.3
2652,128,3.53,22,42,62,0.143,6.742,17.2,32.8,48.4
2653,130,3.73,14,35,63,0.152,6.759,10.8,26.9,48.5
2654,120,3.46,21,38,62,0.145,6.764,17.5,31.7,51.7
2655,133,3.53,20,42,66,0.153,6.743,15.0,31.6,49.6
2656,117,3.44,21,43,62,0.154,6.745,17.9,36.8,53.0
2657,131,3.24,22,53,75,0.143,6.73,16.8,40.5,57.3
2658,125,3.49,18,41,67,0.153,6.761,14.4,32.8,53.6
2659,131,3.47,17,46,67,0.153,6.746,13.0,35.1,51.1
2660,125,3.36,22,48,67,0.153,6.773,17.6,38.4,53.6
2661,119,3.46,19,44,59,0.152,6.76,16.0,37.0,49.6
2662,129,3.3,26,45,69,0.147,6.742,20.2,34.9,53.5
2663,136,3.6,24,44,59,0.153,6.752,17.6,32.4,43.4
2664,135,3.76,16,38,58,0.147,6.747,11.9,28.1,43.0
2665,118,3.38,23,41,60,0.149,6.736,19.5,34.7,50.8
2666,145,3.54,24,44,70,0.156,6.757,16.6,30.3,48.3
2667,125,3.57,19,34,57,0.144,6.738,15.2,27.2,45.6
2668,136,3.57,20,43,64,0.15,6.744,14.7,31.6,47.1
2669,134,3.39,28,50,69,0.151,6.756,20.9,37.3,51.5
2670,143,3.78,13,36,62,0.151,6.743,9.1,25.2,43.4
2671,133,3.44,24,50,68,0.149,6.746,18.0,37.6,51.1
2672,143,3.53,30,47,68,0.155,6.762,21.0,32.9,47.6
2673,126,3.6,18,38,57,0.153,6.754,14.3,30.2,45.2
2674,149,3.45,30,55,76,0.146,6.745,20.1,36.9,51.0
2675,119,3.66,19,38,55,0.151,6.749,16.0,31.9,46.2
2676,113,3.71,12,27,52,0.151,6.758,10.6,23.9,46.0
2677,146,3.4,33,49,73,0.151,6.754,22.6,33.6,50.0
2678,116,3.34,16,41,65,0.151,6.737,13.8,35.3,56.0
2679,140,3.36,31,55,70,0.148,6.744,22.1,39.3,50.0
2680,132,3.64,21,40,63,0.148,6.741,15.9,30.3,47.7
2681,136,3.52,21,50,71,0.143,6.761,15.4,36.8,52.2
2682,135,3.61,23,44,63,0.145,6.751,17.0,32.6,46.7
2683,115,3.37,21,39,58,0.152,6.747,18.3,33.9,50.4
2684,151,3.5,29,51,70,0.148,6.74,19.2,33.8,46.4
2685,148,3.39,30,55,76,0.15,6.752,20.3,37.2,51.4
2686,142,3.31,32,53,73,0.149,6.745,22.5,37.3,51.4
2687,141,3.26,32,53,80,0.149,6.75,22.7,37.6,56.7
2688,121,3.84,20,33,48,0.148,6.74,16.5,27.3,39.7
2689,131,3.38,22,48,65,0.149,6.751,16.8,36.6,49.6
2690,124,3.53,19,38,63,0.149,6.761,15.3,30.6,50.8
2691,135,3.69,27,41,62,0.154,6.765,20.0,30.4,45.9
2692,139,3.56,23,49,70,0.151,6.752,16.5,35.3,50.4
2693,116,3.34,23,39,60,0.15,6.736,19.8,33.6,51.7
2694,146,3.73,23,41,59,0.156,6.757,15.8,28.1,40.4
2695,133,3.55,18,40,65,0.145,6.753,13.5,30.1,48.9
2696,148,3.39,28,56,74,0.147,6.749,18.9,37.8,50.0
2697,114,3.57,20,39,51,0.157,6.755,17.5,34.2,44.7
2698,132,3.5,21,47,64,0.145,6.749,15.9,35.6,48.5
2699,150,3.43,28,53,76,0.153,6.743,18.7,35.3,50.7
2700,147,3.38,29,56,81,0.15,6.736,19.7,38.1,55.1
2701,158,3.33,27,63,86,0.155,6.752,17.1,39.9,54.4
2702,141,3.74,17,42,67,0.161,6.753,12.1,29.8,47.5
2703,143,3.39,27,51,70,0.151,6.751,18.9,35.7,49.0
2704,139,3.99,17,33,48,0.151,6.736,12.2,23.7,34.5
2705,130,3.36,23,49,68,0.154,6.741,17.7,37.7,52.3
2706,131,3.55,24,44,64,0.154,6.76,18.3,33.6,48.9
2707,126,3.36,26,46,67,0.143,6.754,20.6,36.5,53.2
2708,137,3.41,25,55,67,0.144,6.749,18.2,40.1,48.9
2709,130,3.42,21,40,67,0.147,6.74,16.2,30.8,51.5
2710,120,3.51,21,42,57,0.145,6.745,17.5,35.0,47.5
2711,128,3.7,17,37,58,0.146,6.754,13.3,28.9,45.3
2712,110,3.44,18,43,55,0.151,6.759,16.4,39.1,50.0
2713,129,3.73,22,34,54,0.147,6.75,17.1,26.4,41.9
2714,130,3.56,22,41,66,0.15,6.742,16.9,31.5,50.8
2715,140,3.53,22,44,71,0.155,6.754,15.7,31.4,50.7
2716,138,3.77,14,36,59,0.152,6.731,10.1,26.1,42.8
2717,144,3.31,32,57,76,0.148,6.749,22.2,39.6,52.8
2718,120,3.52,20,41,59,0.147,6.72,16.7,34.2,49.2
2719,127,3.61,23,41,59,0.148,6.753,18.1,32.3,46.5
2720,133,3.56,23,47,58,0.151,6.738,17.3,35.3,43.6
2721,122,3.67,16,38,51,0.148,6.75,13.1,31.1,41.8
2722,134,3.49,22,47,70,0.152,6.747,16.4,35.1,52.2
2723,120,3.44,17,42,58,0.151,6.74,14.2,35.0,48.3
2724,130,3.58,19,43,63,0.147,6.734,14.6,33.1,48.5
2725,137,3.88,17,37,59,0.14,6.752,12.4,27.0,43.1
2726,142,3.37,21,48,74,0.152,6.745,14.8,33.8,52.1
2727,130,3.54,29,43,56,0.149,6.757,22.3,33.1,43.1
2728,123,3.69,13,36,59,0.148,6.743,10.6,29.3,48.0
2729,133,3.48,16,38,75,0.148,6.744,12.0,28.6,56.4
2730,144,3.51,24,49,68,0.147,6.751,16.7,34.0,47.2
2731,134,3.55,23,44,65,0.154,6.752,17.2,32.8,48.5
2732,132,3.56,17,39,68,0.149,6.764,12.9,29.5,51.5
2733,133,3.42,25,43,69,0.15,6.745,18.8,32.3,51.9
2734,142,3.57,24,46,67,0.153,6.768,16.9,32.4,47.2
2735,135,3.36,20,52,75,0.157,6.751,14.8,38.5,55.6
2736,125,3.57,20,42,61,0.142,6.759,16.0,33.6,48.8
2737,144,3.67,21,43,64,0.152,6.757,14.6,29.9,44.4
2738,137,3.48,30,47,66,0.147,6.745,21.9,34.3,48.2
2739,107,3.72,14,28,49,0.151,6.767,13.1,26.2,45.8
2740,123,3.47,19,41,61,0.156,6.748,15.4,33.3,49.6
2741,130,3.31,25,51,74,0.151,6.748,19.2,39.2,56.9
2742,143,3.79,17,38,65,0.151,6.746,11.9,26.6,45.5
2743,147,3.32,27,55,81,0.15,6.747,18.4,37.4,55.1
2744,120,3.42,21,41,65,0.15,6.747,17.5,34.2,54.2
2745,151,3.59,22,50,74,0.148,6.747,14.6,33.1,49.0
2746,133,3.35,20,51,72,0.146,6.747,15.0,38.3,54.1
2747,119,3.62,16,40,54,0.153,6.746,13.4,33.6,45.4
2748,124,3.27,19,50,72,0.149,6.746,15.3,40.3,58.1
2749,140,3.34,31,54,73,0.141,6.747,22.1,38.6,52.1
2750,144,3.32,27,57,80,0.149,6.775,18.8,39.6,55.6
2751,127,3.55,27,41,64,0.152,6.741,21.3,32.3,50.4
2752,139,3.6,19,42,65,0.15,6.754,13.7,30.2,46.8
2753,127,3.39,27,52,66,0.155,6.732,21.3,40.9,52.0
2754,121,3.49,15,36,64,0.145,6.752,12.4,29.8,52.9
2755,117,3.37,23,44,60,0.151,6.758,19.7,37.6,51.3
2756,146,3.42,22,47,72,0.149,6.756,15.1,32.2,49.3
2757,138,3.13,28,56,86,0.151,6.743,20.3,40.6,62.3
2758,138,3.43,27,45,72,0.154,6.746,19.6,32.6,52.2
2759,133,3.6,22,42,64,0.146,6.747,16.5,31.6,48.1
2760,123,3.53,18,40,62,0.153,6.741,14.6,32.5,50.4
2761,134,3.32,26,53,70,0.148,6.771,19.4,39.6,52.2
2762,125,3.45,25,44,66,0.147,6.762,20.0,35.2,52.8
2763,138,3.2,25,51,81,0.152,6.739,18.1,37.0,58.7
2764,129,3.71,18,33,62,0.149,6.751,14.0,25.6,48.1
2765,135,3.36,27,45,71,0.148,6.752,20.0,33.3,52.6
2766,128,3.3,27,44,69,0.148,6.746,21.1,34.4,53.9
2767,133,3.66,15,39,60,0.153,6.77,11.3,29.3,45.1
2768,120,3.65,16,35,48,0.149,6.756,13.3,29.2,40.0
2769,122,3.58,17,39,56,0.149,6.757,13.9,32.0,45.9
2770,138,3.51,24,46,72,0.152,6.749,17.4,33.3,52.2
2771,123,3.98,12,32,41,0.147,6.759,9.8,26.0,33.3
2772,129,3.72,20,32,55,0.149,6.754,15.5,24.8,42.6
2773,140,3.31,33,56,77,0.151,6.737,23.6,40.0,55.0
2774,150,3.28,29,56,82,0.154,6.749,19.3,37.3,54.7
2775,119,3.3,29,46,63,0.152,6.75,24.4,38.7,52.9
2776,125,3.45,24,43,67,0.152,6.749,19.2,34.4,53.6
2777,113,3.28,23,44,64,0.149,6.752,20.4,38.9,56.6
2778,135,3.73,19,41,63,0.144,6.733,14.1,30.4,46.7
2779,112,3.67,14,33,54,0.156,6.736,12.5,29.5,48.2
2780,119,3.57,21,39,56,0.149,6.762,17.6,32.8,47.1
2781,129,3.39,25,46,65,0.149,6.76,19.4,35.7,50.4
2782,129,3.76,18,31,54,0.151,6.754,14.0,24.0,41.9
2783,130,3.53,19,40,69,0.158,6.732,14.6,30.8,53.1
2784,141,3.51,28,44,75,0.146,6.776,19.9,31.2,53.2
2785,145,3.5,30,54,74,0.149,6.756,20.7,37.2,51.0
2786,146,3.28,29,54,84,0.152,6.742,19.9,37.0,57.5
2787,154,3.45,25,52,84,0.156,6.768,16.2,33.8,54.5
2788,122,3.6,16,36,57,0.15,6.726,13.1,29.5,46.7
2789,149,3.32,32,57,77,0.152,6.748,21.5,38.3,51.7
2790,151,3.14,38,62,87,0.149,6.757,25.2,41.1,57.6
2791,159,3.49,24,53,81,0.148,6.751,15.1,33.3,50.9
2792,150,3.59,26,48,70,0.15,6.742,17.3,32.0,46.7
2793,132,3.55,21,40,67,0.154,6.741,15.9,30.3,50.8
2794,143,3.45,26,51,79,0.147,6.757,18.2,35.7,55.2
2795,127,3.46,23,39,67,0.146,6.742,18.1,30.7,52.8
2796,139,3.45,29,48,65,0.152,6.756,20.9,34.5,46.8
2797,144,3.44,22,50,75,0.146,6.764,15.3,34.7,52.1
2798,135,3.74,20,35,58,0.152,6.738,14.8,25.9,43.0
2799,146,3.6,22,45,69,0.153,6.738,15.1,30.8,47.3
2800,133,3.65,13,37,63,0.154,6.761,9.8,27.8,47.4
2801,127,3.59,21,42,65,0.151,6.742,16.5,33.1,51.2
2802,154,3.5,22,53,77,0.149,6.758,14.3,34.4,50.0
2803,135,3.44,23,49,70,0.149,6.758,17.0,36.3,51.9
2804,143,3.59,21,40,70,0.155,6.759,14.7,28.0,49.0
2805,124,3.53,25,44,60,0.154,6.761,20.2,35.5,48.4
2806,137,3.51,21,47,69,0.145,6.756,15.3,34.3,50.4
2807,150,3.61,22,49,68,0.148,6.759,14.7,32.7,45.3
2808,114,3.21,17,44,65,0.152,6.76,14.9,38.6,57.0
2809,145,3.59,22,44,73,0.146,6.76,15.2,30.3,50.3
2810,128,3.53,23,44,62,0.154,6.755,18.0,34.4,48.4
2811,135,3.39,24,47,73,0.155,6.738,17.8,34.8,54.1
2812,135,3.44,21,44,74,0.149,6.771,15.6,32.6,54.8
2813,140,3.64,24,41,64,0.146,6.752,17.1,29.3,45.7
2814,137,3.56,23,45,64,0.154,6.743,16.8,32.8,46.7
2815,127,3.56,20,39,60,0.154,6.748,15.7,30.7,47.2
2816,132,3.3,28,57,72,0.153,6.749,21.2,43.2,54.5
2817,109,3.8,15,29,44,0.157,6.749,13.8,26.6,40.4
2818,133,3.32,27,53,70,0.154,6.76,20.3,39.8,52.6
2819,130,3.57,23,44,60,0.141,6.747,17.7,33.8,46.2
2820,143,3.31,26,50,78,0.146,6.741,18.2,35.0,54.5
2821,118,3.65,21,38,48,0.147,6.738,17.8,32.2,40.7
2822,139,3.29,25,52,73,0.143,6.763,18.0,37.4,52.5
2823,132,3.59,21,40,60,0.146,6.737,15.9,30.3,45.5
2824,121,3.66,19,35,53,0.14,6.749,15.7,28.9,43.8
2825,144,3.67,17,40,60,0.154,6.75,11.8,27.8,41.7
2826,126,3.45,24,48,66,0.145,6.746,19.0,38.1,52.4
2827,138,3.6,25,39,66,0.149,6.744,18.1,28.3,47.8
2828,145,3.48,27,54,67,0.15,6.751,18.6,37.2,46.2
2829,128,3.55,19,39,61,0.153,6.759,14.8,30.5,47.7
2830,148,3.45,24,49,79,0.15,6.742,16.2,33.1,53.4
2831,126,3.63,23,42,56,0.146,6.758,18.3,33.3,44.4
2832,127,3.44,27,47,62,0.151,6.747,21.3,37.0,48.8
2833,142,3.37,25,57,77,0.15,6.739,17.6,40.1,54.2
2834,127,3.29,24,40,73,0.147,6.741,18.9,31.5,57.5
2835,129,3.68,17,37,58,0.144,6.749,13.2,28.7,45.0
2836,128,3.48,29,44,62,0.15,6.734,22.7,34.4,48.4
2837,140,3.36,27,53,78,0.152,6.753,19.3,37.9,55.7
2838,137,3.8,19,34,59,0.146,6.737,13.9,24.8,43.1
2839,123,3.53,16,34,68,0.154,6.762,13.0,27.6,55.3
2840,155,3.89,16,43,62,0.158,6.747,10.3,27.7,40.0
2841,143,3.59,21,48,66,0.153,6.75,14.7,33.6,46.2
2842,134,3.38,29,45,71,0.148,6.736,21.6,33.6,53.0
2843,139,3.33,27,48,76,0.148,6.753,19.4,34.5,54.7
2844,149,3.54,19,53,71,0.151,6.747,12.8,35.6,47.7
2845,123,3.55,13,37,58,0.147,6.749,10.6,30.1,47.2
2846,137,3.72,21,39,60,0.151,6.77,15.3,28.5,43.8
2847,130,3.52,19,44,65,0.15,6.761,14.6,33.8,50.0
2848,125,3.54,16,38,62,0.144,6.754,12.8,30.4,49.6
2849,124,3.52,21,45,56,0.147,6.757,16.9,36.3,45.2
2850,135,3.46,27,44,70,0.148,6.745,20.0,32.6,51.9
2851,136,3.42,22,43,76,0.151,6.747,16.2,31.6,55.9
2852,139,3.47,23,52,68,0.156,6.759,16.5,37.4,48.9
2853,130,3.7,17,33,60,0.147,6.738,13.1,25.4,46.2
2854,133,3.7,11,39,65,0.147,6.75,8.3,29.3,48.9
2855,123,3.59,18,41,60,0.152,6.761,14.6,33.3,48.8
2856,132,3.48,20,43,68,0.148,6.751,15.2,32.6,51.5
2857,119,3.39,18,41,59,0.148,6.764,15.1,34.5,49.6
2858,124,3.47,21,41,61,0.15,6.741,16.9,33.1,49.2
2859,124,3.74,19,35,48,0.156,6.752,15.3,28.2,38.7
2860,118,3.49,20,42,58,0.149,6.737,16.9,35.6,49.2
2861,113,3.52,22,37,51,0.149,6.741,19.5,32.7,45.1
2862,129,3.67,13,37,59,0.149,6.753,10.1,28.7,45.7
2863,129,3.5,20,39,64,0.156,6.744,15.5,30.2,49.6
2864,136,3.56,25,41,61,0.148,6.758,18.4,30.1,44.9
2865,142,3.48,29,49,70,0.149,6.751,20.4,34.5,49.3
2866,130,3.47,22,45,71,0.154,6.747,16.9,34.6,54.6
2867,133,3.75,15,36,55,0.148,6.745,11.3,27.1,41.4
2868,119,3.46,23,47,62,0.148,6.737,19.3,39.5,52.1
2869,128,3.61,19,41,64,0.151,6.749,14.8,32.0,50.0
2870,132,3.54,21,38,67,0.152,6.751,15.9,28.8,50.8
2871,117,3.59,13,37,61,0.148,6.757,11.1,31.6,52.1
2872,147,3.43,23,48,80,0.155,6.755,15.6,32.7,54.4
2873,116,3.32,21,42,60,0.155,6.769,18.1,36.2,51.7
2874,141,3.58,19,42,68,0.152,6.749,13.5,29.8,48.2
2875,123,3.62,23,45,60,0.151,6.748,18.7,36.6,48.8
2876,138,3.44,25,49,72,0.142,6.735,18.1,35.5,52.2
2877,130,3.49,20,37,65,0.152,6.762,15.4,28.5,50.0
2878,142,3.78,13,38,63,0.153,6.741,9.2,26.8,44.4
2879,131,3.52,23,41,62,0.15,6.745,17.6,31.3,47.3
2880,144,3.53,25,47,68,0.147,6.752,17.4,32.6,47.2
2881,126,3.48,19,42,65,0.15,6.752,15.1,33.3,51.6
2882,130,3.52,19,44,61,0.155,6.742,14.6,33.8,46.9
2883,130,3.52,16,44,65,0.15,6.752,12.3,33.8,50.0
2884,131,3.53,13,40,70,0.153,6.753,9.9,30.5,53.4
2885,129,3.53,17,39,69,0.147,6.751,13.2,30.2,53.5
2886,118,3.83,13,29,50,0.148,6.732,11.0,24.6,42.4
2887,113,3.45,23,42,57,0.149,6.743,20.4,37.2,50.4
2888,134,3.79,20,38,59,0.153,6.749,14.9,28.4,44.0
2889,146,3.75,15,38,64,0.149,6.742,10.3,26.0,43.8
2890,127,3.46,20,41,67,0.153,6.735,15.7,32.3,52.8
2891,126,3.44,23,47,64,0.146,6.752,18.3,37.3,50.8
2892,126,3.29,21,51,71,0.151,6.742,16.7,40.5,56.3
2893,133,3.42,21,45,69,0.144,6.766,15.8,33.8,51.9
2894,148,3.32,28,51,80,0.149,6.747,18.9,34.5,54.1
2895,132,3.34,31,52,71,0.149,6.753,23.5,39.4,53.8
2896,133,3.5,24,44,66,0.151,6.759,18.0,33.1,49.6
2897,132,3.7,18,35,61,0.151,6.744,13.6,26.5,46.2
2898,131,3.79,19,40,55,0.155,6.733,14.5,30.5,42.0
2899,127,3.54,23,40,60,0.155,6.751,18.1,31.5,47.2
2900,124,3.41,21,40,62,0.152,6.773,16.9,32.3,50.0
2901,125,3.47,21,36,60,0.148,6.762,16.8,28.8,48.0
2902,144,3.37,21,52,78,0.151,6.752,14.6,36.1,54.2
2903,125,3.6,23,36,59,0.152,6.761,18.4,28.8,47.2
2904,151,3.56,18,49,78,0.149,6.743,11.9,32.5,51.7
2905,112,3.57,20,35,55,0.155,6.762,17.9,31.2,49.1
2906,145,3.37,33,57,76,0.153,6.771,22.8,39.3,52.4
2907,131,3.38,26,48,70,0.149,6.749,19.8,36.6,53.4
2908,124,3.54,19,40,62,0.146,6.758,15.3,32.3,50.0
2909,117,3.59,17,37,58,0.15,6.744,14.5,31.6,49.6
2910,124,3.73,11,40,56,0.153,6.752,8.9,32.3,45.2
2911,144,3.42,21,49,76,0.153,6.745,14.6,34.0,52.8
2912,119,3.4,28,46,59,0.145,6.749,23.5,38.7,49.6
2913,125,3.4,26,46,64,0.145,6.752,20.8,36.8,51.2
2914,137,3.22,28,54,83,0.153,6.749,20.4,39.4,60.6
2915,118,3.47,16,41,62,0.151,6.754,13.6,34.7,52.5
2916,122,3.66,19,38,55,0.162,6.744,15.6,31.1,45.1
2917,119,3.55,23,37,57,0.155,6.759,19.3,31.1,47.9
2918,130,3.45,26,46,68,0.144,6.751,20.0,35.4,52.3
2919,113,3.55,18,40,57,0.144,6.755,15.9,35.4,50.4
2920,121,3.6,15,38,58,0.148,6.76,12.4,31.4,47.9
2921,136,3.3,23,47,75,0.15,6.745,16.9,34.6,55.1
2922,125,3.42,25,44,63,0.152,6.731,20.0,35.2,50.4
2923,143,3.38,32,55,71,0.146,6.742,22.4,38.5,49.7
2924,117,3.54,16,42,57,0.152,6.761,13.7,35.9,48.7
2925,161,3.56,29,49,76,0.151,6.737,18.0,30.4,47.2
2926,127,3.65,17,39,60,0.145,6.737,13.4,30.7,47.2
2927,116,3.68,15,31,52,0.151,6.742,12.9,26.7,44.8
2928,163,3.25,33,63,92,0.15,6.759,20.2,38.7,56.4
2929,151,3.36,31,54,82,0.153,6.74,20.5,35.8,54.3
2930,155,3.5,26,52,76,0.154,6.759,16.8,33.5,49.0
2931,141,3.51,20,42,67,0.143,6.741,14.2,29.8,47.5
2932,135,3.15,27,54,79,0.148,6.749,20.0,40.0,58.5
2933,121,3.48,20,44,60,0.153,6.751,16.5,36.4,49.6
2934,128,3.4,25,40,65,0.155,6.756,19.5,31.2,50.8
2935,142,3.53,25,42,66,0.15,6.749,17.6,29.6,46.5
2936,116,3.49,18,40,56,0.145,6.738,15.5,34.5,48.3
2937,142,3.38,24,48,81,0.153,6.751,16.9,33.8,57.0
2938,137,3.74,18,35,57,0.146,6.742,13.1,25.5,41.6
2939,132,3.45,22,46,68,0.154,6.765,16.7,34.8,51.5
2940,145,3.48,27,52,78,0.153,6.759,18.6,35.9,53.8
2941,127,3.33,24,51,69,0.149,6.747,18.9,40.2,54.3
2942,145,3.57,27,44,69,0.149,6.754,18.6,30.3,47.6
2943,122,3.29,18,41,75,0.145,6.731,14.8,33.6,61.5
2944,108,3.55,16,31,50,0.157,6.75,14.8,28.7,46.3
2945,134,3.58,20,40,61,0.146,6.741,14.9,29.9,45.5
2946,130,3.44,26,48,70,0.154,6.741,20.0,36.9,53.8
2947,138,3.63,24,43,62,0.147,6.741,17.4,31.2,44.9
2948,147,3.7,24,46,66,0.155,6.751,16.3,31.3,44.9
2949,138,3.33,31,51,72,0.149,6.743,22.5,37.0,52.2
2950,135,3.56,24,48,67,0.152,6.772,17.8,35.6,49.6
2951,124,3.55,22,42,57,0.146,6.739,17.7,33.9,46.0
2952,122,3.53,16,43,62,0.152,6.754,13.1,35.2,50.8
2953,139,3.54,25,47,66,0.158,6.758,18.0,33.8,47.5
2954,137,3.42,29,52,72,0.149,6.757,21.2,38.0,52.6
2955,137,3.54,25,49,62,0.155,6.745,18.2,35.8,45.3
2956,122,3.67,21,37,52,0.152,6.75,17.2,30.3,42.6
2957,124,3.48,20,41,63,0.144,6.755,16.1,33.1,50.8
2958,127,3.52,20,43,61,0.151,6.753,15.7,33.9,48.0
2959,125,3.46,23,46,63,0.153,6.753,18.4,36.8,50.4
2960,121,3.47,23,46,61,0.153,6.759,19.0,38.0,50.4
2961,154,3.32,30,60,86,0.152,6.74,19.5,39.0,55.8
2962,145,3.42,28,54,70,0.149,6.758,19.3,37.2,48.3
2963,141,3.44,19,45,71,0.154,6.755,13.5,31.9,50.4
2964,134,3.4,28,41,67,0.149,6.766,20.9,30.6,50.0
2965,155,3.4,33,53,77,0.151,6.742,21.3,34.2,49.7
2966,132,3.64,22,44,60,0.149,6.744,16.7,33.3,45.5
2967,129,3.33,19,43,72,0.157,6.74,14.7,33.3,55.8
2968,141,3.39,23,52,71,0.15,6.763,16.3,36.9,50.4
2969,147,3.87,16,38,61,0.151,6.752,10.9,25.9,41.5
2970,125,3.68,13,37,59,0.147,6.73,10.4,29.6,47.2
2971,141,3.41,31,50,71,0.144,6.765,22.0,35.5,50.4
2972,151,3.13,38,61,92,0.152,6.744,25.2,40.4,60.9
2973,111,3.27,25,45,64,0.147,6.744,22.5,40.5,57.7
2974,135,3.53,17,41,64,0.145,6.746,12.6,30.4,47.4
2975,143,3.45,29,49,71,0.147,6.745,20.3,34.3,49.7
2976,128,3.44,19,48,68,0.144,6.737,14.8,37.5,53.1
2977,136,3.52,21,41,62,0.154,6.742,15.4,30.1,45.6
2978,130,3.42,23,44,71,0.15,6.743,17.7,33.8,54.6
2979,112,3.21,27,48,66,0.156,6.75,24.1,42.9,58.9
2980,137,3.31,25,54,78,0.155,6.752,18.2,39.4,56.9
2981,116,4.05,7,24,44,0.158,6.762,6.0,20.7,37.9
2982,138,3.68,22,42,64,0.151,6.74,15.9,30.4,46.4
2983,126,3.46,20,43,67,0.148,6.76,15.9,34.1,53.2
2984,140,3.34,29,49,75,0.149,6.758,20.7,35.0,53.6
2985,125,3.61,20,35,60,0.154,6.741,16.0,28.0,48.0
2986,113,3.63,14,37,53,0.146,6.749,12.4,32.7,46.9
2987,153,3.63,25,46,71,0.148,6.742,16.3,30.1,46.4
2988,127,3.24,23,44,74,0.154,6.742,18.1,34.6,58.3
2989,137,3.26,29,58,72,0.152,6.751,21.2,42.3,52.6
2990,133,3.56,27,47,66,0.148,6.745,20.3,35.3,49.6
2991,125,3.47,23,42,64,0.146,6.744,18.4,33.6,51.2
2992,126,3.29,28,50,67,0.151,6.747,22.2,39.7,53.2
2993,106,3.54,23,34,47,0.144,6.753,21.7,32.1,44.3
2994,139,3.53,23,41,67,0.151,6.755,16.5,29.5,48.2
2995,121,3.67,24,35,55,0.157,6.742,19.8,28.9,45.5
2996,136,3.4,24,55,72,0.149,6.75,17.6,40.4,52.9
2997,145,3.62,25,40,73,0.151,6.762,17.2,27.6,50.3
2998,130,3.76,15,33,60,0.15,6.746,11.5,25.4,46.2
2999,129,3.43,23,47,65,0.148,6.734,17.8,36.4,50.4
3000,135,3.4,25,45,72,0.152,6.753,18.5,33.3,53.3
3001,134,3.51,20,44,65,0.149,6.754,14.9,32.8,48.5
3002,121,3.46,23,34,60,0.153,6.749,19.0,28.1,49.6
3003,125,3.43,17,39,68,0.152,6.737,13.6,31.2,54.4
3004,145,3.45,30,48,74,0.144,6.751,20.7,33.1,51.0
3005,129,3.35,28,43,69,0.152,6.745,21.7,33.3,53.5
3006,122,3.45,22,39,66,0.151,6.748,18.0,32.0,54.1
3007,122,3.4,20,42,63,0.151,6.75,16.4,34.4,51.6
3008,140,3.54,24,49,71,0.15,6.744,17.1,35.0,50.7
3009,132,3.55,23,41,61,0.145,6.756,17.4,31.1,46.2
3010,152,3.72,22,46,67,0.155,6.76,14.5,30.3,44.1
3011,135,3.75,18,34,62,0.147,6.765,13.3,25.2,45.9
3012,125,3.61,20,38,62,0.144,6.737,16.0,30.4,49.6
3013,129,3.54,21,40,60,0.146,6.735,16.3,31.0,46.5
3014,116,3.62,14,38,60,0.141,6.749,12.1,32.8,51.7
3015,151,3.52,24,43,74,0.15,6.746,15.9,28.5,49.0
3016,138,3.65,23,44,59,0.149,6.746,16.7,31.9,42.8
3017,127,3.28,22,47,73,0.15,6.748,17.3,37.0,57.5
3018,127,3.58,22,40,59,0.155,6.759,17.3,31.5,46.5
3019,126,3.19,25,49,75,0.149,6.748,19.8,38.9,59.5
3020,131,3.54,20,40,66,0.148,6.758,15.3,30.5,50.4
3021,145,3.78,23,39,61,0.146,6.749,15.9,26.9,42.1
3022,137,3.39,27,51,73,0.154,6.747,19.7,37.2,53.3
3023,115,3.74,13,33,49,0.151,6.764,11.3,28.7,42.6
3024,137,3.36,25,52,76,0.152,6.766,18.2,38.0,55.5
3025,134,3.64,20,40,60,0.15,6.748,14.9,29.9,44.8
3026,153,3.66,16,47,78,0.158,6.746,10.5,30.7,51.0
3027,126,3.6,18,37,65,0.147,6.75,14.3,29.4,51.6
3028,139,3.42,23,46,72,0.148,6.736,16.5,33.1,51.8
3029,142,3.54,22,48,72,0.151,6.754,15.5,33.8,50.7
3030,131,3.34,23,49,73,0.149,6.762,17.6,37.4,55.7
3031,143,3.55,22,47,71,0.148,6.736,15.4,32.9,49.7
3032,130,3.34,27,51,69,0.145,6.761,20.8,39.2,53.1
3033,112,3.51,25,34,54,0.155,6.732,22.3,30.4,48.2
3034,126,3.63,19,38,56,0.151,6.76,15.1,30.2,44.4
3035,122,3.38,20,39,63,0.147,6.748,16.4,32.0,51.6
3036,130,3.39,20,42,70,0.148,6.759,15.4,32.3,53.8
3037,132,3.83,24,41,51,0.148,6.752,18.2,31.1,38.6
3038,144,3.31,29,49,78,0.148,6.75,20.1,34.0,54.2
3039,132,3.54,22,43,67,0.145,6.757,16.7,32.6,50.8
3040,145,3.5,24,48,72,0.151,6.745,16.6,33.1,49.7
3041,142,3.42,30,50,70,0.154,6.738,21.1,35.2,49.3
3042,122,3.51,23,37,61,0.151,6.745,18.9,30.3,50.0
3043,136,3.53,26,45,61,0.148,6.743,19.1,33.1,44.9
3044,138,3.56,19,47,71,0.152,6.753,13.8,34.1,51.4
3045,127,3.55,19,37,60,0.149,6.748,15.0,29.1,47.2
3046,123,3.36,22,43,71,0.15,6.756,17.9,35.0,57.7
3047,139,3.6,19,39,61,0.145,6.751,13.7,28.1,43.9
3048,138,3.51,30,46,66,0.15,6.728,21.7,33.3,47.8
3049,123,3.32,24,43,63,0.148,6.748,19.5,35.0,51.2
3050,133,3.35,29,53,68,0.155,6.742,21.8,39.8,51.1
3051,133,3.42,23,47,67,0.15,6.757,17.3,35.3,50.4
3052,123,3.59,22,41,57,0.15,6.747,17.9,33.3,46.3
3053,150,3.79,13,40,68,0.153,6.735,8.7,26.7,45.3
3054,144,3.44,25,50,75,0.154,6.751,17.4,34.7,52.1
3055,127,3.5,18,43,64,0.153,6.745,14.2,33.9,50.4
3056,132,3.55,18,37,69,0.152,6.739,13.6,28.0,52.3
3057,138,3.31,26,49,73,0.154,6.736,18.8,35.5,52.9
3058,129,3.57,21,48,60,0.154,6.754,16.3,37.2,46.5
3059,120,3.3,21,46,69,0.152,6.738,17.5,38.3,57.5
3060,140,3.47,21,44,71,0.15,6.764,15.0,31.4,50.7
3061,145,3.43,22,51,74,0.152,6.754,15.2,35.2,51.0
3062,123,3.43,21,41,60,0.145,6.747,17.1,33.3,48.8
3063,128,3.59,20,40,63,0.15,6.758,15.6,31.2,49.2
3064,124,3.47,22,42,65,0.153,6.748,17.7,33.9,52.4
3065,137,3.62,22,47,65,0.146,6.746,16.1,34.3,47.4
3066,134,3.43,22,46,77,0.147,6.754,16.4,34.3,57.5
3067,120,3.62,17,36,55,0.151,6.741,14.2,30.0,45.8
3068,121,3.41,22,40,65,0.147,6.754,18.2,33.1,53.7
3069,114,3.15,25,48,62,0.149,6.751,21.9,42.1,54.4
3070,153,3.5,31,52,72,0.147,6.763,20.3,34.0,47.1
3071,134,3.46,19,46,71,0.152,6.752,14.2,34.3,53.0
3072,187,3.61,34,58,88,0.156,6.754,18.2,31.0,47.1
3073,137,3.39,25,46,69,0.146,6.736,18.2,33.6,50.4
3074,133,3.38,30,48,67,0.151,6.741,22.6,36.1,50.4
3075,154,3.68,21,47,68,0.153,6.762,13.6,30.5,44.2
3076,134,3.34,21,51,68,0.159,6.761,15.7,38.1,50.7
3077,115,3.23,22,41,60,0.15,6.764,19.1,35.7,52.2
3078,151,3.55,21,47,78,0.149,6.744,13.9,31.1,51.7
3079,141,3.45,25,45,66,0.148,6.739,17.7,31.9,46.8
3080,126,3.32,23,49,68,0.15,6.743,18.3,38.9,54.0
3081,139,3.46,26,53,70,0.15,6.743,18.7,38.1,50.4
3082,137,3.38,23,50,71,0.145,6.748,16.8,36.5,51.8
3083,123,3.46,20,41,62,0.15,6.757,16.3,33.3,50.4
3084,135,3.47,27,47,70,0.157,6.74,20.0,34.8,51.9
3085,119,3.66,20,33,52,0.154,6.753,16.8,27.7,43.7
3086,118,3.54,14,37,60,0.152,6.757,11.9,31.4,50.8
3087,138,3.34,28,50,77,0.147,6.751,20.3,36.2,55.8
3088,141,3.36,27,49,75,0.151,6.757,19.1,34.8,53.2
3089,129,3.52,17,39,66,0.152,6.742,13.2,30.2,51.2
3090,142,3.49,29,48,71,0.151,6.742,20.4,33.8,50.0
3091,147,3.39,28,52,80,0.15,6.758,19.0,35.4,54.4
3092,136,3.54,21,44,69,0.15,6.748,15.4,32.4,50.7
3093,140,3.81,16,43,61,0.153,6.757,11.4,30.7,43.6
3094,131,3.18,26,58,77,0.152,6.75,19.8,44.3,58.8
3095,131,3.63,21,41,55,0.157,6.744,16.0,31.3,42.0
3096,129,3.51,18,41,64,0.147,6.756,14.0,31.8,49.6
3097,120,3.48,20,36,66,0.143,6.747,16.7,30.0,55.0
3098,134,3.11,29,58,83,0.152,6.752,21.6,43.3,61.9
3099,124,3.48,20,39,59,0.14,6.745,16.1,31.5,47.6
3100,134,3.4,25,48,72,0.151,6.749,18.7,35.8,53.7
3101,146,3.73,20,42,65,0.148,6.764,13.7,28.8,44.5
3102,122,3.24,22,45,73,0.149,6.744,18.0,36.9,59.8
3103,124,3.5,13,43,72,0.143,6.749,10.5,34.7,58.1
3104,117,3.64,18,43,52,0.152,6.765,15.4,36.8,44.4
3105,134,3.44,21,42,74,0.151,6.747,15.7,31.3,55.2
3106,131,3.44,23,42,61,0.152,6.744,17.6,32.1,46.6
3107,119,3.54,17,38,59,0.152,6.757,14.3,31.9,49.6
3108,143,3.49,19,51,68,0.151,6.774,13.3,35.7,47.6
3109,125,3.53,22,42,60,0.154,6.743,17.6,33.6,48.0
3110,154,3.57,28,52,76,0.146,6.752,18.2,33.8,49.4
3111,134,3.56,23,42,66,0.152,6.743,17.2,31.3,49.3
3112,128,3.49,21,37,67,0.148,6.764,16.4,28.9,52.3
3113,140,3.47,22,48,71,0.153,6.744,15.7,34.3,50.7
3114,125,3.31,20,47,66,0.146,6.745,16.0,37.6,52.8
3115,109,3.57,15,33,50,0.151,6.757,13.8,30.3,45.9
3116,121,3.25,29,49,69,0.154,6.757,24.0,40.5,57.0
3117,123,3.01,26,54,79,0.15,6.758,21.1,43.9,64.2
3118,124,3.62,20,41,55,0.148,6.754,16.1,33.1,44.4
3119,145,3.73,16,36,70,0.147,6.745,11.0,24.8,48.3
3120,138,3.63,19,47,61,0.153,6.746,13.8,34.1,44.2
3121,117,3.64,17,36,52,0.148,6.743,14.5,30.8,44.4
3122,135,3.32,22,49,77,0.15,6.757,16.3,36.3,57.0
3123,149,3.48,22,57,74,0.147,6.759,14.8,38.3,49.7
3124,131,3.66,14,40,63,0.151,6.756,10.7,30.5,48.1
3125,145,3.47,26,50,75,0.15,6.764,17.9,34.5,51.7
3126,144,3.49,29,53,76,0.15,6.759,20.1,36.8,52.8
3127,127,3.41,18,46,66,0.149,6.753,14.2,36.2,52.0
3128,137,3.66,21,45,65,0.148,6.74,15.3,32.8,47.4
3129,131,3.36,28,57,72,0.149,6.748,21.4,43.5,55.0
3130,121,3.22,21,52,70,0.145,6.752,17.4,43.0,57.9
3131,134,3.31,35,49,70,0.152,6.756,26.1,36.6,52.2
3132,153,3.49,25,50,78,0.145,6.733,16.3,32.7,51.0
3133,129,3.69,18,35,56,0.15,6.759,14.0,27.1,43.4
3134,144,3.29,27,53,83,0.154,6.743,18.8,36.8,57.6
3135,130,3.38,21,47,69,0.148,6.766,16.2,36.2,53.1
3136,126,3.29,26,47,69,0.148,6.753,20.6,37.3,54.8
3137,133,3.59,22,38,67,0.147,6.759,16.5,28.6,50.4
3138,138,3.29,27,50,73,0.156,6.749,19.6,36.2,52.9
3139,103,3.45,19,38,54,0.152,6.742,18.4,36.9,52.4
3140,125,3.54,22,42,58,0.146,6.742,17.6,33.6,46.4
3141,151,3.55,28,52,72,0.149,6.737,18.5,34.4,47.7
3142,115,3.32,19,44,67,0.155,6.753,16.5,38.3,58.3
3143,148,3.67,15,40,67,0.151,6.735,10.1,27.0,45.3
3144,132,3.15,26,56,78,0.15,6.732,19.7,42.4,59.1
3145,128,3.55,28,43,61,0.151,6.751,21.9,33.6,47.7
3146,149,3.82,15,41,62,0.153,6.762,10.1,27.5,41.6
3147,136,3.54,25,47,66,0.151,6.754,18.4,34.6,48.5
3148,129,3.66,16,37,58,0.152,6.755,12.4,28.7,45.0
3149,147,3.5,28,50,74,0.149,6.746,19.0,34.0,50.3
3150,136,3.82,14,29,57,0.151,6.751,10.3,21.3,41.9
3151,139,3.51,23,45,74,0.15,6.745,16.5,32.4,53.2
3152,108,3.36,15,39,58,0.153,6.76,13.9,36.1,53.7
3153,137,3.52,26,44,65,0.147,6.762,19.0,32.1,47.4
3154,134,3.47,26,45,66,0.149,6.758,19.4,33.6,49.3
3155,115,3.4,19,38,57,0.146,6.756,16.5,33.0,49.6
3156,141,3.72,8,35,69,0.162,6.722,5.7,24.8,48.9
3157,114,3.74,17,37,54,0.15,6.753,14.9,32.5,47.4
3158,149,3.73,20,41,65,0.155,6.744,13.4,27.5,43.6
3159,132,3.48,25,49,64,0.15,6.769,18.9,37.1,48.5
3160,134,3.52,19,35,68,0.149,6.752,14.2,26.1,50.7
3161,141,3.57,22,46,65,0.15,6.753,15.6,32.6,46.1
3162,157,3.39,30,58,82,0.15,6.752,19.1,36.9,52.2
3163,146,3.48,25,52,74,0.151,6.761,17.1,35.6,50.7
3164,121,3.62,19,31,54,0.155,6.748,15.7,25.6,44.6
3165,144,3.46,27,48,74,0.147,6.756,18.8,33.3,51.4
3166,148,3.47,31,55,74,0.142,6.751,20.9,37.2,50.0
3167,112,3.44,20,37,59,0.153,6.748,17.9,33.0,52.7
3168,127,3.49,24,47,63,0.153,6.762,18.9,37.0,49.6
3169,145,3.62,15,45,69,0.15,6.749,10.3,31.0,47.6
3170,127,3.42,23,40,61,0.148,6.75,18.1,31.5,48.0
3171,118,3.65,19,37,58,0.15,6.748,16.1,31.4,49.2
3172,120,3.54,20,38,58,0.15,6.742,16.7,31.7,48.3
3173,113,3.58,19,32,53,0.154,6.761,16.8,28.3,46.9
3174,121,3.3,23,48,70,0.156,6.749,19.0,39.7,57.9
3175,152,3.64,20,39,69,0.155,6.761,13.2,25.7,45.4
3176,136,3.23,32,54,79,0.157,6.743,23.5,39.7,58.1
3177,113,3.67,20,37,50,0.147,6.751,17.7,32.7,44.2
3178,111,3.78,17,33,44,0.147,6.751,15.3,29.7,39.6
3179,140,3.43,25,48,74,0.148,6.737,17.9,34.3,52.9
3180,130,3.72,20,36,58,0.151,6.747,15.4,27.7,44.6
3181,143,3.31,28,55,82,0.148,6.747,19.6,38.5,57.3
3182,131,3.34,21,49,70,0.15,6.742,16.0,37.4,53.4
3183,112,3.77,16,28,50,0.151,6.744,14.3,25.0,44.6
3184,130,3.42,26,39,63,0.15,6.743,20.0,30.0,48.5
3185,117,3.29,20,48,64,0.151,6.747,17.1,41.0,54.7
3186,117,3.37,22,41,64,0.15,6.764,18.8,35.0,54.7
3187,125,3.45,22,45,68,0.15,6.748,17.6,36.0,54.4
3188,113,3.44,19,38,58,0.148,6.754,16.8,33.6,51.3
3189,129,3.29,27,48,70,0.149,6.732,20.9,37.2,54.3
3190,132,3.33,28,49,70,0.155,6.762,21.2,37.1,53.0
3191,129,3.38,22,45,74,0.144,6.747,17.1,34.9,57.4
3192,121,3.52,23,43,61,0.15,6.734,19.0,35.5,50.4
3193,158,3.34,30,59,85,0.153,6.749,19.0,37.3,53.8
3194,136,3.65,23,43,63,0.148,6.756,16.9,31.6,46.3
3195,153,3.63,23,49,74,0.154,6.752,15.0,32.0,48.4
3196,131,3.37,28,47,68,0.155,6.75,21.4,35.9,51.9
3197,123,3.43,19,41,64,0.152,6.76,15.4,33.3,52.0
3198,122,3.34,22,43,65,0.15,6.744,18.0,35.2,53.3
3199,104,3.62,14,27,49,0.15,6.764,13.5,26.0,47.1
3200,119,3.61,14,40,57,0.147,6.751,11.8,33.6,47.9
3201,118,3.48,19,44,58,0.147,6.752,16.1,37.3,49.2
3202,131,3.6,21,44,62,0.159,6.773,16.0,33.6,47.3
3203,148,3.53,25,48,73,0.154,6.75,16.9,32.4,49.3
3204,136,3.44,26,45,68,0.152,6.762,19.1,33.1,50.0
3205,135,3.56,18,42,66,0.15,6.748,13.3,31.1,48.9
3206,139,3.45,21,45,74,0.144,6.759,15.1,32.4,53.2
3207,144,3.6,20,45,68,0.151,6.748,13.9,31.2,47.2
3208,139,3.53,20,45,70,0.151,6.758,14.4,32.4,50.4
3209,147,3.55,25,52,71,0.147,6.749,17.0,35.4,48.3
3210,139,3.65,20,43,62,0.153,6.739,14.4,30.9,44.6
3211,149,3.52,23,45,76,0.151,6.758,15.4,30.2,51.0
3212,135,3.56,23,45,66,0.148,6.751,17.0,33.3,48.9
3213,129,3.56,18,45,63,0.149,6.755,14.0,34.9,48.8
3214,136,3.76,20,40,58,0.148,6.753,14.7,29.4,42.6
3215,137,3.47,24,47,70,0.155,6.758,17.5,34.3,51.1
3216,129,3.64,22,46,62,0.15,6.747,17.1,35.7,48.1
3217,153,3.35,25,55,86,0.147,6.738,16.3,35.9,56.2
3218,154,3.39,24,55,83,0.149,6.758,15.6,35.7,53.9
3219,144,3.45,22,45,74,0.149,6.741,15.3,31.2,51.4
3220,154,3.46,25,52,84,0.145,6.755,16.2,33.8,54.5
3221,140,3.21,29,63,80,0.149,6.756,20.7,45.0,57.1
3222,113,3.69,12,30,52,0.15,6.739,10.6,26.5,46.0
3223,120,3.58,13,40,65,0.157,6.723,10.8,33.3,54.2
3224,166,3.47,31,63,85,0.155,6.757,18.7,38.0,51.2
3225,131,3.27,25,50,70,0.149,6.756,19.1,38.2,53.4
3226,163,3.48,23,52,80,0.157,6.751,14.1,31.9,49.1
3227,144,3.55,29,46,67,0.153,6.752,20.1,31.9,46.5
3228,130,3.43,22,42,67,0.151,6.76,16.9,32.3,51.5
3229,131,3.67,17,36,63,0.148,6.745,13.0,27.5,48.1
3230,134,3.51,19,42,71,0.155,6.761,14.2,31.3,53.0
3231,130,3.39,20,47,74,0.147,6.749,15.4,36.2,56.9
3232,136,3.46,25,47,70,0.15,6.761,18.4,34.6,51.5
3233,150,3.4,32,59,71,0.152,6.762,21.3,39.3,47.3
3234,125,3.57,21,37,60,0.149,6.755,16.8,29.6,48.0
3235,147,3.48,25,54,75,0.148,6.739,17.0,36.7,51.0
3236,124,3.62,17,41,60,0.148,6.746,13.7,33.1,48.4
3237,123,3.17,25,53,71,0.151,6.745,20.3,43.1,57.7
3238,139,3.4,30,54,74,0.151,6.741,21.6,38.8,53.2
3239,138,3.38,27,46,68,0.151,6.745,19.6,33.3,49.3
3240,138,3.57,20,46,67,0.145,6.754,14.5,33.3,48.6
3241,133,3.72,16,38,59,0.146,6.735,12.0,28.6,44.4
3242,125,3.51,17,46,65,0.143,6.746,13.6,36.8,52.0
3243,135,3.19,29,59,78,0.154,6.766,21.5,43.7,57.8
3244,140,3.57,23,41,71,0.153,6.737,16.4,29.3,50.7
3245,126,3.58,21,41,60,0.154,6.738,16.7,32.5,47.6
3246,144,3.55,21,43,74,0.153,6.759,14.6,29.9,51.4
3247,127,3.47,18,49,65,0.149,6.742,14.2,38.6,51.2
3248,149,3.69,22,43,68,0.155,6.755,14.8,28.9,45.6
3249,138,3.44,16,42,68,0.151,6.741,11.6,30.4,49.3
3250,130,3.41,24,46,67,0.149,6.745,18.5,35.4,51.5
3251,152,3.24,34,58,87,0.151,6.743,22.4,38.2,57.2
3252,114,3.39,20,46,62,0.146,6.768,17.5,40.4,54.4
3253,131,3.37,28,44,67,0.149,6.746,21.4,33.6,51.1
3254,136,3.34,31,53,75,0.156,6.751,22.8,39.0,55.1
3255,133,3.65,15,38,65,0.151,6.748,11.3,28.6,48.9
3256,162,3.53,30,56,78,0.147,6.764,18.5,34.6,48.1
3257,124,3.4,21,48,63,0.15,6.759,16.9,38.7,50.8
3258,140,3.51,19,50,70,0.151,6.752,13.6,35.7,50.0
3259,124,3.44,24,44,62,0.146,6.733,19.4,35.5,50.0
3260,126,3.44,21,42,66,0.146,6.729,16.7,33.3,52.4
3261,138,3.6,21,48,62,0.15,6.753,15.2,34.8,44.9
3262,125,3.64,16,37,59,0.152,6.754,12.8,29.6,47.2
3263,110,3.65,19,29,46,0.153,6.742,17.3,26.4,41.8
3264,136,3.42,27,46,73,0.152,6.736,19.9,33.8,53.7
3265,162,3.51,30,54,83,0.151,6.758,18.5,33.3,51.2
3266,107,3.44,19,40,53,0.153,6.742,17.8,37.4,49.5
3267,118,3.31,21,44,65,0.15,6.747,17.8,37.3,55.1
3268,149,3.54,29,48,74,0.151,6.761,19.5,32.2,49.7
3269,129,3.27,20,46,72,0.152,6.757,15.5,35.7,55.8
3270,109,3.45,19,41,56,0.149,6.74,17.4,37.6,51.4
3271,135,3.73,17,36,61,0.151,6.739,12.6,26.7,45.2
3272,110,3.7,17,34,48,0.149,6.76,15.5,30.9,43.6
3273,128,3.12,24,56,77,0.149,6.763,18.8,43.8,60.2
3274,143,3.72,15,41,64,0.15,6.751,10.5,28.7,44.8
3275,147,3.33,25,56,88,0.15,6.744,17.0,38.1,59.9
3276,139,3.41,25,48,69,0.153,6.759,18.0,34.5,49.6
3277,158,3.46,30,53,76,0.154,6.738,19.0,33.5,48.1
3278,152,3.57,26,44,72,0.153,6.745,17.1,28.9,47.4
3279,134,3.59,23,40,62,0.151,6.752,17.2,29.9,46.3
3280,123,3.38,25,49,61,0.154,6.762,20.3,39.8,49.6
3281,127,3.7,18,33,64,0.153,6.74,14.2,26.0,50.4
3282,156,3.31,26,65,89,0.155,6.756,16.7,41.7,57.1
3283,145,3.43,30,56,72,0.152,6.744,20.7,38.6,49.7
3284,157,3.32,31,63,81,0.157,6.762,19.7,40.1,51.6
3285,113,3.74,11,29,49,0.138,6.738,9.7,25.7,43.4
3286,135,3.44,24,49,68,0.159,6.761,17.8,36.3,50.4
3287,129,3.42,23,44,70,0.155,6.757,17.8,34.1,54.3
3288,123,3.79,14,31,48,0.146,6.753,11.4,25.2,39.0
3289,152,3.44,23,50,84,0.157,6.773,15.1,32.9,55.3
3290,120,3.54,21,37,58,0.156,6.755,17.5,30.8,48.3
3291,126,3.55,21,38,63,0.148,6.746,16.7,30.2,50.0
3292,112,3.53,15,38,59,0.148,6.753,13.4,33.9,52.7
3293,153,3.44,24,54,79,0.151,6.764,15.7,35.3,51.6
3294,149,3.52,19,48,73,0.151,6.761,12.8,32.2,49.0
3295,120,3.34,22,47,65,0.154,6.76,18.3,39.2,54.2
3296,144,3.42,28,53,75,0.148,6.755,19.4,36.8,52.1
3297,141,3.33,27,55,75,0.158,6.741,19.1,39.0,53.2
3298,129,3.68,21,41,59,0.148,6.763,16.3,31.8,45.7
3299,116,3.41,17,39,61,0.147,6.741,14.7,33.6,52.6
3300,158,3.39,30,55,83,0.152,6.756,19.0,34.8,52.5
3301,131,3.67,23,39,57,0.155,6.745,17.6,29.8,43.5
3302,166,3.3,31,62,89,0.153,6.743,18.7,37.3,53.6
3303,152,3.46,24,56,77,0.155,6.752,15.8,36.8,50.7
3304,161,3.49,23,52,82,0.148,6.769,14.3,32.3,50.9
3305,122,3.54,20,35,61,0.152,6.754,16.4,28.7,50.0
3306,141,3.47,20,42,74,0.149,6.751,14.2,29.8,52.5
3307,131,3.77,16,32,50,0.149,6.741,12.2,24.4,38.2
3308,126,3.38,19,45,67,0.15,6.757,15.1,35.7,53.2
3309,128,3.48,19,39,69,0.15,6.757,14.8,30.5,53.9
3310,106,3.48,16,37,55,0.143,6.751,15.1,34.9,51.9
3311,137,3.31,34,53,73,0.15,6.742,24.8,38.7,53.3
3312,131,3.56,18,38,65,0.152,6.74,13.7,29.0,49.6
3313,154,3.51,26,50,82,0.153,6.731,16.9,32.5,53.2
3314,133,3.41,30,47,66,0.141,6.749,22.6,35.3,49.6
3315,143,3.48,17,50,73,0.157,6.752,11.9,35.0,51.0
3316,143,3.29,24,54,84,0.147,6.75,16.8,37.8,58.7
3317,132,3.27,25,49,71,0.151,6.734,18.9,37.1,53.8
3318,136,3.59,21,40,69,0.154,6.749,15.4,29.4,50.7
3319,145,3.36,31,51,71,0.152,6.766,21.4,35.2,49.0
3320,133,3.59,21,44,64,0.147,6.75,15.8,33.1,48.1
3321,138,3.46,20,49,74,0.155,6.739,14.5,35.5,53.6
3322,147,3.6,18,45,73,0.144,6.741,12.2,30.6,49.7
3323,128,3.31,29,48,67,0.157,6.744,22.7,37.5,52.3
3324,117,3.53,23,39,57,0.15,6.754,19.7,33.3,48.7
3325,130,3.39,21,45,70,0.153,6.745,16.2,34.6,53.8
3326,153,3.48,22,51,71,0.151,6.752,14.4,33.3,46.4
3327,157,3.33,29,58,83,0.146,6.755,18.5,36.9,52.9
3328,139,3.39,30,48,71,0.151,6.741,21.6,34.5,51.1
3329,115,3.56,25,40,54,0.152,6.752,21.7,34.8,47.0
3330,124,3.55,17,39,60,0.147,6.759,13.7,31.5,48.4
3331,146,3.55,25,47,70,0.147,6.757,17.1,32.2,47.9
3332,118,3.75,13,26,49,0.157,6.75,11.0,22.0,41.5
3333,167,3.35,28,59,93,0.146,6.749,16.8,35.3,55.7
3334,136,3.68,19,38,64,0.15,6.76,14.0,27.9,47.1
3335,130,3.31,24,52,69,0.153,6.77,18.5,40.0,53.1
3336,125,3.43,22,44,65,0.148,6.734,17.6,35.2,52.0
3337,133,3.29,31,50,70,0.153,6.751,23.3,37.6,52.6
3338,143,3.64,16,45,62,0.152,6.748,11.2,31.5,43.4
3339,146,3.4,30,56,74,0.146,6.761,20.5,38.4,50.7
3340,152,3.55,18,47,76,0.156,6.739,11.8,30.9,50.0
3341,151,3.46,27,53,79,0.146,6.757,17.9,35.1,52.3
3342,128,3.59,17,37,60,0.147,6.738,13.3,28.9,46.9
3343,138,3.35,22,56,79,0.142,6.726,15.9,40.6,57.2
3344,145,3.53,24,47,71,0.152,6.769,16.6,32.4,49.0
3345,119,3.38,22,42,64,0.156,6.745,18.5,35.3,53.8
3346,150,3.34,29,62,81,0.155,6.745,19.3,41.3,54.0
3347,130,3.73,18,35,61,0.156,6.738,13.8,26.9,46.9
3348,114,3.37,20,41,60,0.149,6.774,17.5,36.0,52.6
3349,147,3.44,24,49,80,0.161,6.768,16.3,33.3,54.4
3350,146,3.6,23,44,70,0.15,6.759,15.8,30.1,47.9
3351,135,3.68,24,37,58,0.159,6.757,17.8,27.4,43.0
3352,141,3.3,25,55,82,0.156,6.758,17.7,39.0,58.2
3353,123,3.65,18,38,58,0.154,6.749,14.6,30.9,47.2
3354,129,3.09,28,57,72,0.152,6.75,21.7,44.2,55.8
3355,127,3.35,24,45,70,0.155,6.757,18.9,35.4,55.1
3356,129,3.43,17,40,69,0.154,6.76,13.2,31.0,53.5
3357,140,3.81,25,38,58,0.148,6.775,17.9,27.1,41.4
3358,117,3.54,19,37,58,0.151,6.737,16.2,31.6,49.6
3359,130,3.23,28,48,74,0.15,6.758,21.5,36.9,56.9
3360,133,3.2,29,52,73,0.153,6.744,21.8,39.1,54.9
3361,149,3.46,27,54,75,0.149,6.769,18.1,36.2,50.3
3362,147,3.63,22,43,70,0.156,6.76,15.0,29.3,47.6
3363,123,3.46,23,39,60,0.151,6.747,18.7,31.7,48.8
3364,130,3.38,19,48,70,0.15,6.764,14.6,36.9,53.8
3365,129,3.64,20,44,58,0.147,6.749,15.5,34.1,45.0
3366,137,3.47,28,47,70,0.152,6.744,20.4,34.3,51.1
3367,124,3.8,15,32,50,0.143,6.753,12.1,25.8,40.3
3368,129,3.44,22,44,62,0.143,6.766,17.1,34.1,48.1
3369,120,3.28,23,48,69,0.15,6.742,19.2,40.0,57.5
3370,147,3.54,19,46,74,0.152,6.76,12.9,31.3,50.3
3371,139,3.37,31,55,74,0.142,6.747,22.3,39.6,53.2
3372,157,3.48,25,53,78,0.153,6.756,15.9,33.8,49.7
3373,135,3.61,21,44,66,0.147,6.747,15.6,32.6,48.9
3374,151,3.52,22,46,77,0.157,6.743,14.6,30.5,51.0
3375,133,3.67,19,37,61,0.155,6.736,14.3,27.8,45.9
3376,141,3.53,20,45,69,0.148,6.748,14.2,31.9,48.9
3377,134,3.6,24,41,62,0.156,6.75,17.9,30.6,46.3
3378,122,3.42,19,48,60,0.15,6.744,15.6,39.3,49.2
3379,132,3.48,28,49,66,0.155,6.744,21.2,37.1,50.0
3380,135,3.56,22,41,70,0.147,6.752,16.3,30.4,51.9
3381,164,3.49,24,53,86,0.15,6.74,14.6,32.3,52.4
3382,127,3.63,20,40,60,0.152,6.758,15.7,31.5,47.2
3383,125,3.53,22,38,62,0.155,6.752,17.6,30.4,49.6
3384,122,3.54,19,38,60,0.146,6.752,15.6,31.1,49.2
3385,143,3.54,26,49,70,0.153,6.754,18.2,34.3,49.0
3386,150,3.57,21,47,74,0.148,6.751,14.0,31.3,49.3
3387,125,3.38,21,48,64,0.152,6.757,16.8,38.4,51.2
3388,120,3.48,19,35,60,0.145,6.753,15.8,29.2,50.0
3389,111,3.34,19,41,63,0.15,6.754,17.1,36.9,56.8
3390,130,3.45,18,45,70,0.149,6.761,13.8,34.6,53.8
3391,106,3.02,28,49,63,0.15,6.74,26.4,46.2,59.4
3392,139,3.46,13,43,71,0.159,6.75,9.4,30.9,51.1
3393,131,3.82,18,33,54,0.148,6.746,13.7,25.2,41.2
3394,128,3.59,23,43,61,0.148,6.745,18.0,33.6,47.7
3395,137,3.49,21,41,66,0.151,6.751,15.3,29.9,48.2
3396,140,3.47,28,48,73,0.153,6.754,20.0,34.3,52.1
3397,141,3.62,17,44,65,0.15,6.734,12.1,31.2,46.1
3398,132,3.6,18,38,66,0.141,6.75,13.6,28.8,50.0
3399,110,3.32,19,37,60,0.159,6.747,17.3,33.6,54.5
3400,133,3.46,24,44,68,0.147,6.748,18.0,33.1,51.1
3401,154,3.36,32,59,84,0.154,6.757,20.8,38.3,54.5
3402,147,3.27,31,56,80,0.147,6.75,21.1,38.1,54.4
3403,135,3.6,17,42,64,0.151,6.75,12.6,31.1,47.4
3404,147,3.32,30,56,80,0.149,6.748,20.4,38.1,54.4
3405,119,3.81,18,31,52,0.145,6.731,15.1,26.1,43.7
3406,165,3.62,24,50,74,0.159,6.746,14.5,30.3,44.8
3407,121,3.34,23,44,67,0.151,6.752,19.0,36.4,55.4
3408,145,3.6,25,50,69,0.146,6.767,17.2,34.5,47.6
3409,138,3.6,20,39,64,0.151,6.753,14.5,28.3,46.4
3410,139,3.36,24,56,73,0.149,6.749,17.3,40.3,52.5
3411,130,3.38,24,48,70,0.15,6.759,18.5,36.9,53.8
3412,143,3.42,25,46,75,0.156,6.773,17.5,32.2,52.4
3413,127,3.55,17,37,63,0.152,6.75,13.4,29.1,49.6
3414,134,3.5,22,44,65,0.154,6.753,16.4,32.8,48.5
3415,159,3.45,28,53,84,0.143,6.75,17.6,33.3,52.8
3416,133,3.62,18,40,65,0.15,6.752,13.5,30.1,48.9
3417,137,3.58,24,42,63,0.151,6.769,17.5,30.7,46.0
3418,148,3.52,32,50,71,0.149,6.732,21.6,33.8,48.0
3419,116,3.65,17,31,53,0.15,6.761,14.7,26.7,45.7
3420,130,3.55,23,44,66,0.145,6.749,17.7,33.8,50.8
3421,139,3.57,16,39,68,0.149,6.747,11.5,28.1,48.9
3422,168,3.72,28,51,69,0.148,6.752,16.7,30.4,41.1
3423,99,3.42,13,34,53,0.159,6.749,13.1,34.3,53.5
3424,129,3.63,25,39,60,0.151,6.757,19.4,30.2,46.5
3425,121,3.69,17,37,52,0.147,6.777,14.0,30.6,43.0
3426,132,3.46,25,49,65,0.144,6.756,18.9,37.1,49.2
3427,106,3.57,17,34,53,0.144,6.747,16.0,32.1,50.0
3428,100,3.5,18,31,49,0.149,6.743,18.0,31.0,49.0
3429,110,3.61,22,31,48,0.152,6.743,20.0,28.2,43.6
3430,119,3.59,21,35,58,0.15,6.735,17.6,29.4,48.7
3431,131,3.44,20,47,67,0.153,6.769,15.3,35.9,51.1
3432,138,3.55,20,44,71,0.157,6.749,14.5,31.9,51.4
3433,118,3.35,24,43,68,0.149,6.74,20.3,36.4,57.6
3434,162,3.63,23,53,76,0.152,6.766,14.2,32.7,46.9
3435,168,3.3,31,62,96,0.147,6.751,18.5,36.9,57.1
3436,142,3.23,31,55,79,0.146,6.755,21.8,38.7,55.6
3437,135,3.59,20,42,67,0.154,6.749,14.8,31.1,49.6
3438,144,3.44,19,54,77,0.155,6.746,13.2,37.5,53.5
3439,114,3.47,14,40,57,0.148,6.761,12.3,35.1,50.0
3440,136,3.42,28,48,71,0.151,6.755,20.6,35.3,52.2
3441,151,3.53,25,47,71,0.153,6.755,16.6,31.1,47.0
3442,151,3.73,15,38,66,0.154,6.751,9.9,25.2,43.7
3443,153,3.61,24,48,72,0.155,6.756,15.7,31.4,47.1
3444,136,3.71,14,43,58,0.15,6.76,10.3,31.6,42.6
3445,153,3.64,18,48,73,0.152,6.746,11.8,31.4,47.7
3446,131,3.49,19,44,66,0.154,6.756,14.5,33.6,50.4
3447,139,3.32,27,49,76,0.148,6.763,19.4,35.3,54.7
3448,143,3.82,20,44,56,0.155,6.745,14.0,30.8,39.2
3449,134,3.75,15,33,60,0.152,6.744,11.2,24.6,44.8
3450,110,3.65,17,31,49,0.143,6.753,15.5,28.2,44.5
3451,136,3.57,20,43,66,0.152,6.743,14.7,31.6,48.5
3452,165,3.57,31,52,77,0.144,6.741,18.8,31.5,46.7
3453,143,3.48,20,51,72,0.146,6.748,14.0,35.7,50.3
3454,158,3.49,23,51,79,0.156,6.754,14.6,32.3,50.0
3455,144,3.36,22,54,78,0.152,6.749,15.3,37.5,54.2
3456,143,3.44,23,45,75,0.157,6.742,16.1,31.5,52.4
3457,143,3.62,22,43,70,0.154,6.747,15.4,30.1,49.0
3458,142,3.97,14,32,54,0.15,6.755,9.9,22.5,38.0
3459,173,3.72,16,51,77,0.155,6.758,9.2,29.5,44.5
3460,114,3.53,16,41,57,0.158,6.745,14.0,36.0,50.0
3461,139,3.64,17,41,67,0.153,6.769,12.2,29.5,48.2
3462,126,3.42,23,48,69,0.151,6.761,18.3,38.1,54.8
3463,159,3.26,30,58,87,0.156,6.742,18.9,36.5,54.7
3464,139,3.68,20,43,63,0.152,6.757,14.4,30.9,45.3
3465,119,3.53,13,36,62,0.153,6.735,10.9,30.3,52.1
3466,122,3.54,20,40,60,0.145,6.755,16.4,32.8,49.2
3467,135,3.36,25,45,69,0.151,6.765,18.5,33.3,51.1
3468,113,3.43,26,42,57,0.145,6.744,23.0,37.2,50.4
3469,123,3.45,25,43,62,0.149,6.751,20.3,35.0,50.4
3470,156,3.44,28,56,83,0.146,6.749,17.9,35.9,53.2
3471,144,3.42,27,54,69,0.15,6.77,18.8,37.5,47.9
3472,139,3.65,19,43,61,0.152,6.773,13.7,30.9,43.9
3473,123,3.27,29,49,68,0.15,6.748,23.6,39.8,55.3
3474,158,3.77,18,47,70,0.15,6.779,11.4,29.7,44.3
3475,148,3.36,25,49,79,0.155,6.749,16.9,33.1,53.4
3476,126,3.47,15,43,66,0.155,6.747,11.9,34.1,52.4
3477,149,3.19,34,65,78,0.158,6.742,22.8,43.6,52.3
3478,135,3.58,20,47,61,0.151,6.769,14.8,34.8,45.2
3479,124,3.48,22,40,62,0.155,6.76,17.7,32.3,50.0
3480,124,3.7,17,35,55,0.15,6.765,13.7,28.2,44.4
3481,142,3.56,26,51,71,0.147,6.755,18.3,35.9,50.0
3482,149,3.7,26,48,69,0.149,6.756,17.4,32.2,46.3
3483,127,3.59,19,30,59,0.144,6.753,15.0,23.6,46.5
3484,144,3.55,21,50,70,0.153,6.735,14.6,34.7,48.6
3485,142,3.46,22,46,75,0.148,6.754,15.5,32.4,52.8
3486,134,3.29,26,53,73,0.146,6.748,19.4,39.6,54.5
3487,135,3.79,16,35,58,0.151,6.751,11.9,25.9,43.0
3488,131,3.4,24,40,68,0.148,6.746,18.3,30.5,51.9
3489,151,3.5,24,50,78,0.153,6.753,15.9,33.1,51.7
3490,144,3.58,27,48,63,0.155,6.754,18.8,33.3,43.8
3491,132,3.47,29,43,66,0.156,6.737,22.0,32.6,50.0
3492,106,3.58,16,34,49,0.151,6.753,15.1,32.1,46.2
3493,151,3.28,28,58,88,0.149,6.751,18.5,38.4,58.3
3494,150,3.51,25,49,70,0.148,6.759,16.7,32.7,46.7
3495,119,3.52,15,42,58,0.146,6.74,12.6,35.3,48.7
3496,106,3.72,17,29,47,0.149,6.74,16.0,27.4,44.3
3497,133,3.38,16,51,74,0.149,6.746,12.0,38.3,55.6
3498,125,3.69,17,34,51,0.148,6.751,13.6,27.2,40.8
3499,165,3.35,35,61,89,0.151,6.778,21.2,37.0,53.9
3500,141,3.47,24,44,76,0.156,6.739,17.0,31.2,53.9
3501,149,3.41,15,51,81,0.15,6.765,10.1,34.2,54.4
3502,152,3.57,17,45,76,0.148,6.742,11.2,29.6,50.0
3503,146,3.38,24,53,76,0.151,6.752,16.4,36.3,52.1
3504,129,3.35,26,45,71,0.147,6.757,20.2,34.9,55.0
3505,145,3.45,29,53,69,0.147,6.75,20.0,36.6,47.6
3506,123,3.52,19,42,63,0.151,6.747,15.4,34.1,51.2
3507,149,3.56,27,47,74,0.152,6.754,18.1,31.5,49.7
3508,135,3.18,31,58,77,0.159,6.746,23.0,43.0,57.0
3509,142,3.68,23,48,61,0.153,6.751,16.2,33.8,43.0
3510,138,3.56,24,46,68,0.144,6.732,17.4,33.3,49.3
3511,129,3.33,26,51,70,0.154,6.733,20.2,39.5,54.3
3512,130,3.71,14,38,55,0.153,6.767,10.8,29.2,42.3
3513,119,3.5,24,37,56,0.152,6.754,20.2,31.1,47.1
3514,130,3.51,20,40,68,0.153,6.765,15.4,30.8,52.3
3515,118,3.31,21,44,62,0.15,6.758,17.8,37.3,52.5
3516,150,3.39,28,56,78,0.155,6.757,18.7,37.3,52.0
3517,132,3.67,21,34,64,0.149,6.745,15.9,25.8,48.5
3518,151,3.6,26,45,73,0.158,6.749,17.2,29.8,48.3
3519,153,3.54,27,49,70,0.151,6.754,17.6,32.0,45.8
3520,130,3.3,32,48,71,0.151,6.749,24.6,36.9,54.6
3521,130,3.75,19,36,60,0.148,6.75,14.6,27.7,46.2
3522,126,3.32,21,43,69,0.147,6.73,16.7,34.1,54.8
3523,128,3.43,27,43,66,0.157,6.744,21.1,33.6,51.6
3524,135,3.72,16,35,61,0.147,6.749,11.9,25.9,45.2
3525,148,3.53,25,48,70,0.145,6.75,16.9,32.4,47.3
3526,144,3.58,29,45,73,0.147,6.74,20.1,31.2,50.7
3527,140,3.43,23,45,71,0.151,6.744,16.4,32.1,50.7
3528,171,4.03,21,39,63,0.155,6.747,12.3,22.8,36.8
3529,126,3.87,16,35,49,0.151,6.744,12.7,27.8,38.9
3530,126,3.21,23,48,77,0.151,6.748,18.3,38.1,61.1
3531,127,3.57,19,35,61,0.15,6.748,15.0,27.6,48.0
3532,138,3.33,27,49,76,0.156,6.743,19.6,35.5,55.1
3533,127,3.8,9,32,56,0.147,6.757,7.1,25.2,44.1
3534,136,3.55,27,46,67,0.152,6.758,19.9,33.8,49.3
3535,118,3.63,14,36,54,0.151,6.742,11.9,30.5,45.8
3536,145,3.7,18,39,62,0.151,6.742,12.4,26.9,42.8
3537,138,3.41,25,53,72,0.152,6.747,18.1,38.4,52.2
3538,139,3.78,12,33,56,0.15,6.764,8.6,23.7,40.3
3539,143,3.51,22,45,71,0.15,6.767,15.4,31.5,49.7
3540,138,3.49,21,45,74,0.148,6.766,15.2,32.6,53.6
3541,136,3.45,24,45,65,0.151,6.777,17.6,33.1,47.8
3542,152,3.4,27,56,82,0.153,6.76,17.8,36.8,53.9
3543,152,3.41,24,51,84,0.145,6.747,15.8,33.6,55.3
3544,144,3.42,25,50,73,0.161,6.764,17.4,34.7,50.7
3545,137,3.49,27,44,66,0.154,6.748,19.7,32.1,48.2
3546,130,3.47,20,46,69,0.153,6.756,15.4,35.4,53.1
3547,122,3.45,23,43,68,0.152,6.738,18.9,35.2,55.7
3548,146,3.73,16,36,65,0.147,6.766,11.0,24.7,44.5
3549,140,3.32,23,59,79,0.147,6.756,16.4,42.1,56.4
3550,145,3.26,32,56,82,0.157,6.758,22.1,38.6,56.6
3551,127,3.65,17,34,57,0.156,6.759,13.4,26.8,44.9
3552,151,3.58,21,45,75,0.154,6.755,13.9,29.8,49.7
3553,147,3.64,24,43,70,0.15,6.744,16.3,29.3,47.6
3554,141,3.58,24,44,68,0.156,6.756,17.0,31.2,48.2
3555,135,3.58,24,44,61,0.15,6.746,17.8,32.6,45.2
3556,156,3.56,24,52,77,0.148,6.756,15.4,33.3,49.4
3557,155,3.33,27,60,88,0.156,6.751,17.4,38.7,56.8
3558,155,3.66,26,50,72,0.153,6.748,16.8,32.3,46.5
3559,157,3.5,28,50,72,0.145,6.752,17.8,31.8,45.9
3560,125,3.61,20,36,62,0.154,6.758,16.0,28.8,49.6
3561,103,3.2,29,45,59,0.149,6.743,28.2,43.7,57.3
3562,157,3.34,26,60,84,0.148,6.747,16.6,38.2,53.5
3563,157,3.52,26,53,77,0.15,6.757,16.6,33.8,49.0
3564,157,3.78,30,41,63,0.152,6.734,19.1,26.1,40.1
3565,125,3.67,19,38,60,0.153,6.742,15.2,30.4,48.0
3566,146,3.42,24,46,77,0.156,6.762,16.4,31.5,52.7
3567,124,3.82,20,30,47,0.149,6.744,16.1,24.2,37.9
3568,123,3.44,17,40,63,0.151,6.746,13.8,32.5,51.2
3569,145,3.41,26,53,77,0.153,6.746,17.9,36.6,53.1
3570,148,3.41,29,53,75,0.151,6.75,19.6,35.8,50.7
3571,145,3.31,23,53,80,0.152,6.751,15.9,36.6,55.2
3572,158,3.49,30,51,79,0.158,6.762,19.0,32.3,50.0
3573,112,3.69,19,33,49,0.147,6.753,17.0,29.5,43.8
3574,140,3.29,28,50,76,0.152,6.759,20.0,35.7,54.3
3575,127,3.8,20,39,53,0.152,6.751,15.7,30.7,41.7
3576,130,3.35,23,50,67,0.152,6.77,17.7,38.5,51.5
3577,143,3.65,17,45,65,0.145,6.768,11.9,31.5,45.5
3578,139,3.65,18,41,65,0.152,6.748,12.9,29.5,46.8
3579,146,3.6,27,45,65,0.16,6.754,18.5,30.8,44.5
3580,153,3.39,36,60,80,0.149,6.751,23.5,39.2,52.3
3581,135,3.53,19,45,69,0.157,6.781,14.1,33.3,51.1
3582,164,3.38,29,61,85,0.152,6.759,17.7,37.2,51.8
3583,144,3.67,24,45,69,0.148,6.755,16.7,31.2,47.9
3584,147,3.74,25,42,62,0.152,6.764,17.0,28.6,42.2
3585,117,3.74,17,31,54,0.15,6.727,14.5,26.5,46.2
3586,139,3.8,18,40,57,0.151,6.753,12.9,28.8,41.0
3587,143,3.64,17,40,67,0.149,6.75,11.9,28.0,46.9
3588,131,3.47,24,40,68,0.153,6.745,18.3,30.5,51.9
3589,146,3.37,30,55,77,0.148,6.765,20.5,37.7,52.7
3590,160,3.48,26,55,79,0.147,6.747,16.2,34.4,49.4
3591,151,3.78,24,43,61,0.161,6.747,15.9,28.5,40.4
3592,122,3.63,17,38,59,0.148,6.745,13.9,31.1,48.4
3593,118,3.58,20,40,58,0.147,6.747,16.9,33.9,49.2
3594,125,3.54,24,43,57,0.152,6.746,19.2,34.4,45.6
3595,133,3.46,27,47,70,0.152,6.743,20.3,35.3,52.6
3596,148,3.77,17,41,65,0.154,6.747,11.5,27.7,43.9
3597,126,3.38,23,46,65,0.146,6.752,18.3,36.5,51.6
3598,131,3.41,34,46,62,0.151,6.758,26.0,35.1,47.3
3599,148,3.71,17,40,65,0.147,6.731,11.5,27.0,43.9
3600,131,3.69,19,39,62,0.15,6.753,14.5,29.8,47.3
3601,147,3.62,23,46,70,0.147,6.749,15.6,31.3,47.6
3602,144,3.6,21,45,66,0.16,6.76,14.6,31.2,45.8
3603,102,3.67,15,32,47,0.151,6.738,14.7,31.4,46.1
3604,146,3.69,21,40,65,0.152,6.762,14.4,27.4,44.5
3605,118,3.59,23,35,56,0.157,6.76,19.5,29.7,47.5
3606,146,3.51,23,47,74,0.153,6.752,15.8,32.2,50.7
3607,137,3.48,23,48,75,0.145,6.741,16.8,35.0,54.7
3608,141,3.55,17,49,71,0.15,6.746,12.1,34.8,50.4
3609,129,3.75,17,36,58,0.147,6.76,13.2,27.9,45.0
3610,137,3.44,24,43,70,0.152,6.755,17.5,31.4,51.1
3611,147,3.69,21,42,69,0.151,6.753,14.3,28.6,46.9
3612,145,3.21,33,55,80,0.158,6.751,22.8,37.9,55.2
3613,148,3.46,25,51,75,0.15,6.768,16.9,34.5,50.7
3614,132,3.52,19,43,69,0.154,6.756,14.4,32.6,52.3
3615,130,3.45,24,43,64,0.147,6.741,18.5,33.1,49.2
3616,154,3.6,20,49,76,0.157,6.753,13.0,31.8,49.4
3617,122,3.38,23,49,68,0.15,6.766,18.9,40.2,55.7
3618,155,3.47,18,49,84,0.154,6.76,11.6,31.6,54.2
3619,142,3.59,20,44,69,0.149,6.741,14.1,31.0,48.6
3620,156,3.51,29,56,80,0.155,6.767,18.6,35.9,51.3
3621,143,3.63,16,44,70,0.147,6.75,11.2,30.8,49.0
3622,148,3.37,27,49,83,0.15,6.749,18.2,33.1,56.1
3623,140,3.41,25,51,70,0.146,6.754,17.9,36.4,50.0
3624,137,3.59,19,40,61,0.151,6.749,13.9,29.2,44.5
3625,124,3.51,27,42,60,0.15,6.752,21.8,33.9,48.4
3626,111,3.37,22,43,58,0.148,6.75,19.8,38.7,52.3
3627,165,3.41,29,56,84,0.156,6.747,17.6,33.9,50.9
3628,141,3.39,24,50,76,0.151,6.738,17.0,35.5,53.9
3629,152,3.47,27,50,75,0.146,6.756,17.8,32.9,49.3
3630,125,3.43,20,44,70,0.151,6.738,16.0,35.2,56.0
3631,119,3.56,15,35,61,0.141,6.749,12.6,29.4,51.3
3632,112,3.76,14,32,49,0.147,6.762,12.5,28.6,43.8
3633,109,3.42,21,40,56,0.144,6.751,19.3,36.7,51.4
3634,126,3.47,21,41,64,0.152,6.751,16.7,32.5,50.8
3635,136,3.29,29,50,75,0.152,6.754,21.3,36.8,55.1
3636,150,3.59,22,48,74,0.142,6.746,14.7,32.0,49.3
3637,140,3.54,17,49,73,0.154,6.748,12.1,35.0,52.1
3638,156,3.57,24,50,75,0.147,6.765,15.4,32.1,48.1
3639,147,3.5,23,54,75,0.144,6.751,15.6,36.7,51.0
3640,127,3.17,28,55,71,0.147,6.75,22.0,43.3,55.9
3641,157,3.51,25,50,79,0.152,6.747,15.9,31.8,50.3
3642,138,3.13,28,61,81,0.157,6.747,20.3,44.2,58.7
3643,129,3.28,24,51,66,0.154,6.758,18.6,39.5,51.2
3644,139,3.5,25,49,70,0.146,6.748,18.0,35.3,50.4
3645,133,3.38,24,50,73,0.148,6.768,18.0,37.6,54.9
3646,128,3.29,23,49,69,0.15,6.743,18.0,38.3,53.9
3647,133,3.53,26,45,62,0.148,6.77,19.5,33.8,46.6
3648,122,3.64,19,31,55,0.146,6.76,15.6,25.4,45.1
3649,121,3.71,15,39,55,0.152,6.756,12.4,32.2,45.5
3650,125,3.5,21,42,65,0.148,6.752,16.8,33.6,52.0
3651,137,3.52,27,44,70,0.15,6.752,19.7,32.1,51.1
3652,146,3.49,25,51,75,0.152,6.752,17.1,34.9,51.4
3653,168,3.42,27,54,90,0.152,6.754,16.1,32.1,53.6
3654,156,3.51,33,61,78,0.153,6.748,21.2,39.1,50.0
3655,132,3.68,20,40,60,0.151,6.768,15.2,30.3,45.5
3656,133,3.4,25,47,68,0.154,6.745,18.8,35.3,51.1
3657,142,3.49,25,51,71,0.152,6.761,17.6,35.9,50.0
3658,151,3.5,27,58,72,0.151,6.748,17.9,38.4,47.7
3659,144,3.41,20,53,76,0.152,6.766,13.9,36.8,52.8
3660,139,3.58,19,47,68,0.152,6.766,13.7,33.8,48.9
3661,165,3.44,33,60,84,0.155,6.745,20.0,36.4,50.9
3662,137,3.43,24,47,76,0.155,6.76,17.5,34.3,55.5
3663,145,3.57,22,45,69,0.16,6.76,15.2,31.0,47.6
3664,159,3.38,26,57,84,0.149,6.756,16.4,35.8,52.8
3665,118,3.36,30,45,61,0.145,6.745,25.4,38.1,51.7
3666,123,3.53,22,38,58,0.151,6.739,17.9,30.9,47.2
3667,159,3.47,26,49,78,0.148,6.751,16.4,30.8,49.1
3668,126,3.48,24,43,66,0.153,6.74,19.0,34.1,52.4
3669,142,3.27,26,56,82,0.148,6.744,18.3,39.4,57.7
3670,122,3.51,21,41,62,0.15,6.747,17.2,33.6,50.8
3671,115,3.68,14,36,56,0.153,6.745,12.2,31.3,48.7
3672,138,3.48,22,43,69,0.153,6.752,15.9,31.2,50.0
3673,123,3.45,20,38,60,0.152,6.76,16.3,30.9,48.8
3674,124,3.57,19,32,58,0.147,6.751,15.3,25.8,46.8
3675,118,3.49,20,38,62,0.15,6.753,16.9,32.2,52.5
3676,141,3.4,23,55,76,0.14,6.756,16.3,39.0,53.9
3677,106,3.25,26,41,59,0.15,6.739,24.5,38.7,55.7
3678,122,3.34,24,44,72,0.137,6.761,19.7,36.1,59.0
3679,148,3.45,27,53,74,0.155,6.734,18.2,35.8,50.0
3680,171,3.67,26,52,77,0.155,6.752,15.2,30.4,45.0
3681,130,3.45,24,45,65,0.159,6.74,18.5,34.6,50.0
3682,141,3.48,21,45,69,0.153,6.74,14.9,31.9,48.9
3683,118,3.52,16,35,61,0.147,6.744,13.6,29.7,51.7
3684,146,3.44,26,53,75,0.159,6.75,17.8,36.3,51.4
3685,129,3.49,18,47,63,0.156,6.773,14.0,36.4,48.8
3686,152,3.36,31,57,81,0.146,6.744,20.4,37.5,53.3
3687,159,3.48,32,60,79,0.154,6.736,20.1,37.7,49.7
3688,143,3.38,23,50,74,0.15,6.761,16.1,35.0,51.7
3689,101,3.57,16,32,48,0.153,6.741,15.8,31.7,47.5
3690,143,3.53,20,44,68,0.154,6.762,14.0,30.8,47.6
3691,134,3.66,22,42,63,0.148,6.751,16.4,31.3,47.0
3692,166,3.51,29,56,85,0.156,6.747,17.5,33.7,51.2
3693,119,3.71,17,35,50,0.15,6.758,14.3,29.4,42.0
3694,134,3.54,22,44,67,0.154,6.74,16.4,32.8,50.0
3695,144,3.42,22,55,76,0.153,6.745,15.3,38.2,52.8
3696,134,3.51,23,44,66,0.15,6.773,17.2,32.8,49.3
3697,131,3.27,26,49,74,0.149,6.757,19.8,37.4,56.5
3698,129,3.57,21,43,56,0.151,6.749,16.3,33.3,43.4
3699,143,3.69,20,44,66,0.145,6.745,14.0,30.8,46.2
3700,128,3.46,20,45,62,0.155,6.744,15.6,35.2,48.4
3701,133,3.41,22,51,68,0.145,6.759,16.5,38.3,51.1
3702,125,3.35,25,53,66,0.149,6.754,20.0,42.4,52.8
3703,146,3.43,27,54,78,0.157,6.773,18.5,37.0,53.4
3704,135,3.41,24,47,69,0.158,6.755,17.8,34.8,51.1
3705,128,3.55,22,47,60,0.15,6.734,17.2,36.7,46.9
3706,133,3.34,25,53,71,0.153,6.768,18.8,39.8,53.4
3707,121,3.33,21,44,66,0.149,6.753,17.4,36.4,54.5
3708,143,3.67,18,36,58,0.156,6.77,12.6,25.2,40.6
3709,144,3.4,29,49,75,0.149,6.746,20.1,34.0,52.1
3710,163,3.72,27,50,66,0.152,6.752,16.6,30.7,40.5
3711,154,3.26,33,63,85,0.148,6.756,21.4,40.9,55.2
3712,142,3.45,29,51,76,0.151,6.766,20.4,35.9,53.5
3713,167,3.56,29,55,82,0.152,6.745,17.4,32.9,49.1
3714,125,3.87,12,32,48,0.149,6.768,9.6,25.6,38.4
3715,133,3.52,20,41,67,0.158,6.753,15.0,30.8,50.4
3716,145,3.35,21,52,83,0.146,6.753,14.5,35.9,57.2
3717,150,3.69,23,44,68,0.153,6.756,15.3,29.3,45.3
3718,163,3.44,29,52,88,0.15,6.751,17.8,31.9,54.0
3719,150,3.33,32,54,82,0.156,6.762,21.3,36.0,54.7
3720,137,3.74,20,36,59,0.148,6.759,14.6,26.3,43.1
3721,154,3.46,27,51,77,0.145,6.742,17.5,33.1,50.0
3722,134,3.28,26,46,76,0.154,6.751,19.4,34.3,56.7
3723,114,3.63,16,29,56,0.151,6.741,14.0,25.4,49.1
3724,129,3.76,20,37,54,0.144,6.755,15.5,28.7,41.9
3725,140,3.37,28,49,73,0.15,6.741,20.0,35.0,52.1
3726,157,3.48,27,55,79,0.146,6.769,17.2,35.0,50.3
3727,114,3.48,21,42,56,0.153,6.751,18.4,36.8,49.1
3728,153,3.46,30,56,77,0.153,6.755,19.6,36.6,50.3
3729,138,3.68,20,35,62,0.15,6.75,14.5,25.4,44.9
3730,168,3.59,28,50,79,0.155,6.758,16.7,29.8,47.0
3731,167,3.34,24,55,96,0.147,6.742,14.4,32.9,57.5
3732,138,3.43,26,43,70,0.151,6.754,18.8,31.2,50.7
3733,141,3.33,28,50,76,0.149,6.749,19.9,35.5,53.9
3734,126,3.44,29,45,61,0.15,6.731,23.0,35.7,48.4
3735,140,3.64,23,42,66,0.149,6.748,16.4,30.0,47.1
3736,129,3.57,18,41,59,0.15,6.752,14.0,31.8,45.7
3737,167,3.22,35,63,97,0.156,6.753,21.0,37.7,58.1
3738,142,3.35,30,52,75,0.148,6.745,21.1,36.6,52.8
3739,103,3.71,16,29,47,0.152,6.745,15.5,28.2,45.6
3740,182,3.41,35,68,97,0.149,6.742,19.2,37.4,53.3
3741,145,3.56,17,50,73,0.156,6.753,11.7,34.5,50.3
3742,146,3.6,21,48,70,0.152,6.761,14.4,32.9,47.9
3743,121,3.8,14,34,49,0.149,6.748,11.6,28.1,40.5
3744,136,3.73,20,38,65,0.15,6.755,14.7,27.9,47.8
3745,150,3.47,33,51,72,0.162,6.741,22.0,34.0,48.0
3746,165,3.46,29,63,86,0.15,6.769,17.6,38.2,52.1
3747,154,3.23,31,67,89,0.152,6.751,20.1,43.5,57.8
3748,129,3.36,24,48,67,0.159,6.74,18.6,37.2,51.9
3749,136,3.42,21,47,72,0.149,6.756,15.4,34.6,52.9
3750,120,3.72,18,30,49,0.149,6.754,15.0,25.0,40.8
3751,124,3.38,24,46,66,0.148,6.771,19.4,37.1,53.2
3752,136,3.82,18,36,53,0.147,6.762,13.2,26.5,39.0
3753,149,3.36,22,58,80,0.153,6.746,14.8,38.9,53.7
3754,132,3.61,19,43,63,0.149,6.748,14.4,32.6,47.7
3755,130,3.58,23,46,61,0.152,6.755,17.7,35.4,46.9
3756,130,3.15,27,48,75,0.148,6.758,20.8,36.9,57.7
3757,130,3.53,19,37,64,0.153,6.746,14.6,28.5,49.2
3758,125,3.42,26,45,64,0.154,6.751,20.8,36.0,51.2
3759,145,3.57,24,46,67,0.145,6.749,16.6,31.7,46.2
3760,125,3.35,24,50,71,0.153,6.739,19.2,40.0,56.8
3761,151,3.58,30,46,70,0.15,6.769,19.9,30.5,46.4
3762,152,3.35,30,64,85,0.154,6.738,19.7,42.1,55.9
3763,135,3.39,26,47,69,0.154,6.752,19.3,34.8,51.1
3764,120,3.64,16,35,57,0.15,6.747,13.3,29.2,47.5
3765,120,3.49,19,42,63,0.151,6.759,15.8,35.0,52.5
3766,158,3.49,31,57,79,0.149,6.762,19.6,36.1,50.0
3767,124,3.81,17,36,53,0.155,6.749,13.7,29.0,42.7
3768,145,3.57,23,48,72,0.147,6.734,15.9,33.1,49.7
3769,159,3.75,15,39,64,0.153,6.775,9.4,24.5,40.3
3770,144,3.59,25,43,71,0.154,6.747,17.4,29.9,49.3
3771,132,3.58,19,42,66,0.15,6.746,14.4,31.8,50.0
3772,162,3.56,18,46,76,0.152,6.741,11.1,28.4,46.9
3773,150,3.69,22,42,67,0.155,6.751,14.7,28.0,44.7
3774,138,3.36,28,52,74,0.148,6.752,20.3,37.7,53.6
3775,131,3.38,24,43,66,0.148,6.762,18.3,32.8,50.4
3776,151,3.86,18,35,56,0.154,6.74,11.9,23.2,37.1
3777,145,3.43,31,50,76,0.152,6.752,21.4,34.5,52.4
3778,144,3.6,18,46,73,0.153,6.76,12.5,31.9,50.7
3779,176,3.45,27,64,89,0.147,6.751,15.3,36.4,50.6
3780,136,3.53,23,42,62,0.151,6.755,16.9,30.9,45.6
3781,122,3.66,19,39,54,0.151,6.744,15.6,32.0,44.3
3782,131,3.37,29,50,61,0.157,6.746,22.1,38.2,46.6
3783,141,3.23,16,57,84,0.163,6.744,11.3,40.4,59.6
3784,133,3.53,21,43,66,0.151,6.764,15.8,32.3,49.6
3785,102,3.25,22,44,56,0.148,6.749,21.6,43.1,54.9
3786,119,3.78,15,32,50,0.151,6.742,12.6,26.9,42.0
3787,153,3.39,29,54,81,0.145,6.771,19.0,35.3,52.9
3788,136,3.46,25,51,73,0.141,6.768,18.4,37.5,53.7
3789,112,3.38,24,42,54,0.154,6.727,21.4,37.5,48.2
3790,140,3.49,23,42,70,0.152,6.737,16.4,30.0,50.0
3791,133,3.49,19,41,62,0.157,6.745,14.3,30.8,46.6
3792,170,3.51,24,55,83,0.148,6.74,14.1,32.4,48.8
3793,146,3.55,22,47,72,0.145,6.764,15.1,32.2,49.3
3794,123,3.7,16,38,56,0.15,6.735,13.0,30.9,45.5
3795,146,3.34,27,50,79,0.149,6.735,18.5,34.2,54.1
3796,142,3.38,28,47,74,0.157,6.758,19.7,33.1,52.1
3797,134,3.88,14,39,55,0.154,6.752,10.4,29.1,41.0
3798,145,3.39,28,46,80,0.145,6.741,19.3,31.7,55.2
3799,145,3.33,32,53,77,0.149,6.76,22.1,36.6,53.1
3800,131,3.77,12,34,51,0.15,6.75,9.2,26.0,38.9
3801,137,3.47,26,41,72,0.151,6.748,19.0,29.9,52.6
3802,126,3.5,24,44,67,0.15,6.747,19.0,34.9,53.2
3803,98,3.49,19,31,49,0.148,6.758,19.4,31.6,50.0
3804,140,3.77,20,35,54,0.154,6.746,14.3,25.0,38.6
3805,161,3.62,21,46,78,0.153,6.754,13.0,28.6,48.4
3806,153,3.53,17,50,83,0.154,6.743,11.1,32.7,54.2
3807,154,3.64,21,44,71,0.151,6.737,13.6,28.6,46.1
3808,125,3.51,20,39,65,0.151,6.755,16.0,31.2,52.0
3809,133,3.62,19,37,58,0.147,6.743,14.3,27.8,43.6
3810,117,3.32,24,46,63,0.15,6.746,20.5,39.3,53.8
3811,155,3.65,22,46,66,0.153,6.746,14.2,29.7,42.6
3812,129,3.64,17,34,59,0.156,6.758,13.2,26.4,45.7
3813,152,3.36,23,54,90,0.142,6.767,15.1,35.5,59.2
3814,164,3.45,25,55,85,0.153,6.757,15.2,33.5,51.8
3815,143,3.64,27,43,66,0.153,6.751,18.9,30.1,46.2
3816,147,3.54,25,48,70,0.147,6.757,17.0,32.7,47.6
3817,132,3.64,18,39,63,0.148,6.742,13.6,29.5,47.7
3818,132,3.7,16,36,58,0.153,6.748,12.1,27.3,43.9
3819,133,3.5,20,43,68,0.14,6.74,15.0,32.3,51.1
3820,143,3.66,22,42,63,0.148,6.767,15.4,29.4,44.1
3821,141,3.67,21,43,69,0.156,6.76,14.9,30.5,48.9
3822,127,3.63,25,39,60,0.154,6.767,19.7,30.7,47.2
3823,151,3.51,28,52,74,0.151,6.751,18.5,34.4,49.0
3824,126,3.53,21,36,60,0.151,6.764,16.7,28.6,47.6
3825,140,3.49,21,51,72,0.146,6.755,15.0,36.4,51.4
3826,155,3.35,35,56,80,0.153,6.748,22.6,36.1,51.6
3827,143,3.8,18,40,62,0.156,6.756,12.6,28.0,43.4
3828,157,3.85,13,43,67,0.148,6.753,8.3,27.4,42.7
3829,116,3.66,18,33,56,0.156,6.743,15.5,28.4,48.3
3830,130,3.54,20,41,60,0.155,6.756,15.4,31.5,46.2
3831,157,3.57,28,46,74,0.145,6.772,17.8,29.3,47.1
3832,113,3.27,25,46,63,0.157,6.736,22.1,40.7,55.8
3833,153,3.48,26,52,79,0.139,6.765,17.0,34.0,51.6
3834,135,3.51,20,49,67,0.153,6.748,14.8,36.3,49.6
3835,137,3.71,17,45,63,0.145,6.752,12.4,32.8,46.0
3836,135,3.67,18,41,61,0.153,6.755,13.3,30.4,45.2
3837,161,3.34,30,56,94,0.147,6.757,18.6,34.8,58.4
3838,157,3.53,23,49,84,0.154,6.757,14.6,31.2,53.5
3839,130,3.51,25,41,60,0.156,6.74,19.2,31.5,46.2
3840,118,3.25,17,47,73,0.15,6.734,14.4,39.8,61.9
3841,148,3.64,25,50,69,0.151,6.754,16.9,33.8,46.6
3842,135,3.43,23,46,71,0.149,6.741,17.0,34.1,52.6
3843,138,3.67,16,34,66,0.152,6.766,11.6,24.6,47.8
3844,145,3.6,22,50,72,0.15,6.75,15.2,34.5,49.7
3845,162,3.39,33,57,82,0.155,6.761,20.4,35.2,50.6
3846,132,3.26,27,53,74,0.159,6.762,20.5,40.2,56.1
3847,154,3.61,21,41,74,0.153,6.754,13.6,26.6,48.1
3848,167,3.76,17,42,71,0.147,6.764,10.2,25.1,42.5
3849,169,3.27,36,67,90,0.15,6.761,21.3,39.6,53.3
3850,163,3.63,21,51,77,0.15,6.746,12.9,31.3,47.2
3851,144,3.56,25,45,70,0.153,6.738,17.4,31.2,48.6
3852,129,3.56,20,44,62,0.155,6.755,15.5,34.1,48.1
3853,120,3.22,24,46,71,0.158,6.746,20.0,38.3,59.2
3854,141,3.66,20,39,63,0.149,6.747,14.2,27.7,44.7
3855,130,3.37,29,45,73,0.149,6.755,22.3,34.6,56.2
3856,111,3.8,16,28,44,0.143,6.744,14.4,25.2,39.6
3857,152,3.38,31,53,80,0.156,6.773,20.4,34.9,52.6
3858,140,3.58,20,46,68,0.153,6.756,14.3,32.9,48.6
3859,149,3.48,28,49,74,0.156,6.765,18.8,32.9,49.7
3860,135,3.45,22,41,74,0.157,6.758,16.3,30.4,54.8
3861,146,3.32,31,55,82,0.145,6.759,21.2,37.7,56.2
3862,152,3.57,21,45,76,0.144,6.742,13.8,29.6,50.0
3863,150,3.53,25,50,74,0.154,6.771,16.7,33.3,49.3
3864,123,3.46,24,43,60,0.146,6.748,19.5,35.0,48.8
3865,152,3.41,26,54,79,0.15,6.756,17.1,35.5,52.0
3866,149,3.63,15,49,66,0.15,6.739,10.1,32.9,44.3
3867,160,3.71,25,47,73,0.152,6.736,15.6,29.4,45.6
3868,154,3.47,24,50,81,0.148,6.751,15.6,32.5,52.6
3869,141,3.55,30,49,70,0.156,6.755,21.3,34.8,49.6
3870,152,3.53,31,50,78,0.152,6.752,20.4,32.9,51.3
3871,129,3.59,24,44,61,0.156,6.74,18.6,34.1,47.3
3872,152,3.44,25,57,77,0.153,6.77,16.4,37.5,50.7
3873,142,3.46,20,46,71,0.152,6.757,14.1,32.4,50.0
3874,156,3.35,32,61,83,0.161,6.758,20.5,39.1,53.2
3875,133,3.53,27,44,66,0.159,6.743,20.3,33.1,49.6
3876,154,3.58,26,46,71,0.15,6.742,16.9,29.9,46.1
3877,134,3.72,16,38,62,0.151,6.745,11.9,28.4,46.3
3878,146,3.62,25,45,65,0.155,6.749,17.1,30.8,44.5
3879,138,3.49,27,46,70,0.149,6.747,19.6,33.3,50.7
3880,147,3.58,21,43,71,0.15,6.747,14.3,29.3,48.3
3881,142,3.15,35,57,78,0.147,6.757,24.6,40.1,54.9
3882,139,3.5,28,47,68,0.152,6.745,20.1,33.8,48.9
3883,138,3.4,25,46,73,0.149,6.776,18.1,33.3,52.9
3884,134,3.87,22,36,50,0.144,6.744,16.4,26.9,37.3
3885,140,3.26,25,60,85,0.149,6.732,17.9,42.9,60.7
3886,137,3.42,22,50,74,0.148,6.748,16.1,36.5,54.0
3887,134,3.66,17,41,60,0.151,6.74,12.7,30.6,44.8
3888,155,3.37,19,57,90,0.15,6.752,12.3,36.8,58.1
3889,140,3.44,31,46,69,0.158,6.762,22.1,32.9,49.3
3890,139,3.72,23,38,57,0.147,6.747,16.5,27.3,41.0
3891,140,3.93,10,26,60,0.155,6.756,7.1,18.6,42.9
3892,141,3.55,23,49,71,0.148,6.735,16.3,34.8,50.4
3893,124,3.23,25,46,68,0.15,6.765,20.2,37.1,54.8
3894,117,3.54,18,37,59,0.15,6.747,15.4,31.6,50.4
3895,127,3.48,17,38,64,0.142,6.745,13.4,29.9,50.4
3896,137,3.45,26,48,66,0.153,6.752,19.0,35.0,48.2
3897,144,3.34,23,56,79,0.146,6.761,16.0,38.9,54.9
3898,120,3.48,21,38,59,0.149,6.753,17.5,31.7,49.2
3899,133,3.54,19,36,63,0.143,6.752,14.3,27.1,47.4
3900,142,3.56,20,41,70,0.159,6.739,14.1,28.9,49.3
3901,141,3.68,21,44,60,0.154,6.76,14.9,31.2,42.6
3902,114,3.47,17,37,59,0.154,6.742,14.9,32.5,51.8
3903,127,3.66,23,35,55,0.15,6.747,18.1,27.6,43.3
3904,141,3.36,30,54,70,0.156,6.762,21.3,38.3,49.6
3905,157,3.37,29,54,82,0.152,6.75,18.5,34.4,52.2
3906,141,3.57,19,48,69,0.153,6.766,13.5,34.0,48.9
3907,164,3.58,27,50,73,0.152,6.759,16.5,30.5,44.5
3908,136,3.45,25,46,68,0.153,6.778,18.4,33.8,50.0
3909,150,3.46,23,52,77,0.144,6.759,15.3,34.7,51.3
3910,140,3.55,26,43,67,0.15,6.75,18.6,30.7,47.9
3911,141,3.42,25,51,73,0.148,6.755,17.7,36.2,51.8
3912,178,3.39,27,59,99,0.149,6.753,15.2,33.1,55.6
3913,146,3.44,21,52,79,0.146,6.761,14.4,35.6,54.1
3914,134,3.54,16,47,68,0.147,6.752,11.9,35.1,50.7
3915,133,3.44,21,44,72,0.155,6.772,15.8,33.1,54.1
3916,135,3.28,30,55,71,0.144,6.753,22.2,40.7,52.6
3917,123,3.29,25,45,70,0.147,6.756,20.3,36.6,56.9
3918,115,3.44,18,37,57,0.159,6.758,15.7,32.2,49.6
3919,130,3.52,20,46,63,0.15,6.756,15.4,35.4,48.5
3920,135,3.24,21,52,79,0.155,6.749,15.6,38.5,58.5
3921,131,3.47,20,48,68,0.143,6.747,15.3,36.6,51.9
3922,163,3.43,33,59,86,0.152,6.74,20.2,36.2,52.8
3923,137,3.38,23,44,72,0.156,6.755,16.8,32.1,52.6
3924,146,3.6,20,46,65,0.148,6.736,13.7,31.5,44.5
3925,138,3.3,29,57,71,0.146,6.752,21.0,41.3,51.4
3926,152,3.52,23,49,75,0.152,6.747,15.1,32.2,49.3
3927,140,3.65,21,48,65,0.153,6.752,15.0,34.3,46.4
3928,156,3.59,24,48,74,0.152,6.765,15.4,30.8,47.4
3929,121,3.18,29,50,71,0.148,6.75,24.0,41.3,58.7
3930,150,3.65,22,49,70,0.15,6.753,14.7,32.7,46.7
3931,136,3.5,22,50,66,0.153,6.755,16.2,36.8,48.5
3932,163,3.26,32,62,88,0.15,6.766,19.6,38.0,54.0
3933,147,3.48,25,47,71,0.151,6.751,17.0,32.0,48.3
3934,140,3.75,20,39,62,0.151,6.761,14.3,27.9,44.3
3935,124,3.47,20,46,65,0.155,6.755,16.1,37.1,52.4
3936,135,3.28,27,47,75,0.154,6.742,20.0,34.8,55.6
3937,134,3.3,23,50,75,0.157,6.747,17.2,37.3,56.0
3938,127,3.63,22,40,56,0.152,6.749,17.3,31.5,44.1
3939,143,3.2,35,60,80,0.152,6.741,24.5,42.0,55.9
3940,164,3.44,30,59,80,0.149,6.752,18.3,36.0,48.8
3941,142,3.3,25,51,81,0.141,6.758,17.6,35.9,57.0
3942,138,3.46,19,45,72,0.149,6.773,13.8,32.6,52.2
3943,131,3.37,26,45,71,0.15,6.75,19.8,34.4,54.2
3944,145,3.22,26,54,85,0.155,6.749,17.9,37.2,58.6
3945,158,3.51,22,55,78,0.154,6.764,13.9,34.8,49.4
3946,148,3.31,25,52,83,0.152,6.749,16.9,35.1,56.1
3947,138,3.7,17,33,66,0.151,6.74,12.3,23.9,47.8
3948,136,3.72,15,33,61,0.156,6.764,11.0,24.3,44.9
3949,140,3.74,20,42,67,0.152,6.76,14.3,30.0,47.9
3950,155,3.54,25,49,76,0.15,6.751,16.1,31.6,49.0
3951,153,3.57,21,46,74,0.152,6.76,13.7,30.1,48.4
3952,146,3.52,30,49,65,0.151,6.757,20.5,33.6,44.5
3953,133,3.37,27,47,70,0.151,6.755,20.3,35.3,52.6
3954,127,3.61,18,40,61,0.153,6.747,14.2,31.5,48.0
3955,157,3.62,23,43,76,0.154,6.752,14.6,27.4,48.4
3956,137,3.3,28,50,76,0.148,6.75,20.4,36.5,55.5
3957,154,3.39,28,62,80,0.156,6.753,18.2,40.3,51.9
3958,138,3.45,24,42,69,0.149,6.741,17.4,30.4,50.0
3959,154,3.26,31,60,86,0.143,6.761,20.1,39.0,55.8
3960,167,3.61,21,47,77,0.147,6.741,12.6,28.1,46.1
3961,148,3.57,23,44,71,0.153,6.76,15.5,29.7,48.0
3962,143,3.48,22,47,69,0.153,6.756,15.4,32.9,48.3
3963,146,3.47,29,48,77,0.158,6.761,19.9,32.9,52.7
3964,123,3.64,22,38,57,0.158,6.762,17.9,30.9,46.3
3965,136,3.21,28,58,79,0.156,6.761,20.6,42.6,58.1
3966,139,3.54,19,42,62,0.15,6.747,13.7,30.2,44.6
3967,141,3.26,28,57,79,0.151,6.756,19.9,40.4,56.0
3968,139,3.6,18,39,69,0.151,6.761,12.9,28.1,49.6
3969,133,3.51,27,50,62,0.155,6.746,20.3,37.6,46.6
3970,116,3.65,16,32,52,0.157,6.748,13.8,27.6,44.8
3971,112,3.21,21,44,66,0.154,6.762,18.8,39.3,58.9
3972,129,3.63,18,37,58,0.145,6.751,14.0,28.7,45.0
3973,145,3.53,21,50,70,0.161,6.761,14.5,34.5,48.3
3974,150,3.39,25,52,81,0.149,6.75,16.7,34.7,54.0
3975,159,3.41,34,62,81,0.147,6.741,21.4,39.0,50.9
3976,152,3.67,20,41,72,0.152,6.753,13.2,27.0,47.4
3977,149,3.51,26,46,73,0.149,6.781,17.4,30.9,49.0
3978,149,3.83,16,38,62,0.143,6.758,10.7,25.5,41.6
3979,146,3.47,27,53,77,0.15,6.754,18.5,36.3,52.7
3980,131,3.75,18,34,55,0.148,6.751,13.7,26.0,42.0
3981,150,3.65,23,39,68,0.15,6.739,15.3,26.0,45.3
3982,120,3.51,18,37,61,0.15,6.732,15.0,30.8,50.8
3983,133,3.38,23,44,70,0.153,6.728,17.3,33.1,52.6
3984,143,3.32,28,55,78,0.149,6.764,19.6,38.5,54.5
3985,119,3.6,15,32,58,0.152,6.754,12.6,26.9,48.7
3986,172,3.55,31,55,80,0.151,6.753,18.0,32.0,46.5
3987,160,3.28,36,65,88,0.15,6.749,22.5,40.6,55.0
3988,143,3.49,24,48,73,0.146,6.768,16.8,33.6,51.0
3989,161,3.7,27,45,72,0.161,6.758,16.8,28.0,44.7
3990,142,3.45,21,51,73,0.152,6.75,14.8,35.9,51.4
3991,115,3.7,24,38,52,0.147,6.741,20.9,33.0,45.2
3992,151,3.72,20,47,70,0.151,6.754,13.2,31.1,46.4
3993,134,3.25,26,52,78,0.149,6.747,19.4,38.8,58.2
3994,130,3.49,19,45,65,0.151,6.767,14.6,34.6,50.0
3995,136,3.52,16,44,67,0.144,6.744,11.8,32.4,49.3
3996,144,3.42,28,52,75,0.157,6.755,19.4,36.1,52.1
3997,138,3.47,25,48,72,0.147,6.753,18.1,34.8,52.2
3998,151,3.55,21,48,75,0.155,6.769,13.9,31.8,49.7
3999,145,3.39,22,46,71,0.152,6.758,15.2,31.7,49.0
4000,130,3.31,22,50,71,0.151,6.752,16.9,38.5,54.6
4001,114,3.62,15,37,55,0.154,6.754,13.2,32.5,48.2
4002,158,3.51,23,49,82,0.15,6.76,14.6,31.0,51.9
4003,121,3.36,22,45,66,0.153,6.75,18.2,37.2,54.5
4004,154,3.58,23,48,76,0.157,6.745,14.9,31.2,49.4
4005,114,3.82,13,27,44,0.149,6.744,11.4,23.7,38.6
4006,152,3.86,13,43,60,0.156,6.748,8.6,28.3,39.5
4007,141,3.5,25,49,70,0.145,6.762,17.7,34.8,49.6
4008,128,3.68,20,38,59,0.153,6.745,15.6,29.7,46.1
4009,135,3.56,25,49,67,0.153,6.756,18.5,36.3,49.6
4010,149,3.56,21,48,70,0.153,6.756,14.1,32.2,47.0
4011,148,3.41,29,49,77,0.156,6.755,19.6,33.1,52.0
4012,159,3.33,32,62,84,0.15,6.758,20.1,39.0,52.8
4013,134,3.25,24,55,75,0.146,6.769,17.9,41.0,56.0
4014,144,3.29,28,56,81,0.157,6.729,19.4,38.9,56.2
4015,144,3.28,26,55,81,0.152,6.761,18.1,38.2,56.2
4016,130,3.63,18,41,66,0.146,6.75,13.8,31.5,50.8
4017,157,3.56,21,50,73,0.164,6.745,13.4,31.8,46.5
4018,141,3.65,22,37,64,0.145,6.755,15.6,26.2,45.4
4019,153,3.4,31,50,82,0.152,6.752,20.3,32.7,53.6
4020,169,3.51,25,54,85,0.151,6.761,14.8,32.0,50.3
4021,129,3.5,21,44,68,0.15,6.746,16.3,34.1,52.7
4022,139,3.6,21,40,66,0.151,6.762,15.1,28.8,47.5
4023,151,3.68,21,42,71,0.152,6.747,13.9,27.8,47.0
4024,143,3.52,22,50,71,0.156,6.743,15.4,35.0,49.7
4025,121,3.46,24,40,59,0.157,6.762,19.8,33.1,48.8
4026,139,3.14,34,53,78,0.151,6.754,24.5,38.1,56.1
4027,135,3.52,19,46,66,0.15,6.762,14.1,34.1,48.9
4028,168,3.48,36,56,84,0.144,6.76,21.4,33.3,50.0
4029,129,3.33,21,42,72,0.147,6.749,16.3,32.6,55.8
4030,178,3.37,38,69,88,0.147,6.75,21.3,38.8,49.4
4031,157,3.48,24,49,79,0.152,6.747,15.3,31.2,50.3
4032,113,3.2,22,43,66,0.147,6.741,19.5,38.1,58.4
4033,159,3.52,26,52,72,0.15,6.768,16.4,32.7,45.3
4034,129,3.54,19,40,64,0.155,6.76,14.7,31.0,49.6
4035,158,3.37,29,58,86,0.157,6.757,18.4,36.7,54.4
4036,155,3.32,32,60,83,0.152,6.746,20.6,38.7,53.5
4037,134,3.34,28,51,71,0.15,6.747,20.9,38.1,53.0
4038,148,3.71,19,37,66,0.151,6.744,12.8,25.0,44.6
4039,134,3.34,29,49,73,0.144,6.759,21.6,36.6,54.5
4040,141,3.37,26,50,77,0.147,6.745,18.4,35.5,54.6
4041,141,3.57,22,45,65,0.151,6.743,15.6,31.9,46.1
4042,151,3.29,33,56,80,0.148,6.738,21.9,37.1,53.0
4043,155,3.45,25,55,78,0.147,6.767,16.1,35.5,50.3
4044,140,3.3,25,53,76,0.151,6.758,17.9,37.9,54.3
4045,153,3.35,26,51,82,0.152,6.754,17.0,33.3,53.6
4046,141,3.68,20,40,66,0.151,6.765,14.2,28.4,46.8
4047,142,3.58,21,40,70,0.156,6.746,14.8,28.2,49.3
4048,139,3.39,23,48,72,0.154,6.75,16.5,34.5,51.8
4049,143,3.71,22,36,58,0.156,6.747,15.4,25.2,40.6
4050,142,3.45,31,51,71,0.153,6.752,21.8,35.9,50.0
4051,144,3.1,32,58,85,0.153,6.756,22.2,40.3,59.0
4052,133,3.36,24,49,70,0.152,6.747,18.0,36.8,52.6
4053,131,3.4,21,49,71,0.148,6.769,16.0,37.4,54.2
4054,138,3.62,17,49,66,0.155,6.745,12.3,35.5,47.8
4055,166,3.43,24,57,81,0.151,6.762,14.5,34.3,48.8
4056,143,3.59,18,43,74,0.158,6.763,12.6,30.1,51.7
4057,162,3.41,28,56,86,0.152,6.744,17.3,34.6,53.1
4058,177,3.46,27,60,90,0.158,6.747,15.3,33.9,50.8
4059,162,3.49,27,59,82,0.152,6.756,16.7,36.4,50.6
4060,162,3.43,30,55,84,0.149,6.751,18.5,34.0,51.9
4061,152,3.58,22,49,71,0.143,6.767,14.5,32.2,46.7
4062,138,3.77,16,35,62,0.151,6.745,11.6,25.4,44.9
4063,163,3.13,34,70,94,0.143,6.741,20.9,42.9,57.7
4064,142,3.56,22,48,67,0.152,6.749,15.5,33.8,47.2
4065,156,3.35,25,60,88,0.152,6.753,16.0,38.5,56.4
4066,152,3.41,28,55,77,0.153,6.766,18.4,36.2,50.7
4067,156,3.62,21,45,69,0.154,6.754,13.5,28.8,44.2
4068,161,3.43,30,53,87,0.157,6.754,18.6,32.9,54.0
4069,170,3.38,26,61,102,0.151,6.747,15.3,35.9,60.0
4070,150,3.53,22,45,76,0.151,6.761,14.7,30.0,50.7
4071,143,3.51,26,48,69,0.153,6.743,18.2,33.6,48.3
4072,123,3.54,16,40,58,0.145,6.752,13.0,32.5,47.2
4073,145,3.3,25,59,80,0.151,6.749,17.2,40.7,55.2
4074,133,3.21,25,55,78,0.149,6.762,18.8,41.4,58.6
4075,170,3.34,32,62,99,0.153,6.747,18.8,36.5,58.2
4076,148,3.68,19,44,68,0.161,6.756,12.8,29.7,45.9
4077,147,3.57,30,48,72,0.155,6.748,20.4,32.7,49.0
4078,131,3.4,24,42,71,0.156,6.773,18.3,32.1,54.2
4079,154,3.42,30,52,82,0.146,6.761,19.5,33.8,53.2
4080,118,3.34,22,42,62,0.142,6.755,18.6,35.6,52.5
4081,154,3.58,28,52,75,0.156,6.743,18.2,33.8,48.7
4082,150,3.34,31,60,82,0.16,6.757,20.7,40.0,54.7
4083,160,3.61,26,53,77,0.15,6.752,16.2,33.1,48.1
4084,141,3.58,18,46,69,0.152,6.755,12.8,32.6,48.9
4085,145,3.53,19,46,77,0.152,6.764,13.1,31.7,53.1
4086,137,3.53,18,43,68,0.148,6.752,13.1,31.4,49.6
4087,121,3.64,16,37,58,0.151,6.752,13.2,30.6,47.9
4088,124,3.46,16,37,66,0.151,6.756,12.9,29.8,53.2
4089,188,3.44,35,63,99,0.15,6.755,18.6,33.5,52.7
4090,122,3.39,28,45,64,0.148,6.745,23.0,36.9,52.5
4091,107,3.33,18,40,58,0.147,6.755,16.8,37.4,54.2
4092,146,3.7,20,38,62,0.149,6.748,13.7,26.0,42.5
4093,138,3.66,26,43,62,0.149,6.763,18.8,31.2,44.9
4094,140,3.56,16,43,72,0.149,6.757,11.4,30.7,51.4
4095,135,3.32,23,47,74,0.143,6.741,17.0,34.8,54.8
4096,119,3.24,26,42,67,0.148,6.761,21.8,35.3,56.3
4097,145,3.69,24,45,64,0.156,6.746,16.6,31.0,44.1
4098,146,3.65,12,45,72,0.156,6.76,8.2,30.8,49.3
4099,162,3.51,30,50,83,0.151,6.743,18.5,30.9,51.2
4100,147,3.61,18,49,68,0.154,6.748,12.2,33.3,46.3
4101,144,3.44,27,50,76,0.145,6.753,18.8,34.7,52.8
4102,174,3.32,32,63,91,0.146,6.735,18.4,36.2,52.3
4103,151,3.71,22,42,69,0.163,6.773,14.6,27.8,45.7
4104,159,3.29,37,62,85,0.152,6.738,23.3,39.0,53.5
4105,133,3.5,21,45,69,0.157,6.764,15.8,33.8,51.9
4106,167,3.89,18,46,66,0.151,6.759,10.8,27.5,39.5
4107,118,3.58,20,39,59,0.143,6.76,16.9,33.1,50.0
4108,161,3.47,31,53,79,0.146,6.738,19.3,32.9,49.1
4109,138,3.57,24,43,69,0.147,6.755,17.4,31.2,50.0
4110,160,3.51,28,47,79,0.152,6.753,17.5,29.4,49.4
4111,160,3.63,18,50,78,0.153,6.746,11.2,31.2,48.8
4112,149,3.1,32,62,91,0.153,6.744,21.5,41.6,61.1
4113,132,3.41,20,47,69,0.155,6.763,15.2,35.6,52.3
4114,123,3.59,19,35,57,0.156,6.746,15.4,28.5,46.3
4115,128,3.57,24,39,57,0.142,6.739,18.8,30.5,44.5
4116,133,3.57,20,41,56,0.153,6.746,15.0,30.8,42.1
4117,155,3.64,18,49,73,0.16,6.763,11.6,31.6,47.1
4118,172,3.48,30,60,84,0.151,6.752,17.4,34.9,48.8
4119,118,3.36,24,41,65,0.157,6.745,20.3,34.7,55.1
4120,145,3.63,21,41,67,0.147,6.743,14.5,28.3,46.2
4121,144,3.26,27,53,80,0.148,6.754,18.8,36.8,55.6
4122,156,3.38,29,52,81,0.156,6.765,18.6,33.3,51.9
4123,130,3.46,22,45,66,0.153,6.738,16.9,34.6,50.8
4124,147,3.5,22,42,71,0.152,6.743,15.0,28.6,48.3
4125,131,3.53,23,43,65,0.152,6.749,17.6,32.8,49.6
4126,155,3.76,17,38,70,0.152,6.756,11.0,24.5,45.2
4127,137,3.23,26,48,83,0.15,6.756,19.0,35.0,60.6
4128,141,3.41,29,52,70,0.145,6.745,20.6,36.9,49.6
4129,147,3.39,29,54,76,0.146,6.765,19.7,36.7,51.7
4130,132,3.8,12,35,60,0.15,6.748,9.1,26.5,45.5
4131,153,3.49,27,50,74,0.148,6.751,17.6,32.7,48.4
4132,138,3.45,22,45,73,0.154,6.753,15.9,32.6,52.9
4133,131,3.42,25,48,69,0.151,6.756,19.1,36.6,52.7
4134,150,3.31,23,54,86,0.149,6.753,15.3,36.0,57.3
4135,128,3.49,22,49,66,0.148,6.749,17.2,38.3,51.6
4136,135,3.55,20,45,66,0.153,6.75,14.8,33.3,48.9
4137,148,3.45,24,51,78,0.151,6.766,16.2,34.5,52.7
4138,142,3.48,28,48,75,0.147,6.752,19.7,33.8,52.8
4139,135,3.5,26,51,66,0.156,6.758,19.3,37.8,48.9
4140,163,3.59,20,53,75,0.146,6.743,12.3,32.5,46.0
4141,130,3.45,20,38,68,0.15,6.75,15.4,29.2,52.3
4142,142,3.52,24,48,69,0.149,6.766,16.9,33.8,48.6
4143,126,3.3,24,47,72,0.153,6.75,19.0,37.3,57.1
4144,137,3.41,23,49,73,0.149,6.745,16.8,35.8,53.3
4145,156,3.34,39,63,83,0.159,6.751,25.0,40.4,53.2
4146,149,3.47,24,49,81,0.149,6.759,16.1,32.9,54.4
4147,121,3.23,33,49,70,0.151,6.752,27.3,40.5,57.9
4148,148,3.25,29,61,86,0.145,6.746,19.6,41.2,58.1
4149,151,3.64,19,42,74,0.147,6.754,12.6,27.8,49.0
4150,137,3.45,19,49,72,0.143,6.747,13.9,35.8,52.6
4151,145,3.4,19,52,76,0.148,6.75,13.1,35.9,52.4
4152,140,3.39,27,51,76,0.148,6.751,19.3,36.4,54.3
4153,132,3.41,21,44,70,0.151,6.75,15.9,33.3,53.0
4154,143,3.59,17,36,67,0.155,6.768,11.9,25.2,46.9
4155,146,3.28,30,56,77,0.151,6.754,20.5,38.4,52.7
4156,139,3.5,27,46,66,0.153,6.747,19.4,33.1,47.5
4157,134,3.78,17,37,59,0.149,6.751,12.7,27.6,44.0
4158,168,3.7,24,48,73,0.144,6.75,14.3,28.6,43.5
4159,142,3.24,29,57,83,0.153,6.755,20.4,40.1,58.5
4160,137,3.5,24,45,75,0.154,6.76,17.5,32.8,54.7
4161,148,3.59,18,47,72,0.154,6.762,12.2,31.8,48.6
4162,148,3.43,29,53,77,0.143,6.75,19.6,35.8,52.0
4163,159,3.57,19,49,78,0.155,6.761,11.9,30.8,49.1
4164,156,3.56,26,47,74,0.159,6.748,16.7,30.1,47.4
4165,133,3.49,22,48,64,0.147,6.751,16.5,36.1,48.1
4166,147,3.25,33,62,84,0.151,6.746,22.4,42.2,57.1
4167,162,3.77,18,38,74,0.149,6.752,11.1,23.5,45.7
4168,162,3.38,34,58,90,0.15,6.75,21.0,35.8,55.6
4169,121,3.52,24,41,59,0.151,6.749,19.8,33.9,48.8
4170,150,3.53,25,50,71,0.155,6.755,16.7,33.3,47.3
4171,130,3.54,28,44,60,0.154,6.776,21.5,33.8,46.2
4172,139,3.4,23,46,71,0.152,6.762,16.5,33.1,51.1
4173,132,3.44,26,46,68,0.151,6.739,19.7,34.8,51.5
4174,131,3.47,26,50,66,0.155,6.759,19.8,38.2,50.4
4175,156,3.35,29,64,80,0.15,6.753,18.6,41.0,51.3
4176,142,3.61,24,48,66,0.149,6.745,16.9,33.8,46.5
4177,138,3.53,28,46,66,0.151,6.745,20.3,33.3,47.8
4178,138,3.49,20,45,65,0.151,6.758,14.5,32.6,47.1
4179,131,3.46,24,46,63,0.15,6.738,18.3,35.1,48.1
4180,144,3.76,20,43,59,0.152,6.757,13.9,29.9,41.0
4181,152,3.64,19,45,74,0.157,6.767,12.5,29.6,48.7
4182,148,3.76,17,40,67,0.159,6.748,11.5,27.0,45.3
4183,154,3.68,24,41,71,0.149,6.732,15.6,26.6,46.1
4184,156,3.46,21,45,76,0.159,6.757,13.5,28.8,48.7
4185,143,3.57,23,43,69,0.149,6.754,16.1,30.1,48.3
4186,122,3.73,17,36,49,0.151,6.757,13.9,29.5,40.2
4187,136,3.62,23,45,62,0.149,6.74,16.9,33.1,45.6
4188,153,3.55,25,51,77,0.146,6.755,16.3,33.3,50.3
4189,151,3.29,33,55,79,0.154,6.752,21.9,36.4,52.3
4190,116,3.6,23,32,54,0.142,6.753,19.8,27.6,46.6
4191,146,3.76,13,40,62,0.158,6.749,8.9,27.4,42.5
4192,140,3.51,25,45,70,0.154,6.746,17.9,32.1,50.0
4193,140,3.41,23,50,77,0.148,6.744,16.4,35.7,55.0
4194,147,3.44,25,53,71,0.147,6.749,17.0,36.1,48.3
4195,131,3.53,24,43,65,0.153,6.773,18.3,32.8,49.6
4196,169,3.57,24,51,81,0.151,6.758,14.2,30.2,47.9
4197,149,3.56,35,44,70,0.145,6.754,23.5,29.5,47.0
4198,106,3.75,12,28,47,0.148,6.753,11.3,26.4,44.3
4199,141,3.21,29,56,80,0.15,6.744,20.6,39.7,56.7
4200,137,3.49,22,46,72,0.17,6.778,16.1,33.6,52.6
4201,134,3.89,18,32,51,0.158,6.738,13.4,23.9,38.1
4202,151,3.23,36,64,81,0.155,6.775,23.8,42.4,53.6
4203,155,3.77,14,41,73,0.145,6.762,9.0,26.5,47.1
4204,143,3.45,33,50,70,0.153,6.762,23.1,35.0,49.0
4205,130,3.3,22,51,77,0.156,6.755,16.9,39.2,59.2
4206,123,3.61,23,35,59,0.145,6.746,18.7,28.5,48.0
4207,165,3.44,28,59,82,0.153,6.741,17.0,35.8,49.7
4208,161,3.57,24,50,74,0.152,6.751,14.9,31.1,46.0
4209,150,3.29,34,61,80,0.15,6.75,22.7,40.7,53.3
4210,172,3.38,28,58,90,0.156,6.742,16.3,33.7,52.3
4211,154,3.7,21,44,67,0.149,6.766,13.6,28.6,43.5
4212,115,3.62,15,28,55,0.149,6.744,13.0,24.3,47.8
4213,144,3.58,23,46,71,0.148,6.742,16.0,31.9,49.3
4214,128,3.42,18,46,67,0.153,6.749,14.1,35.9,52.3
4215,164,3.51,36,55,81,0.15,6.764,22.0,33.5,49.4
4216,158,3.46,25,59,81,0.153,6.761,15.8,37.3,51.3
4217,124,3.65,18,40,61,0.151,6.753,14.5,32.3,49.2
4218,163,3.53,23,56,81,0.147,6.748,14.1,34.4,49.7
4219,142,3.65,22,40,67,0.155,6.753,15.5,28.2,47.2
4220,143,3.37,30,50,74,0.153,6.753,21.0,35.0,51.7
4221,116,3.45,21,41,57,0.155,6.733,18.1,35.3,49.1
4222,146,3.35,27,56,76,0.149,6.757,18.5,38.4,52.1
4223,131,3.56,29,48,59,0.154,6.742,22.1,36.6,45.0
4224,175,3.53,27,62,89,0.153,6.75,15.4,35.4,50.9
4225,148,3.34,31,52,81,0.149,6.771,20.9,35.1,54.7
4226,151,3.69,13,47,70,0.149,6.767,8.6,31.1,46.4
4227,130,3.53,21,36,66,0.151,6.753,16.2,27.7,50.8
4228,130,3.57,22,42,66,0.154,6.77,16.9,32.3,50.8
4229,130,3.52,17,44,63,0.156,6.736,13.1,33.8,48.5
4230,166,3.42,25,58,82,0.15,6.743,15.1,34.9,49.4
4231,164,3.65,15,42,81,0.155,6.763,9.1,25.6,49.4
4232,142,3.43,23,51,72,0.15,6.759,16.2,35.9,50.7
4233,152,3.24,24,63,88,0.148,6.746,15.8,41.4,57.9
4234,133,3.56,22,44,64,0.151,6.765,16.5,33.1,48.1
4235,148,3.55,19,49,71,0.148,6.756,12.8,33.1,48.0
4236,161,3.3,32,62,86,0.144,6.743,19.9,38.5,53.4
4237,150,3.51,27,52,71,0.154,6.749,18.0,34.7,47.3
4238,149,3.28,33,63,84,0.151,6.749,22.1,42.3,56.4
4239,136,3.54,18,49,69,0.151,6.758,13.2,36.0,50.7
4240,147,3.34,27,52,82,0.154,6.733,18.4,35.4,55.8
4241,138,3.37,23,46,76,0.158,6.756,16.7,33.3,55.1
4242,122,3.53,19,36,57,0.148,6.741,15.6,29.5,46.7
4243,135,3.69,22,42,59,0.149,6.761,16.3,31.1,43.7
4244,115,3.57,19,37,55,0.15,6.768,16.5,32.2,47.8
4245,161,3.57,27,50,81,0.153,6.742,16.8,31.1,50.3
4246,157,3.49,29,56,77,0.153,6.754,18.5,35.7,49.0
4247,140,3.56,15,39,61,0.155,6.766,10.7,27.9,43.6
4248,139,3.66,14,45,65,0.147,6.739,10.1,32.4,46.8
4249,129,3.72,16,37,60,0.154,6.746,12.4,28.7,46.5
4250,133,3.38,23,45,74,0.159,6.753,17.3,33.8,55.6
4251,151,3.58,30,48,72,0.156,6.754,19.9,31.8,47.7
4252,147,3.56,18,38,70,0.151,6.754,12.2,25.9,47.6
4253,163,3.65,24,47,77,0.156,6.749,14.7,28.8,47.2
4254,168,3.6,25,48,78,0.15,6.742,14.9,28.6,46.4
4255,147,3.66,19,48,67,0.15,6.763,12.9,32.7,45.6
4256,168,3.36,27,65,91,0.145,6.75,16.1,38.7,54.2
4257,120,3.74,13,34,58,0.149,6.753,10.8,28.3,48.3
4258,151,3.29,32,60,86,0.149,6.758,21.2,39.7,57.0
4259,135,3.81,18,29,54,0.149,6.756,13.3,21.5,40.0
4260,151,3.49,22,56,81,0.161,6.75,14.6,37.1,53.6
4261,148,3.43,27,53,78,0.147,6.754,18.2,35.8,52.7
4262,171,3.5,23,53,86,0.148,6.757,13.5,31.0,50.3
4263,132,3.6,20,41,60,0.154,6.746,15.2,31.1,45.5
4264,146,3.47,25,47,75,0.148,6.761,17.1,32.2,51.4
4265,107,3.52,17,36,54,0.152,6.739,15.9,33.6,50.5
4266,128,3.27,28,46,72,0.154,6.768,21.9,35.9,56.2
4267,134,3.69,18,36,62,0.14,6.75,13.4,26.9,46.3
4268,142,3.61,24,43,70,0.152,6.748,16.9,30.3,49.3
4269,155,3.42,24,55,81,0.146,6.748,15.5,35.5,52.3
4270,173,3.38,33,60,94,0.151,6.75,19.1,34.7,54.3
4271,170,3.81,22,45,71,0.147,6.77,12.9,26.5,41.8
4272,161,3.58,25,47,73,0.155,6.755,15.5,29.2,45.3
4273,167,3.35,34,58,94,0.16,6.767,20.4,34.7,56.3
4274,128,3.66,20,36,61,0.149,6.753,15.6,28.1,47.7
4275,118,3.81,13,31,50,0.154,6.75,11.0,26.3,42.4
4276,157,3.2,33,58,90,0.148,6.745,21.0,36.9,57.3
4277,148,3.41,29,56,75,0.152,6.734,19.6,37.8,50.7
4278,135,3.61,17,39,64,0.145,6.781,12.6,28.9,47.4
4279,124,3.62,16,38,55,0.152,6.74,12.9,30.6,44.4
4280,113,3.22,25,47,64,0.155,6.755,22.1,41.6,56.6
4281,135,3.43,20,44,72,0.153,6.758,14.8,32.6,53.3
4282,144,3.33,29,53,79,0.148,6.742,20.1,36.8,54.9
4283,135,3.48,20,49,68,0.15,6.748,14.8,36.3,50.4
4284,135,3.62,19,43,63,0.154,6.745,14.1,31.9,46.7
4285,145,3.61,25,46,65,0.152,6.746,17.2,31.7,44.8
4286,142,3.54,14,44,72,0.144,6.758,9.9,31.0,50.7
4287,152,3.36,31,52,80,0.154,6.756,20.4,34.2,52.6
4288,123,3.35,23,47,67,0.144,6.761,18.7,38.2,54.5
4289,147,3.38,30,60,81,0.151,6.754,20.4,40.8,55.1
4290,115,3.35,18,43,59,0.149,6.761,15.7,37.4,51.3
4291,135,3.59,23,38,60,0.152,6.748,17.0,28.1,44.4
4292,139,3.29,26,49,78,0.144,6.767,18.7,35.3,56.1
4293,122,3.64,18,37,55,0.153,6.762,14.8,30.3,45.1
4294,137,3.44,33,47,68,0.145,6.749,24.1,34.3,49.6
4295,152,3.37,34,56,84,0.145,6.748,22.4,36.8,55.3
4296,128,3.27,22,44,71,0.152,6.738,17.2,34.4,55.5
4297,133,3.56,25,39,66,0.139,6.763,18.8,29.3,49.6
4298,153,3.28,30,57,84,0.149,6.743,19.6,37.3,54.9
4299,149,3.73,15,47,66,0.147,6.751,10.1,31.5,44.3
4300,169,3.22,37,67,100,0.148,6.756,21.9,39.6,59.2
4301,151,3.47,26,53,79,0.153,6.762,17.2,35.1,52.3
4302,131,3.35,23,50,72,0.149,6.743,17.6,38.2,55.0
4303,147,3.58,25,43,76,0.155,6.767,17.0,29.3,51.7
4304,130,3.68,17,40,60,0.146,6.748,13.1,30.8,46.2
4305,152,3.52,26,51,75,0.15,6.76,17.1,33.6,49.3
4306,127,3.23,23,54,76,0.156,6.744,18.1,42.5,59.8
4307,127,3.35,31,51,69,0.146,6.751,24.4,40.2,54.3
4308,144,3.41,23,52,76,0.155,6.746,16.0,36.1,52.8
4309,156,3.43,30,55,78,0.153,6.742,19.2,35.3,50.0
4310,137,3.36,26,44,75,0.155,6.741,19.0,32.1,54.7
4311,144,3.32,25,56,77,0.151,6.763,17.4,38.9,53.5
4312,132,3.86,17,33,53,0.152,6.748,12.9,25.0,40.2
4313,144,3.55,21,50,69,0.148,6.768,14.6,34.7,47.9
4314,150,3.49,22,47,76,0.16,6.762,14.7,31.3,50.7
4315,146,3.4,30,55,76,0.146,6.739,20.5,37.7,52.1
4316,131,3.41,19,39,69,0.146,6.744,14.5,29.8,52.7
4317,149,3.52,20,54,76,0.148,6.748,13.4,36.2,51.0
4318,138,3.74,18,34,59,0.144,6.749,13.0,24.6,42.8
4319,124,3.22,28,55,73,0.147,6.737,22.6,44.4,58.9
4320,144,3.63,24,42,65,0.148,6.742,16.7,29.2,45.1
4321,132,3.58,19,42,66,0.148,6.76,14.4,31.8,50.0
4322,140,3.42,24,46,71,0.149,6.743,17.1,32.9,50.7
4323,146,3.49,23,48,74,0.151,6.76,15.8,32.9,50.7
4324,136,3.18,30,56,80,0.149,6.758,22.1,41.2,58.8
4325,149,3.46,25,47,75,0.149,6.74,16.8,31.5,50.3
4326,147,3.57,23,46,74,0.149,6.753,15.6,31.3,50.3
4327,121,3.32,24,43,67,0.16,6.729,19.8,35.5,55.4
4328,122,3.5,20,38,57,0.15,6.749,16.4,31.1,46.7
4329,137,3.57,22,37,68,0.152,6.743,16.1,27.0,49.6
4330,169,3.56,28,58,87,0.152,6.758,16.6,34.3,51.5
4331,153,3.56,25,51,72,0.157,6.755,16.3,33.3,47.1
4332,129,3.82,14,40,55,0.147,6.751,10.9,31.0,42.6
4333,137,3.52,21,46,66,0.15,6.736,15.3,33.6,48.2
4334,134,3.5,24,46,64,0.149,6.756,17.9,34.3,47.8
4335,159,3.37,27,59,81,0.153,6.763,17.0,37.1,50.9
4336,159,3.46,27,57,79,0.147,6.744,17.0,35.8,49.7
4337,156,3.49,22,47,86,0.15,6.744,14.1,30.1,55.1
4338,130,3.29,21,55,70,0.15,6.751,16.2,42.3,53.8
4339,154,3.57,25,46,79,0.157,6.762,16.2,29.9,51.3
4340,158,3.78,23,45,71,0.147,6.744,14.6,28.5,44.9
4341,131,3.48,18,43,62,0.153,6.757,13.7,32.8,47.3
4342,143,3.39,35,57,74,0.145,6.741,24.5,39.9,51.7
4343,142,3.48,22,42,74,0.152,6.753,15.5,29.6,52.1
4344,146,3.4,26,50,80,0.15,6.754,17.8,34.2,54.8
4345,150,3.42,20,51,77,0.148,6.766,13.3,34.0,51.3
4346,139,3.67,22,43,65,0.153,6.759,15.8,30.9,46.8
4347,141,3.4,20,54,77,0.148,6.757,14.2,38.3,54.6
4348,154,3.62,24,46,68,0.148,6.763,15.6,29.9,44.2
4349,163,3.78,19,43,62,0.148,6.753,11.7,26.4,38.0
4350,164,3.39,33,61,90,0.149,6.761,20.1,37.2,54.9
4351,164,3.3,33,64,90,0.143,6.745,20.1,39.0,54.9
4352,151,3.62,16,45,68,0.15,6.757,10.6,29.8,45.0
4353,146,3.49,27,53,74,0.151,6.749,18.5,36.3,50.7
4354,142,3.58,23,44,68,0.151,6.747,16.2,31.0,47.9
4355,144,3.44,24,52,76,0.155,6.726,16.7,36.1,52.8
4356,134,3.4,23,47,74,0.151,6.76,17.2,35.1,55.2
4357,153,3.38,24,59,84,0.156,6.772,15.7,38.6,54.9
4358,138,3.73,18,41,58,0.154,6.743,13.0,29.7,42.0
4359,167,3.44,31,56,85,0.151,6.769,18.6,33.5,50.9
4360,151,3.47,30,50,75,0.157,6.743,19.9,33.1,49.7
4361,139,3.54,23,45,65,0.153,6.743,16.5,32.4,46.8
4362,145,3.58,20,47,69,0.149,6.756,13.8,32.4,47.6
4363,153,3.26,32,59,82,0.149,6.743,20.9,38.6,53.6
4364,128,3.71,23,34,54,0.145,6.763,18.0,26.6,42.2
4365,128,3.6,23,43,57,0.152,6.756,18.0,33.6,44.5
4366,151,3.4,30,52,81,0.147,6.762,19.9,34.4,53.6
4367,146,3.57,21,45,69,0.157,6.735,14.4,30.8,47.3
4368,139,3.47,26,51,67,0.156,6.751,18.7,36.7,48.2
4369,140,3.38,23,51,73,0.152,6.762,16.4,36.4,52.1
4370,153,3.47,27,56,77,0.145,6.753,17.6,36.6,50.3
4371,127,3.23,24,52,76,0.149,6.758,18.9,40.9,59.8
4372,140,3.02,39,63,85,0.152,6.738,27.9,45.0,60.7
4373,141,3.53,24,46,72,0.154,6.761,17.0,32.6,51.1
4374,151,3.68,29,47,66,0.147,6.744,19.2,31.1,43.7
4375,154,3.58,26,52,71,0.145,6.759,16.9,33.8,46.1
4376,171,3.54,28,58,81,0.148,6.753,16.4,33.9,47.4
4377,152,3.56,19,54,74,0.15,6.764,12.5,35.5,48.7
4378,138,3.43,23,47,79,0.149,6.742,16.7,34.1,57.2
4379,155,3.47,24,49,82,0.149,6.751,15.5,31.6,52.9
4380,148,3.7,23,35,62,0.157,6.758,15.5,23.6,41.9
4381,143,3.45,26,50,73,0.161,6.745,18.2,35.0,51.0
4382,140,3.44,23,47,75,0.154,6.755,16.4,33.6,53.6
4383,142,3.82,16,34,60,0.153,6.765,11.3,23.9,42.3
4384,125,3.54,23,38,59,0.152,6.765,18.4,30.4,47.2
4385,125,3.65,15,38,60,0.149,6.751,12.0,30.4,48.0
4386,149,3.52,23,45,68,0.152,6.737,15.4,30.2,45.6
4387,150,3.45,26,54,77,0.151,6.77,17.3,36.0,51.3
4388,178,3.45,31,59,90,0.156,6.751,17.4,33.1,50.6
4389,142,3.48,20,55,73,0.146,6.752,14.1,38.7,51.4
4390,146,3.42,24,48,83,0.153,6.75,16.4,32.9,56.8
4391,126,3.51,26,42,62,0.147,6.761,20.6,33.3,49.2
4392,137,3.77,25,39,51,0.154,6.756,18.2,28.5,37.2
4393,145,3.47,24,55,74,0.157,6.741,16.6,37.9,51.0
4394,177,3.56,29,53,83,0.151,6.764,16.4,29.9,46.9
4395,140,3.43,18,50,75,0.157,6.747,12.9,35.7,53.6
4396,141,3.72,17,42,61,0.158,6.754,12.1,29.8,43.3
4397,119,3.4,22,44,64,0.14,6.741,18.5,37.0,53.8
4398,166,3.39,26,54,87,0.152,6.755,15.7,32.5,52.4
4399,112,3.62,18,35,52,0.148,6.76,16.1,31.2,46.4
4400,130,3.61,19,42,61,0.15,6.761,14.6,32.3,46.9
4401,146,3.31,22,52,79,0.149,6.753,15.1,35.6,54.1
4402,127,3.52,19,43,67,0.148,6.753,15.0,33.9,52.8
4403,147,3.45,21,47,76,0.154,6.748,14.3,32.0,51.7
4404,166,3.63,23,46,74,0.155,6.748,13.9,27.7,44.6
4405,149,3.61,19,43,70,0.154,6.766,12.8,28.9,47.0
4406,156,3.37,32,54,81,0.144,6.75,20.5,34.6,51.9
4407,151,3.67,22,44,66,0.155,6.755,14.6,29.1,43.7
4408,146,3.72,21,45,68,0.153,6.761,14.4,30.8,46.6
4409,150,3.39,32,54,80,0.153,6.738,21.3,36.0,53.3
4410,137,3.9,11,28,57,0.155,6.748,8.0,20.4,41.6
4411,118,3.49,13,31,62,0.156,6.754,11.0,26.3,52.5
4412,134,3.54,20,44,63,0.148,6.757,14.9,32.8,47.0
4413,143,3.42,21,56,73,0.153,6.764,14.7,39.2,51.0
4414,136,3.58,19,44,63,0.154,6.731,14.0,32.4,46.3
4415,146,3.39,25,48,74,0.156,6.736,17.1,32.9,50.7
4416,146,3.41,22,46,78,0.156,6.758,15.1,31.5,53.4
4417,161,3.34,28,60,92,0.149,6.748,17.4,37.3,57.1
4418,138,3.22,32,50,80,0.149,6.764,23.2,36.2,58.0
4419,135,3.3,23,51,70,0.148,6.757,17.0,37.8,51.9
4420,145,3.61,27,44,68,0.151,6.762,18.6,30.3,46.9
4421,144,3.24,25,56,89,0.15,6.738,17.4,38.9,61.8
4422,130,3.55,24,47,65,0.158,6.77,18.5,36.2,50.0
4423,132,3.81,15,32,61,0.148,6.757,11.4,24.2,46.2
4424,154,3.35,30,54,80,0.151,6.749,19.5,35.1,51.9
4425,143,3.17,31,65,84,0.157,6.761,21.7,45.5,58.7
4426,121,3.44,16,40,65,0.152,6.76,13.2,33.1,53.7
4427,152,3.48,29,50,74,0.149,6.749,19.1,32.9,48.7
4428,143,3.43,27,45,69,0.144,6.757,18.9,31.5,48.3
4429,153,3.5,29,54,74,0.156,6.732,19.0,35.3,48.4
4430,146,3.55,26,50,72,0.149,6.752,17.8,34.2,49.3
4431,162,3.35,28,57,85,0.15,6.745,17.3,35.2,52.5
4432,147,3.43,21,48,79,0.15,6.743,14.3,32.7,53.7
4433,159,3.52,29,54,81,0.153,6.755,18.2,34.0,50.9
4434,150,3.37,25,58,81,0.154,6.761,16.7,38.7,54.0
4435,152,3.49,29,52,75,0.148,6.75,19.1,34.2,49.3
4436,154,3.4,27,55,82,0.152,6.766,17.5,35.7,53.2
4437,149,3.54,22,46,73,0.148,6.751,14.8,30.9,49.0
4438,162,3.45,33,59,79,0.143,6.744,20.4,36.4,48.8
4439,148,3.47,36,57,72,0.152,6.759,24.3,38.5,48.6
4440,136,3.77,15,36,58,0.156,6.758,11.0,26.5,42.6
4441,154,3.45,23,53,76,0.149,6.762,14.9,34.4,49.4
4442,171,3.5,35,62,87,0.154,6.745,20.5,36.3,50.9
4443,135,3.71,11,39,65,0.156,6.777,8.1,28.9,48.1
4444,119,3.75,13,31,56,0.149,6.753,10.9,26.1,47.1
4445,161,3.34,33,59,83,0.146,6.757,20.5,36.6,51.6
4446,153,3.39,26,58,81,0.147,6.773,17.0,37.9,52.9
4447,151,3.59,21,45,74,0.159,6.759,13.9,29.8,49.0
4448,164,3.61,17,47,79,0.149,6.763,10.4,28.7,48.2
4449,130,3.35,27,48,69,0.151,6.734,20.8,36.9,53.1
4450,164,3.2,31,67,101,0.151,6.76,18.9,40.9,61.6
4451,142,3.44,28,46,73,0.151,6.757,19.7,32.4,51.4
4452,150,3.37,35,54,79,0.159,6.75,23.3,36.0,52.7
4453,122,3.74,16,27,56,0.146,6.749,13.1,22.1,45.9
4454,130,3.3,23,48,73,0.15,6.734,17.7,36.9,56.2
4455,128,3.37,22,47,70,0.152,6.759,17.2,36.7,54.7
4456,136,3.39,28,50,70,0.144,6.755,20.6,36.8,51.5
4457,130,3.37,19,47,70,0.154,6.756,14.6,36.2,53.8
4458,120,3.56,17,35,59,0.15,6.754,14.2,29.2,49.2
4459,150,3.42,30,52,78,0.147,6.742,20.0,34.7,52.0
4460,145,3.4,23,48,79,0.144,6.755,15.9,33.1,54.5
4461,140,3.69,12,40,70,0.152,6.757,8.6,28.6,50.0
4462,148,3.68,27,42,67,0.15,6.752,18.2,28.4,45.3
4463,163,3.47,25,53,86,0.15,6.747,15.3,32.5,52.8
4464,162,3.27,35,62,86,0.151,6.759,21.6,38.3,53.1
4465,133,3.39,29,51,73,0.149,6.759,21.8,38.3,54.9
4466,141,3.38,23,47,78,0.154,6.744,16.3,33.3,55.3
4467,150,3.45,29,54,78,0.146,6.765,19.3,36.0,52.0
4468,151,3.53,25,52,74,0.148,6.752,16.6,34.4,49.0
4469,152,3.33,31,60,82,0.143,6.756,20.4,39.5,53.9
4470,142,3.6,24,47,69,0.15,6.754,16.9,33.1,48.6
4471,155,3.4,26,54,81,0.149,6.761,16.8,34.8,52.3
4472,135,3.34,27,51,67,0.144,6.751,20.0,37.8,49.6
4473,131,3.37,22,45,68,0.154,6.756,16.8,34.4,51.9
4474,140,3.42,27,51,72,0.158,6.758,19.3,36.4,51.4
4475,141,3.5,20,44,71,0.155,6.753,14.2,31.2,50.4
4476,139,3.65,21,41,63,0.154,6.736,15.1,29.5,45.3
4477,155,3.37,30,58,81,0.146,6.748,19.4,37.4,52.3
4478,159,3.47,27,57,79,0.153,6.755,17.0,35.8,49.7
4479,146,3.24,36,55,81,0.157,6.758,24.7,37.7,55.5
4480,125,3.42,21,37,69,0.147,6.745,16.8,29.6,55.2
4481,128,3.59,19,43,65,0.15,6.75,14.8,33.6,50.8
4482,143,3.63,21,46,72,0.158,6.762,14.7,32.2,50.3
4483,149,3.36,27,54,78,0.146,6.752,18.1,36.2,52.3
4484,136,3.35,27,55,72,0.154,6.75,19.9,40.4,52.9
4485,133,3.65,16,39,62,0.151,6.751,12.0,29.3,46.6
4486,159,3.38,20,55,88,0.154,6.762,12.6,34.6,55.3
4487,151,3.62,29,47,70,0.151,6.765,19.2,31.1,46.4
4488,147,3.52,25,48,76,0.15,6.748,17.0,32.7,51.7
4489,130,3.52,21,43,64,0.155,6.75,16.2,33.1,49.2
4490,126,3.59,15,36,60,0.145,6.755,11.9,28.6,47.6
4491,127,3.35,22,48,67,0.164,6.729,17.3,37.8,52.8
4492,142,3.61,24,44,69,0.151,6.753,16.9,31.0,48.6
4493,123,3.51,26,38,58,0.151,6.738,21.1,30.9,47.2
4494,134,3.7,21,38,54,0.15,6.747,15.7,28.4,40.3
4495,119,3.52,15,43,58,0.146,6.759,12.6,36.1,48.7
4496,142,3.3,25,57,82,0.154,6.749,17.6,40.1,57.7
4497,139,3.19,32,53,79,0.149,6.753,23.0,38.1,56.8
4498,155,3.55,30,53,76,0.151,6.745,19.4,34.2,49.0
4499,137,3.58,18,41,65,0.15,6.747,13.1,29.9,47.4
4500,156,3.71,26,45,66,0.15,6.746,16.7,28.8,42.3
4501,135,3.78,23,41,59,0.146,6.762,17.0,30.4,43.7
4502,157,3.36,32,59,83,0.146,6.764,20.4,37.6,52.9
4503,143,3.56,24,47,72,0.145,6.743,16.8,32.9,50.3
4504,126,3.53,21,44,62,0.146,6.765,16.7,34.9,49.2
4505,125,3.46,20,43,67,0.155,6.766,16.0,34.4,53.6
4506,157,3.1,35,65,92,0.152,6.735,22.3,41.4,58.6
4507,125,3.34,20,45,67,0.147,6.751,16.0,36.0,53.6
4508,133,3.3,25,49,75,0.155,6.76,18.8,36.8,56.4
4509,128,3.2,29,53,74,0.151,6.73,22.7,41.4,57.8
4510,136,3.58,19,40,63,0.15,6.758,14.0,29.4,46.3
4511,143,3.43,25,48,77,0.156,6.763,17.5,33.6,53.8
4512,166,3.75,18,46,74,0.156,6.75,10.8,27.7,44.6
4513,143,3.61,21,43,65,0.164,6.749,14.7,30.1,45.5
4514,165,3.39,27,55,92,0.152,6.758,16.4,33.3,55.8
4515,137,3.51,23,43,68,0.155,6.749,16.8,31.4,49.6
4516,154,3.46,28,51,81,0.154,6.753,18.2,33.1,52.6
4517,140,3.52,21,47,72,0.152,6.745,15.0,33.6,51.4
4518,138,3.28,30,61,76,0.149,6.749,21.7,44.2,55.1
4519,141,3.21,26,50,79,0.146,6.737,18.4,35.5,56.0
4520,169,3.36,42,56,93,0.154,6.725,24.9,33.1,55.0
4521,139,3.39,18,48,72,0.155,6.739,12.9,34.5,51.8
4522,153,3.41,27,51,78,0.153,6.751,17.6,33.3,51.0
4523,155,3.48,27,50,79,0.146,6.741,17.4,32.3,51.0
4524,151,3.41,29,54,72,0.146,6.75,19.2,35.8,47.7
4525,131,3.43,18,46,65,0.143,6.759,13.7,35.1,49.6
4526,139,3.19,34,59,75,0.149,6.751,24.5,42.4,54.0
4527,140,3.42,26,49,72,0.155,6.748,18.6,35.0,51.4
4528,132,3.23,27,52,76,0.148,6.758,20.5,39.4,57.6
4529,154,3.29,30,61,86,0.15,6.774,19.5,39.6,55.8
4530,147,3.45,21,51,69,0.149,6.758,14.3,34.7,46.9
4531,154,3.66,26,46,69,0.157,6.757,16.9,29.9,44.8
4532,169,3.56,33,60,83,0.149,6.754,19.5,35.5,49.1
4533,148,3.32,27,55,80,0.144,6.739,18.2,37.2,54.1
4534,149,3.45,31,57,74,0.15,6.745,20.8,38.3,49.7
4535,154,3.37,33,60,77,0.147,6.75,21.4,39.0,50.0
4536,142,3.63,21,45,70,0.151,6.767,14.8,31.7,49.3
4537,143,3.57,16,45,71,0.151,6.76,11.2,31.5,49.7
4538,163,3.34,33,62,88,0.148,6.738,20.2,38.0,54.0
4539,140,3.29,29,58,76,0.15,6.75,20.7,41.4,54.3
4540,135,3.6,17,37,61,0.147,6.749,12.6,27.4,45.2
4541,134,3.5,28,47,65,0.152,6.736,20.9,35.1,48.5
4542,125,3.82,18,33,51,0.149,6.755,14.4,26.4,40.8
4543,160,3.39,30,57,86,0.153,6.747,18.8,35.6,53.8
4544,158,3.19,41,65,90,0.146,6.76,25.9,41.1,57.0
4545,161,3.54,29,51,80,0.148,6.744,18.0,31.7,49.7
4546,166,3.51,31,53,83,0.151,6.751,18.7,31.9,50.0
4547,150,3.62,26,50,69,0.153,6.762,17.3,33.3,46.0
4548,127,3.57,21,43,61,0.152,6.765,16.5,33.9,48.0
4549,139,3.29,26,51,80,0.155,6.75,18.7,36.7,57.6
4550,152,3.3,34,54,84,0.152,6.75,22.4,35.5,55.3
4551,146,3.62,23,45,68,0.15,6.756,15.8,30.8,46.6
4552,154,3.44,29,55,78,0.154,6.752,18.8,35.7,50.6
4553,145,3.57,22,45,74,0.153,6.74,15.2,31.0,51.0
4554,124,3.55,20,37,64,0.151,6.757,16.1,29.8,51.6
4555,144,3.4,20,50,77,0.148,6.749,13.9,34.7,53.5
4556,135,3.41,25,47,68,0.153,6.753,18.5,34.8,50.4
4557,167,3.54,30,58,82,0.153,6.762,18.0,34.7,49.1
4558,169,3.25,35,73,93,0.156,6.768,20.7,43.2,55.0
4559,129,3.55,20,43,62,0.148,6.749,15.5,33.3,48.1
4560,127,3.37,20,44,67,0.15,6.751,15.7,34.6,52.8
4561,154,3.49,36,52,74,0.155,6.745,23.4,33.8,48.1
4562,145,3.41,21,47,77,0.159,6.743,14.5,32.4,53.1
4563,162,3.55,24,51,77,0.153,6.763,14.8,31.5,47.5
4564,124,3.35,21,46,68,0.148,6.742,16.9,37.1,54.8
4565,130,3.55,26,44,66,0.156,6.759,20.0,33.8,50.8
4566,128,3.54,19,43,62,0.149,6.754,14.8,33.6,48.4
4567,143,3.49,28,49,72,0.163,6.757,19.6,34.3,50.3
4568,131,3.67,20,33,63,0.154,6.751,15.3,25.2,48.1
4569,140,3.47,22,48,74,0.153,6.745,15.7,34.3,52.9
4570,153,3.35,20,59,87,0.153,6.733,13.1,38.6,56.9
4571,140,3.54,22,41,71,0.151,6.754,15.7,29.3,50.7
4572,140,3.42,29,52,72,0.152,6.757,20.7,37.1,51.4
4573,149,3.2,29,65,92,0.156,6.774,19.5,43.6,61.7
4574,153,3.41,27,56,80,0.152,6.759,17.6,36.6,52.3
4575,151,3.41,18,53,79,0.152,6.755,11.9,35.1,52.3
4576,131,3.56,20,44,63,0.151,6.755,15.3,33.6,48.1
4577,130,3.82,19,33,50,0.148,6.738,14.6,25.4,38.5
4578,140,3.29,24,57,80,0.147,6.749,17.1,40.7,57.1
4579,138,3.47,18,49,69,0.152,6.748,13.0,35.5,50.0
4580,146,3.38,29,53,76,0.153,6.771,19.9,36.3,52.1
4581,165,3.53,22,49,83,0.146,6.755,13.3,29.7,50.3
4582,132,3.69,20,36,59,0.154,6.738,15.2,27.3,44.7
4583,152,3.88,12,32,62,0.151,6.752,7.9,21.1,40.8
4584,128,3.48,18,47,68,0.149,6.745,14.1,36.7,53.1
4585,129,3.47,23,45,62,0.152,6.752,17.8,34.9,48.1
4586,155,3.62,19,52,73,0.147,6.77,12.3,33.5,47.1
4587,172,3.44,34,61,93,0.151,6.746,19.8,35.5,54.1
4588,134,3.39,24,43,67,0.152,6.765,17.9,32.1,50.0
4589,128,3.66,15,37,64,0.151,6.752,11.7,28.9,50.0
4590,166,3.31,33,62,93,0.149,6.758,19.9,37.3,56.0
4591,130,3.41,30,45,63,0.149,6.75,23.1,34.6,48.5
4592,135,3.64,20,44,68,0.146,6.758,14.8,32.6,50.4
4593,149,3.65,18,39,73,0.157,6.753,12.1,26.2,49.0
4594,137,3.64,17,41,66,0.153,6.748,12.4,29.9,48.2
4595,135,3.64,19,41,66,0.149,6.749,14.1,30.4,48.9
4596,121,3.69,13,35,61,0.151,6.753,10.7,28.9,50.4
4597,148,3.48,21,47,78,0.146,6.766,14.2,31.8,52.7
4598,146,3.64,24,46,67,0.152,6.752,16.4,31.5,45.9
4599,128,3.54,14,43,63,0.146,6.759,10.9,33.6,49.2
4600,153,3.5,28,54,77,0.15,6.765,18.3,35.3,50.3
4601,138,3.45,24,49,73,0.15,6.732,17.4,35.5,52.9
4602,141,3.68,19,39,64,0.147,6.763,13.5,27.7,45.4
4603,156,3.48,27,48,74,0.152,6.765,17.3,30.8,47.4
4604,164,3.49,28,52,83,0.15,6.753,17.1,31.7,50.6
4605,147,3.62,20,42,71,0.151,6.737,13.6,28.6,48.3
4606,129,3.22,23,54,75,0.152,6.744,17.8,41.9,58.1
4607,158,3.37,24,54,85,0.154,6.759,15.2,34.2,53.8
4608,151,3.58,23,49,74,0.153,6.757,15.2,32.5,49.0
4609,148,3.6,23,47,73,0.155,6.755,15.5,31.8,49.3
4610,168,3.47,32,59,89,0.154,6.756,19.0,35.1,53.0
4611,166,3.34,34,59,86,0.149,6.747,20.5,35.5,51.8
4612,136,3.69,20,42,60,0.151,6.746,14.7,30.9,44.1
4613,126,3.37,22,44,64,0.147,6.752,17.5,34.9,50.8
4614,157,3.48,40,56,81,0.148,6.752,25.5,35.7,51.6
4615,132,3.65,19,41,58,0.154,6.756,14.4,31.1,43.9
4616,126,3.63,19,32,58,0.147,6.769,15.1,25.4,46.0
4617,145,3.33,22,54,79,0.151,6.739,15.2,37.2,54.5
4618,158,3.45,31,54,79,0.152,6.751,19.6,34.2,50.0
4619,159,3.76,26,46,70,0.155,6.779,16.4,28.9,44.0
4620,143,3.42,27,51,75,0.152,6.749,18.9,35.7,52.4
4621,127,3.6,20,40,58,0.148,6.754,15.7,31.5,45.7
4622,115,3.25,26,42,67,0.152,6.737,22.6,36.5,58.3
4623,147,3.63,28,45,67,0.148,6.752,19.0,30.6,45.6
4624,141,3.58,21,43,67,0.156,6.749,14.9,30.5,47.5
4625,125,3.19,23,46,71,0.152,6.737,18.4,36.8,56.8
4626,132,3.5,19,40,68,0.156,6.754,14.4,30.3,51.5
4627,151,3.57,32,52,68,0.141,6.751,21.2,34.4,45.0
4628,139,3.4,23,50,76,0.148,6.754,16.5,36.0,54.7
4629,126,3.71,13,38,60,0.152,6.736,10.3,30.2,47.6
4630,141,3.52,21,45,66,0.153,6.755,14.9,31.9,46.8
4631,165,3.38,31,60,85,0.155,6.76,18.8,36.4,51.5
4632,131,3.53,23,44,69,0.149,6.761,17.6,33.6,52.7
4633,166,3.33,29,64,86,0.154,6.756,17.5,38.6,51.8
4634,137,3.52,26,50,67,0.145,6.752,19.0,36.5,48.9
4635,148,3.36,26,50,88,0.143,6.756,17.6,33.8,59.5
4636,144,3.66,21,40,66,0.148,6.748,14.6,27.8,45.8
4637,145,3.59,20,44,68,0.144,6.755,13.8,30.3,46.9
4638,138,3.36,25,47,77,0.158,6.738,18.1,34.1,55.8
4639,167,3.66,28,49,73,0.152,6.754,16.8,29.3,43.7
4640,163,3.47,28,51,77,0.148,6.739,17.2,31.3,47.2
4641,162,3.65,22,44,77,0.161,6.757,13.6,27.2,47.5
4642,169,3.38,31,61,90,0.146,6.76,18.3,36.1,53.3
4643,136,3.43,20,46,71,0.147,6.76,14.7,33.8,52.2
4644,161,3.65,23,52,74,0.153,6.775,14.3,32.3,46.0
4645,158,3.69,16,42,72,0.148,6.741,10.1,26.6,45.6
4646,130,3.57,16,42,63,0.146,6.741,12.3,32.3,48.5
4647,127,3.53,25,41,64,0.15,6.762,19.7,32.3,50.4
4648,152,3.7,16,45,66,0.155,6.748,10.5,29.6,43.4
4649,156,3.46,28,53,79,0.15,6.756,17.9,34.0,50.6
4650,111,3.3,25,48,60,0.142,6.757,22.5,43.2,54.1
4651,154,3.59,28,47,72,0.155,6.745,18.2,30.5,46.8
4652,121,3.57,14,40,61,0.152,6.723,11.6,33.1,50.4
4653,181,3.49,34,57,94,0.151,6.742,18.8,31.5,51.9
4654,136,3.43,26,46,66,0.155,6.752,19.1,33.8,48.5
4655,123,3.46,20,41,61,0.147,6.746,16.3,33.3,49.6
4656,164,3.45,27,55,86,0.157,6.751,16.5,33.5,52.4
4657,114,3.24,23,43,64,0.151,6.738,20.2,37.7,56.1
4658,142,3.35,25,50,73,0.153,6.764,17.6,35.2,51.4
4659,158,3.13,39,69,96,0.149,6.764,24.7,43.7,60.8
4660,150,3.56,22,44,79,0.153,6.769,14.7,29.3,52.7
4661,158,3.32,31,62,84,0.152,6.753,19.6,39.2,53.2
4662,119,3.59,21,37,57,0.153,6.755,17.6,31.1,47.9
4663,134,3.73,22,35,55,0.141,6.74,16.4,26.1,41.0
4664,131,3.63,24,37,58,0.16,6.737,18.3,28.2,44.3
4665,158,3.73,24,45,70,0.156,6.766,15.2,28.5,44.3
4666,141,3.26,25,51,82,0.151,6.758,17.7,36.2,58.2
4667,114,3.47,16,39,61,0.156,6.751,14.0,34.2,53.5
4668,126,3.29,28,47,69,0.151,6.738,22.2,37.3,54.8
4669,131,3.47,16,45,67,0.154,6.761,12.2,34.4,51.1
4670,141,3.77,13,35,68,0.148,6.74,9.2,24.8,48.2
4671,133,3.38,30,49,71,0.152,6.75,22.6,36.8,53.4
4672,163,3.47,21,58,85,0.157,6.768,12.9,35.6,52.1
4673,116,3.47,16,35,56,0.149,6.76,13.8,30.2,48.3
4674,138,3.43,26,45,69,0.15,6.744,18.8,32.6,50.0
4675,128,3.41,24,47,67,0.154,6.756,18.8,36.7,52.3
4676,142,3.48,21,42,72,0.153,6.736,14.8,29.6,50.7
4677,173,3.66,30,48,81,0.157,6.762,17.3,27.7,46.8
4678,129,3.58,20,39,62,0.144,6.773,15.5,30.2,48.1
4679,146,3.68,19,36,66,0.15,6.761,13.0,24.7,45.2
4680,142,3.41,21,51,75,0.152,6.758,14.8,35.9,52.8
4681,166,3.7,30,51,69,0.154,6.752,18.1,30.7,41.6
4682,165,3.4,27,61,83,0.151,6.754,16.4,37.0,50.3
4683,153,3.48,26,53,76,0.147,6.73,17.0,34.6,49.7
4684,150,3.41,27,49,78,0.145,6.76,18.0,32.7,52.0
4685,149,3.38,30,54,85,0.147,6.754,20.1,36.2,57.0
4686,152,3.55,23,50,77,0.148,6.756,15.1,32.9,50.7
4687,147,3.65,18,42,67,0.147,6.75,12.2,28.6,45.6
4688,133,3.61,23,42,64,0.144,6.746,17.3,31.6,48.1
4689,138,3.38,25,48,71,0.15,6.752,18.1,34.8,51.4
4690,143,3.51,25,43,71,0.145,6.741,17.5,30.1,49.7
4691,135,3.59,21,40,61,0.156,6.768,15.6,29.6,45.2
4692,150,3.37,28,52,78,0.149,6.75,18.7,34.7,52.0
4693,163,3.6,18,50,80,0.152,6.744,11.0,30.7,49.1
4694,121,3.47,18,40,64,0.152,6.751,14.9,33.1,52.9
4695,144,3.24,30,57,74,0.153,6.752,20.8,39.6,51.4
4696,130,3.45,20,35,65,0.149,6.77,15.4,26.9,50.0
4697,148,3.43,24,50,78,0.154,6.746,16.2,33.8,52.7
4698,118,3.57,20,34,53,0.15,6.741,16.9,28.8,44.9
4699,136,3.64,19,38,65,0.15,6.756,14.0,27.9,47.8
4700,170,3.38,28,60,91,0.148,6.75,16.5,35.3,53.5
4701,126,3.6,19,34,63,0.145,6.751,15.1,27.0,50.0
4702,144,3.37,21,52,77,0.155,6.746,14.6,36.1,53.5
4703,147,3.45,17,48,78,0.15,6.741,11.6,32.7,53.1
4704,148,3.45,27,54,79,0.149,6.767,18.2,36.5,53.4
4705,136,3.49,26,49,70,0.148,6.759,19.1,36.0,51.5
4706,128,3.35,25,50,64,0.155,6.749,19.5,39.1,50.0
4707,154,3.51,25,51,80,0.149,6.746,16.2,33.1,51.9
4708,130,3.76,19,31,57,0.154,6.781,14.6,23.8,43.8
4709,152,3.5,27,52,75,0.151,6.75,17.8,34.2,49.3
4710,138,3.54,26,48,66,0.148,6.762,18.8,34.8,47.8
4711,143,3.48,17,48,72,0.155,6.737,11.9,33.6,50.3
4712,118,3.74,19,32,46,0.155,6.756,16.1,27.1,39.0
4713,163,3.51,28,52,72,0.141,6.765,17.2,31.9,44.2
4714,146,3.39,23,50,77,0.154,6.74,15.8,34.2,52.7
4715,147,3.37,31,53,79,0.15,6.748,21.1,36.1,53.7
4716,154,3.25,33,60,84,0.15,6.751,21.4,39.0,54.5
4717,127,3.32,23,46,68,0.153,6.731,18.1,36.2,53.5
4718,155,3.39,21,60,87,0.155,6.741,13.5,38.7,56.1
4719,147,3.4,25,55,75,0.148,6.756,17.0,37.4,51.0
4720,142,3.5,30,47,71,0.156,6.766,21.1,33.1,50.0
4721,143,3.54,20,44,74,0.143,6.74,14.0,30.8,51.7
4722,137,3.45,22,50,71,0.146,6.754,16.1,36.5,51.8
4723,145,3.35,26,54,78,0.152,6.743,17.9,37.2,53.8
4724,145,3.52,23,45,74,0.154,6.752,15.9,31.0,51.0
4725,140,3.33,26,50,70,0.154,6.751,18.6,35.7,50.0
4726,126,3.45,25,48,63,0.147,6.739,19.8,38.1,50.0
4727,158,3.44,31,49,80,0.147,6.752,19.6,31.0,50.6
4728,162,3.57,28,54,77,0.149,6.748,17.3,33.3,47.5
4729,134,3.43,26,43,71,0.152,6.773,19.4,32.1,53.0
4730,136,3.3,26,51,77,0.162,6.767,19.1,37.5,56.6
4731,141,3.43,19,50,74,0.144,6.744,13.5,35.5,52.5
4732,128,3.52,20,44,62,0.147,6.77,15.6,34.4,48.4
4733,146,3.74,19,37,60,0.155,6.747,13.0,25.3,41.1
4734,154,3.47,27,54,77,0.152,6.749,17.5,35.1,50.0
4735,141,3.77,15,35,68,0.151,6.759,10.6,24.8,48.2
4736,145,3.56,22,39,69,0.149,6.75,15.2,26.9,47.6
4737,149,3.35,32,55,79,0.152,6.749,21.5,36.9,53.0
4738,140,3.59,21,40,71,0.153,6.738,15.0,28.6,50.7
4739,145,3.43,18,48,78,0.151,6.742,12.4,33.1,53.8
4740,127,3.5,22,42,62,0.146,6.755,17.3,33.1,48.8
4741,146,3.29,21,52,82,0.154,6.743,14.4,35.6,56.2
4742,150,3.51,24,48,73,0.149,6.757,16.0,32.0,48.7
4743,149,3.36,32,58,76,0.155,6.76,21.5,38.9,51.0
4744,140,3.51,20,43,67,0.163,6.762,14.3,30.7,47.9
4745,126,3.56,17,43,62,0.153,6.73,13.5,34.1,49.2
4746,145,3.61,21,40,66,0.15,6.758,14.5,27.6,45.5
4747,153,3.58,24,48,71,0.153,6.764,15.7,31.4,46.4
4748,135,3.84,19,35,53,0.158,6.761,14.1,25.9,39.3
4749,138,3.3,24,46,81,0.148,6.75,17.4,33.3,58.7
4750,120,3.6,20,37,57,0.149,6.734,16.7,30.8,47.5
4751,141,3.18,27,54,83,0.145,6.774,19.1,38.3,58.9
4752,159,3.69,25,50,71,0.158,6.761,15.7,31.4,44.7
4753,143,3.55,21,43,66,0.159,6.756,14.7,30.1,46.2
4754,141,3.51,22,45,69,0.147,6.753,15.6,31.9,48.9
4755,118,3.48,23,45,59,0.148,6.737,19.5,38.1,50.0
4756,136,3.33,24,50,71,0.146,6.747,17.6,36.8,52.2
4757,129,3.35,25,49,66,0.152,6.761,19.4,38.0,51.2
4758,150,3.42,29,52,80,0.15,6.748,19.3,34.7,53.3
4759,121,3.4,20,41,64,0.15,6.733,16.5,33.9,52.9
4760,147,3.35,24,53,80,0.148,6.763,16.3,36.1,54.4
4761,162,3.77,20,42,66,0.154,6.743,12.3,25.9,40.7
4762,165,3.25,33,68,99,0.144,6.742,20.0,41.2,60.0
4763,138,3.49,23,50,67,0.151,6.754,16.7,36.2,48.6
4764,150,3.58,23,50,72,0.151,6.741,15.3,33.3,48.0
4765,142,3.28,26,49,80,0.149,6.757,18.3,34.5,56.3
4766,148,3.41,28,55,77,0.147,6.747,18.9,37.2,52.0
4767,132,3.5,22,37,65,0.153,6.773,16.7,28.0,49.2
4768,143,3.26,31,58,79,0.148,6.741,21.7,40.6,55.2
4769,144,3.59,29,47,67,0.144,6.743,20.1,32.6,46.5
4770,139,3.26,25,51,82,0.146,6.744,18.0,36.7,59.0
4771,151,3.42,29,52,79,0.153,6.764,19.2,34.4,52.3
4772,144,3.36,30,51,82,0.141,6.751,20.8,35.4,56.9
4773,144,3.17,31,59,88,0.151,6.771,21.5,41.0,61.1
4774,123,3.79,17,31,52,0.156,6.738,13.8,25.2,42.3
4775,148,3.33,30,57,75,0.153,6.775,20.3,38.5,50.7
4776,139,3.37,26,54,76,0.155,6.76,18.7,38.8,54.7
4777,124,3.18,26,53,72,0.15,6.748,21.0,42.7,58.1
4778,143,3.71,23,43,63,0.147,6.776,16.1,30.1,44.1
4779,148,3.44,21,49,81,0.16,6.738,14.2,33.1,54.7
4780,128,3.62,18,42,64,0.143,6.743,14.1,32.8,50.0
4781,127,3.8,16,34,54,0.148,6.749,12.6,26.8,42.5
4782,151,3.59,21,54,74,0.155,6.746,13.9,35.8,49.0
4783,137,3.31,26,52,81,0.154,6.74,19.0,38.0,59.1
4784,134,3.52,16,43,74,0.146,6.773,11.9,32.1,55.2
4785,142,3.62,17,36,64,0.151,6.747,12.0,25.4,45.1
4786,149,3.62,23,53,68,0.15,6.754,15.4,35.6,45.6
4787,133,3.59,18,39,63,0.154,6.746,13.5,29.3,47.4
4788,160,3.57,21,45,80,0.153,6.756,13.1,28.1,50.0
4789,181,3.71,24,51,78,0.159,6.75,13.3,28.2,43.1
4790,141,3.41,28,54,73,0.149,6.757,19.9,38.3,51.8
4791,125,3.28,27,50,70,0.148,6.756,21.6,40.0,56.0
4792,160,3.5,24,51,78,0.151,6.744,15.0,31.9,48.8
4793,148,3.34,31,51,82,0.149,6.738,20.9,34.5,55.4
4794,157,3.66,22,44,76,0.145,6.736,14.0,28.0,48.4
4795,133,3.62,17,46,66,0.146,6.762,12.8,34.6,49.6
4796,173,3.38,31,65,94,0.152,6.74,17.9,37.6,54.3
4797,142,3.37,24,46,75,0.147,6.752,16.9,32.4,52.8
4798,179,3.34,34,65,95,0.151,6.756,19.0,36.3,53.1
4799,144,3.36,24,55,77,0.151,6.743,16.7,38.2,53.5
4800,112,3.54,13,33,55,0.146,6.765,11.6,29.5,49.1
4801,140,3.4,23,47,74,0.152,6.762,16.4,33.6,52.9
4802,134,3.52,20,44,66,0.144,6.737,14.9,32.8,49.3
4803,132,3.55,27,43,61,0.154,6.765,20.5,32.6,46.2
4804,161,3.45,35,54,87,0.151,6.747,21.7,33.5,54.0
4805,129,3.6,19,39,61,0.154,6.743,14.7,30.2,47.3
4806,129,3.44,21,42,65,0.151,6.744,16.3,32.6,50.4
4807,135,3.36,29,52,72,0.146,6.731,21.5,38.5,53.3
4808,158,3.5,28,52,77,0.154,6.759,17.7,32.9,48.7
4809,155,3.37,33,52,82,0.142,6.76,21.3,33.5,52.9
4810,129,3.21,33,55,69,0.147,6.749,25.6,42.6,53.5
4811,159,3.6,27,47,72,0.148,6.744,17.0,29.6,45.3
4812,151,3.49,28,50,72,0.148,6.774,18.5,33.1,47.7
4813,131,3.48,18,38,68,0.154,6.773,13.7,29.0,51.9
4814,136,3.47,21,44,72,0.145,6.746,15.4,32.4,52.9
4815,159,3.67,18,53,76,0.156,6.755,11.3,33.3,47.8
4816,146,3.31,30,56,81,0.156,6.741,20.5,38.4,55.5
4817,156,3.6,25,49,70,0.159,6.771,16.0,31.4,44.9
4818,127,3.59,15,35,62,0.146,6.75,11.8,27.6,48.8
4819,160,3.7,26,48,71,0.153,6.766,16.2,30.0,44.4
4820,114,3.3,19,43,65,0.147,6.74,16.7,37.7,57.0
4821,148,3.47,26,51,75,0.153,6.75,17.6,34.5,50.7
4822,137,3.41,25,50,70,0.155,6.748,18.2,36.5,51.1
4823,141,3.55,23,44,69,0.148,6.755,16.3,31.2,48.9
4824,139,3.69,16,39,64,0.149,6.759,11.5,28.1,46.0
4825,160,3.71,22,45,74,0.148,6.752,13.8,28.1,46.2
4826,157,3.36,31,59,85,0.147,6.765,19.7,37.6,54.1
4827,138,3.38,26,50,72,0.149,6.749,18.8,36.2,52.2
4828,140,3.51,30,48,63,0.146,6.757,21.4,34.3,45.0
4829,125,3.15,25,49,72,0.149,6.744,20.0,39.2,57.6
4830,138,3.42,25,46,69,0.151,6.74,18.1,33.3,50.0
4831,136,3.47,23,53,72,0.152,6.765,16.9,39.0,52.9
4832,153,3.31,31,57,83,0.15,6.754,20.3,37.3,54.2
4833,118,3.53,19,37,57,0.158,6.763,16.1,31.4,48.3
4834,144,3.42,21,54,76,0.141,6.735,14.6,37.5,52.8
4835,140,3.35,25,48,80,0.149,6.739,17.9,34.3,57.1
4836,158,3.34,30,56,87,0.148,6.763,19.0,35.4,55.1
4837,129,3.67,24,40,58,0.149,6.749,18.6,31.0,45.0
4838,141,3.55,19,41,67,0.149,6.749,13.5,29.1,47.5
4839,170,3.46,30,52,87,0.154,6.751,17.6,30.6,51.2
4840,137,3.32,25,50,75,0.148,6.732,18.2,36.5,54.7
4841,134,3.57,22,49,64,0.15,6.753,16.4,36.6,47.8
4842,136,3.53,19,43,70,0.146,6.76,14.0,31.6,51.5
4843,149,3.47,26,50,76,0.151,6.747,17.4,33.6,51.0
4844,137,3.5,22,45,62,0.15,6.778,16.1,32.8,45.3
4845,162,3.38,25,58,93,0.149,6.756,15.4,35.8,57.4
4846,141,3.47,20,50,68,0.15,6.76,14.2,35.5,48.2
4847,119,3.77,15,34,49,0.151,6.757,12.6,28.6,41.2
4848,136,3.42,21,46,71,0.15,6.746,15.4,33.8,52.2
4849,127,3.51,23,43,60,0.151,6.738,18.1,33.9,47.2
4850,154,3.55,25,49,72,0.142,6.731,16.2,31.8,46.8
4851,145,3.67,22,47,63,0.144,6.74,15.2,32.4,43.4
4852,146,3.5,29,49,72,0.153,6.757,19.9,33.6,49.3
4853,130,3.48,24,43,70,0.162,6.761,18.5,33.1,53.8
4854,156,3.72,27,47,69,0.147,6.746,17.3,30.1,44.2
4855,120,3.68,14,36,56,0.15,6.754,11.7,30.0,46.7
4856,128,3.43,23,48,67,0.144,6.761,18.0,37.5,52.3
4857,161,3.21,36,65,86,0.152,6.753,22.4,40.4,53.4
4858,114,3.75,14,31,51,0.15,6.749,12.3,27.2,44.7
4859,109,3.53,17,32,55,0.148,6.754,15.6,29.4,50.5
4860,142,3.69,16,43,66,0.153,6.743,11.3,30.3,46.5
4861,137,3.61,17,50,64,0.156,6.751,12.4,36.5,46.7
4862,139,3.49,23,47,73,0.152,6.745,16.5,33.8,52.5
4863,121,3.35,23,46,67,0.152,6.741,19.0,38.0,55.4
4864,127,3.54,22,40,63,0.151,6.748,17.3,31.5,49.6
4865,133,3.35,27,46,74,0.147,6.768,20.3,34.6,55.6
4866,149,3.53,26,45,74,0.152,6.759,17.4,30.2,49.7
4867,126,3.51,20,48,63,0.151,6.752,15.9,38.1,50.0
4868,138,3.61,21,42,65,0.148,6.757,15.2,30.4,47.1
4869,130,3.16,27,52,80,0.147,6.748,20.8,40.0,61.5
4870,152,3.76,21,43,66,0.149,6.747,13.8,28.3,43.4
4871,151,3.6,24,47,70,0.148,6.756,15.9,31.1,46.4
4872,150,3.41,27,52,82,0.146,6.753,18.0,34.7,54.7
4873,130,3.47,19,45,68,0.156,6.747,14.6,34.6,52.3
4874,152,3.5,27,54,75,0.145,6.776,17.8,35.5,49.3
4875,140,3.65,18,37,69,0.157,6.774,12.9,26.4,49.3
4876,153,3.48,26,52,78,0.153,6.763,17.0,34.0,51.0
4877,129,3.53,17,47,65,0.149,6.763,13.2,36.4,50.4
4878,165,3.74,22,50,71,0.146,6.758,13.3,30.3,43.0
4879,139,3.44,24,48,76,0.154,6.749,17.3,34.5,54.7
4880,154,3.62,19,51,77,0.151,6.762,12.3,33.1,50.0
4881,135,3.4,24,47,72,0.15,6.766,17.8,34.8,53.3
4882,120,3.63,15,34,59,0.147,6.754,12.5,28.3,49.2
4883,152,3.51,23,51,77,0.149,6.754,15.1,33.6,50.7
4884,138,3.53,26,48,64,0.15,6.768,18.8,34.8,46.4
4885,150,3.41,27,50,77,0.146,6.751,18.0,33.3,51.3
4886,132,3.43,19,43,72,0.153,6.754,14.4,32.6,54.5
4887,130,3.47,23,45,64,0.152,6.754,17.7,34.6,49.2
4888,155,3.45,28,56,80,0.154,6.741,18.1,36.1,51.6
4889,159,3.52,30,54,76,0.143,6.757,18.9,34.0,47.8
4890,152,3.64,28,49,67,0.152,6.743,18.4,32.2,44.1
4891,128,3.51,18,36,68,0.142,6.76,14.1,28.1,53.1
4892,115,3.61,17,35,56,0.154,6.75,14.8,30.4,48.7
4893,148,3.44,25,52,76,0.149,6.76,16.9,35.1,51.4
4894,150,3.66,27,50,72,0.152,6.747,18.0,33.3,48.0
4895,147,3.52,23,46,68,0.151,6.748,15.6,31.3,46.3
4896,151,3.35,34,56,78,0.151,6.745,22.5,37.1,51.7
4897,138,3.62,19,47,67,0.16,6.762,13.8,34.1,48.6
4898,153,3.41,28,52,77,0.152,6.756,18.3,34.0,50.3
4899,140,3.41,29,48,71,0.148,6.749,20.7,34.3,50.7
4900,129,3.72,17,38,61,0.16,6.746,13.2,29.5,47.3
4901,142,3.3,33,59,78,0.152,6.742,23.2,41.5,54.9
4902,149,3.4,17,52,80,0.154,6.748,11.4,34.9,53.7
4903,120,3.58,18,38,54,0.152,6.746,15.0,31.7,45.0
4904,146,3.51,30,48,69,0.145,6.746,20.5,32.9,47.3
4905,153,3.31,31,55,80,0.156,6.745,20.3,35.9,52.3
4906,138,3.54,19,47,73,0.154,6.758,13.8,34.1,52.9
4907,143,3.64,22,46,69,0.151,6.761,15.4,32.2,48.3
4908,137,3.33,28,51,71,0.15,6.759,20.4,37.2,51.8
4909,138,3.36,27,47,71,0.145,6.77,19.6,34.1,51.4
4910,153,3.37,19,53,86,0.151,6.746,12.4,34.6,56.2
4911,141,3.65,17,32,66,0.156,6.769,12.1,22.7,46.8
4912,138,3.51,28,46,61,0.149,6.756,20.3,33.3,44.2
4913,130,3.72,14,41,60,0.147,6.738,10.8,31.5,46.2
4914,144,3.52,20,43,73,0.151,6.754,13.9,29.9,50.7
4915,121,3.53,22,40,58,0.149,6.754,18.2,33.1,47.9
4916,156,3.61,21,48,73,0.154,6.757,13.5,30.8,46.8
4917,144,3.43,25,50,78,0.151,6.746,17.4,34.7,54.2
4918,153,3.43,26,53,83,0.145,6.751,17.0,34.6,54.2
4919,112,3.39,18,38,62,0.151,6.747,16.1,33.9,55.4
4920,141,3.57,24,45,66,0.148,6.745,17.0,31.9,46.8
4921,145,3.58,24,51,69,0.15,6.758,16.6,35.2,47.6
4922,132,3.38,24,43,70,0.152,6.758,18.2,32.6,53.0
4923,124,3.48,17,45,70,0.155,6.746,13.7,36.3,56.5
4924,143,3.55,25,46,68,0.154,6.764,17.5,32.2,47.6
4925,142,3.48,27,45,72,0.148,6.745,19.0,31.7,50.7
4926,125,3.36,25,45,65,0.146,6.749,20.0,36.0,52.0
4927,138,3.62,23,41,61,0.158,6.751,16.7,29.7,44.2
4928,138,3.67,17,41,66,0.155,6.738,12.3,29.7,47.8
4929,153,3.64,23,41,67,0.148,6.742,15.0,26.8,43.8
4930,156,3.53,29,56,71,0.154,6.746,18.6,35.9,45.5
4931,172,3.33,32,72,96,0.151,6.746,18.6,41.9,55.8
4932,128,3.33,26,49,71,0.15,6.759,20.3,38.3,55.5
4933,124,3.26,26,48,70,0.148,6.745,21.0,38.7,56.5
4934,152,3.59,24,46,68,0.157,6.766,15.8,30.3,44.7
4935,139,3.59,21,46,70,0.148,6.747,15.1,33.1,50.4
4936,162,3.65,27,55,73,0.153,6.747,16.7,34.0,45.1
4937,134,3.66,20,44,61,0.145,6.747,14.9,32.8,45.5
4938,159,3.17,38,63,90,0.148,6.734,23.9,39.6,56.6
4939,147,3.48,28,52,76,0.153,6.757,19.0,35.4,51.7
4940,134,3.74,18,34,60,0.155,6.755,13.4,25.4,44.8
4941,140,3.59,22,45,70,0.157,6.747,15.7,32.1,50.0
4942,114,3.81,14,31,50,0.145,6.745,12.3,27.2,43.9
4943,131,3.71,14,37,58,0.145,6.742,10.7,28.2,44.3
4944,141,3.37,29,52,72,0.155,6.73,20.6,36.9,51.1
4945,123,3.37,18,49,64,0.148,6.739,14.6,39.8,52.0
4946,127,3.58,23,44,62,0.157,6.735,18.1,34.6,48.8
4947,145,3.74,21,38,64,0.155,6.75,14.5,26.2,44.1
4948,154,3.38,30,58,80,0.153,6.739,19.5,37.7,51.9
4949,163,3.56,22,51,75,0.148,6.753,13.5,31.3,46.0
4950,144,3.4,26,57,78,0.153,6.737,18.1,39.6,54.2
4951,136,3.69,18,39,63,0.149,6.754,13.2,28.7,46.3
4952,130,3.46,21,43,66,0.151,6.74,16.2,33.1,50.8
4953,137,3.32,27,50,77,0.152,6.749,19.7,36.5,56.2
4954,143,3.58,26,45,70,0.153,6.765,18.2,31.5,49.0
4955,141,3.63,22,47,67,0.147,6.747,15.6,33.3,47.5
4956,145,3.77,18,39,68,0.154,6.75,12.4,26.9,46.9
4957,136,3.43,22,47,71,0.155,6.745,16.2,34.6,52.2
4958,167,3.25,39,65,95,0.147,6.745,23.4,38.9,56.9
4959,135,3.3,20,47,73,0.143,6.746,14.8,34.8,54.1
4960,144,3.2,32,62,86,0.152,6.761,22.2,43.1,59.7
4961,140,3.52,23,49,70,0.152,6.742,16.4,35.0,50.0
4962,157,3.43,25,56,80,0.15,6.752,15.9,35.7,51.0
4963,139,3.58,21,48,66,0.149,6.759,15.1,34.5,47.5
4964,140,3.44,24,54,73,0.144,6.78,17.1,38.6,52.1
4965,141,3.66,19,36,66,0.149,6.756,13.5,25.5,46.8
4966,139,3.37,23,56,75,0.151,6.736,16.5,40.3,54.0
4967,143,3.14,38,63,83,0.148,6.764,26.6,44.1,58.0
4968,113,3.33,19,40,65,0.156,6.746,16.8,35.4,57.5
4969,146,3.51,18,51,75,0.149,6.757,12.3,34.9,51.4
4970,142,3.42,23,50,73,0.144,6.742,16.2,35.2,51.4
4971,122,3.65,20,37,58,0.141,6.756,16.4,30.3,47.5
4972,107,3.17,17,44,62,0.158,6.763,15.9,41.1,57.9
4973,135,3.51,20,47,66,0.158,6.751,14.8,34.8,48.9
4974,138,3.41,24,47,75,0.152,6.743,17.4,34.1,54.3
4975,143,3.38,28,54,75,0.145,6.746,19.6,37.8,52.4
4976,137,3.46,21,54,67,0.156,6.756,15.3,39.4,48.9
4977,128,3.58,25,44,59,0.152,6.741,19.5,34.4,46.1
4978,156,3.32,25,55,87,0.147,6.757,16.0,35.3,55.8
4979,139,3.42,27,50,71,0.153,6.762,19.4,36.0,51.1
4980,143,3.51,25,48,73,0.152,6.758,17.5,33.6,51.0
4981,157,3.51,24,56,79,0.151,6.781,15.3,35.7,50.3
4982,144,3.47,28,48,71,0.148,6.754,19.4,33.3,49.3
4983,143,3.76,20,43,64,0.153,6.765,14.0,30.1,44.8
4984,165,3.55,30,56,81,0.156,6.742,18.2,33.9,49.1
4985,169,3.45,28,60,86,0.149,6.753,16.6,35.5,50.9
4986,157,3.33,26,63,85,0.146,6.762,16.6,40.1,54.1
4987,139,3.42,27,47,70,0.156,6.749,19.4,33.8,50.4
4988,153,3.7,22,51,70,0.152,6.766,14.4,33.3,45.8
4989,134,3.66,18,41,61,0.146,6.762,13.4,30.6,45.5
4990,128,3.59,23,38,57,0.144,6.741,18.0,29.7,44.5
4991,135,3.57,20,43,67,0.148,6.754,14.8,31.9,49.6
4992,142,3.27,34,51,78,0.158,6.752,23.9,35.9,54.9
4993,127,3.5,18,40,65,0.147,6.758,14.2,31.5,51.2
4994,146,3.14,35,59,88,0.15,6.761,24.0,40.4,60.3
4995,143,3.41,23,46,71,0.152,6.744,16.1,32.2,49.7
4996,134,3.38,24,45,73,0.15,6.742,17.9,33.6,54.5
4997,154,3.52,25,58,77,0.148,6.756,16.2,37.7,50.0
4998,130,3.66,21,37,62,0.149,6.75,16.2,28.5,47.7
4999,145,3.51,25,53,70,0.151,6.763,17.2,36.6,48.3
5000,17,3.65,3,5,6,0.125,6.718,17.6,29.4,35.3
5002,17,3.06,6,7,10,0.176,6.718,35.3,41.2,58.8
5003,14,2.93,5,8,8,0.144,6.655,35.7,57.1,57.1
5004,15,2.73,4,8,10,0.147,6.805,26.7,53.3,66.7
5005,17,1.65,11,14,16,0.159,6.618,64.7,82.4,94.1
5006,15,4.27,1,3,5,0.18,6.837,6.7,20.0,33.3
5007,24,3.33,2,7,14,0.182,6.77,8.3,29.2,58.3
5008,21,4.19,0,4,5,0.16,6.77,0.0,19.0,23.8
5009,24,3.83,2,6,10,0.191,6.691,8.3,25.0,41.7
5010,21,3.48,1,5,10,0.168,6.855,4.8,23.8,47.6
5011,11,3.91,1,2,5,0.148,6.835,9.1,18.2,45.5
5012,16,3.25,1,6,11,0.153,6.785,6.2,37.5,68.8
5013,18,3.11,4,8,10,0.166,6.714,22.2,44.4,55.6
5014,15,2.93,3,8,10,0.137,6.867,20.0,53.3,66.7
5015,24,2.75,8,14,14,0.15,6.723,33.3,58.3,58.3
5016,16,3.31,4,5,7,0.157,6.821,25.0,31.2,43.8
5017,14,3.64,2,5,6,0.124,6.766,14.3,35.7,42.9
5018,19,3.26,5,7,12,0.123,6.779,26.3,36.8,63.2
5019,13,3.85,2,3,5,0.158,6.738,15.4,23.1,38.5
5020,7,3.71,0,1,4,0.184,6.714,0.0,14.3,57.1
5022,16,3.06,3,9,9,0.201,6.718,18.8,56.2,56.2
5023,13,3.23,2,4,8,0.188,6.815,15.4,30.8,61.5
5026,4,3.5,0,2,2,0.15,6.67,0.0,50.0,50.0
5027,13,4.31,0,0,2,0.179,6.708,0.0,0.0,15.4
5028,10,2.6,2,5,8,0.176,6.662,20.0,50.0,80.0
5029,9,2.67,3,4,6,0.116,6.847,33.3,44.4,66.7
5031,10,3.3,2,5,5,0.174,6.686,20.0,50.0,50.0
5032,12,3.75,0,2,6,0.198,6.833,0.0,16.7,50.0
5033,10,3.7,2,3,4,0.192,6.722,20.0,30.0,40.0
5034,21,2.71,9,11,14,0.128,6.725,42.9,52.4,66.7
5035,15,2.47,4,9,12,0.156,6.603,26.7,60.0,80.0
5036,15,2.93,4,9,9,0.173,6.648,26.7,60.0,60.0
5037,17,2.82,5,8,12,0.149,6.766,29.4,47.1,70.6
5038,10,3.0,2,5,7,0.163,6.709,20.0,50.0,70.0
5042,19,3.58,4,5,10,0.126,6.714,21.1,26.3,52.6
5043,16,3.44,1,5,7,0.14,6.777,6.2,31.2,43.8
5044,11,3.18,4,5,6,0.105,6.793,36.4,45.5,54.5
5045,21,3.19,4,6,11,0.198,6.835,19.0,28.6,52.4
5046,18,4.11,1,2,5,0.173,6.719,5.6,11.1,27.8
5047,13,2.92,3,6,9,0.141,6.769,23.1,46.2,69.2
5048,11,4.45,0,2,2,0.225,6.643,0.0,18.2,18.2
5049,12,2.67,4,7,8,0.194,6.74,33.3,58.3,66.7
5050,2,5.0,0,0,0,0.235,6.935,0.0,0.0,0.0
5051,16,2.88,4,7,11,0.136,6.707,25.0,43.8,68.8
5052,7,3.0,1,2,5,0.187,6.709,14.3,28.6,71.4
5053,12,4.5,0,2,2,0.192,6.857,0.0,16.7,16.7
5054,19,2.79,3,9,13,0.143,6.83,15.8,47.4,68.4
5055,14,2.64,5,7,10,0.191,6.804,35.7,50.0,71.4
5057,14,3.64,1,5,7,0.177,6.714,7.1,35.7,50.0
5058,4,2.5,1,3,3,0.122,6.725,25.0,75.0,75.0
5060,17,3.76,2,4,7,0.185,6.645,11.8,23.5,41.2
5061,14,4.86,0,1,2,0.184,6.754,0.0,7.1,14.3
5063,5,3.8,1,2,2,0.256,6.746,20.0,40.0,40.0
5064,19,3.26,3,7,10,0.151,6.801,15.8,36.8,52.6
5065,14,3.29,2,5,8,0.121,6.73,14.3,35.7,57.1
5066,15,3.33,2,4,9,0.196,6.847,13.3,26.7,60.0
5067,11,3.64,3,4,5,0.147,6.751,27.3,36.4,45.5
5068,18,3.22,5,7,8,0.153,6.71,27.8,38.9,44.4
5069,11,4.27,1,3,5,0.144,6.774,9.1,27.3,45.5
5070,8,4.62,0,1,2,0.206,6.759,0.0,12.5,25.0
5071,17,3.18,4,7,10,0.108,6.699,23.5,41.2,58.8
5072,4,5.0,0,0,0,0.202,6.812,0.0,0.0,0.0
5073,16,3.19,3,6,11,0.191,6.697,18.8,37.5,68.8
5074,19,3.58,3,6,8,0.182,6.838,15.8,31.6,42.1
5075,18,3.39,4,6,9,0.181,6.799,22.2,33.3,50.0
5076,13,3.23,2,4,9,0.154,6.752,15.4,30.8,69.2
5077,9,4.44,0,1,3,0.134,6.719,0.0,11.1,33.3
5078,15,3.33,2,6,9,0.153,6.888,13.3,40.0,60.0
5079,24,3.96,4,6,10,0.164,6.806,16.7,25.0,41.7
5081,18,2.72,4,8,14,0.171,6.868,22.2,44.4,77.8
5082,20,3.85,3,4,9,0.196,6.818,15.0,20.0,45.0
5084,13,3.08,3,5,8,0.148,6.768,23.1,38.5,61.5
5086,18,4.5,2,4,4,0.164,6.837,11.1,22.2,22.2
5087,16,2.06,7,12,13,0.146,6.758,43.8,75.0,81.2
5088,17,2.88,5,8,11,0.129,6.814,29.4,47.1,64.7
5089,22,2.91,4,9,17,0.165,6.722,18.2,40.9,77.3
5090,15,3.47,3,5,8,0.137,6.909,20.0,33.3,53.3
5091,5,2.2,3,4,4,0.14,6.616,60.0,80.0,80.0
5092,22,2.77,8,12,14,0.126,6.747,36.4,54.5,63.6
5093,17,4.06,1,6,6,0.177,6.762,5.9,35.3,35.3
5095,23,3.22,7,9,13,0.142,6.763,30.4,39.1,56.5
5096,7,3.29,2,2,4,0.127,6.839,28.6,28.6,57.1
5098,9,2.89,1,3,6,0.121,6.654,11.1,33.3,66.7
5100,5,4.4,0,0,1,0.176,6.862,0.0,0.0,20.0
5101,8,4.12,0,1,3,0.201,6.698,0.0,12.5,37.5
5102,7,5.43,0,0,0,0.209,6.799,0.0,0.0,0.0
5103,7,3.29,1,2,3,0.18,6.8,14.3,28.6,42.9
5105,2,4.0,0,0,1,0.115,6.79,0.0,0.0,50.0
5106,8,2.38,2,6,6,0.195,6.751,25.0,75.0,75.0
5107,11,3.82,1,4,4,0.177,6.715,9.1,36.4,36.4
5108,10,4.2,0,1,2,0.213,6.763,0.0,10.0,20.0
5109,12,3.0,2,4,8,0.132,6.812,16.7,33.3,66.7
5110,13,3.38,2,3,8,0.16,6.805,15.4,23.1,61.5
5111,10,2.8,2,5,8,0.12,6.757,20.0,50.0,80.0
5112,19,2.58,8,9,13,0.156,6.769,42.1,47.4,68.4
5113,8,4.25,1,2,3,0.182,6.906,12.5,25.0,37.5
5114,17,3.65,1,3,10,0.188,6.836,5.9,17.6,58.8
5115,8,2.88,1,4,5,0.135,6.792,12.5,50.0,62.5
5117,14,4.21,0,4,6,0.191,6.733,0.0,28.6,42.9
5118,7,2.14,3,4,6,0.164,6.891,42.9,57.1,85.7
5120,10,4.0,2,2,3,0.164,6.689,20.0,20.0,30.0
5121,18,2.61,8,12,13,0.129,6.833,44.4,66.7,72.2
5122,9,4.0,0,3,3,0.191,6.81,0.0,33.3,33.3
5123,15,3.07,4,4,9,0.158,6.823,26.7,26.7,60.0
5124,8,4.0,0,1,4,0.184,6.701,0.0,12.5,50.0
5125,10,2.4,4,6,7,0.174,6.82,40.0,60.0,70.0
5126,18,2.5,7,11,14,0.14,6.757,38.9,61.1,77.8
5127,3,2.33,1,1,3,0.187,6.947,33.3,33.3,100.0
5128,8,3.75,2,3,4,0.18,6.706,25.0,37.5,50.0
5129,9,3.78,0,1,4,0.14,6.897,0.0,11.1,44.4
5130,13,3.54,1,3,6,0.164,6.719,7.7,23.1,46.2
5131,3,5.0,0,0,1,0.14,6.943,0.0,0.0,33.3
5132,10,4.2,0,3,4,0.128,6.733,0.0,30.0,40.0
5133,13,3.46,1,3,6,0.25,6.837,7.7,23.1,46.2
5134,19,2.95,5,10,12,0.145,6.818,26.3,52.6,63.2
5135,13,5.23,0,1,1,0.318,6.775,0.0,7.7,7.7
5136,19,3.05,6,7,12,0.138,6.812,31.6,36.8,63.2
5137,17,3.41,3,6,10,0.159,6.782,17.6,35.3,58.8
5138,7,4.71,0,0,1,0.201,6.924,0.0,0.0,14.3
5139,18,2.83,7,9,10,0.149,6.707,38.9,50.0,55.6
5140,12,4.0,0,2,4,0.18,6.855,0.0,16.7,33.3
5141,20,2.4,8,10,17,0.142,6.818,40.0,50.0,85.0
5142,4,2.5,1,2,3,0.14,6.66,25.0,50.0,75.0
5143,13,4.23,2,2,6,0.165,6.683,15.4,15.4,46.2
5144,11,2.09,4,8,10,0.145,6.85,36.4,72.7,90.9
5145,12,4.08,2,3,4,0.167,6.786,16.7,25.0,33.3
5146,15,2.8,4,6,10,0.139,6.825,26.7,40.0,66.7
5147,7,3.29,2,2,4,0.159,6.75,28.6,28.6,57.1
5148,10,3.0,2,4,5,0.188,6.906,20.0,40.0,50.0
5150,14,2.29,5,11,11,0.142,6.655,35.7,78.6,78.6
5151,14,3.5,2,4,7,0.236,6.746,14.3,28.6,50.0
5152,3,3.0,0,1,2,0.263,6.89,0.0,33.3,66.7
5153,9,3.89,0,2,3,0.139,6.81,0.0,22.2,33.3
5154,13,3.77,1,4,5,0.192,6.78,7.7,30.8,38.5
5155,15,3.13,2,5,9,0.157,6.849,13.3,33.3,60.0
5156,12,3.67,1,3,7,0.113,6.722,8.3,25.0,58.3
5157,9,4.0,1,1,3,0.204,6.743,11.1,11.1,33.3
5158,15,1.8,9,12,14,0.146,6.841,60.0,80.0,93.3
5160,18,3.11,4,9,11,0.152,6.743,22.2,50.0,61.1
5161,9,3.89,2,2,3,0.128,6.803,22.2,22.2,33.3
5162,9,4.56,0,1,1,0.193,6.864,0.0,11.1,11.1
5163,13,4.08,2,2,5,0.151,6.774,15.4,15.4,38.5
5164,6,4.67,1,1,1,0.203,6.947,16.7,16.7,16.7
5165,15,3.47,3,5,7,0.139,6.861,20.0,33.3,46.7
5166,13,2.77,6,6,7,0.154,6.78,46.2,46.2,53.8
5167,16,3.25,1,7,8,0.159,6.682,6.2,43.8,50.0
5170,15,3.33,2,4,8,0.159,6.769,13.3,26.7,53.3
5172,10,4.0,0,1,4,0.232,6.77,0.0,10.0,40.0
5173,14,2.86,4,6,9,0.136,6.744,28.6,42.9,64.3
5174,9,3.44,2,2,4,0.182,6.828,22.2,22.2,44.4
5175,4,4.75,0,0,1,0.19,6.78,0.0,0.0,25.0
5176,10,5.7,0,0,0,0.17,6.811,0.0,0.0,0.0
5177,16,4.31,1,1,4,0.196,6.831,6.2,6.2,25.0
5178,16,3.94,1,4,5,0.176,6.75,6.2,25.0,31.2
5179,11,3.91,0,4,5,0.23,6.781,0.0,36.4,45.5
5180,15,4.53,1,3,5,0.197,6.789,6.7,20.0,33.3
5181,13,3.85,0,1,6,0.165,6.783,0.0,7.7,46.2
5182,14,3.93,0,3,6,0.119,6.786,0.0,21.4,42.9
5183,5,2.8,1,3,3,0.112,6.776,20.0,60.0,60.0
5184,1,6.0,0,0,0,0.4,6.64,0.0,0.0,0.0
5185,15,4.2,2,3,4,0.135,6.86,13.3,20.0,26.7
5188,5,3.2,1,2,3,0.116,6.756,20.0,40.0,60.0
5189,23,3.17,5,9,13,0.182,6.835,21.7,39.1,56.5
5190,15,3.0,4,6,9,0.15,6.663,26.7,40.0,60.0
5191,16,3.56,4,5,9,0.124,6.688,25.0,31.2,56.2
5192,14,3.64,4,5,7,0.184,6.949,28.6,35.7,50.0
5193,16,3.0,4,6,9,0.146,6.756,25.0,37.5,56.2
5194,16,4.12,3,3,6,0.164,6.977,18.8,18.8,37.5
5195,16,3.69,0,5,9,0.159,6.768,0.0,31.2,56.2
5196,22,2.68,8,8,18,0.155,6.715,36.4,36.4,81.8
5198,22,4.05,1,4,7,0.201,6.779,4.5,18.2,31.8
5199,16,3.88,3,4,6,0.107,6.766,18.8,25.0,37.5
5200,9,5.11,0,0,0,0.246,6.779,0.0,0.0,0.0
5203,14,3.93,2,3,6,0.145,6.844,14.3,21.4,42.9
5204,8,5.0,0,0,0,0.152,6.788,0.0,0.0,0.0
5205,18,3.0,2,8,11,0.208,6.691,11.1,44.4,61.1
5206,18,4.94,0,2,3,0.172,6.856,0.0,11.1,16.7
5207,8,2.75,2,4,5,0.209,6.82,25.0,50.0,62.5
5208,12,4.25,1,2,3,0.148,6.78,8.3,16.7,25.0
5209,9,3.89,1,1,4,0.163,6.792,11.1,11.1,44.4
5210,17,3.18,2,6,11,0.149,6.795,11.8,35.3,64.7
5211,14,3.86,1,4,5,0.152,6.842,7.1,28.6,35.7
5212,9,2.11,4,6,8,0.164,6.783,44.4,66.7,88.9
5213,18,3.67,2,4,7,0.207,6.808,11.1,22.2,38.9
5214,20,3.45,2,7,11,0.202,6.908,10.0,35.0,55.0
5216,17,3.18,3,6,11,0.191,6.781,17.6,35.3,64.7
5217,21,3.1,6,9,12,0.144,6.756,28.6,42.9,57.1
5218,22,2.91,5,11,14,0.144,6.803,22.7,50.0,63.6
5220,21,3.71,5,7,9,0.112,6.728,23.8,33.3,42.9
5221,14,2.86,4,8,8,0.12,6.804,28.6,57.1,57.1
5222,8,3.38,0,1,6,0.198,6.708,0.0,12.5,75.0
5223,23,3.09,3,10,13,0.167,6.753,13.0,43.5,56.5
5224,24,2.46,9,13,19,0.139,6.802,37.5,54.2,79.2
5226,10,3.3,1,3,6,0.168,6.748,10.0,30.0,60.0
5228,13,3.46,3,4,7,0.198,6.762,23.1,30.8,53.8
5229,8,2.88,3,4,4,0.158,6.659,37.5,50.0,50.0
5230,11,3.27,0,4,6,0.229,6.746,0.0,36.4,54.5
5231,9,3.0,2,3,6,0.176,6.734,22.2,33.3,66.7
5232,6,2.83,0,2,5,0.232,6.752,0.0,33.3,83.3
5234,19,2.89,5,9,12,0.165,6.777,26.3,47.4,63.2
5235,8,5.0,0,0,1,0.155,6.709,0.0,0.0,12.5
5236,10,3.8,0,3,4,0.165,6.812,0.0,30.0,40.0
5237,4,5.25,0,0,0,0.218,6.81,0.0,0.0,0.0
5238,19,3.37,3,8,10,0.167,6.863,15.8,42.1,52.6
5239,22,3.5,3,6,9,0.159,6.836,13.6,27.3,40.9
5240,14,2.79,3,8,10,0.133,6.791,21.4,57.1,71.4
5241,19,3.47,3,5,11,0.172,6.729,15.8,26.3,57.9
5242,14,4.57,0,2,2,0.185,6.852,0.0,14.3,14.3
5243,23,3.3,4,9,12,0.202,6.83,17.4,39.1,52.2
5244,10,4.2,0,2,2,0.203,6.742,0.0,20.0,20.0
5245,14,3.57,3,4,7,0.197,6.751,21.4,28.6,50.0
5246,17,3.59,0,6,8,0.152,6.785,0.0,35.3,47.1
5247,16,3.62,2,6,6,0.191,6.715,12.5,37.5,37.5
5248,6,3.67,0,1,2,0.162,6.695,0.0,16.7,33.3
5249,11,2.91,0,5,9,0.143,6.764,0.0,45.5,81.8
5250,15,4.0,1,3,4,0.18,6.918,6.7,20.0,26.7
5251,5,5.0,0,0,0,0.15,6.852,0.0,0.0,0.0
5252,21,3.38,2,7,14,0.143,6.702,9.5,33.3,66.7
5254,15,3.87,2,3,3,0.179,6.795,13.3,20.0,20.0
5255,19,2.63,4,9,14,0.167,6.667,21.1,47.4,73.7
5256,8,2.88,2,3,5,0.126,6.788,25.0,37.5,62.5
5257,28,2.89,8,13,18,0.158,6.769,28.6,46.4,64.3
5258,15,3.13,3,6,7,0.157,6.829,20.0,40.0,46.7
5259,6,4.83,0,0,0,0.228,6.725,0.0,0.0,0.0
5261,9,3.22,2,3,4,0.137,6.768,22.2,33.3,44.4
5262,8,3.5,1,2,5,0.155,6.721,12.5,25.0,62.5
5263,11,4.27,0,1,4,0.189,6.806,0.0,9.1,36.4
5264,12,3.17,1,2,9,0.152,6.762,8.3,16.7,75.0
5265,12,4.67,1,1,2,0.175,6.899,8.3,8.3,16.7
5266,9,3.56,1,3,5,0.176,6.808,11.1,33.3,55.6
5267,21,2.76,7,10,16,0.124,6.785,33.3,47.6,76.2
5268,8,3.5,1,4,4,0.156,6.7,12.5,50.0,50.0
5269,14,3.57,3,4,4,0.144,6.822,21.4,28.6,28.6
5270,11,4.45,1,1,4,0.24,6.774,9.1,9.1,36.4
5272,15,3.93,0,3,6,0.182,6.709,0.0,20.0,40.0
5273,13,4.38,1,1,4,0.182,6.768,7.7,7.7,30.8
5274,10,2.9,2,4,7,0.175,6.732,20.0,40.0,70.0
5275,17,3.29,3,7,9,0.134,6.778,17.6,41.2,52.9
5276,14,3.21,2,3,6,0.167,6.644,14.3,21.4,42.9
5277,12,3.33,3,3,7,0.119,6.788,25.0,25.0,58.3
5278,21,2.24,8,13,17,0.141,6.774,38.1,61.9,81.0
5279,3,4.0,0,1,1,0.16,6.863,0.0,33.3,33.3
5280,27,2.19,11,16,24,0.169,6.771,40.7,59.3,88.9
5281,23,3.13,7,11,14,0.146,6.73,30.4,47.8,60.9
5282,17,3.76,3,5,7,0.172,6.806,17.6,29.4,41.2
5283,4,4.25,1,1,1,0.215,6.725,25.0,25.0,25.0
5284,8,4.88,0,0,0,0.2,6.86,0.0,0.0,0.0
5285,15,3.8,1,4,6,0.159,6.771,6.7,26.7,40.0
5286,7,3.29,1,2,4,0.146,6.756,14.3,28.6,57.1
5287,13,4.69,0,0,2,0.159,6.82,0.0,0.0,15.4
5288,6,3.33,1,2,3,0.153,6.82,16.7,33.3,50.0
5289,10,2.8,2,5,8,0.156,6.813,20.0,50.0,80.0
5290,16,4.56,1,2,2,0.178,6.714,6.2,12.5,12.5
5291,19,4.16,1,5,7,0.228,6.843,5.3,26.3,36.8
5292,12,3.75,0,3,5,0.158,6.773,0.0,25.0,41.7
5293,2,5.0,0,0,0,0.225,6.805,0.0,0.0,0.0
5294,10,3.1,2,4,7,0.136,6.796,20.0,40.0,70.0
5295,11,4.0,0,1,3,0.167,6.635,0.0,9.1,27.3
5296,16,5.06,1,1,1,0.241,6.776,6.2,6.2,6.2
5297,10,5.5,0,0,1,0.197,6.708,0.0,0.0,10.0
5298,20,2.9,5,8,13,0.167,6.826,25.0,40.0,65.0
5299,16,2.69,4,9,11,0.165,6.726,25.0,56.2,68.8
5300,10,5.2,0,0,0,0.161,6.736,0.0,0.0,0.0
5301,11,2.91,4,5,6,0.161,6.766,36.4,45.5,54.5
5302,11,4.91,0,0,1,0.199,6.734,0.0,0.0,9.1
5304,14,5.71,0,0,0,0.203,6.8,0.0,0.0,0.0
5305,11,5.18,0,0,0,0.185,6.75,0.0,0.0,0.0
5306,11,4.73,0,1,3,0.181,6.739,0.0,9.1,27.3
5307,16,4.31,1,3,4,0.192,6.836,6.2,18.8,25.0
5308,10,4.3,0,1,3,0.213,6.794,0.0,10.0,30.0
5309,9,5.33,0,1,1,0.183,6.769,0.0,11.1,11.1
5310,11,3.64,2,3,5,0.165,6.776,18.2,27.3,45.5
5311,12,2.75,3,5,9,0.127,6.738,25.0,41.7,75.0
5312,13,4.0,1,2,5,0.132,6.696,7.7,15.4,38.5
5313,12,3.5,2,3,6,0.147,6.787,16.7,25.0,50.0
5314,10,4.4,1,1,2,0.158,6.713,10.0,10.0,20.0
5315,8,4.62,1,1,2,0.158,6.781,12.5,12.5,25.0
5316,16,4.0,0,2,8,0.138,6.778,0.0,12.5,50.0
5317,16,3.06,1,6,11,0.155,6.927,6.2,37.5,68.8
5318,14,4.86,1,2,3,0.165,6.796,7.1,14.3,21.4
5319,13,3.77,2,4,5,0.144,6.782,15.4,30.8,38.5
5320,14,5.07,0,0,1,0.171,6.801,0.0,0.0,7.1
5321,7,2.86,1,5,5,0.16,6.79,14.3,71.4,71.4
5322,12,4.75,0,1,3,0.186,6.756,0.0,8.3,25.0
5323,13,4.23,0,0,5,0.195,6.828,0.0,0.0,38.5
5324,7,5.14,0,0,0,0.19,6.934,0.0,0.0,0.0
5325,18,3.11,3,6,12,0.182,6.724,16.7,33.3,66.7
5326,13,3.46,2,5,5,0.173,6.788,15.4,38.5,38.5
5327,9,5.22,0,0,0,0.182,6.701,0.0,0.0,0.0
5328,10,3.2,1,3,6,0.211,6.731,10.0,30.0,60.0
5329,13,3.85,2,4,5,0.156,6.838,15.4,30.8,38.5
5330,18,3.0,5,9,11,0.132,6.751,27.8,50.0,61.1
5331,16,4.31,1,2,5,0.156,6.689,6.2,12.5,31.2
5332,15,3.47,2,6,8,0.155,6.639,13.3,40.0,53.3
5334,16,4.38,0,1,5,0.132,6.743,0.0,6.2,31.2
5335,8,5.25,1,1,1,0.192,6.749,12.5,12.5,12.5
5336,10,5.1,0,1,1,0.185,6.821,0.0,10.0,10.0
5337,13,3.85,0,3,6,0.208,6.765,0.0,23.1,46.2
5338,15,4.07,3,3,6,0.135,6.764,20.0,20.0,40.0
5339,7,3.14,1,1,5,0.18,6.849,14.3,14.3,71.4
5340,8,4.25,0,0,2,0.143,6.811,0.0,0.0,25.0
5341,7,5.71,0,0,0,0.181,6.744,0.0,0.0,0.0
5342,7,5.71,0,0,0,0.18,6.866,0.0,0.0,0.0
5343,15,4.73,0,1,1,0.143,6.849,0.0,6.7,6.7
5344,12,3.25,2,5,8,0.117,6.757,16.7,41.7,66.7
5345,9,5.22,0,0,0,0.219,6.871,0.0,0.0,0.0
5346,10,5.4,0,0,0,0.237,6.743,0.0,0.0,0.0
5347,8,5.75,0,0,0,0.222,6.754,0.0,0.0,0.0
5348,6,4.17,0,1,2,0.132,6.642,0.0,16.7,33.3
5349,13,5.69,0,0,0,0.186,6.652,0.0,0.0,0.0
5350,17,3.88,1,3,7,0.147,6.719,5.9,17.6,41.2
5351,16,3.12,2,8,9,0.169,6.739,12.5,50.0,56.2
5352,9,2.11,3,6,8,0.139,6.766,33.3,66.7,88.9
5353,16,4.25,1,3,3,0.182,6.748,6.2,18.8,18.8
5354,8,3.88,1,2,3,0.202,6.739,12.5,25.0,37.5
5355,19,5.05,0,2,3,0.146,6.902,0.0,10.5,15.8
5356,9,4.0,1,1,4,0.193,6.766,11.1,11.1,44.4
5357,6,4.83,0,1,1,0.14,6.775,0.0,16.7,16.7
5359,5,4.4,0,0,1,0.208,6.798,0.0,0.0,20.0
5360,17,3.94,0,1,6,0.15,6.786,0.0,5.9,35.3
5361,15,5.2,0,0,1,0.203,6.834,0.0,0.0,6.7
5362,7,4.86,0,0,0,0.209,6.724,0.0,0.0,0.0
5363,8,6.0,0,0,0,0.155,6.715,0.0,0.0,0.0
5364,13,4.62,0,0,3,0.14,6.828,0.0,0.0,23.1
5365,11,4.73,0,0,2,0.184,6.737,0.0,0.0,18.2
5366,1,5.0,0,0,0,0.22,6.61,0.0,0.0,0.0
5367,8,5.38,0,0,1,0.192,6.825,0.0,0.0,12.5
5368,10,3.5,2,4,5,0.149,6.732,20.0,40.0,50.0
5369,8,3.62,1,2,4,0.151,6.751,12.5,25.0,50.0
5370,5,6.0,0,0,0,0.214,6.692,0.0,0.0,0.0
5371,7,5.86,0,0,0,0.273,6.797,0.0,0.0,0.0
5372,4,5.25,0,0,0,0.138,6.872,0.0,0.0,0.0
5373,14,5.43,0,0,0,0.169,6.821,0.0,0.0,0.0
5374,9,4.67,0,0,1,0.126,6.798,0.0,0.0,11.1
5375,10,3.6,1,3,5,0.195,6.696,10.0,30.0,50.0
5376,13,3.69,1,2,6,0.168,6.764,7.7,15.4,46.2
5377,17,4.59,0,1,4,0.179,6.756,0.0,5.9,23.5
5378,12,5.33,0,0,0,0.204,6.782,0.0,0.0,0.0
5379,12,4.67,0,0,1,0.202,6.67,0.0,0.0,8.3
5380,13,5.85,0,0,0,0.288,6.821,0.0,0.0,0.0
5381,6,4.83,0,0,1,0.157,6.597,0.0,0.0,16.7
5382,8,4.62,0,0,1,0.145,6.672,0.0,0.0,12.5
5383,15,5.27,0,0,0,0.193,6.676,0.0,0.0,0.0
5385,16,4.62,0,2,4,0.161,6.782,0.0,12.5,25.0
5386,17,5.24,0,0,1,0.206,6.912,0.0,0.0,5.9
5387,13,5.69,0,0,0,0.225,6.922,0.0,0.0,0.0
5388,11,3.73,1,3,5,0.113,6.713,9.1,27.3,45.5
5389,5,4.4,0,0,1,0.218,6.848,0.0,0.0,20.0
5390,7,4.57,0,1,1,0.133,6.844,0.0,14.3,14.3
5391,15,5.4,0,0,1,0.249,6.741,0.0,0.0,6.7
5392,7,5.86,0,0,0,0.189,6.727,0.0,0.0,0.0
5393,17,5.47,0,0,0,0.201,6.805,0.0,0.0,0.0
5394,17,4.71,0,1,3,0.159,6.672,0.0,5.9,17.6
5395,13,5.54,0,0,0,0.179,6.764,0.0,0.0,0.0
5396,13,5.62,0,0,0,0.194,6.82,0.0,0.0,0.0
5397,6,6.0,0,0,0,0.242,6.962,0.0,0.0,0.0
5398,18,4.61,0,1,2,0.222,6.769,0.0,5.6,11.1
5399,12,4.83,0,0,4,0.254,6.754,0.0,0.0,33.3
5400,15,5.0,0,0,2,0.182,6.735,0.0,0.0,13.3
5401,8,4.5,0,1,3,0.26,6.89,0.0,12.5,37.5
5403,7,4.0,0,0,3,0.243,6.767,0.0,0.0,42.9
5404,8,5.12,0,0,2,0.198,6.859,0.0,0.0,25.0
5405,15,5.07,1,1,1,0.177,6.811,6.7,6.7,6.7
5406,6,5.33,0,0,1,0.22,6.79,0.0,0.0,16.7
5407,15,4.8,0,0,3,0.187,6.735,0.0,0.0,20.0
5409,9,5.44,0,0,1,0.286,6.913,0.0,0.0,11.1
5410,16,5.69,0,0,0,0.181,6.785,0.0,0.0,0.0
5411,11,5.27,0,0,0,0.172,6.838,0.0,0.0,0.0
5412,10,5.3,0,0,1,0.152,6.824,0.0,0.0,10.0
5413,11,5.91,0,0,0,0.156,6.718,0.0,0.0,0.0
5415,10,5.8,0,0,0,0.189,6.918,0.0,0.0,0.0
5416,16,4.25,1,3,3,0.119,6.748,6.2,18.8,18.8
5417,8,5.12,0,0,1,0.202,6.889,0.0,0.0,12.5
5418,8,5.88,0,0,0,0.191,6.798,0.0,0.0,0.0
5419,5,5.4,0,0,0,0.35,6.824,0.0,0.0,0.0
5420,2,6.0,0,0,0,0.265,6.87,0.0,0.0,0.0
5421,6,5.5,0,0,0,0.192,6.957,0.0,0.0,0.0
5422,12,5.58,0,0,0,0.109,6.778,0.0,0.0,0.0
5423,7,6.0,0,0,0,0.264,6.73,0.0,0.0,0.0
5424,12,5.92,0,0,0,0.244,6.613,0.0,0.0,0.0
5425,9,5.78,0,0,0,0.292,6.694,0.0,0.0,0.0
5426,11,5.91,0,0,0,0.196,6.917,0.0,0.0,0.0
5427,15,5.2,0,0,2,0.211,6.733,0.0,0.0,13.3
5428,10,5.9,0,0,0,0.184,6.714,0.0,0.0,0.0
5429,8,5.75,0,0,0,0.229,6.895,0.0,0.0,0.0
5430,8,5.38,0,0,0,0.18,6.708,0.0,0.0,0.0
5431,7,6.0,0,0,0,0.15,6.919,0.0,0.0,0.0
5432,12,5.33,0,0,0,0.162,6.882,0.0,0.0,0.0
5433,8,5.25,0,1,1,0.289,6.738,0.0,12.5,12.5
5435,6,5.5,0,0,0,0.24,6.832,0.0,0.0,0.0
5436,9,6.0,0,0,0,0.261,6.781,0.0,0.0,0.0
5437,6,5.67,0,0,0,0.29,6.96,0.0,0.0,0.0
5438,6,6.0,0,0,0,0.195,7.025,0.0,0.0,0.0
5439,9,5.89,0,0,0,0.194,6.846,0.0,0.0,0.0
5440,8,5.75,0,0,0,0.124,6.859,0.0,0.0,0.0
5441,14,4.21,2,3,4,0.221,6.707,14.3,21.4,28.6
5442,7,5.71,0,0,0,0.236,6.9,0.0,0.0,0.0
5443,7,5.86,0,0,0,0.329,6.776,0.0,0.0,0.0
5444,9,5.78,0,0,0,0.216,6.756,0.0,0.0,0.0
