racer_id,form_win_3,form_top2_3,form_avg_rank_3,form_avg_st_3,form_win_5,form_top2_5,form_avg_rank_5,form_avg_st_5,form_win_10,form_top2_10,form_avg_rank_10,form_avg_st_10,form_trend_win,form_trend_rank,form_win_streak,form_no_win_streak
2000,0.0,0.3333333333333333,4.0,0.17666666666666667,0.0,0.2,4.8,0.172,0.0,0.2,4.5,0.16599999999999998,0.0,-0.5,0,36
2001,0.0,0.3333333333333333,4.0,0.16666666666666666,0.0,0.2,4.2,0.174,0.1,0.3,3.9,0.17099999999999999,-0.13333333333333333,0.10000000000000009,0,9
2002,0.6666666666666666,0.6666666666666666,2.0,0.18666666666666665,0.6,0.6,2.6,0.188,0.4,0.4,3.5,0.16299999999999998,0.26666666666666666,-1.5,0,1
2003,0.0,0.0,5.333333333333333,0.15333333333333332,0.2,0.2,4.0,0.166,0.3,0.5,2.9,0.14899999999999997,-0.09999999999999998,2.433333333333333,0,3
2004,0.3333333333333333,0.3333333333333333,2.6666666666666665,0.16666666666666666,0.4,0.4,2.6,0.146,0.2,0.4,3.3,0.131,0.2666666666666667,-0.6333333333333333,0,1
2005,0.0,0.6666666666666666,2.6666666666666665,0.13333333333333333,0.0,0.4,3.4,0.128,0.1,0.4,3.2,0.151,-0.1,-0.5333333333333337,0,9
2006,0.3333333333333333,0.6666666666666666,2.6666666666666665,0.16333333333333333,0.2,0.4,3.8,0.14,0.3,0.4,3.4,0.123,-0.09999999999999998,-0.7333333333333334,0,2
2007,0.3333333333333333,0.3333333333333333,3.0,0.14,0.2,0.2,3.6,0.154,0.1,0.2,3.3,0.15999999999999998,0.033333333333333354,-0.2999999999999998,1,0
2008,0.0,0.0,5.0,0.17666666666666667,0.2,0.2,4.2,0.164,0.1,0.4,3.3,0.15499999999999997,0.1,1.7000000000000002,0,3
2009,0.3333333333333333,0.3333333333333333,3.0,0.17,0.2,0.4,3.4,0.162,0.1,0.2,3.9,0.15799999999999997,0.06666666666666668,-0.8999999999999999,1,0
2010,0.3333333333333333,0.3333333333333333,4.0,0.11,0.2,0.2,4.4,0.12400000000000003,0.1,0.2,3.9,0.129,0.0,0.10000000000000009,0,1
2011,0.0,0.3333333333333333,3.6666666666666665,0.15666666666666668,0.2,0.4,3.2,0.12600000000000003,0.1,0.4,3.0,0.13399999999999998,0.033333333333333354,0.6666666666666665,0,3
2012,0.0,0.0,4.666666666666667,0.18000000000000002,0.0,0.0,4.0,0.186,0.2,0.3,3.0,0.15799999999999997,-0.16666666666666666,1.666666666666667,0,5
2013,0.6666666666666666,0.6666666666666666,2.0,0.11666666666666668,0.4,0.4,3.0,0.12200000000000003,0.5,0.5,2.7,0.135,0.13333333333333336,-0.7000000000000002,2,0
2014,0.0,0.3333333333333333,2.6666666666666665,0.15,0.2,0.4,2.8,0.146,0.2,0.3,3.1,0.16199999999999998,0.06666666666666668,-0.43333333333333357,0,3
2015,0.3333333333333333,0.3333333333333333,4.0,0.14333333333333334,0.4,0.4,3.8,0.13799999999999998,0.2,0.2,4.1,0.14600000000000002,0.2666666666666667,-0.09999999999999964,0,2
2016,0.3333333333333333,0.3333333333333333,3.0,0.15333333333333332,0.2,0.4,3.0,0.16199999999999998,0.1,0.3,3.6,0.145,0.033333333333333354,-0.6000000000000001,1,0
2017,0.0,0.6666666666666666,2.3333333333333335,0.19333333333333333,0.0,0.4,3.6,0.178,0.2,0.4,3.2,0.16999999999999998,-0.26666666666666666,-0.8666666666666667,0,5
2018,0.0,0.3333333333333333,2.6666666666666665,0.16333333333333333,0.0,0.4,2.8,0.15599999999999997,0.2,0.4,2.9,0.173,-0.16666666666666666,-0.2333333333333334,0,5
2019,0.3333333333333333,0.3333333333333333,2.3333333333333335,0.19000000000000003,0.4,0.4,2.4,0.17400000000000002,0.3,0.3,3.0,0.153,0.2666666666666667,-0.6666666666666665,0,2
2020,0.3333333333333333,0.6666666666666666,2.6666666666666665,0.13,0.4,0.6,3.0,0.132,0.2,0.4,3.4,0.14600000000000005,0.16666666666666669,-0.7333333333333334,1,0
2021,0.6666666666666666,0.6666666666666666,1.6666666666666667,0.15666666666666668,0.4,0.6,2.6,0.158,0.2,0.6,2.6,0.15799999999999997,0.2,-0.9333333333333333,0,1
2022,0.0,0.3333333333333333,4.333333333333333,0.13,0.2,0.4,4.0,0.124,0.2,0.4,3.8,0.139,0.033333333333333354,0.5333333333333332,0,3
2023,0.6666666666666666,0.6666666666666666,2.3333333333333335,0.16666666666666666,0.4,0.4,3.2,0.164,0.2,0.2,4.0,0.167,0.30000000000000004,-1.6666666666666665,2,0
2024,0.3333333333333333,0.3333333333333333,3.3333333333333335,0.17333333333333334,0.2,0.4,3.0,0.164,0.2,0.5,2.8,0.15999999999999998,0.1,0.5333333333333337,0,1
2025,0.6666666666666666,0.6666666666666666,2.0,0.14333333333333334,0.6,0.6,2.2,0.138,0.3,0.5,3.1,0.13599999999999998,0.3333333333333333,-1.1,2,0
2026,0.3333333333333333,0.3333333333333333,3.3333333333333335,0.18333333333333335,0.4,0.4,3.2,0.15599999999999997,0.3,0.6,2.6,0.14500000000000002,0.2,0.7333333333333334,0,1
2027,0.3333333333333333,0.3333333333333333,4.333333333333333,0.18333333333333335,0.2,0.2,4.4,0.16799999999999998,0.2,0.2,3.6,0.16099999999999998,0.033333333333333354,0.733333333333333,0,1
2028,0.0,0.0,4.333333333333333,0.15000000000000002,0.0,0.0,5.0,0.15000000000000002,0.2,0.2,4.2,0.15999999999999998,-0.2,0.13333333333333286,0,5
2029,0.0,0.0,4.333333333333333,0.17666666666666667,0.0,0.2,4.2,0.164,0.1,0.2,3.8,0.15899999999999997,-0.2,0.5333333333333332,0,7
2030,0.0,0.0,3.3333333333333335,0.18333333333333335,0.2,0.2,3.4,0.16999999999999998,0.3,0.3,2.9,0.16099999999999998,0.06666666666666668,0.43333333333333357,0,3
2031,0.6666666666666666,0.6666666666666666,2.6666666666666665,0.1466666666666667,0.4,0.4,3.0,0.14400000000000002,0.3,0.4,3.0,0.13899999999999996,0.10000000000000003,-0.3333333333333335,2,0
2032,0.3333333333333333,0.3333333333333333,3.0,0.15333333333333332,0.2,0.2,3.8,0.15799999999999997,0.1,0.3,3.3,0.14,0.0,-0.2999999999999998,0,1
2033,0.0,0.0,5.333333333333333,0.22333333333333336,0.0,0.2,4.8,0.186,0.2,0.4,4.0,0.172,-0.13333333333333333,1.333333333333333,0,7
2034,0.3333333333333333,0.3333333333333333,3.6666666666666665,0.14333333333333334,0.2,0.2,4.2,0.134,0.3,0.3,3.5,0.12600000000000003,-0.033333333333333326,0.16666666666666652,0,2
2035,0.0,0.0,5.666666666666667,0.18000000000000002,0.0,0.0,5.2,0.166,0.1,0.2,4.1,0.156,-0.3,1.5666666666666673,0,7
2036,0.0,0.3333333333333333,2.6666666666666665,0.13999999999999999,0.2,0.6,2.2,0.13199999999999998,0.2,0.5,2.5,0.144,0.033333333333333354,0.16666666666666652,0,3
2037,0.0,0.6666666666666666,2.3333333333333335,0.17666666666666667,0.2,0.6,2.6,0.14800000000000002,0.1,0.3,3.5,0.149,0.06666666666666668,-1.1666666666666665,0,4
2038,0.0,0.0,5.666666666666667,0.19333333333333333,0.2,0.2,4.8,0.16599999999999998,0.1,0.3,4.1,0.144,0.0,1.5666666666666673,0,3
2039,0.3333333333333333,0.3333333333333333,3.3333333333333335,0.16666666666666666,0.2,0.2,4.2,0.16200000000000003,0.3,0.3,4.0,0.16199999999999998,0.0,-0.6666666666666665,0,2
2040,0.0,0.0,4.0,0.17,0.0,0.0,4.0,0.15,0.1,0.3,3.5,0.16099999999999998,-0.13333333333333333,0.5,0,6
2041,0.3333333333333333,0.3333333333333333,2.3333333333333335,0.12333333333333334,0.2,0.4,2.8,0.122,0.3,0.4,3.2,0.13599999999999998,0.0,-0.8666666666666667,1,0
2042,0.0,0.3333333333333333,4.0,0.11666666666666665,0.0,0.2,4.6,0.136,0.0,0.3,4.2,0.14900000000000005,-0.13333333333333333,-0.20000000000000018,0,10
2043,0.0,0.3333333333333333,3.6666666666666665,0.15000000000000002,0.0,0.2,4.4,0.15000000000000002,0.2,0.4,3.5,0.14999999999999997,-0.13333333333333333,0.16666666666666652,0,5
2044,0.3333333333333333,0.6666666666666666,2.6666666666666665,0.14666666666666667,0.2,0.4,3.0,0.148,0.2,0.4,3.1,0.153,0.06666666666666668,-0.43333333333333357,0,1
2045,0.0,0.3333333333333333,3.3333333333333335,0.11666666666666665,0.2,0.4,2.8,0.12,0.1,0.4,3.3,0.13100000000000003,-0.033333333333333326,0.03333333333333366,0,3
2046,0.6666666666666666,0.6666666666666666,2.3333333333333335,0.15666666666666668,0.4,0.4,3.4,0.166,0.2,0.3,3.6,0.15299999999999997,0.10000000000000003,-1.2666666666666666,1,0
2047,0.0,0.3333333333333333,3.0,0.11,0.2,0.4,2.6,0.14600000000000002,0.1,0.4,3.0,0.15999999999999998,0.0,0.0,0,4
2048,0.3333333333333333,0.3333333333333333,4.0,0.16666666666666666,0.2,0.2,3.6,0.172,0.2,0.2,3.6,0.16899999999999998,-0.06666666666666665,0.3999999999999999,0,2
2049,0.3333333333333333,0.6666666666666666,3.0,0.17666666666666667,0.4,0.6,2.6,0.172,0.4,0.5,2.8,0.175,0.16666666666666669,0.20000000000000018,1,0
2050,0.3333333333333333,0.3333333333333333,3.0,0.08333333333333333,0.4,0.4,2.8,0.148,0.2,0.2,3.6,0.142,0.16666666666666669,-0.6000000000000001,0,1
2051,0.0,0.3333333333333333,3.6666666666666665,0.12,0.0,0.2,4.0,0.132,0.1,0.2,4.2,0.137,-0.2,-0.5333333333333337,0,7
2052,0.0,0.3333333333333333,3.3333333333333335,0.15333333333333335,0.0,0.2,3.8,0.168,0.0,0.2,3.9,0.156,-0.1,-0.5666666666666664,0,14
2053,0.0,0.0,5.333333333333333,0.17,0.0,0.4,4.0,0.172,0.1,0.3,3.8,0.155,-0.1,1.5333333333333332,0,8
2054,0.0,0.0,3.3333333333333335,0.19000000000000003,0.0,0.0,4.2,0.16,0.1,0.1,4.1,0.15999999999999998,-0.1,-0.7666666666666662,0,6
2055,0.3333333333333333,0.6666666666666666,2.6666666666666665,0.12999999999999998,0.2,0.4,3.8,0.15400000000000003,0.2,0.4,3.4,0.172,0.0,-0.7333333333333334,0,2
2056,0.0,0.3333333333333333,3.3333333333333335,0.14333333333333334,0.0,0.2,4.4,0.14600000000000002,0.1,0.4,3.5,0.14700000000000002,-0.1,-0.16666666666666652,0,6
2057,0.0,0.0,5.0,0.12,0.2,0.2,3.8,0.144,0.2,0.3,3.5,0.132,0.0,1.5,0,3
2058,0.3333333333333333,0.6666666666666666,2.3333333333333335,0.13999999999999999,0.2,0.4,3.0,0.136,0.2,0.4,3.1,0.135,-0.033333333333333326,-0.7666666666666666,1,0
2059,0.0,0.0,4.0,0.14666666666666667,0.0,0.0,3.6,0.14600000000000002,0.1,0.2,3.5,0.15799999999999997,-0.13333333333333333,0.5,0,5
2060,0.6666666666666666,0.6666666666666666,1.6666666666666667,0.15,0.6,0.6,2.0,0.158,0.4,0.5,2.6,0.158,0.36666666666666664,-0.9333333333333333,2,0
2061,0.3333333333333333,0.3333333333333333,2.3333333333333335,0.13,0.4,0.4,2.6,0.13999999999999999,0.4,0.4,2.7,0.13400000000000004,0.2,-0.3666666666666667,0,1
2062,0.0,0.0,4.666666666666667,0.13333333333333333,0.0,0.0,5.2,0.142,0.1,0.2,4.3,0.15899999999999997,-0.1,0.36666666666666714,0,5
2063,0.0,0.0,4.0,0.17666666666666667,0.4,0.4,2.8,0.16,0.3,0.3,3.5,0.16799999999999998,0.23333333333333336,0.5,0,3
2064,0.3333333333333333,0.3333333333333333,4.333333333333333,0.16333333333333333,0.4,0.4,3.6,0.172,0.2,0.4,3.2,0.154,0.16666666666666669,1.1333333333333329,1,0
2065,0.0,0.0,4.0,0.13333333333333333,0.4,0.4,2.8,0.16,0.2,0.2,3.5,0.15599999999999997,0.16666666666666669,0.5,0,3
2066,0.0,0.0,4.666666666666667,0.18000000000000002,0.0,0.0,4.8,0.16,0.0,0.1,4.4,0.15499999999999997,0.0,0.2666666666666666,0,30
2067,0.0,0.0,4.333333333333333,0.12666666666666668,0.2,0.2,4.0,0.126,0.2,0.3,3.5,0.146,0.033333333333333354,0.833333333333333,0,4
2068,0.3333333333333333,0.3333333333333333,3.6666666666666665,0.13333333333333333,0.2,0.2,3.4,0.158,0.1,0.2,3.9,0.152,0.13333333333333336,-0.2333333333333334,0,1
2069,0.0,0.0,4.333333333333333,0.1366666666666667,0.0,0.0,4.4,0.148,0.0,0.1,4.4,0.14100000000000001,-0.16666666666666666,-0.06666666666666732,0,12
2070,0.0,0.3333333333333333,4.666666666666667,0.11666666666666665,0.0,0.2,4.4,0.142,0.3,0.4,3.4,0.14700000000000002,-0.26666666666666666,1.266666666666667,0,6
2071,0.3333333333333333,0.3333333333333333,4.333333333333333,0.17666666666666667,0.2,0.2,4.0,0.16,0.1,0.5,3.1,0.16699999999999998,0.06666666666666668,1.233333333333333,0,1
2072,0.0,0.6666666666666666,2.3333333333333335,0.11,0.4,0.8,1.8,0.13,0.3,0.7,2.4,0.13200000000000003,0.2,-0.06666666666666643,0,3
2073,0.3333333333333333,0.3333333333333333,3.3333333333333335,0.19000000000000003,0.4,0.4,3.4,0.19,0.3,0.4,3.3,0.16099999999999998,0.23333333333333336,0.03333333333333366,1,0
2074,0.0,0.3333333333333333,3.0,0.17,0.0,0.4,3.2,0.15799999999999997,0.1,0.3,3.9,0.14400000000000002,-0.13333333333333333,-0.8999999999999999,0,7
2075,0.3333333333333333,0.3333333333333333,3.0,0.1366666666666667,0.2,0.6,2.6,0.14999999999999997,0.3,0.6,2.4,0.135,-0.033333333333333326,0.6000000000000001,0,2
2076,0.0,0.0,4.0,0.18000000000000002,0.4,0.4,2.8,0.164,0.2,0.2,3.6,0.13899999999999998,0.23333333333333336,0.3999999999999999,0,3
2077,0.3333333333333333,0.6666666666666666,2.6666666666666665,0.14666666666666667,0.2,0.6,3.0,0.154,0.1,0.5,3.5,0.14999999999999997,-0.033333333333333326,-0.8333333333333335,0,2
2078,0.0,0.3333333333333333,3.6666666666666665,0.11666666666666665,0.0,0.2,3.6,0.124,0.1,0.3,3.5,0.14200000000000004,-0.23333333333333334,0.16666666666666652,0,9
2079,0.3333333333333333,0.3333333333333333,4.333333333333333,0.14333333333333334,0.2,0.4,3.8,0.146,0.1,0.2,3.9,0.15399999999999997,0.1,0.4333333333333331,0,2
2080,0.0,0.0,4.0,0.15666666666666665,0.0,0.2,3.4,0.152,0.0,0.2,4.0,0.145,-0.06666666666666667,0.0,0,21
2081,0.0,0.0,4.0,0.15333333333333335,0.0,0.0,4.8,0.162,0.1,0.2,3.8,0.163,-0.16666666666666666,0.20000000000000018,0,6
2082,0.3333333333333333,0.3333333333333333,3.3333333333333335,0.10999999999999999,0.2,0.4,3.6,0.11599999999999999,0.3,0.4,3.3,0.12000000000000002,-0.06666666666666665,0.03333333333333366,0,2
2083,0.0,0.0,4.666666666666667,0.1466666666666667,0.0,0.0,5.0,0.15,0.1,0.2,4.1,0.16599999999999998,-0.3,0.5666666666666673,0,9
2084,0.0,0.0,5.0,0.11,0.4,0.4,3.4,0.146,0.4,0.4,3.5,0.154,0.2,1.5,0,3
2085,0.0,0.0,4.333333333333333,0.16333333333333336,0.0,0.2,3.8,0.162,0.4,0.5,2.9,0.15999999999999998,-0.3,1.4333333333333331,0,5
2086,0.0,0.0,4.0,0.12,0.0,0.4,3.2,0.146,0.1,0.5,3.1,0.157,-0.13333333333333333,0.8999999999999999,0,7
2087,0.0,0.0,5.0,0.15666666666666665,0.0,0.0,4.4,0.16,0.0,0.0,5.0,0.146,-0.13333333333333333,0.0,0,17
2088,0.0,0.3333333333333333,4.666666666666667,0.1366666666666667,0.0,0.2,5.2,0.152,0.0,0.1,5.0,0.15200000000000002,-0.1,-0.33333333333333304,0,12
2089,0.0,0.0,5.666666666666667,0.12,0.0,0.2,4.4,0.122,0.0,0.3,4.0,0.13499999999999998,-0.1,1.666666666666667,0,12
2090,0.0,0.0,5.0,0.14333333333333334,0.0,0.2,4.0,0.154,0.0,0.2,3.4,0.16599999999999998,-0.13333333333333333,1.6,0,16
2091,0.0,0.3333333333333333,3.6666666666666665,0.16333333333333333,0.2,0.6,2.8,0.16599999999999998,0.1,0.3,3.4,0.13999999999999999,0.1,0.2666666666666666,0,4
2092,0.0,0.3333333333333333,4.0,0.13999999999999999,0.0,0.2,3.8,0.12999999999999998,0.2,0.4,3.1,0.151,-0.23333333333333334,0.8999999999999999,0,5
2093,0.3333333333333333,1.0,1.6666666666666667,0.10666666666666667,0.4,0.8,2.2,0.11800000000000002,0.3,0.5,2.9,0.12800000000000003,0.23333333333333336,-1.2333333333333332,0,2
2094,0.0,0.3333333333333333,3.0,0.15,0.2,0.6,2.4,0.13799999999999998,0.3,0.5,3.1,0.14200000000000002,-0.06666666666666665,-0.10000000000000009,0,3
2095,0.3333333333333333,1.0,1.6666666666666667,0.15,0.4,0.8,2.4,0.168,0.2,0.4,4.0,0.172,0.2666666666666667,-2.333333333333333,0,1
2096,0.0,0.3333333333333333,3.3333333333333335,0.17333333333333334,0.0,0.4,3.6,0.164,0.0,0.4,3.3,0.14,-0.2,0.03333333333333366,0,13
2097,0.0,0.0,5.0,0.15,0.0,0.2,4.2,0.162,0.0,0.2,4.1,0.17099999999999999,-0.03333333333333333,0.9000000000000004,0,14
2098,0.0,0.0,4.666666666666667,0.12,0.0,0.2,3.8,0.126,0.0,0.2,4.1,0.12200000000000003,-0.03333333333333333,0.5666666666666673,0,17
2099,0.3333333333333333,0.3333333333333333,2.6666666666666665,0.17666666666666667,0.2,0.4,3.0,0.168,0.2,0.4,2.8,0.172,-0.033333333333333326,-0.1333333333333333,0,2
2100,0.0,0.0,3.3333333333333335,0.15,0.0,0.0,4.0,0.14600000000000002,0.2,0.2,3.7,0.15299999999999997,-0.16666666666666666,-0.3666666666666667,0,6
2101,0.0,0.0,4.0,0.12666666666666668,0.2,0.2,3.8,0.146,0.3,0.3,3.3,0.141,0.0,0.7000000000000002,0,4
2102,0.0,0.0,4.0,0.13333333333333333,0.2,0.2,3.2,0.14,0.1,0.3,3.5,0.136,0.1,0.5,0,3
2103,0.0,0.0,5.0,0.15333333333333332,0.0,0.0,5.0,0.15,0.2,0.3,3.8,0.154,-0.2,1.2000000000000002,0,6
2104,0.0,0.6666666666666666,3.3333333333333335,0.15666666666666668,0.0,0.4,4.2,0.158,0.1,0.4,3.8,0.142,-0.1,-0.46666666666666634,0,9
2105,0.3333333333333333,0.6666666666666666,3.0,0.1366666666666667,0.2,0.4,3.6,0.164,0.2,0.3,4.1,0.15500000000000003,0.06666666666666668,-1.0999999999999996,1,0
2106,0.0,0.6666666666666666,2.6666666666666665,0.19999999999999998,0.0,0.4,3.4,0.198,0.0,0.2,3.9,0.16799999999999998,-0.13333333333333333,-1.2333333333333334,0,11
2107,0.6666666666666666,0.6666666666666666,1.6666666666666667,0.1366666666666667,0.4,0.4,3.0,0.14200000000000002,0.3,0.3,3.0,0.14700000000000002,0.23333333333333336,-1.3333333333333333,1,0
2108,0.3333333333333333,0.3333333333333333,3.0,0.13333333333333333,0.2,0.2,3.0,0.148,0.2,0.3,2.9,0.146,0.13333333333333336,0.10000000000000009,1,0
2109,0.0,0.0,3.3333333333333335,0.18333333333333332,0.2,0.4,2.6,0.172,0.1,0.2,3.5,0.152,0.1,-0.16666666666666652,0,4
2110,0.3333333333333333,0.3333333333333333,2.6666666666666665,0.16333333333333336,0.4,0.4,3.0,0.15,0.2,0.4,3.1,0.15199999999999997,0.23333333333333336,-0.43333333333333357,0,2
2111,0.0,0.3333333333333333,4.666666666666667,0.16333333333333333,0.0,0.4,4.4,0.15600000000000003,0.1,0.3,4.1,0.141,-0.1,0.5666666666666673,0,7
2112,0.0,0.0,5.333333333333333,0.15333333333333332,0.0,0.2,4.4,0.13599999999999998,0.2,0.3,3.6,0.11600000000000002,-0.1,1.733333333333333,0,5
2113,0.0,0.0,4.0,0.16333333333333333,0.0,0.0,4.4,0.156,0.0,0.2,4.0,0.166,-0.06666666666666667,0.0,0,16
2114,0.6666666666666666,0.6666666666666666,1.6666666666666667,0.1366666666666667,0.4,0.4,2.4,0.15,0.4,0.4,2.8,0.145,0.23333333333333336,-1.133333333333333,1,0
2115,0.6666666666666666,0.6666666666666666,2.0,0.15,0.4,0.4,3.4,0.154,0.2,0.2,3.7,0.14300000000000002,0.30000000000000004,-1.7000000000000002,1,0
2116,0.6666666666666666,0.6666666666666666,1.6666666666666667,0.17,0.4,0.4,2.6,0.19,0.3,0.4,2.9,0.16899999999999998,0.16666666666666669,-1.2333333333333332,2,0
2117,0.0,0.0,3.0,0.14333333333333334,0.0,0.4,2.6,0.162,0.2,0.4,2.4,0.156,-0.06666666666666667,0.6000000000000001,0,5
2118,0.0,0.0,4.666666666666667,0.12666666666666668,0.0,0.0,4.4,0.16,0.2,0.2,3.6,0.14800000000000002,-0.23333333333333334,1.0666666666666669,0,6
2119,0.0,0.0,4.333333333333333,0.17666666666666667,0.0,0.2,4.2,0.172,0.0,0.2,4.4,0.16699999999999998,-0.13333333333333333,-0.06666666666666732,0,10
2120,0.3333333333333333,0.3333333333333333,3.3333333333333335,0.14333333333333334,0.2,0.2,4.2,0.144,0.3,0.4,3.4,0.137,-0.06666666666666665,-0.06666666666666643,0,2
2121,0.3333333333333333,0.3333333333333333,3.6666666666666665,0.21333333333333335,0.2,0.4,3.2,0.188,0.2,0.3,3.5,0.16799999999999998,0.033333333333333354,0.16666666666666652,1,0
2122,0.3333333333333333,0.3333333333333333,3.6666666666666665,0.16333333333333336,0.6,0.6,2.6,0.142,0.3,0.4,3.1,0.15300000000000002,0.3,0.5666666666666664,0,2
2123,0.0,0.3333333333333333,3.6666666666666665,0.11666666666666665,0.0,0.4,3.8,0.142,0.1,0.3,3.5,0.136,-0.13333333333333333,0.16666666666666652,0,6
2124,0.3333333333333333,1.0,1.6666666666666667,0.17666666666666667,0.2,0.6,2.6,0.164,0.1,0.4,3.0,0.17200000000000001,0.1,-1.3333333333333333,0,2
2125,0.3333333333333333,0.3333333333333333,3.0,0.16333333333333336,0.2,0.4,2.8,0.17,0.2,0.4,3.1,0.16699999999999998,-0.033333333333333326,-0.10000000000000009,1,0
2126,0.3333333333333333,0.3333333333333333,3.6666666666666665,0.12999999999999998,0.2,0.4,3.8,0.14,0.2,0.3,3.9,0.146,-0.033333333333333326,-0.2333333333333334,0,1
2127,0.3333333333333333,0.3333333333333333,2.6666666666666665,0.14333333333333334,0.2,0.4,2.8,0.148,0.1,0.3,3.4,0.164,-0.09999999999999998,-0.7333333333333334,0,1
2128,0.0,0.0,4.333333333333333,0.12666666666666668,0.0,0.0,4.4,0.13,0.1,0.2,4.0,0.154,-0.03333333333333333,0.33333333333333304,0,9
2129,0.3333333333333333,0.6666666666666666,2.3333333333333335,0.11333333333333333,0.2,0.4,3.0,0.126,0.3,0.6,2.7,0.14700000000000002,0.0,-0.3666666666666667,1,0
2130,0.3333333333333333,0.3333333333333333,3.0,0.1366666666666667,0.2,0.2,3.6,0.14999999999999997,0.3,0.4,3.4,0.139,0.033333333333333354,-0.3999999999999999,0,2
2131,0.6666666666666666,0.6666666666666666,2.0,0.10999999999999999,0.6,0.6,2.6,0.146,0.6,0.6,2.7,0.13800000000000004,0.26666666666666666,-0.7000000000000002,1,0
2132,0.3333333333333333,0.3333333333333333,3.0,0.16666666666666666,0.2,0.2,3.4,0.152,0.1,0.1,4.2,0.15999999999999998,0.0,-1.2000000000000002,1,0
2133,0.0,0.3333333333333333,3.3333333333333335,0.15,0.0,0.2,4.0,0.152,0.0,0.1,4.4,0.13999999999999999,-0.13333333333333333,-1.0666666666666669,0,11
2134,0.0,0.0,4.0,0.16666666666666666,0.0,0.2,3.8,0.154,0.0,0.1,4.1,0.14999999999999997,-0.03333333333333333,-0.09999999999999964,0,17
2135,0.0,0.6666666666666666,3.0,0.18000000000000002,0.0,0.6,2.8,0.176,0.1,0.6,2.8,0.15399999999999997,-0.1,0.20000000000000018,0,9
2136,0.0,0.0,3.3333333333333335,0.12,0.0,0.2,3.6,0.11200000000000002,0.0,0.3,3.7,0.133,-0.1,-0.3666666666666667,0,17
2137,0.0,0.0,4.0,0.15333333333333332,0.0,0.0,4.4,0.16,0.0,0.1,4.2,0.16799999999999998,-0.13333333333333333,-0.20000000000000018,0,10
2138,0.6666666666666666,0.6666666666666666,2.3333333333333335,0.17,0.4,0.4,3.0,0.154,0.2,0.5,3.1,0.15799999999999997,0.2,-0.7666666666666666,1,0
2139,0.3333333333333333,0.3333333333333333,3.3333333333333335,0.16000000000000003,0.4,0.4,3.2,0.15600000000000003,0.3,0.5,3.0,0.145,0.16666666666666669,0.3333333333333335,0,1
2140,0.0,0.3333333333333333,4.0,0.15666666666666668,0.4,0.6,2.8,0.166,0.3,0.5,3.1,0.14599999999999996,0.2,0.8999999999999999,0,3
2141,0.0,0.0,4.666666666666667,0.17666666666666667,0.0,0.2,3.8,0.14200000000000002,0.1,0.3,3.8,0.15999999999999998,-0.13333333333333333,0.8666666666666671,0,5
2142,0.0,0.3333333333333333,3.6666666666666665,0.15,0.0,0.4,3.8,0.132,0.1,0.4,3.7,0.144,-0.06666666666666667,-0.03333333333333366,0,7
2143,0.3333333333333333,0.3333333333333333,4.0,0.16333333333333333,0.2,0.4,4.0,0.148,0.2,0.3,3.8,0.15,0.0,0.20000000000000018,0,2
2144,0.3333333333333333,0.6666666666666666,2.6666666666666665,0.13,0.2,0.4,3.0,0.152,0.2,0.4,3.2,0.15300000000000002,0.033333333333333354,-0.5333333333333337,0,2
2145,0.6666666666666666,0.6666666666666666,2.6666666666666665,0.14666666666666667,0.4,0.8,2.4,0.12799999999999997,0.3,0.5,2.8,0.134,0.10000000000000003,-0.1333333333333333,2,0
2146,0.0,0.0,5.0,0.16666666666666666,0.2,0.2,4.0,0.156,0.2,0.2,3.7,0.146,-0.033333333333333326,1.2999999999999998,0,4
2147,0.3333333333333333,0.3333333333333333,3.0,0.16666666666666666,0.2,0.2,3.2,0.16999999999999998,0.3,0.4,2.8,0.173,0.0,0.20000000000000018,1,0
2148,0.6666666666666666,0.6666666666666666,2.6666666666666665,0.09333333333333334,0.4,0.4,3.2,0.10200000000000001,0.2,0.2,3.6,0.123,0.23333333333333336,-0.9333333333333336,0,1
2149,0.3333333333333333,0.6666666666666666,2.0,0.17,0.2,0.4,3.4,0.162,0.2,0.3,3.7,0.16099999999999998,0.033333333333333354,-1.7000000000000002,1,0
2150,0.0,0.3333333333333333,3.3333333333333335,0.10333333333333333,0.2,0.4,2.8,0.126,0.2,0.3,3.5,0.13000000000000003,-0.033333333333333326,-0.16666666666666652,0,3
2151,0.0,0.0,4.0,0.16,0.0,0.0,4.0,0.144,0.2,0.3,3.6,0.152,-0.16666666666666666,0.3999999999999999,0,5
2152,0.3333333333333333,0.3333333333333333,3.6666666666666665,0.17333333333333334,0.2,0.6,3.0,0.17200000000000001,0.3,0.6,2.7,0.16699999999999998,-0.033333333333333326,0.9666666666666663,0,2
2153,0.3333333333333333,0.6666666666666666,3.0,0.14,0.4,0.6,2.6,0.138,0.4,0.5,2.9,0.15699999999999997,0.23333333333333336,0.10000000000000009,1,0
2154,0.0,0.6666666666666666,2.3333333333333335,0.1466666666666667,0.0,0.6,2.8,0.176,0.0,0.3,3.4,0.16099999999999998,-0.1,-1.0666666666666664,0,10
2155,0.0,0.0,3.3333333333333335,0.18333333333333335,0.2,0.2,2.8,0.168,0.2,0.4,3.0,0.173,0.033333333333333354,0.3333333333333335,0,3
2156,0.0,0.0,5.0,0.17333333333333334,0.0,0.0,4.2,0.14600000000000002,0.1,0.1,4.5,0.14999999999999997,-0.13333333333333333,0.5,0,9
2157,0.6666666666666666,0.6666666666666666,2.0,0.13333333333333333,0.4,0.4,2.6,0.134,0.4,0.4,2.6,0.133,0.13333333333333336,-0.6000000000000001,2,0
2158,0.3333333333333333,0.3333333333333333,2.3333333333333335,0.17,0.2,0.2,3.0,0.162,0.2,0.3,3.2,0.152,0.13333333333333336,-0.8666666666666667,0,2
2159,0.0,0.3333333333333333,4.0,0.16333333333333333,0.0,0.2,4.6,0.148,0.1,0.3,4.0,0.156,-0.23333333333333334,0.0,0,7
2160,0.3333333333333333,0.6666666666666666,2.3333333333333335,0.15000000000000002,0.4,0.6,2.6,0.172,0.3,0.4,3.0,0.149,0.23333333333333336,-0.6666666666666665,0,2
2161,0.3333333333333333,0.6666666666666666,3.0,0.18666666666666668,0.4,0.8,2.4,0.164,0.3,0.7,2.6,0.146,0.2,0.3999999999999999,0,1
2162,0.0,0.3333333333333333,2.6666666666666665,0.16333333333333333,0.2,0.4,3.0,0.144,0.3,0.5,2.5,0.144,-0.033333333333333326,0.16666666666666652,0,3
2163,0.0,0.0,4.333333333333333,0.17666666666666667,0.2,0.2,3.6,0.176,0.3,0.3,3.3,0.154,0.0,1.0333333333333332,0,4
2164,0.3333333333333333,0.6666666666666666,2.0,0.12666666666666668,0.2,0.6,2.6,0.14200000000000002,0.2,0.5,2.9,0.15700000000000003,0.06666666666666668,-0.8999999999999999,0,2
2165,0.6666666666666666,0.6666666666666666,2.3333333333333335,0.20333333333333337,0.4,0.6,2.4,0.182,0.2,0.5,3.2,0.17099999999999999,0.2666666666666667,-0.8666666666666667,0,1
2166,0.3333333333333333,0.3333333333333333,3.3333333333333335,0.14,0.2,0.2,4.0,0.144,0.2,0.3,3.5,0.14600000000000002,0.0,-0.16666666666666652,1,0
2167,0.0,0.0,4.0,0.21333333333333335,0.0,0.0,4.4,0.188,0.2,0.3,3.6,0.15499999999999997,-0.13333333333333333,0.3999999999999999,0,7
2168,0.3333333333333333,0.3333333333333333,3.0,0.15,0.2,0.2,3.8,0.138,0.2,0.3,3.4,0.13999999999999999,0.033333333333333354,-0.3999999999999999,0,1
2169,0.0,0.0,4.333333333333333,0.1466666666666667,0.0,0.2,3.6,0.16,0.1,0.3,3.8,0.16199999999999998,-0.1,0.5333333333333332,0,7
2170,0.0,0.0,3.6666666666666665,0.15,0.0,0.0,4.0,0.166,0.1,0.2,3.5,0.15700000000000003,-0.26666666666666666,0.16666666666666652,0,7
2171,0.0,0.0,5.333333333333333,0.14333333333333334,0.0,0.0,5.6,0.152,0.0,0.0,5.2,0.148,-0.13333333333333333,0.13333333333333286,0,12
2172,0.0,0.0,4.333333333333333,0.13,0.0,0.0,4.2,0.134,0.0,0.1,4.2,0.133,-0.13333333333333333,0.13333333333333286,0,11
2173,0.3333333333333333,0.6666666666666666,3.0,0.16666666666666666,0.4,0.8,2.4,0.16399999999999998,0.2,0.5,3.2,0.16,0.13333333333333336,-0.20000000000000018,1,0
2174,0.0,0.0,5.333333333333333,0.1366666666666667,0.2,0.2,4.2,0.15,0.3,0.3,3.9,0.14600000000000002,0.06666666666666668,1.4333333333333331,0,4
2175,0.3333333333333333,0.6666666666666666,2.0,0.14,0.2,0.4,3.2,0.13,0.3,0.4,2.9,0.121,-0.033333333333333326,-0.8999999999999999,0,1
2176,0.3333333333333333,0.3333333333333333,2.3333333333333335,0.1366666666666667,0.2,0.2,3.2,0.176,0.2,0.2,3.7,0.16899999999999998,0.0,-1.3666666666666667,0,1
2177,0.3333333333333333,0.3333333333333333,4.0,0.13,0.2,0.2,3.8,0.142,0.2,0.2,3.8,0.15499999999999997,0.13333333333333336,0.20000000000000018,1,0
2178,0.0,0.0,5.0,0.14333333333333334,0.4,0.4,3.4,0.13,0.4,0.5,3.1,0.135,0.06666666666666671,1.9,0,3
2179,0.3333333333333333,0.3333333333333333,2.6666666666666665,0.16333333333333336,0.2,0.2,2.8,0.168,0.1,0.1,3.6,0.16299999999999998,0.06666666666666668,-0.9333333333333336,0,1
2180,0.3333333333333333,0.3333333333333333,3.0,0.15,0.2,0.4,3.0,0.154,0.1,0.5,3.0,0.15399999999999997,0.0,0.0,1,0
2181,0.0,0.6666666666666666,2.6666666666666665,0.15000000000000002,0.0,0.6,2.8,0.17,0.0,0.4,3.4,0.16599999999999998,-0.1,-0.7333333333333334,0,11
2182,0.0,0.0,4.666666666666667,0.14,0.0,0.0,4.4,0.14,0.1,0.1,4.1,0.14,-0.16666666666666666,0.5666666666666673,0,9
2183,0.0,0.3333333333333333,3.0,0.10333333333333333,0.2,0.4,2.6,0.11599999999999999,0.2,0.4,2.9,0.142,0.033333333333333354,0.10000000000000009,0,3
2184,0.3333333333333333,0.6666666666666666,2.3333333333333335,0.14666666666666664,0.2,0.4,3.8,0.146,0.2,0.3,3.8,0.15,-0.033333333333333326,-1.4666666666666663,1,0
2185,0.0,0.6666666666666666,3.3333333333333335,0.13666666666666666,0.2,0.6,3.2,0.15,0.2,0.5,3.6,0.14700000000000002,0.0,-0.2666666666666666,0,3
2186,0.0,0.0,5.666666666666667,0.16,0.0,0.0,4.6,0.15400000000000003,0.2,0.2,3.9,0.155,-0.2,1.766666666666667,0,7
2187,0.0,0.0,3.6666666666666665,0.17333333333333334,0.0,0.2,3.2,0.15,0.0,0.1,4.2,0.154,-0.1,-0.5333333333333337,0,24
2188,0.3333333333333333,0.3333333333333333,3.3333333333333335,0.17666666666666667,0.4,0.6,2.6,0.156,0.3,0.5,3.2,0.15399999999999997,0.16666666666666669,0.1333333333333333,1,0
2189,0.0,0.3333333333333333,3.6666666666666665,0.16333333333333336,0.2,0.6,2.8,0.146,0.3,0.5,2.9,0.15299999999999997,-0.06666666666666665,0.7666666666666666,0,3
2190,0.0,0.6666666666666666,3.0,0.16333333333333336,0.0,0.6,3.4,0.17400000000000002,0.1,0.4,3.3,0.144,-0.13333333333333333,-0.2999999999999998,0,6
2191,0.3333333333333333,0.3333333333333333,2.6666666666666665,0.17333333333333334,0.2,0.4,2.6,0.14400000000000002,0.2,0.4,2.6,0.147,0.033333333333333354,0.06666666666666643,0,1
2192,0.0,0.3333333333333333,4.0,0.17,0.0,0.2,3.8,0.156,0.0,0.1,4.0,0.142,-0.23333333333333334,0.0,0,11
2193,0.6666666666666666,0.6666666666666666,2.0,0.15000000000000002,0.4,0.4,3.4,0.14600000000000002,0.2,0.4,3.6,0.142,0.30000000000000004,-1.6,0,1
2194,0.0,0.0,4.666666666666667,0.13,0.2,0.2,4.2,0.14600000000000002,0.3,0.3,3.5,0.14600000000000002,-0.06666666666666665,1.166666666666667,0,3
2195,0.3333333333333333,0.3333333333333333,3.3333333333333335,0.16,0.2,0.4,3.6,0.156,0.1,0.3,4.1,0.15999999999999998,0.033333333333333354,-0.7666666666666662,0,1
2196,0.0,0.0,4.333333333333333,0.16,0.0,0.2,3.8,0.16,0.4,0.5,2.8,0.15699999999999997,-0.16666666666666666,1.5333333333333332,0,5
2197,0.3333333333333333,0.6666666666666666,2.0,0.13,0.2,0.4,3.0,0.154,0.1,0.3,3.9,0.152,0.13333333333333336,-1.9,0,2
2198,0.0,0.3333333333333333,4.666666666666667,0.17,0.2,0.4,3.6,0.154,0.3,0.5,3.1,0.145,-0.033333333333333326,1.5666666666666669,0,3
2199,0.3333333333333333,0.3333333333333333,2.6666666666666665,0.15333333333333335,0.4,0.6,2.2,0.158,0.3,0.5,2.5,0.156,0.13333333333333336,0.16666666666666652,1,0
2200,0.3333333333333333,0.3333333333333333,3.6666666666666665,0.15666666666666665,0.2,0.2,4.0,0.15999999999999998,0.3,0.4,3.3,0.14300000000000002,0.0,0.3666666666666667,0,1
2201,0.6666666666666666,1.0,1.3333333333333333,0.14666666666666667,0.8,1.0,1.2,0.15,0.7,0.8,1.7,0.156,0.4333333333333334,-0.3666666666666667,0,1
2202,0.0,0.6666666666666666,3.3333333333333335,0.15666666666666665,0.0,0.4,4.0,0.172,0.0,0.2,4.1,0.15299999999999997,-0.06666666666666667,-0.7666666666666662,0,21
2203,0.3333333333333333,0.3333333333333333,2.6666666666666665,0.17333333333333334,0.2,0.4,2.8,0.16199999999999998,0.2,0.4,3.2,0.149,-0.06666666666666665,-0.5333333333333337,0,1
2204,0.0,0.0,5.0,0.13333333333333333,0.0,0.0,4.4,0.14,0.0,0.1,4.0,0.152,-0.06666666666666667,1.0,0,19
2205,0.0,0.3333333333333333,4.333333333333333,0.13333333333333333,0.0,0.2,4.4,0.15,0.0,0.1,4.4,0.152,-0.03333333333333333,-0.06666666666666732,0,17
2206,0.3333333333333333,0.3333333333333333,3.6666666666666665,0.17,0.2,0.2,4.0,0.154,0.5,0.5,2.7,0.16099999999999998,0.0,0.9666666666666663,0,1
2207,1.0,1.0,1.0,0.17,0.6,0.6,2.6,0.174,0.3,0.5,3.3,0.151,0.43333333333333335,-2.3,3,0
2208,0.3333333333333333,0.3333333333333333,3.0,0.1466666666666667,0.2,0.2,3.6,0.154,0.1,0.2,3.6,0.146,0.06666666666666668,-0.6000000000000001,0,2
2209,0.3333333333333333,0.3333333333333333,2.3333333333333335,0.17333333333333334,0.2,0.2,3.4,0.168,0.2,0.2,3.9,0.164,0.06666666666666668,-1.5666666666666664,0,1
2210,0.0,0.0,4.333333333333333,0.14333333333333334,0.2,0.2,3.8,0.158,0.1,0.4,3.2,0.15500000000000003,0.1,1.1333333333333329,0,4
2211,0.6666666666666666,0.6666666666666666,2.3333333333333335,0.12666666666666668,0.4,0.6,2.4,0.13999999999999999,0.2,0.3,3.2,0.14700000000000002,0.2666666666666667,-0.8666666666666667,2,0
2212,0.0,0.0,4.0,0.16333333333333333,0.0,0.4,3.2,0.16799999999999998,0.3,0.5,2.8,0.13999999999999999,-0.2,1.2000000000000002,0,5
2213,0.3333333333333333,0.3333333333333333,3.6666666666666665,0.15,0.4,0.6,2.8,0.15000000000000002,0.3,0.4,3.6,0.168,0.13333333333333336,0.06666666666666643,1,0
2214,0.0,0.3333333333333333,3.6666666666666665,0.13,0.0,0.2,3.8,0.16599999999999998,0.1,0.4,3.6,0.15500000000000003,-0.1,0.06666666666666643,0,5
2215,0.0,0.3333333333333333,4.333333333333333,0.17333333333333334,0.2,0.4,4.0,0.14800000000000002,0.3,0.5,3.1,0.16499999999999998,0.033333333333333354,1.233333333333333,0,3
2216,0.0,0.0,4.0,0.18333333333333335,0.2,0.2,3.2,0.176,0.3,0.4,3.1,0.176,0.06666666666666668,0.8999999999999999,0,4
2217,0.3333333333333333,0.6666666666666666,3.0,0.14333333333333334,0.2,0.6,3.4,0.15,0.2,0.5,3.4,0.14100000000000001,0.033333333333333354,-0.3999999999999999,0,1
2218,0.0,0.6666666666666666,2.6666666666666665,0.16333333333333333,0.2,0.6,3.0,0.152,0.1,0.4,3.6,0.16499999999999998,0.1,-0.9333333333333336,0,3
2219,0.6666666666666666,1.0,1.3333333333333333,0.10333333333333333,0.4,0.6,2.6,0.14,0.2,0.3,3.7,0.147,0.23333333333333336,-2.366666666666667,1,0
2220,0.0,0.6666666666666666,3.3333333333333335,0.15,0.0,0.4,3.6,0.16599999999999998,0.1,0.5,3.2,0.157,-0.16666666666666666,0.1333333333333333,0,5
2221,0.3333333333333333,0.6666666666666666,2.3333333333333335,0.17,0.2,0.6,2.6,0.16999999999999998,0.1,0.3,3.4,0.157,0.06666666666666668,-1.0666666666666664,0,1
2222,0.0,0.0,5.0,0.18333333333333335,0.0,0.0,4.4,0.174,0.1,0.1,4.6,0.15699999999999997,-0.16666666666666666,0.40000000000000036,0,9
2223,0.3333333333333333,0.3333333333333333,2.6666666666666665,0.15000000000000002,0.2,0.2,2.8,0.14400000000000002,0.2,0.3,3.0,0.142,0.033333333333333354,-0.3333333333333335,0,2
2224,0.0,0.0,6.0,0.14,0.0,0.0,5.2,0.14,0.0,0.1,4.7,0.152,-0.2,1.2999999999999998,0,10
2225,0.6666666666666666,0.6666666666666666,1.6666666666666667,0.12666666666666668,0.4,0.4,2.8,0.13,0.2,0.3,3.4,0.153,0.16666666666666669,-1.7333333333333332,2,0
2226,0.0,0.0,5.333333333333333,0.11333333333333334,0.2,0.2,4.2,0.128,0.1,0.2,4.0,0.142,0.1,1.333333333333333,0,4
2227,0.3333333333333333,0.6666666666666666,3.0,0.13,0.2,0.6,3.4,0.146,0.1,0.4,3.6,0.151,0.06666666666666668,-0.6000000000000001,0,1
2228,0.3333333333333333,0.3333333333333333,3.0,0.13,0.4,0.6,2.4,0.126,0.3,0.5,2.8,0.14,0.13333333333333336,0.20000000000000018,0,1
2229,0.0,0.6666666666666666,3.3333333333333335,0.1366666666666667,0.2,0.6,3.0,0.14200000000000002,0.2,0.4,3.6,0.152,0.033333333333333354,-0.2666666666666666,0,4
2230,0.6666666666666666,0.6666666666666666,1.6666666666666667,0.15,0.4,0.4,2.6,0.156,0.3,0.4,2.6,0.147,0.2,-0.9333333333333333,0,1
2231,0.0,0.0,4.666666666666667,0.18000000000000002,0.0,0.0,5.0,0.17400000000000002,0.0,0.0,4.5,0.156,-0.2,0.16666666666666696,0,10
2232,0.3333333333333333,0.3333333333333333,4.0,0.15666666666666668,0.2,0.4,4.0,0.17200000000000001,0.2,0.3,3.8,0.14199999999999996,-0.06666666666666665,0.20000000000000018,1,0
2233,0.0,0.3333333333333333,3.3333333333333335,0.14,0.0,0.4,3.4,0.144,0.1,0.4,3.5,0.12599999999999997,-0.23333333333333334,-0.16666666666666652,0,7
2234,0.6666666666666666,0.6666666666666666,2.0,0.14666666666666667,0.6,0.6,2.0,0.14400000000000002,0.4,0.5,2.4,0.14,0.36666666666666664,-0.3999999999999999,2,0
2235,0.6666666666666666,0.6666666666666666,2.0,0.15,0.4,0.4,3.2,0.164,0.3,0.4,3.3,0.16,0.2,-1.2999999999999998,2,0
2236,0.0,0.0,4.333333333333333,0.16666666666666666,0.0,0.2,4.2,0.16999999999999998,0.0,0.4,3.5,0.16099999999999998,-0.1,0.833333333333333,0,11
2237,0.3333333333333333,0.3333333333333333,3.0,0.14,0.4,0.4,3.0,0.166,0.3,0.3,3.7,0.154,0.2666666666666667,-0.7000000000000002,0,1
2238,0.3333333333333333,0.6666666666666666,3.0,0.15,0.2,0.4,4.2,0.14800000000000002,0.2,0.3,3.7,0.14299999999999996,0.0,-0.7000000000000002,1,0
2239,0.3333333333333333,0.6666666666666666,3.0,0.15000000000000002,0.2,0.4,3.6,0.14800000000000002,0.1,0.2,4.0,0.14799999999999996,0.06666666666666668,-1.0,1,0
2240,0.0,0.3333333333333333,4.0,0.09666666666666668,0.2,0.4,3.6,0.10600000000000001,0.1,0.2,4.2,0.137,0.0,-0.20000000000000018,0,3
2241,0.0,0.3333333333333333,3.6666666666666665,0.12333333333333334,0.0,0.4,3.4,0.142,0.1,0.4,3.1,0.15000000000000002,-0.23333333333333334,0.5666666666666664,0,8
2242,0.3333333333333333,0.3333333333333333,3.6666666666666665,0.15000000000000002,0.2,0.2,4.0,0.168,0.1,0.2,4.1,0.158,-0.033333333333333326,-0.4333333333333331,0,2
2243,0.3333333333333333,0.6666666666666666,3.0,0.16333333333333333,0.4,0.6,2.6,0.164,0.4,0.5,2.8,0.16,0.16666666666666669,0.20000000000000018,0,1
2244,0.0,0.3333333333333333,4.333333333333333,0.15333333333333335,0.0,0.2,4.4,0.16,0.1,0.2,4.2,0.15999999999999998,-0.2,0.13333333333333286,0,9
2245,0.3333333333333333,0.6666666666666666,2.6666666666666665,0.13999999999999999,0.4,0.6,2.4,0.162,0.2,0.5,3.1,0.16100000000000003,0.30000000000000004,-0.43333333333333357,1,0
2246,0.0,0.0,4.333333333333333,0.16,0.0,0.2,4.0,0.14400000000000002,0.0,0.1,4.2,0.151,-0.13333333333333333,0.13333333333333286,0,13
2247,0.0,0.0,5.0,0.11666666666666665,0.2,0.2,4.2,0.13,0.1,0.1,4.4,0.14500000000000002,0.06666666666666668,0.5999999999999996,0,4
2248,0.0,0.0,4.333333333333333,0.12666666666666668,0.0,0.0,4.2,0.15,0.1,0.1,3.7,0.14500000000000002,-0.2,0.6333333333333329,0,9
2249,0.3333333333333333,0.3333333333333333,2.6666666666666665,0.17333333333333334,0.2,0.4,3.2,0.158,0.1,0.2,4.0,0.15899999999999997,-0.033333333333333326,-1.3333333333333335,0,1
2250,0.0,0.3333333333333333,3.3333333333333335,0.12333333333333334,0.0,0.6,2.8,0.13,0.1,0.4,3.8,0.13499999999999995,-0.1,-0.46666666666666634,0,6
2251,0.3333333333333333,0.3333333333333333,2.6666666666666665,0.18333333333333335,0.4,0.4,2.4,0.168,0.2,0.3,3.1,0.159,0.2,-0.43333333333333357,1,0
2252,0.3333333333333333,0.6666666666666666,2.0,0.16,0.2,0.4,3.0,0.16,0.1,0.2,3.5,0.16799999999999998,0.0,-1.5,0,2
2253,0.3333333333333333,0.6666666666666666,2.6666666666666665,0.17333333333333334,0.4,0.8,2.2,0.16,0.2,0.6,2.7,0.16899999999999998,0.13333333333333336,-0.03333333333333366,0,2
2254,0.0,0.0,3.3333333333333335,0.14,0.0,0.2,3.0,0.144,0.0,0.2,3.1,0.132,-0.13333333333333333,0.2333333333333334,0,21
2255,0.0,0.3333333333333333,3.3333333333333335,0.15666666666666665,0.0,0.2,3.8,0.16799999999999998,0.1,0.2,4.0,0.15499999999999997,-0.16666666666666666,-0.6666666666666665,0,8
2256,0.3333333333333333,0.6666666666666666,2.3333333333333335,0.1366666666666667,0.2,0.4,2.6,0.126,0.1,0.2,3.5,0.14700000000000002,-0.033333333333333326,-1.1666666666666665,1,0
2257,0.3333333333333333,0.6666666666666666,2.6666666666666665,0.13333333333333333,0.2,0.6,2.8,0.14200000000000002,0.3,0.5,2.9,0.14100000000000001,0.06666666666666668,-0.2333333333333334,0,2
2258,0.3333333333333333,0.6666666666666666,2.3333333333333335,0.18333333333333335,0.2,0.4,3.0,0.176,0.2,0.4,2.7,0.162,0.06666666666666668,-0.3666666666666667,0,2
2259,0.0,0.0,5.0,0.16,0.2,0.2,4.2,0.16199999999999998,0.2,0.2,3.9,0.14200000000000002,0.033333333333333354,1.1,0,3
2260,0.3333333333333333,0.3333333333333333,3.0,0.14,0.4,0.4,2.8,0.136,0.2,0.3,3.5,0.131,0.30000000000000004,-0.5,0,2
2261,0.0,0.3333333333333333,3.0,0.16666666666666666,0.0,0.2,3.6,0.154,0.0,0.2,4.0,0.15700000000000003,-0.13333333333333333,-1.0,0,23
2262,0.0,0.3333333333333333,4.333333333333333,0.12666666666666668,0.2,0.4,3.6,0.12000000000000002,0.3,0.4,3.5,0.13300000000000003,-0.06666666666666665,0.833333333333333,0,3
2263,0.6666666666666666,0.6666666666666666,1.6666666666666667,0.18000000000000002,0.6,0.8,1.6,0.182,0.4,0.5,3.0,0.16699999999999998,0.26666666666666666,-1.3333333333333333,0,1
2264,0.0,0.3333333333333333,3.6666666666666665,0.15,0.0,0.2,4.6,0.142,0.0,0.3,3.9,0.14300000000000002,-0.2,-0.2333333333333334,0,14
2265,0.0,0.3333333333333333,3.3333333333333335,0.15,0.0,0.2,3.6,0.13999999999999999,0.1,0.2,4.0,0.157,-0.2,-0.6666666666666665,0,9
2266,0.3333333333333333,0.3333333333333333,3.3333333333333335,0.20333333333333334,0.4,0.4,2.8,0.156,0.3,0.3,3.3,0.156,0.2,0.03333333333333366,0,1
2267,0.0,0.0,5.0,0.11,0.2,0.2,4.0,0.11800000000000002,0.2,0.2,4.0,0.127,0.06666666666666668,1.0,0,4
2268,0.3333333333333333,0.3333333333333333,3.6666666666666665,0.15666666666666665,0.2,0.2,4.2,0.15399999999999997,0.5,0.5,3.0,0.15699999999999997,-0.06666666666666665,0.6666666666666665,0,2
2269,0.0,0.3333333333333333,4.0,0.13333333333333333,0.0,0.4,3.4,0.134,0.1,0.3,3.4,0.134,-0.16666666666666666,0.6000000000000001,0,5
2270,0.0,0.3333333333333333,4.0,0.13666666666666666,0.0,0.2,4.2,0.15199999999999997,0.0,0.3,3.9,0.14500000000000002,-0.03333333333333333,0.10000000000000009,0,18
2271,0.0,0.0,4.666666666666667,0.15666666666666665,0.0,0.0,4.8,0.14600000000000002,0.1,0.2,4.0,0.15499999999999997,-0.23333333333333334,0.666666666666667,0,9
2272,0.0,0.3333333333333333,3.6666666666666665,0.19000000000000003,0.4,0.6,2.6,0.178,0.2,0.5,3.0,0.16599999999999998,0.2,0.6666666666666665,0,3
2273,0.0,0.0,4.666666666666667,0.15333333333333335,0.0,0.0,5.2,0.17,0.1,0.1,4.7,0.152,-0.13333333333333333,-0.033333333333333215,0,7
2274,0.0,0.3333333333333333,3.6666666666666665,0.13333333333333333,0.0,0.2,3.8,0.124,0.1,0.2,4.1,0.151,-0.2,-0.4333333333333331,0,7
2275,0.0,0.0,3.0,0.17666666666666667,0.2,0.2,2.6,0.182,0.1,0.2,3.5,0.165,0.13333333333333336,-0.5,0,4
2276,0.3333333333333333,0.6666666666666666,2.0,0.16,0.2,0.6,2.2,0.154,0.2,0.6,2.6,0.145,0.033333333333333354,-0.6000000000000001,0,2
2277,0.3333333333333333,0.3333333333333333,3.3333333333333335,0.14,0.2,0.4,3.2,0.134,0.2,0.4,3.1,0.14400000000000002,0.1,0.2333333333333334,0,2
2278,0.0,0.3333333333333333,4.666666666666667,0.13333333333333333,0.0,0.4,3.8,0.128,0.2,0.5,3.4,0.138,-0.2,1.266666666666667,0,5
2279,0.0,0.0,4.333333333333333,0.15333333333333332,0.0,0.4,3.4,0.162,0.2,0.6,2.6,0.165,-0.2,1.733333333333333,0,6
2280,0.3333333333333333,0.6666666666666666,2.0,0.17333333333333334,0.2,0.6,2.2,0.162,0.3,0.7,2.0,0.151,-0.06666666666666665,0.0,0,2
2281,0.0,0.3333333333333333,4.666666666666667,0.16333333333333333,0.0,0.2,4.8,0.146,0.0,0.2,4.2,0.14800000000000002,-0.03333333333333333,0.4666666666666668,0,24
2282,0.3333333333333333,0.6666666666666666,2.0,0.16666666666666666,0.4,0.6,2.6,0.164,0.3,0.5,3.0,0.159,0.2,-1.0,0,1
2283,0.0,0.0,4.0,0.09000000000000001,0.0,0.0,4.6,0.14200000000000002,0.1,0.2,3.9,0.14600000000000002,-0.16666666666666666,0.10000000000000009,0,8
2284,0.3333333333333333,1.0,1.6666666666666667,0.13,0.6,1.0,1.4,0.136,0.3,0.6,2.6,0.13799999999999998,0.3,-0.9333333333333333,0,1
2285,0.0,0.0,4.666666666666667,0.17,0.0,0.0,4.4,0.168,0.0,0.1,4.2,0.16299999999999998,-0.13333333333333333,0.4666666666666668,0,12
2286,0.0,0.0,4.0,0.12666666666666668,0.2,0.2,3.4,0.13799999999999998,0.1,0.3,3.2,0.16,0.1,0.7999999999999998,0,3
2287,0.0,0.0,5.0,0.22,0.0,0.2,4.4,0.19,0.0,0.3,3.8,0.175,-0.13333333333333333,1.2000000000000002,0,14
2288,0.0,0.3333333333333333,3.6666666666666665,0.14333333333333334,0.2,0.4,3.2,0.154,0.1,0.2,3.7,0.157,0.1,-0.03333333333333366,0,3
2289,0.0,0.0,5.333333333333333,0.10666666666666667,0.0,0.0,5.4,0.11200000000000002,0.1,0.1,4.4,0.12600000000000003,-0.16666666666666666,0.9333333333333327,0,6
2290,0.3333333333333333,0.6666666666666666,2.6666666666666665,0.16,0.2,0.6,3.0,0.158,0.2,0.5,2.9,0.156,0.06666666666666668,-0.2333333333333334,1,0
2291,0.3333333333333333,0.3333333333333333,3.3333333333333335,0.17,0.2,0.2,3.8,0.14600000000000002,0.1,0.2,4.3,0.148,0.1,-0.9666666666666663,0,2
2292,0.0,0.3333333333333333,2.6666666666666665,0.17,0.0,0.2,2.8,0.15800000000000003,0.1,0.3,3.1,0.15599999999999997,-0.13333333333333333,-0.43333333333333357,0,5
2293,0.0,0.6666666666666666,2.3333333333333335,0.17333333333333334,0.0,0.6,2.8,0.15,0.2,0.5,2.9,0.14300000000000002,-0.1,-0.5666666666666664,0,5
2294,0.0,0.3333333333333333,4.666666666666667,0.13,0.0,0.2,4.6,0.13799999999999998,0.1,0.2,4.2,0.152,-0.1,0.4666666666666668,0,9
2295,0.0,0.3333333333333333,4.333333333333333,0.16333333333333333,0.0,0.4,3.6,0.138,0.1,0.5,3.2,0.14299999999999996,-0.13333333333333333,1.1333333333333329,0,7
2296,0.0,0.0,5.0,0.16666666666666666,0.2,0.2,3.8,0.16399999999999998,0.2,0.2,4.2,0.16299999999999998,0.033333333333333354,0.7999999999999998,0,3
2297,0.0,0.3333333333333333,3.6666666666666665,0.17333333333333334,0.0,0.2,3.8,0.17800000000000002,0.0,0.2,3.7,0.175,-0.06666666666666667,-0.03333333333333366,0,15
2298,0.0,0.0,4.333333333333333,0.13,0.0,0.2,4.2,0.14,0.1,0.3,3.9,0.141,-0.1,0.4333333333333331,0,7
2299,0.0,0.0,3.6666666666666665,0.19333333333333336,0.2,0.2,3.6,0.156,0.1,0.2,4.1,0.13199999999999998,0.13333333333333336,-0.4333333333333331,0,4
2300,0.3333333333333333,0.3333333333333333,3.3333333333333335,0.13,0.2,0.2,4.2,0.13999999999999999,0.1,0.2,4.2,0.13700000000000004,0.033333333333333354,-0.8666666666666667,1,0
2301,0.3333333333333333,0.6666666666666666,2.3333333333333335,0.15666666666666665,0.4,0.6,2.4,0.14400000000000002,0.3,0.5,3.0,0.14899999999999997,0.2,-0.6666666666666665,0,1
2302,0.6666666666666666,0.6666666666666666,2.3333333333333335,0.16666666666666666,0.4,0.4,3.6,0.172,0.2,0.3,3.7,0.17,0.30000000000000004,-1.3666666666666667,0,1
2303,0.3333333333333333,0.3333333333333333,3.3333333333333335,0.11,0.2,0.6,2.8,0.134,0.1,0.4,3.6,0.146,0.033333333333333354,-0.2666666666666666,1,0
2304,0.0,0.0,4.333333333333333,0.12666666666666668,0.0,0.0,4.2,0.124,0.0,0.0,4.2,0.12599999999999997,-0.03333333333333333,0.13333333333333286,0,25
2305,0.0,0.0,3.3333333333333335,0.18999999999999997,0.0,0.0,4.4,0.202,0.0,0.0,4.6,0.174,-0.16666666666666666,-1.2666666666666662,0,12
2306,0.3333333333333333,0.3333333333333333,3.3333333333333335,0.16,0.2,0.2,4.0,0.146,0.3,0.3,3.2,0.16199999999999998,0.06666666666666668,0.1333333333333333,0,2
2307,0.0,0.0,5.0,0.13,0.0,0.2,4.4,0.14,0.1,0.3,3.7,0.14500000000000002,-0.13333333333333333,1.2999999999999998,0,8
2308,0.0,0.3333333333333333,3.3333333333333335,0.1366666666666667,0.2,0.4,2.8,0.11599999999999999,0.2,0.3,3.5,0.13799999999999998,0.033333333333333354,-0.16666666666666652,0,4
2309,0.0,1.0,2.0,0.14,0.0,0.6,3.0,0.13,0.2,0.5,3.0,0.15499999999999997,-0.3333333333333333,-1.0,0,6
2310,0.3333333333333333,0.3333333333333333,3.3333333333333335,0.17333333333333334,0.2,0.2,4.0,0.15,0.2,0.2,3.9,0.147,0.033333333333333354,-0.5666666666666664,0,1
2311,0.0,0.3333333333333333,3.3333333333333335,0.16666666666666666,0.0,0.2,3.4,0.15,0.0,0.1,3.8,0.16499999999999998,-0.1,-0.46666666666666634,0,12
2312,0.0,0.0,5.333333333333333,0.16666666666666666,0.2,0.4,3.8,0.176,0.1,0.4,3.5,0.16599999999999998,-0.06666666666666665,1.833333333333333,0,3
2313,0.0,0.0,4.333333333333333,0.17,0.0,0.2,4.2,0.16999999999999998,0.1,0.2,3.9,0.164,-0.13333333333333333,0.4333333333333331,0,7
2314,0.0,0.0,5.666666666666667,0.15000000000000002,0.0,0.0,4.8,0.14800000000000002,0.0,0.0,4.4,0.13599999999999998,-0.13333333333333333,1.2666666666666666,0,15
2315,0.0,0.0,4.333333333333333,0.13333333333333333,0.0,0.0,4.6,0.15,0.2,0.3,3.5,0.138,-0.13333333333333333,0.833333333333333,0,6
2316,0.0,0.3333333333333333,4.333333333333333,0.13333333333333333,0.2,0.4,3.6,0.128,0.3,0.4,3.6,0.142,0.033333333333333354,0.733333333333333,0,3
2317,0.0,0.0,4.666666666666667,0.15666666666666665,0.0,0.2,4.0,0.154,0.1,0.2,3.8,0.15,-0.13333333333333333,0.8666666666666671,0,8
2318,0.3333333333333333,0.3333333333333333,2.6666666666666665,0.13,0.4,0.4,2.6,0.152,0.4,0.4,2.7,0.155,0.2,-0.03333333333333366,1,0
2319,0.0,0.3333333333333333,4.0,0.18666666666666668,0.2,0.6,3.0,0.186,0.2,0.5,3.0,0.15,-0.033333333333333326,1.0,0,4
2320,0.3333333333333333,0.3333333333333333,3.6666666666666665,0.15333333333333332,0.2,0.4,3.8,0.14800000000000002,0.3,0.4,3.3,0.16699999999999998,-0.09999999999999998,0.3666666666666667,1,0
2321,0.0,0.3333333333333333,4.666666666666667,0.1366666666666667,0.0,0.4,4.4,0.128,0.1,0.4,3.9,0.143,-0.06666666666666667,0.766666666666667,0,8
2322,0.0,0.0,5.333333333333333,0.15,0.0,0.0,5.0,0.16,0.1,0.2,4.3,0.158,-0.13333333333333333,1.0333333333333332,0,7
2323,0.0,0.3333333333333333,4.0,0.14333333333333334,0.0,0.2,4.6,0.15399999999999997,0.0,0.2,4.5,0.139,-0.06666666666666667,-0.5,0,10
2324,0.3333333333333333,0.6666666666666666,2.0,0.14333333333333334,0.4,0.6,2.0,0.138,0.4,0.5,3.0,0.12799999999999997,0.2,-1.0,1,0
2325,0.3333333333333333,0.3333333333333333,4.0,0.15666666666666665,0.4,0.6,3.0,0.14400000000000002,0.2,0.3,3.6,0.145,0.23333333333333336,0.3999999999999999,0,2
2326,0.3333333333333333,0.6666666666666666,2.0,0.10999999999999999,0.4,0.6,2.2,0.134,0.3,0.4,2.9,0.132,0.30000000000000004,-0.8999999999999999,0,1
2327,0.0,0.3333333333333333,3.3333333333333335,0.13333333333333333,0.0,0.4,3.4,0.14400000000000002,0.2,0.4,3.1,0.14899999999999997,-0.2,0.2333333333333334,0,5
2328,0.0,0.0,5.0,0.15666666666666668,0.2,0.4,3.6,0.146,0.3,0.6,2.9,0.13899999999999998,0.033333333333333354,2.1,0,3
2329,0.6666666666666666,0.6666666666666666,2.6666666666666665,0.12333333333333334,0.4,0.4,3.8,0.136,0.2,0.3,4.0,0.12200000000000003,0.2666666666666667,-1.3333333333333335,1,0
2330,0.0,0.3333333333333333,2.6666666666666665,0.15,0.2,0.6,2.2,0.142,0.3,0.6,2.4,0.15,-0.09999999999999998,0.2666666666666666,0,3
2331,0.3333333333333333,0.6666666666666666,3.0,0.17666666666666667,0.2,0.4,3.4,0.162,0.2,0.4,3.5,0.15799999999999997,0.033333333333333354,-0.5,0,1
2332,0.0,0.6666666666666666,2.3333333333333335,0.11333333333333334,0.0,0.6,2.8,0.134,0.1,0.4,3.7,0.13599999999999998,-0.06666666666666667,-1.3666666666666667,0,6
2333,0.3333333333333333,0.6666666666666666,2.6666666666666665,0.11333333333333334,0.4,0.6,2.6,0.12600000000000003,0.2,0.5,3.4,0.14500000000000002,0.2666666666666667,-0.7333333333333334,1,0
2334,0.3333333333333333,0.3333333333333333,4.333333333333333,0.15,0.2,0.2,4.2,0.12000000000000002,0.1,0.1,4.2,0.138,0.0,0.13333333333333286,1,0
2335,0.0,0.3333333333333333,4.0,0.14666666666666667,0.0,0.4,3.4,0.148,0.0,0.2,3.7,0.16899999999999998,-0.16666666666666666,0.2999999999999998,0,10
2336,0.0,0.6666666666666666,2.6666666666666665,0.14333333333333334,0.4,0.8,2.0,0.136,0.2,0.6,3.0,0.139,0.23333333333333336,-0.3333333333333335,0,3
2337,0.0,0.0,4.666666666666667,0.12333333333333334,0.0,0.0,5.2,0.152,0.1,0.2,4.0,0.14900000000000005,-0.13333333333333333,0.666666666666667,0,8
2338,0.0,0.3333333333333333,4.333333333333333,0.12666666666666668,0.0,0.2,4.4,0.136,0.0,0.2,4.2,0.157,-0.1,0.13333333333333286,0,22
2339,0.0,0.6666666666666666,3.0,0.13999999999999999,0.0,0.4,3.6,0.156,0.0,0.4,3.5,0.148,-0.16666666666666666,-0.5,0,11
2340,0.3333333333333333,1.0,1.6666666666666667,0.15666666666666665,0.2,0.6,3.0,0.15999999999999998,0.2,0.4,3.3,0.156,0.0,-1.633333333333333,0,1
2341,0.0,0.0,4.333333333333333,0.15666666666666668,0.0,0.0,4.4,0.158,0.2,0.3,3.3,0.162,-0.16666666666666666,1.0333333333333332,0,8
2342,0.0,0.0,5.333333333333333,0.15,0.0,0.0,5.0,0.132,0.1,0.1,4.2,0.15899999999999997,-0.2,1.1333333333333329,0,9
2343,0.3333333333333333,0.3333333333333333,3.6666666666666665,0.16666666666666666,0.2,0.2,3.6,0.158,0.2,0.2,3.5,0.16499999999999998,0.0,0.16666666666666652,0,1
2344,0.0,0.3333333333333333,3.6666666666666665,0.16333333333333333,0.0,0.2,4.4,0.16599999999999998,0.2,0.4,3.6,0.16299999999999998,-0.16666666666666666,0.06666666666666643,0,7
2345,0.0,0.0,4.333333333333333,0.1466666666666667,0.0,0.2,3.8,0.156,0.0,0.3,3.8,0.153,-0.13333333333333333,0.5333333333333332,0,14
2346,0.0,0.6666666666666666,2.3333333333333335,0.17,0.0,0.6,2.8,0.162,0.2,0.5,3.1,0.16399999999999998,-0.2,-0.7666666666666666,0,5
2347,0.0,0.3333333333333333,2.6666666666666665,0.15666666666666665,0.2,0.6,2.2,0.148,0.2,0.4,2.8,0.151,0.0,-0.1333333333333333,0,3
2348,0.3333333333333333,0.3333333333333333,3.3333333333333335,0.14666666666666667,0.2,0.2,4.4,0.124,0.2,0.3,3.6,0.11800000000000002,0.0,-0.2666666666666666,0,2
2349,0.3333333333333333,0.3333333333333333,2.3333333333333335,0.15666666666666665,0.2,0.4,2.4,0.17400000000000002,0.2,0.3,2.9,0.173,0.033333333333333354,-0.5666666666666664,0,2
2350,0.0,0.0,3.6666666666666665,0.12333333333333334,0.0,0.0,4.2,0.14,0.0,0.1,4.3,0.14300000000000002,-0.13333333333333333,-0.6333333333333333,0,19
2351,0.0,0.3333333333333333,3.0,0.16666666666666666,0.2,0.4,3.0,0.17600000000000002,0.2,0.5,3.2,0.16099999999999998,0.033333333333333354,-0.20000000000000018,0,3
2352,0.0,0.3333333333333333,4.333333333333333,0.15333333333333332,0.0,0.2,4.4,0.14400000000000002,0.0,0.1,4.8,0.16099999999999998,-0.23333333333333334,-0.4666666666666668,0,11
2353,0.0,0.0,4.333333333333333,0.19000000000000003,0.2,0.2,4.0,0.17400000000000002,0.1,0.1,4.8,0.14699999999999996,0.033333333333333354,-0.4666666666666668,0,4
2354,0.0,0.0,4.666666666666667,0.13999999999999999,0.0,0.0,4.0,0.16,0.0,0.2,3.8,0.145,-0.1,0.8666666666666671,0,22
2355,0.0,0.3333333333333333,4.0,0.17333333333333334,0.2,0.6,3.0,0.172,0.4,0.6,2.6,0.177,0.0,1.4,0,3
2356,0.0,0.3333333333333333,4.666666666666667,0.17333333333333334,0.2,0.4,3.6,0.158,0.2,0.3,3.6,0.177,0.06666666666666668,1.0666666666666669,0,4
2357,0.3333333333333333,0.6666666666666666,2.3333333333333335,0.15333333333333332,0.2,0.4,3.2,0.134,0.2,0.3,3.6,0.144,0.06666666666666668,-1.2666666666666666,0,1
2358,0.0,0.0,5.0,0.13666666666666666,0.0,0.2,4.4,0.128,0.1,0.2,4.4,0.14200000000000002,-0.13333333333333333,0.5999999999999996,0,9
2359,0.0,0.3333333333333333,4.333333333333333,0.1366666666666667,0.0,0.2,4.6,0.136,0.0,0.2,4.6,0.151,-0.2,-0.2666666666666666,0,16
2360,0.3333333333333333,0.3333333333333333,3.3333333333333335,0.19000000000000003,0.2,0.2,3.8,0.17200000000000001,0.2,0.3,3.9,0.15999999999999998,0.06666666666666668,-0.5666666666666664,0,1
2361,0.3333333333333333,0.3333333333333333,3.0,0.19666666666666668,0.2,0.2,3.4,0.192,0.2,0.5,3.0,0.168,0.06666666666666668,0.0,1,0
2362,0.0,0.0,4.333333333333333,0.15333333333333332,0.0,0.2,4.0,0.15599999999999997,0.0,0.2,4.2,0.139,-0.03333333333333333,0.13333333333333286,0,17
2363,0.0,0.3333333333333333,3.6666666666666665,0.19999999999999998,0.0,0.4,3.4,0.21400000000000002,0.0,0.2,3.9,0.178,-0.06666666666666667,-0.2333333333333334,0,10
2364,0.0,0.6666666666666666,2.6666666666666665,0.14666666666666667,0.0,0.4,3.6,0.12799999999999997,0.0,0.5,3.5,0.154,-0.1,-0.8333333333333335,0,13
2365,0.3333333333333333,0.3333333333333333,3.3333333333333335,0.15,0.2,0.2,4.0,0.134,0.2,0.4,3.2,0.14400000000000002,0.0,0.1333333333333333,0,1
2366,0.0,0.6666666666666666,3.0,0.13333333333333333,0.0,0.4,3.8,0.152,0.0,0.2,4.0,0.13800000000000004,-0.1,-1.0,0,10
2367,0.3333333333333333,0.3333333333333333,3.0,0.13333333333333333,0.2,0.2,3.2,0.12,0.3,0.4,2.8,0.128,0.033333333333333354,0.20000000000000018,0,1
2368,0.0,0.0,4.0,0.1466666666666667,0.0,0.2,3.4,0.14200000000000002,0.1,0.2,3.7,0.144,-0.26666666666666666,0.2999999999999998,0,5
2369,0.0,0.3333333333333333,4.0,0.16333333333333333,0.0,0.2,4.6,0.152,0.1,0.4,3.7,0.146,-0.13333333333333333,0.2999999999999998,0,6
2370,0.3333333333333333,0.3333333333333333,3.0,0.18333333333333335,0.4,0.4,3.0,0.162,0.3,0.3,3.5,0.158,0.2,-0.5,0,2
2371,0.0,0.3333333333333333,3.6666666666666665,0.16333333333333333,0.2,0.4,3.2,0.14200000000000002,0.3,0.5,2.8,0.15899999999999997,0.033333333333333354,0.8666666666666667,0,3
2372,0.3333333333333333,0.3333333333333333,3.3333333333333335,0.14,0.2,0.2,4.2,0.138,0.1,0.4,3.5,0.14100000000000001,0.1,-0.16666666666666652,0,1
2373,0.3333333333333333,0.6666666666666666,2.0,0.12333333333333334,0.2,0.4,3.0,0.118,0.1,0.4,2.9,0.129,0.033333333333333354,-0.8999999999999999,0,1
2374,0.3333333333333333,1.0,1.6666666666666667,0.17333333333333334,0.4,0.8,2.2,0.148,0.3,0.6,2.4,0.13799999999999998,0.23333333333333336,-0.7333333333333332,0,1
2375,0.0,0.0,5.333333333333333,0.16666666666666666,0.2,0.2,4.0,0.13799999999999998,0.1,0.2,3.9,0.14699999999999996,0.13333333333333336,1.4333333333333331,0,4
2376,0.3333333333333333,0.3333333333333333,3.3333333333333335,0.12,0.2,0.2,4.0,0.13000000000000003,0.2,0.2,4.1,0.146,0.06666666666666668,-0.7666666666666662,0,2
2377,0.3333333333333333,0.3333333333333333,3.6666666666666665,0.13,0.2,0.6,3.0,0.134,0.2,0.7,2.7,0.135,0.06666666666666668,0.9666666666666663,0,2
2378,0.3333333333333333,0.3333333333333333,4.0,0.17666666666666667,0.2,0.2,4.8,0.16,0.2,0.3,3.9,0.15699999999999997,0.033333333333333354,0.10000000000000009,0,1
2379,0.0,0.0,4.666666666666667,0.11666666666666665,0.2,0.4,3.4,0.12,0.1,0.2,4.2,0.15000000000000002,0.0,0.4666666666666668,0,3
2380,0.0,0.0,4.0,0.18333333333333335,0.2,0.2,3.6,0.15200000000000002,0.1,0.1,3.9,0.16299999999999998,0.06666666666666668,0.10000000000000009,0,3
2381,0.0,0.0,4.0,0.17,0.2,0.2,3.8,0.162,0.2,0.3,3.7,0.16699999999999998,0.033333333333333354,0.2999999999999998,0,3
2382,0.3333333333333333,0.3333333333333333,2.6666666666666665,0.14333333333333334,0.4,0.4,2.4,0.14,0.2,0.4,3.1,0.15100000000000002,0.23333333333333336,-0.43333333333333357,1,0
2383,1.0,1.0,1.0,0.15666666666666665,0.8,0.8,1.4,0.154,0.5,0.5,2.4,0.151,0.5333333333333334,-1.4,4,0
2384,0.3333333333333333,0.6666666666666666,2.0,0.13,0.2,0.4,3.0,0.14200000000000002,0.3,0.5,2.8,0.14100000000000001,0.0,-0.7999999999999998,0,2
2385,0.0,0.0,4.0,0.14,0.2,0.2,3.6,0.13,0.1,0.2,3.8,0.157,0.06666666666666668,0.20000000000000018,0,4
2386,0.0,0.0,4.666666666666667,0.16333333333333333,0.0,0.0,4.8,0.172,0.0,0.2,4.1,0.17,-0.06666666666666667,0.5666666666666673,0,10
2387,0.3333333333333333,0.3333333333333333,3.6666666666666665,0.10666666666666667,0.4,0.4,3.6,0.13200000000000003,0.3,0.4,3.4,0.14400000000000002,0.16666666666666669,0.2666666666666666,0,2
2388,0.0,0.0,5.666666666666667,0.15666666666666665,0.0,0.0,5.4,0.17,0.2,0.2,4.5,0.165,-0.23333333333333334,1.166666666666667,0,5
2389,0.6666666666666666,0.6666666666666666,2.3333333333333335,0.16,0.4,0.4,3.8,0.16,0.4,0.5,3.2,0.16799999999999998,0.16666666666666669,-0.8666666666666667,1,0
2390,0.3333333333333333,0.3333333333333333,3.0,0.1366666666666667,0.2,0.4,3.2,0.146,0.3,0.5,3.0,0.155,0.06666666666666668,0.0,0,1
2391,0.3333333333333333,0.3333333333333333,2.6666666666666665,0.1433333333333333,0.2,0.2,3.6,0.13599999999999998,0.1,0.2,3.7,0.126,0.1,-1.0333333333333337,0,2
2392,0.3333333333333333,0.3333333333333333,4.0,0.13333333333333333,0.4,0.4,3.4,0.14,0.2,0.3,3.6,0.134,0.2666666666666667,0.3999999999999999,1,0
2393,0.0,0.0,5.0,0.15333333333333332,0.0,0.2,4.4,0.15000000000000002,0.0,0.2,3.9,0.164,0.0,1.1,0,42
2394,0.3333333333333333,0.3333333333333333,3.0,0.15,0.4,0.4,2.8,0.162,0.3,0.4,2.7,0.16299999999999998,0.10000000000000003,0.2999999999999998,1,0
2395,0.0,0.0,4.333333333333333,0.12666666666666668,0.2,0.2,3.4,0.11800000000000002,0.1,0.1,4.0,0.127,0.033333333333333354,0.33333333333333304,0,3
2396,0.0,0.0,4.666666666666667,0.13333333333333333,0.0,0.0,4.4,0.134,0.1,0.1,4.4,0.146,-0.16666666666666666,0.2666666666666666,0,9
2397,0.3333333333333333,0.6666666666666666,2.6666666666666665,0.18000000000000002,0.2,0.4,3.2,0.172,0.1,0.4,3.3,0.16299999999999998,0.0,-0.6333333333333333,1,0
2398,0.6666666666666666,0.6666666666666666,1.6666666666666667,0.09000000000000001,0.4,0.4,3.0,0.10600000000000001,0.4,0.5,3.1,0.12400000000000003,0.2,-1.4333333333333333,0,1
2399,0.3333333333333333,0.3333333333333333,3.6666666666666665,0.16666666666666666,0.2,0.2,4.4,0.166,0.2,0.4,3.8,0.14599999999999996,0.06666666666666668,-0.1333333333333333,0,2
2400,0.3333333333333333,0.3333333333333333,2.6666666666666665,0.19999999999999998,0.2,0.2,3.4,0.15,0.4,0.4,2.6,0.14400000000000002,0.0,0.06666666666666643,0,1
2401,0.0,0.3333333333333333,2.6666666666666665,0.17,0.0,0.2,3.8,0.15599999999999997,0.1,0.3,3.5,0.15000000000000002,-0.1,-0.8333333333333335,0,5
2402,0.3333333333333333,0.3333333333333333,3.3333333333333335,0.12,0.2,0.2,4.0,0.12400000000000003,0.3,0.4,3.2,0.146,0.033333333333333354,0.1333333333333333,0,2
2403,0.0,0.3333333333333333,4.0,0.15666666666666665,0.0,0.4,3.8,0.164,0.1,0.3,3.8,0.16899999999999998,-0.1,0.20000000000000018,0,6
2404,0.0,0.3333333333333333,3.3333333333333335,0.15,0.0,0.2,3.4,0.14800000000000002,0.1,0.3,3.4,0.15999999999999998,-0.2,-0.06666666666666643,0,5
2405,0.6666666666666666,0.6666666666666666,2.6666666666666665,0.12333333333333334,0.4,0.4,3.2,0.126,0.4,0.5,2.8,0.135,0.16666666666666669,-0.1333333333333333,0,1
2406,0.0,0.0,4.333333333333333,0.15333333333333335,0.0,0.0,4.8,0.166,0.1,0.1,4.8,0.146,-0.13333333333333333,-0.4666666666666668,0,7
2407,0.6666666666666666,0.6666666666666666,2.0,0.15666666666666665,0.4,0.4,2.6,0.16,0.4,0.4,2.6,0.15299999999999997,0.10000000000000003,-0.6000000000000001,0,1
2408,0.3333333333333333,0.3333333333333333,3.3333333333333335,0.17333333333333334,0.4,0.4,3.4,0.16,0.3,0.4,3.1,0.153,0.06666666666666671,0.2333333333333334,0,2
2409,0.0,0.0,5.0,0.12666666666666668,0.0,0.0,4.8,0.142,0.1,0.2,4.1,0.13500000000000004,-0.06666666666666667,0.9000000000000004,0,6
2410,0.0,0.3333333333333333,4.0,0.16,0.0,0.2,4.2,0.148,0.0,0.2,4.0,0.14600000000000002,-0.03333333333333333,0.0,0,21
2411,0.3333333333333333,0.3333333333333333,4.333333333333333,0.16666666666666666,0.2,0.4,3.8,0.146,0.1,0.3,4.1,0.152,0.033333333333333354,0.2333333333333334,0,1
2412,0.0,0.3333333333333333,4.0,0.1466666666666667,0.0,0.4,4.0,0.14,0.2,0.4,3.8,0.14100000000000001,-0.13333333333333333,0.20000000000000018,0,7
2413,0.0,0.0,5.0,0.15666666666666665,0.0,0.0,5.2,0.164,0.0,0.1,4.7,0.15399999999999997,-0.06666666666666667,0.2999999999999998,0,14
2414,0.3333333333333333,0.6666666666666666,2.0,0.1366666666666667,0.4,0.6,2.0,0.144,0.2,0.4,3.0,0.125,0.2666666666666667,-1.0,0,2
2415,0.0,0.0,3.6666666666666665,0.18333333333333335,0.0,0.0,4.4,0.176,0.0,0.1,4.2,0.15899999999999997,-0.23333333333333334,-0.5333333333333337,0,11
2416,0.3333333333333333,0.3333333333333333,3.3333333333333335,0.12666666666666668,0.4,0.4,3.4,0.158,0.4,0.4,3.4,0.16899999999999998,0.2666666666666667,-0.06666666666666643,0,2
2417,0.0,0.0,4.333333333333333,0.15666666666666665,0.0,0.0,4.8,0.164,0.1,0.4,3.6,0.172,-0.06666666666666667,0.733333333333333,0,7
2418,0.3333333333333333,0.3333333333333333,3.3333333333333335,0.15666666666666665,0.2,0.2,4.2,0.14600000000000002,0.1,0.1,3.9,0.14899999999999997,0.1,-0.5666666666666664,0,1
2419,0.0,0.0,4.333333333333333,0.13,0.2,0.2,3.8,0.12000000000000002,0.3,0.3,3.7,0.13399999999999998,-0.06666666666666665,0.6333333333333329,0,3
2420,0.3333333333333333,0.3333333333333333,3.3333333333333335,0.12666666666666668,0.2,0.2,3.6,0.13,0.1,0.2,3.6,0.154,0.13333333333333336,-0.2666666666666666,1,0
2421,0.0,0.0,3.3333333333333335,0.15333333333333335,0.2,0.2,3.0,0.13999999999999999,0.4,0.4,2.7,0.131,-0.06666666666666665,0.6333333333333333,0,4
2422,0.0,0.3333333333333333,3.0,0.13999999999999999,0.0,0.4,3.2,0.13999999999999999,0.1,0.3,3.2,0.15,-0.16666666666666666,-0.20000000000000018,0,5
2423,0.3333333333333333,0.6666666666666666,2.3333333333333335,0.14666666666666667,0.4,0.6,2.6,0.16,0.3,0.4,3.3,0.158,0.23333333333333336,-0.9666666666666663,0,1
2424,0.0,0.0,4.333333333333333,0.13999999999999999,0.0,0.0,4.6,0.126,0.3,0.3,3.5,0.13799999999999998,-0.3,0.833333333333333,0,5
2425,0.0,0.6666666666666666,2.6666666666666665,0.12666666666666668,0.2,0.6,2.4,0.12400000000000003,0.2,0.4,3.2,0.14300000000000002,-0.033333333333333326,-0.5333333333333337,0,3
2426,0.3333333333333333,0.3333333333333333,4.0,0.16666666666666666,0.2,0.2,4.4,0.162,0.3,0.3,4.2,0.15999999999999998,0.06666666666666668,-0.20000000000000018,0,1
2427,0.3333333333333333,0.3333333333333333,3.0,0.14333333333333334,0.2,0.2,3.0,0.146,0.1,0.2,3.4,0.14300000000000002,0.1,-0.3999999999999999,0,1
2428,0.3333333333333333,0.6666666666666666,3.0,0.15333333333333332,0.2,0.6,3.2,0.158,0.3,0.6,2.7,0.15299999999999997,0.033333333333333354,0.2999999999999998,1,0
2429,0.0,0.0,5.0,0.18333333333333335,0.0,0.0,4.8,0.154,0.1,0.2,4.4,0.13299999999999998,-0.2,0.5999999999999996,0,9
2430,0.0,0.0,4.666666666666667,0.14666666666666667,0.0,0.2,3.8,0.15,0.0,0.1,4.0,0.152,0.0,0.666666666666667,0,40
2431,0.3333333333333333,0.3333333333333333,3.0,0.1466666666666667,0.2,0.2,3.6,0.14800000000000002,0.2,0.4,3.2,0.15899999999999997,0.06666666666666668,-0.20000000000000018,0,1
2432,0.3333333333333333,0.6666666666666666,2.6666666666666665,0.19666666666666668,0.4,0.6,3.0,0.168,0.3,0.5,3.3,0.155,0.2666666666666667,-0.6333333333333333,1,0
2433,0.0,0.6666666666666666,2.3333333333333335,0.09999999999999999,0.0,0.8,2.2,0.14,0.0,0.6,2.8,0.13000000000000003,-0.06666666666666667,-0.46666666666666634,0,10
2434,0.0,0.0,3.6666666666666665,0.14333333333333334,0.2,0.2,3.4,0.148,0.2,0.3,3.1,0.12600000000000003,-0.09999999999999998,0.5666666666666664,0,4
2435,0.0,0.3333333333333333,3.0,0.18333333333333332,0.0,0.2,3.8,0.178,0.0,0.1,4.0,0.16299999999999998,-0.1,-1.0,0,22
2436,0.0,0.0,4.333333333333333,0.16,0.0,0.2,4.0,0.14400000000000002,0.1,0.2,3.6,0.14700000000000002,-0.13333333333333333,0.733333333333333,0,8
2437,0.3333333333333333,0.3333333333333333,3.6666666666666665,0.17666666666666667,0.2,0.2,4.4,0.154,0.3,0.4,3.5,0.147,-0.033333333333333326,0.16666666666666652,0,2
2438,0.3333333333333333,0.3333333333333333,3.6666666666666665,0.13,0.2,0.2,4.4,0.13,0.1,0.2,4.0,0.142,-0.033333333333333326,-0.3333333333333335,0,1
2439,0.0,0.3333333333333333,3.6666666666666665,0.14333333333333334,0.2,0.4,3.2,0.14400000000000002,0.1,0.2,3.9,0.14100000000000001,0.1,-0.2333333333333334,0,3
2440,0.0,0.3333333333333333,4.333333333333333,0.14,0.2,0.4,3.6,0.14200000000000002,0.1,0.2,3.7,0.131,0.0,0.6333333333333329,0,3
2441,0.3333333333333333,0.3333333333333333,2.6666666666666665,0.16333333333333336,0.2,0.2,3.4,0.156,0.1,0.2,3.4,0.15499999999999997,0.0,-0.7333333333333334,1,0
2442,0.0,0.0,4.333333333333333,0.12,0.2,0.4,3.2,0.124,0.2,0.4,3.2,0.139,0.13333333333333336,1.1333333333333329,0,4
2443,0.0,0.0,4.333333333333333,0.17333333333333334,0.2,0.2,3.6,0.156,0.3,0.4,3.0,0.14699999999999996,0.033333333333333354,1.333333333333333,0,4
2444,0.6666666666666666,0.6666666666666666,2.0,0.15333333333333332,0.4,0.4,3.4,0.13599999999999998,0.2,0.2,4.0,0.12300000000000003,0.16666666666666669,-2.0,1,0
2445,0.3333333333333333,0.6666666666666666,2.6666666666666665,0.15000000000000002,0.2,0.6,2.8,0.148,0.2,0.6,2.9,0.15799999999999997,0.06666666666666668,-0.2333333333333334,0,2
2446,0.3333333333333333,0.3333333333333333,4.0,0.1466666666666667,0.6,0.6,2.8,0.14800000000000002,0.3,0.5,3.3,0.16499999999999998,0.4666666666666667,0.7000000000000002,1,0
2447,0.3333333333333333,0.3333333333333333,3.3333333333333335,0.12666666666666668,0.4,0.6,2.6,0.14,0.4,0.5,2.7,0.16,0.2,0.6333333333333333,0,1
2448,0.0,1.0,2.0,0.14,0.0,0.6,2.6,0.11400000000000002,0.1,0.5,3.0,0.122,-0.1,-1.0,0,6
2449,0.3333333333333333,0.6666666666666666,3.0,0.13666666666666666,0.2,0.4,3.4,0.146,0.1,0.2,3.4,0.14600000000000002,0.13333333333333336,-0.3999999999999999,0,1
2450,0.0,0.0,5.666666666666667,0.16333333333333336,0.0,0.0,5.4,0.152,0.0,0.0,4.8,0.15500000000000003,0.0,0.8666666666666671,0,36
2451,0.3333333333333333,0.3333333333333333,3.3333333333333335,0.18999999999999997,0.2,0.6,2.8,0.148,0.1,0.4,3.9,0.15499999999999997,0.0,-0.5666666666666664,1,0
2452,0.3333333333333333,0.3333333333333333,3.3333333333333335,0.12333333333333334,0.2,0.2,3.6,0.138,0.2,0.2,3.4,0.15100000000000002,0.06666666666666668,-0.06666666666666643,0,1
2453,0.0,0.3333333333333333,4.666666666666667,0.20333333333333334,0.2,0.4,4.2,0.19,0.1,0.3,4.3,0.178,0.06666666666666668,0.36666666666666714,0,3
2454,0.0,0.0,4.666666666666667,0.15,0.0,0.0,5.0,0.164,0.1,0.3,3.6,0.156,-0.13333333333333333,1.0666666666666669,0,7
2455,0.0,0.0,4.0,0.15666666666666665,0.0,0.0,4.8,0.164,0.1,0.2,4.4,0.15499999999999997,-0.16666666666666666,-0.40000000000000036,0,5
2456,0.0,0.3333333333333333,2.6666666666666665,0.18000000000000002,0.0,0.2,3.2,0.146,0.1,0.3,3.3,0.147,-0.13333333333333333,-0.6333333333333333,0,6
2457,0.0,1.0,2.0,0.13333333333333333,0.0,0.6,3.6,0.132,0.0,0.3,3.9,0.166,-0.16666666666666666,-1.9,0,11
2458,0.3333333333333333,0.3333333333333333,2.6666666666666665,0.11,0.2,0.2,2.8,0.13599999999999998,0.3,0.4,2.8,0.136,-0.033333333333333326,-0.1333333333333333,1,0
2459,0.0,0.3333333333333333,4.333333333333333,0.16,0.2,0.4,3.4,0.166,0.2,0.4,3.3,0.16699999999999998,0.0,1.0333333333333332,0,3
2460,0.3333333333333333,0.3333333333333333,3.3333333333333335,0.14,0.2,0.2,4.2,0.128,0.2,0.2,4.4,0.139,0.033333333333333354,-1.0666666666666669,0,1
2461,0.0,0.0,4.0,0.17,0.2,0.4,3.0,0.17800000000000002,0.1,0.3,3.2,0.176,0.033333333333333354,0.7999999999999998,0,3
2462,0.0,0.0,4.666666666666667,0.19666666666666668,0.0,0.0,4.2,0.198,0.0,0.2,3.9,0.15499999999999997,-0.1,0.766666666666667,0,16
2463,0.0,0.3333333333333333,3.6666666666666665,0.16666666666666666,0.2,0.4,3.4,0.154,0.5,0.6,2.5,0.14600000000000002,-0.06666666666666665,1.1666666666666665,0,4
2464,0.0,0.3333333333333333,4.333333333333333,0.19000000000000003,0.2,0.4,4.0,0.192,0.2,0.3,4.1,0.189,0.033333333333333354,0.2333333333333334,0,4
2465,0.3333333333333333,0.6666666666666666,2.3333333333333335,0.1466666666666667,0.2,0.4,3.2,0.162,0.3,0.5,2.7,0.16299999999999998,0.0,-0.3666666666666667,0,2
2466,0.0,0.0,4.333333333333333,0.13333333333333333,0.2,0.2,3.4,0.144,0.2,0.3,3.5,0.155,0.033333333333333354,0.833333333333333,0,3
2467,0.0,0.0,4.0,0.14,0.0,0.2,3.8,0.158,0.0,0.3,3.5,0.14500000000000002,-0.06666666666666667,0.5,0,12
2468,0.0,0.0,5.0,0.15,0.0,0.0,5.2,0.148,0.1,0.2,4.1,0.14299999999999996,-0.16666666666666666,0.9000000000000004,0,5
2469,0.0,0.0,4.333333333333333,0.15,0.2,0.2,3.8,0.16799999999999998,0.4,0.5,2.7,0.158,-0.16666666666666663,1.6333333333333329,0,3
2470,0.6666666666666666,0.6666666666666666,2.3333333333333335,0.16333333333333333,0.4,0.4,3.4,0.164,0.2,0.3,4.1,0.14799999999999996,0.2,-1.7666666666666662,1,0
2471,0.3333333333333333,0.3333333333333333,3.6666666666666665,0.15333333333333335,0.4,0.4,3.4,0.15999999999999998,0.2,0.4,3.7,0.14900000000000002,0.23333333333333336,-0.03333333333333366,1,0
2472,0.3333333333333333,0.3333333333333333,3.0,0.15666666666666665,0.2,0.4,3.0,0.164,0.2,0.3,3.2,0.15799999999999997,0.033333333333333354,-0.20000000000000018,1,0
2473,0.3333333333333333,0.3333333333333333,3.6666666666666665,0.16,0.4,0.4,3.0,0.158,0.4,0.4,2.9,0.145,0.2,0.7666666666666666,0,1
2474,0.0,0.3333333333333333,3.3333333333333335,0.15333333333333335,0.2,0.4,3.2,0.142,0.1,0.4,3.4,0.14699999999999996,-0.033333333333333326,-0.06666666666666643,0,3
2475,0.0,0.0,4.333333333333333,0.19999999999999998,0.2,0.2,3.8,0.182,0.3,0.3,3.2,0.16499999999999998,-0.1333333333333333,1.1333333333333329,0,4
2476,0.3333333333333333,0.6666666666666666,2.6666666666666665,0.17666666666666667,0.2,0.4,3.4,0.16799999999999998,0.1,0.2,3.7,0.172,0.13333333333333336,-1.0333333333333337,0,1
2477,0.0,0.3333333333333333,4.666666666666667,0.15666666666666665,0.0,0.4,4.2,0.16,0.1,0.4,3.6,0.15699999999999997,-0.1,1.0666666666666669,0,9
2478,0.0,0.0,5.333333333333333,0.16,0.2,0.2,4.6,0.14200000000000002,0.1,0.3,4.1,0.16899999999999998,0.1,1.2333333333333334,0,4
2479,0.0,0.0,4.0,0.1466666666666667,0.0,0.0,4.2,0.134,0.0,0.1,4.2,0.14999999999999997,-0.1,-0.20000000000000018,0,12
2480,0.0,0.3333333333333333,4.0,0.13666666666666666,0.0,0.4,3.6,0.134,0.1,0.5,3.0,0.15000000000000002,-0.13333333333333333,1.0,0,5
2481,0.3333333333333333,0.3333333333333333,2.3333333333333335,0.16666666666666666,0.2,0.2,3.8,0.156,0.1,0.2,3.9,0.172,0.1,-1.5666666666666664,0,2
2482,0.0,0.3333333333333333,4.666666666666667,0.1466666666666667,0.2,0.4,3.8,0.154,0.2,0.3,3.9,0.16,0.06666666666666668,0.766666666666667,0,4
2483,0.0,0.0,4.666666666666667,0.1466666666666667,0.2,0.2,4.0,0.162,0.2,0.3,3.8,0.142,0.0,0.8666666666666671,0,4
2484,0.0,0.3333333333333333,3.6666666666666665,0.10666666666666667,0.2,0.4,3.4,0.10400000000000001,0.2,0.3,3.5,0.12600000000000003,-0.06666666666666665,0.16666666666666652,0,4
2485,0.3333333333333333,0.6666666666666666,2.6666666666666665,0.12666666666666668,0.2,0.4,3.6,0.14,0.2,0.5,3.1,0.145,-0.06666666666666665,-0.43333333333333357,0,1
2486,0.0,0.0,5.0,0.15333333333333332,0.0,0.0,5.2,0.142,0.1,0.2,4.2,0.152,-0.16666666666666666,0.7999999999999998,0,5
2487,0.0,0.0,5.333333333333333,0.14,0.2,0.2,4.2,0.146,0.5,0.6,2.7,0.14600000000000002,-0.09999999999999998,2.633333333333333,0,3
2488,0.3333333333333333,0.3333333333333333,3.0,0.13,0.2,0.2,3.2,0.12,0.2,0.2,3.6,0.14300000000000002,-0.1333333333333333,-0.6000000000000001,0,1
2489,0.3333333333333333,0.6666666666666666,3.0,0.14,0.2,0.4,3.6,0.148,0.2,0.5,3.4,0.15799999999999997,0.06666666666666668,-0.3999999999999999,0,2
2490,0.6666666666666666,0.6666666666666666,2.6666666666666665,0.18333333333333335,0.6,0.6,2.6,0.166,0.3,0.4,2.8,0.16999999999999998,0.39999999999999997,-0.1333333333333333,0,1
2491,0.0,0.0,4.666666666666667,0.11333333333333334,0.0,0.2,4.0,0.146,0.0,0.1,4.1,0.13999999999999999,-0.1,0.5666666666666673,0,16
2492,0.3333333333333333,0.3333333333333333,4.0,0.15333333333333332,0.4,0.6,3.0,0.16199999999999998,0.4,0.5,3.2,0.157,0.10000000000000003,0.7999999999999998,1,0
2493,0.0,0.0,4.0,0.1466666666666667,0.2,0.2,3.2,0.14,0.1,0.2,3.5,0.14300000000000002,0.06666666666666668,0.5,0,4
2494,0.3333333333333333,0.3333333333333333,4.0,0.18000000000000002,0.2,0.2,4.2,0.172,0.1,0.1,4.4,0.151,0.0,-0.40000000000000036,0,2
2495,0.0,0.3333333333333333,3.6666666666666665,0.16666666666666666,0.0,0.2,4.0,0.12600000000000003,0.0,0.2,4.1,0.14599999999999996,-0.1,-0.4333333333333331,0,10
2496,0.0,0.3333333333333333,3.0,0.10666666666666667,0.0,0.2,4.2,0.13599999999999998,0.1,0.4,3.4,0.13500000000000004,-0.16666666666666666,-0.3999999999999999,0,8
2497,0.0,0.0,4.0,0.18000000000000002,0.2,0.4,3.0,0.178,0.1,0.4,3.1,0.15799999999999997,0.0,0.8999999999999999,0,4
2498,0.3333333333333333,0.6666666666666666,2.0,0.16,0.2,0.6,2.2,0.16,0.2,0.5,2.8,0.15699999999999997,0.033333333333333354,-0.7999999999999998,1,0
2499,0.3333333333333333,0.3333333333333333,4.0,0.12999999999999998,0.2,0.2,4.8,0.156,0.2,0.3,4.4,0.16999999999999998,-0.033333333333333326,-0.40000000000000036,0,2
2500,0.0,0.0,3.6666666666666665,0.16333333333333336,0.0,0.2,3.8,0.154,0.3,0.5,2.7,0.16999999999999998,-0.13333333333333333,0.9666666666666663,0,6
2501,0.0,0.3333333333333333,3.0,0.16333333333333333,0.0,0.4,3.2,0.138,0.0,0.2,4.2,0.14100000000000001,-0.03333333333333333,-1.2000000000000002,0,17
2502,0.0,0.3333333333333333,4.333333333333333,0.11666666666666665,0.2,0.6,3.2,0.124,0.3,0.5,3.2,0.133,-0.033333333333333326,1.1333333333333329,0,3
2503,0.3333333333333333,0.3333333333333333,3.3333333333333335,0.18666666666666665,0.4,0.4,3.4,0.166,0.3,0.5,3.1,0.156,0.16666666666666669,0.2333333333333334,1,0
2504,0.3333333333333333,0.6666666666666666,2.0,0.15666666666666665,0.2,0.4,3.0,0.15600000000000003,0.1,0.3,3.1,0.149,0.06666666666666668,-1.1,0,1
2505,0.3333333333333333,0.3333333333333333,3.6666666666666665,0.12,0.2,0.2,4.2,0.128,0.2,0.2,4.1,0.129,0.0,-0.4333333333333331,0,1
2506,0.0,0.0,4.333333333333333,0.1466666666666667,0.2,0.2,3.8,0.14200000000000002,0.1,0.2,3.8,0.13799999999999998,0.033333333333333354,0.5333333333333332,0,3
2507,0.0,0.3333333333333333,4.0,0.18333333333333335,0.0,0.2,4.4,0.168,0.0,0.2,4.0,0.16599999999999998,-0.06666666666666667,0.0,0,15
2508,0.0,0.3333333333333333,3.6666666666666665,0.1366666666666667,0.0,0.2,3.8,0.128,0.1,0.2,3.4,0.13500000000000004,-0.13333333333333333,0.2666666666666666,0,6
2509,0.0,0.0,6.0,0.16666666666666666,0.0,0.0,5.8,0.17200000000000001,0.0,0.2,4.4,0.14199999999999996,-0.03333333333333333,1.5999999999999996,0,17
2510,0.3333333333333333,0.3333333333333333,2.6666666666666665,0.17666666666666667,0.2,0.4,2.6,0.156,0.1,0.3,3.7,0.155,0.1,-1.0333333333333337,0,1
2511,0.3333333333333333,0.3333333333333333,3.3333333333333335,0.11,0.2,0.2,4.2,0.10200000000000001,0.2,0.2,4.1,0.11500000000000002,-0.033333333333333326,-0.7666666666666662,1,0
2512,0.0,0.0,3.3333333333333335,0.15666666666666668,0.0,0.2,3.4,0.16,0.1,0.2,3.4,0.166,-0.26666666666666666,-0.06666666666666643,0,5
2513,0.3333333333333333,0.3333333333333333,3.3333333333333335,0.15333333333333335,0.4,0.6,2.6,0.138,0.2,0.4,3.0,0.14300000000000002,0.23333333333333336,0.3333333333333335,1,0
2514,0.0,0.6666666666666666,2.3333333333333335,0.12666666666666668,0.2,0.6,2.6,0.132,0.1,0.3,3.3,0.137,0.1,-0.9666666666666663,0,3
2515,0.0,0.3333333333333333,3.3333333333333335,0.12666666666666668,0.4,0.6,2.4,0.124,0.3,0.6,2.8,0.14,0.2666666666666667,0.5333333333333337,0,3
2516,0.0,0.0,4.0,0.16333333333333333,0.0,0.2,3.6,0.164,0.0,0.1,4.0,0.157,-0.2,0.0,0,12
2517,0.3333333333333333,0.6666666666666666,2.6666666666666665,0.16,0.4,0.6,2.6,0.16799999999999998,0.2,0.4,2.9,0.13999999999999999,0.33333333333333337,-0.2333333333333334,0,1
2518,0.0,0.3333333333333333,4.333333333333333,0.16666666666666666,0.2,0.4,4.0,0.13599999999999998,0.1,0.3,4.5,0.14,0.1,-0.16666666666666696,0,4
2519,0.3333333333333333,0.3333333333333333,3.0,0.13,0.2,0.4,2.8,0.13999999999999999,0.2,0.4,2.8,0.12800000000000003,0.06666666666666668,0.20000000000000018,0,2
2520,0.3333333333333333,0.6666666666666666,2.3333333333333335,0.19333333333333333,0.2,0.4,3.2,0.186,0.2,0.3,3.8,0.177,0.033333333333333354,-1.4666666666666663,1,0
2521,0.0,0.3333333333333333,3.6666666666666665,0.18000000000000002,0.0,0.2,4.2,0.18,0.3,0.4,3.4,0.173,-0.23333333333333334,0.2666666666666666,0,6
2522,0.6666666666666666,0.6666666666666666,1.6666666666666667,0.13666666666666666,0.8,0.8,1.4,0.142,0.4,0.5,3.0,0.15799999999999997,0.6333333333333334,-1.3333333333333333,0,1
2523,0.0,0.6666666666666666,2.6666666666666665,0.13,0.2,0.8,2.2,0.15,0.3,0.7,2.5,0.13499999999999998,0.0,0.16666666666666652,0,4
2524,0.3333333333333333,0.6666666666666666,2.6666666666666665,0.17333333333333334,0.4,0.6,3.0,0.16,0.3,0.5,2.9,0.147,0.2,-0.2333333333333334,0,1
2525,0.0,0.0,3.6666666666666665,0.15666666666666665,0.0,0.0,4.0,0.13799999999999998,0.1,0.2,3.8,0.13599999999999998,-0.23333333333333334,-0.1333333333333333,0,9
2526,0.0,0.0,4.0,0.10999999999999999,0.0,0.0,4.0,0.13799999999999998,0.1,0.1,4.0,0.145,-0.1,0.0,0,9
2527,0.0,0.3333333333333333,3.0,0.1566666666666667,0.0,0.4,3.0,0.16,0.0,0.4,2.8,0.14899999999999997,-0.16666666666666666,0.20000000000000018,0,10
2528,0.3333333333333333,0.3333333333333333,3.3333333333333335,0.13999999999999999,0.2,0.2,3.2,0.132,0.1,0.1,4.4,0.11800000000000002,-0.033333333333333326,-1.0666666666666669,1,0
2529,0.3333333333333333,0.3333333333333333,3.0,0.08666666666666667,0.2,0.4,3.4,0.10800000000000001,0.1,0.4,3.6,0.123,0.1,-0.6000000000000001,0,2
2530,0.0,0.0,6.0,0.12000000000000001,0.0,0.0,5.8,0.13599999999999998,0.1,0.2,4.5,0.15,-0.13333333333333333,1.5,0,6
2531,0.0,0.3333333333333333,4.0,0.16,0.0,0.4,3.8,0.156,0.0,0.3,3.4,0.154,-0.1,0.6000000000000001,0,17
2532,0.0,0.0,4.666666666666667,0.15666666666666665,0.2,0.4,3.4,0.14,0.3,0.4,3.2,0.145,-0.06666666666666665,1.4666666666666668,0,4
2533,0.3333333333333333,0.3333333333333333,3.3333333333333335,0.13333333333333333,0.2,0.2,4.2,0.158,0.1,0.3,4.0,0.15899999999999997,0.16666666666666669,-0.6666666666666665,1,0
2534,0.3333333333333333,1.0,1.6666666666666667,0.15666666666666668,0.2,0.8,2.2,0.166,0.4,0.7,2.2,0.165,0.0,-0.5333333333333334,0,2
2535,0.0,0.0,4.0,0.18666666666666668,0.0,0.2,4.0,0.16,0.1,0.2,3.7,0.149,-0.2,0.2999999999999998,0,8
2536,0.0,0.0,4.666666666666667,0.17,0.2,0.2,4.2,0.15999999999999998,0.6,0.6,2.6,0.147,-0.033333333333333326,2.066666666666667,0,3
2537,0.0,0.0,4.0,0.19666666666666666,0.0,0.2,3.8,0.172,0.0,0.2,4.3,0.14700000000000002,-0.03333333333333333,-0.2999999999999998,0,22
2538,0.3333333333333333,0.3333333333333333,4.0,0.14666666666666667,0.4,0.4,3.4,0.168,0.2,0.2,3.8,0.16899999999999998,0.23333333333333336,0.20000000000000018,0,2
2539,0.0,0.0,4.666666666666667,0.11666666666666665,0.0,0.0,4.8,0.132,0.0,0.1,3.9,0.15000000000000002,-0.03333333333333333,0.766666666666667,0,24
2540,0.3333333333333333,0.3333333333333333,3.3333333333333335,0.1366666666666667,0.2,0.2,4.0,0.134,0.2,0.2,3.9,0.156,0.1,-0.5666666666666664,1,0
2541,0.0,0.3333333333333333,3.3333333333333335,0.15333333333333335,0.2,0.6,2.6,0.166,0.1,0.3,3.8,0.17099999999999999,0.1,-0.46666666666666634,0,4
2542,0.0,0.3333333333333333,4.0,0.14666666666666664,0.2,0.4,3.6,0.144,0.2,0.3,3.7,0.146,-0.06666666666666665,0.2999999999999998,0,4
2543,0.0,0.6666666666666666,2.3333333333333335,0.18666666666666665,0.0,0.4,3.2,0.16999999999999998,0.0,0.3,3.6,0.153,-0.1,-1.2666666666666666,0,20
2544,0.3333333333333333,0.3333333333333333,3.0,0.16333333333333333,0.2,0.2,4.0,0.152,0.2,0.2,4.1,0.16,0.033333333333333354,-1.0999999999999996,0,1
2545,0.0,0.0,5.333333333333333,0.14,0.2,0.2,4.0,0.164,0.3,0.3,3.7,0.13999999999999999,-0.033333333333333326,1.6333333333333329,0,4
2546,0.3333333333333333,0.6666666666666666,2.0,0.14333333333333334,0.2,0.4,3.6,0.138,0.3,0.4,3.3,0.142,0.033333333333333354,-1.2999999999999998,0,1
2547,0.6666666666666666,0.6666666666666666,2.6666666666666665,0.15666666666666665,0.4,0.4,3.8,0.14800000000000002,0.2,0.3,3.8,0.144,0.23333333333333336,-1.1333333333333333,1,0
2548,0.0,0.3333333333333333,3.6666666666666665,0.12333333333333334,0.0,0.6,3.0,0.128,0.3,0.7,2.5,0.13000000000000003,-0.26666666666666666,1.1666666666666665,0,6
2549,0.0,0.3333333333333333,2.6666666666666665,0.17666666666666667,0.0,0.2,3.2,0.16,0.0,0.2,3.6,0.158,-0.16666666666666666,-0.9333333333333336,0,15
2550,0.3333333333333333,0.3333333333333333,3.0,0.19000000000000003,0.2,0.2,3.8,0.188,0.1,0.1,4.2,0.156,0.1,-1.2000000000000002,0,2
2551,0.0,0.3333333333333333,4.333333333333333,0.18333333333333335,0.0,0.2,3.8,0.174,0.1,0.2,3.8,0.159,-0.13333333333333333,0.5333333333333332,0,8
2552,0.3333333333333333,0.3333333333333333,3.6666666666666665,0.16333333333333333,0.4,0.4,3.0,0.148,0.4,0.4,3.0,0.139,0.16666666666666669,0.6666666666666665,0,1
2553,0.0,0.0,3.3333333333333335,0.14333333333333334,0.0,0.2,3.2,0.144,0.1,0.3,3.2,0.135,-0.13333333333333333,0.1333333333333333,0,6
2554,0.0,0.0,4.0,0.17666666666666667,0.2,0.4,3.0,0.172,0.1,0.3,3.3,0.16799999999999998,0.06666666666666668,0.7000000000000002,0,4
2555,0.0,0.0,4.0,0.1366666666666667,0.2,0.2,3.4,0.13599999999999998,0.2,0.2,4.0,0.14600000000000002,-0.033333333333333326,0.0,0,3
2556,0.3333333333333333,0.6666666666666666,2.6666666666666665,0.15333333333333335,0.2,0.4,3.6,0.162,0.1,0.4,3.3,0.145,-0.06666666666666665,-0.6333333333333333,1,0
2557,0.0,0.3333333333333333,3.0,0.15333333333333332,0.0,0.4,2.8,0.14800000000000002,0.1,0.3,3.4,0.16299999999999998,-0.2,-0.3999999999999999,0,7
2558,0.3333333333333333,0.3333333333333333,3.6666666666666665,0.13999999999999999,0.2,0.2,4.0,0.142,0.1,0.1,4.3,0.14700000000000002,-0.033333333333333326,-0.6333333333333333,1,0
2559,0.3333333333333333,0.3333333333333333,3.6666666666666665,0.15333333333333335,0.2,0.6,3.0,0.142,0.2,0.4,3.8,0.148,0.033333333333333354,-0.1333333333333333,0,2
2560,0.3333333333333333,0.6666666666666666,2.3333333333333335,0.18000000000000002,0.2,0.4,3.2,0.17,0.2,0.4,2.9,0.162,0.0,-0.5666666666666664,1,0
2561,0.3333333333333333,0.6666666666666666,2.6666666666666665,0.18000000000000002,0.2,0.4,3.4,0.172,0.2,0.4,3.4,0.146,0.033333333333333354,-0.7333333333333334,0,2
2562,0.3333333333333333,0.6666666666666666,2.3333333333333335,0.13333333333333333,0.4,0.6,2.6,0.144,0.2,0.5,3.4,0.146,0.16666666666666669,-1.0666666666666664,0,2
2563,0.3333333333333333,0.3333333333333333,2.6666666666666665,0.13333333333333333,0.2,0.2,3.4,0.13999999999999999,0.1,0.2,3.4,0.13500000000000004,0.1,-0.7333333333333334,1,0
2564,0.0,0.0,3.6666666666666665,0.18666666666666668,0.0,0.0,3.6,0.182,0.1,0.2,3.4,0.16499999999999998,-0.06666666666666667,0.2666666666666666,0,9
2565,0.0,0.3333333333333333,3.0,0.13,0.0,0.2,3.6,0.136,0.2,0.4,3.0,0.135,-0.06666666666666667,0.0,0,5
2566,0.3333333333333333,0.6666666666666666,2.6666666666666665,0.14333333333333334,0.2,0.4,3.0,0.12999999999999998,0.1,0.4,3.0,0.165,0.06666666666666668,-0.3333333333333335,1,0
2567,0.3333333333333333,1.0,1.6666666666666667,0.1466666666666667,0.4,0.8,2.2,0.14,0.3,0.5,3.3,0.158,0.2,-1.633333333333333,0,2
2568,0.0,0.3333333333333333,4.0,0.1466666666666667,0.0,0.4,3.8,0.14,0.2,0.5,3.4,0.137,-0.16666666666666666,0.6000000000000001,0,6
2569,0.3333333333333333,0.6666666666666666,3.0,0.12333333333333334,0.2,0.6,3.4,0.126,0.1,0.5,3.1,0.13400000000000004,0.0,-0.10000000000000009,1,0
2570,0.3333333333333333,1.0,1.6666666666666667,0.11333333333333334,0.2,0.6,3.0,0.13399999999999998,0.2,0.5,3.3,0.136,0.033333333333333354,-1.633333333333333,0,2
2571,0.0,0.6666666666666666,2.3333333333333335,0.13,0.2,0.8,2.0,0.142,0.1,0.6,3.0,0.144,0.033333333333333354,-0.6666666666666665,0,4
2572,0.3333333333333333,0.3333333333333333,3.3333333333333335,0.16333333333333333,0.2,0.2,3.4,0.152,0.1,0.1,4.1,0.14700000000000002,0.1,-0.7666666666666662,1,0
2573,0.3333333333333333,0.3333333333333333,4.333333333333333,0.16666666666666666,0.2,0.2,4.6,0.152,0.2,0.5,3.5,0.16000000000000003,0.1,0.833333333333333,0,1
2574,0.0,0.0,4.333333333333333,0.11333333333333333,0.0,0.0,4.4,0.11599999999999999,0.0,0.2,4.1,0.12000000000000002,-0.1,0.2333333333333334,0,13
2575,0.3333333333333333,0.3333333333333333,3.3333333333333335,0.16,0.2,0.4,3.6,0.164,0.3,0.4,3.3,0.151,0.06666666666666668,0.03333333333333366,0,1
2576,0.0,0.3333333333333333,4.666666666666667,0.16,0.0,0.4,4.2,0.158,0.0,0.4,3.7,0.16299999999999998,-0.1,0.9666666666666668,0,14
2577,0.0,0.0,4.666666666666667,0.17666666666666667,0.0,0.4,3.6,0.17400000000000002,0.1,0.5,3.5,0.16099999999999998,-0.13333333333333333,1.166666666666667,0,6
2578,0.0,0.0,4.0,0.1366666666666667,0.0,0.0,3.8,0.148,0.1,0.1,3.5,0.154,-0.13333333333333333,0.5,0,6
2579,0.0,0.6666666666666666,3.0,0.19333333333333336,0.0,0.4,3.8,0.178,0.0,0.2,4.5,0.16599999999999998,-0.1,-1.5,0,12
2580,0.3333333333333333,0.6666666666666666,2.6666666666666665,0.12666666666666668,0.2,0.8,2.4,0.132,0.1,0.4,3.7,0.133,0.033333333333333354,-1.0333333333333337,0,2
2581,0.3333333333333333,0.6666666666666666,2.6666666666666665,0.18333333333333335,0.2,0.4,3.2,0.156,0.3,0.5,2.9,0.149,0.033333333333333354,-0.2333333333333334,0,2
2582,0.0,0.3333333333333333,2.6666666666666665,0.08666666666666667,0.0,0.4,3.2,0.126,0.2,0.6,2.8,0.14100000000000004,-0.23333333333333334,-0.1333333333333333,0,5
2583,0.3333333333333333,0.6666666666666666,2.3333333333333335,0.17666666666666667,0.2,0.4,3.6,0.168,0.3,0.5,3.2,0.146,0.033333333333333354,-0.8666666666666667,0,2
2584,0.6666666666666666,1.0,1.3333333333333333,0.12,0.4,0.6,2.4,0.13999999999999999,0.3,0.5,2.6,0.164,0.30000000000000004,-1.2666666666666668,2,0
2585,0.6666666666666666,0.6666666666666666,2.3333333333333335,0.15,0.4,0.4,2.6,0.152,0.3,0.3,3.5,0.15000000000000005,0.2,-1.1666666666666665,1,0
2586,0.0,0.0,4.0,0.14666666666666667,0.2,0.2,3.6,0.15999999999999998,0.2,0.3,3.3,0.15899999999999997,0.033333333333333354,0.7000000000000002,0,4
2587,0.0,0.3333333333333333,2.6666666666666665,0.13666666666666666,0.0,0.2,3.2,0.128,0.1,0.3,3.1,0.13900000000000004,-0.2,-0.43333333333333357,0,7
2588,0.6666666666666666,0.6666666666666666,2.3333333333333335,0.14,0.6,0.6,2.2,0.136,0.5,0.5,2.6,0.144,0.36666666666666664,-0.2666666666666666,1,0
2589,0.0,0.3333333333333333,4.333333333333333,0.19000000000000003,0.2,0.4,3.6,0.16599999999999998,0.2,0.4,3.5,0.15999999999999998,0.06666666666666668,0.833333333333333,0,3
2590,0.0,0.3333333333333333,2.6666666666666665,0.1366666666666667,0.2,0.4,2.6,0.15600000000000003,0.1,0.2,3.6,0.14900000000000002,0.033333333333333354,-0.9333333333333336,0,3
2591,0.0,0.0,5.0,0.15,0.0,0.2,4.0,0.14400000000000002,0.1,0.2,4.0,0.145,-0.2,1.0,0,9
2592,0.3333333333333333,0.3333333333333333,3.6666666666666665,0.12333333333333334,0.2,0.4,3.2,0.128,0.3,0.5,2.8,0.14600000000000005,0.1,0.8666666666666667,1,0
2593,0.3333333333333333,0.6666666666666666,2.3333333333333335,0.14666666666666667,0.4,0.6,2.6,0.158,0.2,0.4,3.1,0.148,0.23333333333333336,-0.7666666666666666,0,1
2594,0.0,0.3333333333333333,3.3333333333333335,0.14666666666666667,0.0,0.2,4.0,0.14200000000000002,0.1,0.3,3.8,0.14499999999999996,-0.16666666666666666,-0.46666666666666634,0,6
2595,0.3333333333333333,0.6666666666666666,2.3333333333333335,0.13,0.2,0.4,3.8,0.136,0.3,0.5,3.3,0.135,-0.033333333333333326,-0.9666666666666663,0,1
2596,0.3333333333333333,0.6666666666666666,3.0,0.12666666666666668,0.4,0.6,3.0,0.126,0.3,0.5,3.4,0.14200000000000004,0.16666666666666669,-0.3999999999999999,0,2
2597,0.3333333333333333,0.6666666666666666,2.0,0.11666666666666668,0.4,0.6,2.6,0.132,0.2,0.5,3.2,0.14300000000000002,0.23333333333333336,-1.2000000000000002,0,2
2598,0.0,0.0,5.333333333333333,0.1466666666666667,0.0,0.0,5.2,0.164,0.0,0.0,5.1,0.161,-0.2,0.2333333333333334,0,10
2599,0.0,0.0,5.0,0.16,0.2,0.2,4.0,0.166,0.2,0.2,4.1,0.15100000000000002,0.033333333333333354,0.9000000000000004,0,4
2600,0.0,0.0,4.666666666666667,0.17333333333333334,0.0,0.0,4.4,0.156,0.1,0.2,3.8,0.153,-0.1,0.8666666666666671,0,9
2601,0.6666666666666666,0.6666666666666666,2.3333333333333335,0.14333333333333334,0.6,0.6,2.6,0.14800000000000002,0.4,0.4,2.9,0.156,0.3,-0.5666666666666664,0,1
2602,0.3333333333333333,0.3333333333333333,3.0,0.12666666666666668,0.2,0.4,3.2,0.11800000000000002,0.2,0.3,3.9,0.146,0.033333333333333354,-0.8999999999999999,0,2
2603,0.0,0.3333333333333333,4.0,0.15,0.0,0.4,4.0,0.15599999999999997,0.2,0.4,3.7,0.129,-0.3,0.2999999999999998,0,5
2604,0.0,0.0,5.333333333333333,0.15,0.0,0.2,4.2,0.162,0.2,0.3,3.6,0.14699999999999996,-0.13333333333333333,1.733333333333333,0,6
2605,0.0,0.6666666666666666,2.6666666666666665,0.17,0.0,0.6,2.8,0.186,0.2,0.6,2.7,0.17,-0.2,-0.03333333333333366,0,6
2606,0.3333333333333333,0.3333333333333333,2.6666666666666665,0.14333333333333334,0.2,0.4,3.2,0.15,0.1,0.2,3.7,0.14600000000000002,0.06666666666666668,-1.0333333333333337,1,0
2607,0.0,0.3333333333333333,4.333333333333333,0.13,0.0,0.2,4.0,0.12000000000000002,0.1,0.2,3.6,0.127,-0.06666666666666667,0.733333333333333,0,6
2608,0.0,0.3333333333333333,4.333333333333333,0.15000000000000002,0.4,0.6,3.0,0.138,0.3,0.5,2.9,0.13799999999999998,0.2,1.4333333333333331,0,3
2609,0.0,0.0,4.333333333333333,0.14,0.0,0.4,3.4,0.14600000000000002,0.0,0.2,3.7,0.13699999999999998,-0.1,0.6333333333333329,0,12
2610,0.0,0.3333333333333333,3.0,0.11,0.0,0.4,3.0,0.126,0.0,0.4,3.5,0.14,-0.03333333333333333,-0.5,0,20
2611,0.3333333333333333,1.0,1.6666666666666667,0.17333333333333334,0.2,0.6,2.6,0.16799999999999998,0.2,0.4,3.1,0.154,0.1,-1.4333333333333333,0,2
2612,0.3333333333333333,0.3333333333333333,3.3333333333333335,0.16333333333333333,0.2,0.4,3.2,0.164,0.1,0.2,4.1,0.15999999999999998,-0.09999999999999998,-0.7666666666666662,0,2
2613,0.3333333333333333,0.6666666666666666,3.0,0.16666666666666666,0.4,0.6,2.8,0.142,0.3,0.5,3.0,0.14700000000000002,0.16666666666666669,0.0,1,0
2614,0.0,0.0,5.0,0.17,0.0,0.0,5.4,0.154,0.0,0.2,4.9,0.14799999999999996,-0.2,0.09999999999999964,0,10
2615,0.0,0.3333333333333333,4.0,0.12333333333333334,0.0,0.2,4.2,0.13,0.3,0.4,3.1,0.146,-0.16666666666666666,0.8999999999999999,0,5
2616,0.3333333333333333,0.3333333333333333,4.0,0.17,0.4,0.4,3.2,0.144,0.3,0.3,3.6,0.13699999999999998,0.16666666666666669,0.3999999999999999,0,1
2617,0.3333333333333333,0.3333333333333333,4.333333333333333,0.1366666666666667,0.4,0.4,3.6,0.152,0.3,0.3,3.9,0.16699999999999998,0.2,0.4333333333333331,1,0
2618,0.3333333333333333,0.3333333333333333,4.333333333333333,0.16,0.2,0.4,4.2,0.148,0.1,0.3,4.0,0.14200000000000002,0.033333333333333354,0.33333333333333304,0,2
2619,0.3333333333333333,1.0,1.6666666666666667,0.12,0.2,0.6,3.0,0.132,0.2,0.5,3.3,0.14699999999999996,-0.033333333333333326,-1.633333333333333,1,0
2620,0.3333333333333333,0.3333333333333333,3.0,0.16,0.2,0.2,3.4,0.16,0.3,0.3,3.5,0.13699999999999998,-0.033333333333333326,-0.5,0,2
2621,0.0,0.0,5.333333333333333,0.15333333333333332,0.2,0.2,4.2,0.132,0.3,0.4,3.7,0.13899999999999998,0.0,1.6333333333333329,0,4
2622,0.0,0.3333333333333333,4.666666666666667,0.14,0.0,0.2,4.6,0.13999999999999999,0.0,0.3,4.4,0.147,-0.13333333333333333,0.2666666666666666,0,11
2623,0.0,0.3333333333333333,4.333333333333333,0.15666666666666665,0.0,0.2,4.2,0.16,0.3,0.5,3.1,0.15899999999999997,-0.16666666666666666,1.233333333333333,0,5
2624,0.0,0.0,4.666666666666667,0.14666666666666667,0.0,0.2,4.2,0.152,0.2,0.4,3.3,0.151,-0.13333333333333333,1.3666666666666671,0,8
2625,0.3333333333333333,0.6666666666666666,2.0,0.17333333333333334,0.2,0.6,2.6,0.164,0.1,0.3,3.6,0.16599999999999998,-0.033333333333333326,-1.6,0,1
2626,0.0,0.3333333333333333,4.666666666666667,0.17,0.0,0.2,5.2,0.16799999999999998,0.1,0.2,4.8,0.15599999999999997,-0.1,-0.13333333333333286,0,9
2627,0.0,0.0,4.0,0.12666666666666668,0.0,0.2,3.4,0.14,0.0,0.2,3.5,0.14100000000000001,0.0,0.5,0,33
2628,0.6666666666666666,0.6666666666666666,2.6666666666666665,0.15666666666666665,0.6,0.8,2.2,0.154,0.4,0.8,2.1,0.157,0.43333333333333335,0.5666666666666664,1,0
2629,0.3333333333333333,0.3333333333333333,2.3333333333333335,0.16666666666666666,0.2,0.4,2.8,0.16999999999999998,0.2,0.3,3.4,0.179,0.06666666666666668,-1.0666666666666664,0,2
2630,0.0,0.0,5.333333333333333,0.15666666666666665,0.2,0.2,4.0,0.134,0.2,0.2,4.1,0.13,0.0,1.2333333333333334,0,4
2631,0.0,0.3333333333333333,4.333333333333333,0.12666666666666668,0.0,0.2,4.6,0.152,0.0,0.3,4.5,0.155,-0.03333333333333333,-0.16666666666666696,0,25
2632,0.0,0.3333333333333333,3.0,0.12333333333333334,0.2,0.4,3.0,0.13,0.2,0.5,2.9,0.126,0.033333333333333354,0.10000000000000009,0,4
2633,0.3333333333333333,0.6666666666666666,2.0,0.11666666666666668,0.2,0.6,2.2,0.13199999999999998,0.1,0.5,2.7,0.12700000000000003,0.06666666666666668,-0.7000000000000002,0,1
2634,0.3333333333333333,0.6666666666666666,2.0,0.10666666666666667,0.2,0.6,2.6,0.11599999999999999,0.2,0.5,2.9,0.137,0.033333333333333354,-0.8999999999999999,1,0
2635,0.0,0.0,4.333333333333333,0.10666666666666667,0.0,0.2,3.8,0.126,0.1,0.3,3.7,0.13300000000000003,-0.13333333333333333,0.6333333333333329,0,8
2636,0.0,0.3333333333333333,4.0,0.14666666666666667,0.0,0.4,3.6,0.14600000000000002,0.1,0.3,3.4,0.14900000000000005,-0.2,0.6000000000000001,0,7
2637,0.0,0.3333333333333333,4.0,0.11666666666666665,0.4,0.6,2.8,0.122,0.2,0.6,2.9,0.13599999999999998,0.33333333333333337,1.1,0,3
2638,0.0,0.0,4.333333333333333,0.1466666666666667,0.2,0.2,3.8,0.148,0.1,0.4,3.4,0.15899999999999997,0.0,0.9333333333333331,0,4
2639,0.0,0.3333333333333333,3.6666666666666665,0.17,0.0,0.4,3.8,0.16799999999999998,0.0,0.3,3.9,0.16699999999999998,-0.06666666666666667,-0.2333333333333334,0,22
2640,0.0,0.3333333333333333,2.6666666666666665,0.15333333333333335,0.0,0.4,3.0,0.17400000000000002,0.0,0.2,3.6,0.17,-0.06666666666666667,-0.9333333333333336,0,15
2641,0.0,0.0,4.0,0.19666666666666666,0.4,0.4,2.8,0.154,0.3,0.3,3.2,0.164,0.23333333333333336,0.7999999999999998,0,3
2642,0.3333333333333333,0.3333333333333333,3.6666666666666665,0.12333333333333334,0.2,0.2,4.2,0.142,0.2,0.3,3.4,0.149,0.0,0.2666666666666666,0,1
2643,0.0,0.3333333333333333,4.333333333333333,0.19333333333333336,0.2,0.4,3.6,0.182,0.2,0.3,3.6,0.176,0.033333333333333354,0.733333333333333,0,3
2644,0.0,0.3333333333333333,4.0,0.18666666666666668,0.0,0.2,3.6,0.164,0.1,0.2,3.5,0.16899999999999998,-0.1,0.5,0,9
2645,0.0,0.0,4.0,0.15000000000000002,0.0,0.0,3.8,0.17,0.1,0.1,3.8,0.15099999999999997,-0.1,0.20000000000000018,0,7
2646,0.3333333333333333,1.0,1.6666666666666667,0.13,0.2,0.8,2.2,0.154,0.1,0.7,2.5,0.14900000000000002,0.033333333333333354,-0.8333333333333333,1,0
2647,0.0,0.0,5.0,0.13,0.0,0.0,4.2,0.138,0.0,0.0,4.4,0.14600000000000002,-0.13333333333333333,0.5999999999999996,0,11
2648,0.0,0.0,4.666666666666667,0.13333333333333333,0.0,0.2,4.0,0.152,0.1,0.2,4.0,0.14700000000000002,-0.2,0.666666666666667,0,9
2649,0.0,0.3333333333333333,4.0,0.13333333333333333,0.2,0.4,3.4,0.14800000000000002,0.1,0.4,3.3,0.14300000000000002,0.1,0.7000000000000002,0,4
2650,0.3333333333333333,0.3333333333333333,2.3333333333333335,0.11666666666666668,0.2,0.2,3.4,0.11599999999999999,0.2,0.3,3.0,0.126,0.1,-0.6666666666666665,0,2
2651,0.0,0.0,5.333333333333333,0.14333333333333334,0.2,0.2,4.2,0.14400000000000002,0.5,0.6,2.7,0.14600000000000002,-0.1333333333333333,2.633333333333333,0,3
2652,0.0,0.0,3.6666666666666665,0.13999999999999999,0.4,0.4,2.6,0.144,0.3,0.4,3.0,0.13999999999999999,0.16666666666666669,0.6666666666666665,0,3
2653,0.0,0.3333333333333333,4.333333333333333,0.12,0.0,0.4,3.8,0.134,0.0,0.4,3.2,0.149,-0.06666666666666667,1.1333333333333329,0,20
2654,0.0,0.6666666666666666,3.3333333333333335,0.15333333333333335,0.0,0.6,3.4,0.15400000000000003,0.1,0.4,3.4,0.164,-0.23333333333333334,-0.06666666666666643,0,8
2655,0.0,0.3333333333333333,3.0,0.19333333333333336,0.0,0.2,4.0,0.16,0.1,0.3,3.9,0.15999999999999998,-0.06666666666666667,-0.8999999999999999,0,8
2656,0.0,0.3333333333333333,3.6666666666666665,0.14,0.0,0.4,3.4,0.128,0.1,0.4,3.3,0.14300000000000002,-0.06666666666666667,0.3666666666666667,0,9
2657,0.0,0.3333333333333333,3.3333333333333335,0.17333333333333334,0.2,0.6,2.6,0.138,0.3,0.5,2.8,0.13399999999999998,0.06666666666666668,0.5333333333333337,0,3
2658,0.0,0.0,5.0,0.14,0.0,0.0,4.4,0.136,0.0,0.0,4.4,0.15700000000000003,-0.1,0.5999999999999996,0,16
2659,0.0,0.0,5.333333333333333,0.14666666666666667,0.2,0.2,4.4,0.152,0.1,0.2,4.1,0.141,0.1,1.2333333333333334,0,3
2660,0.0,0.0,4.666666666666667,0.17,0.0,0.2,3.8,0.17400000000000002,0.0,0.2,3.7,0.16899999999999998,-0.1,0.9666666666666668,0,16
2661,0.0,0.6666666666666666,3.0,0.15,0.0,0.6,2.8,0.142,0.1,0.5,3.0,0.14,-0.13333333333333333,0.0,0,9
2662,0.3333333333333333,0.6666666666666666,2.3333333333333335,0.16,0.2,0.4,3.4,0.17,0.1,0.2,3.7,0.158,0.06666666666666668,-1.3666666666666667,1,0
2663,0.0,0.0,4.0,0.1366666666666667,0.0,0.2,3.4,0.16200000000000003,0.3,0.4,2.9,0.15999999999999998,-0.2,1.1,0,6
2664,0.3333333333333333,0.6666666666666666,2.0,0.10333333333333333,0.2,0.4,3.4,0.098,0.2,0.3,3.8,0.11200000000000002,0.1,-1.7999999999999998,0,1
2665,0.0,0.3333333333333333,4.333333333333333,0.18000000000000002,0.0,0.2,4.4,0.176,0.3,0.5,3.3,0.15499999999999997,-0.26666666666666666,1.0333333333333332,0,6
2666,0.0,0.0,5.0,0.15666666666666668,0.0,0.0,5.2,0.158,0.0,0.1,4.8,0.146,-0.06666666666666667,0.20000000000000018,0,10
2667,0.0,0.0,5.0,0.16333333333333336,0.0,0.2,4.4,0.18000000000000002,0.0,0.1,4.3,0.152,0.0,0.7000000000000002,0,34
2668,0.0,0.3333333333333333,3.3333333333333335,0.16333333333333333,0.0,0.2,3.4,0.154,0.1,0.2,3.5,0.14900000000000002,-0.1,-0.16666666666666652,0,9
2669,0.0,0.0,4.333333333333333,0.16,0.0,0.4,3.4,0.144,0.1,0.5,3.2,0.14,-0.2,1.1333333333333329,0,6
2670,0.3333333333333333,0.3333333333333333,4.0,0.1366666666666667,0.2,0.4,4.0,0.144,0.2,0.3,4.2,0.154,0.1,-0.20000000000000018,1,0
2671,0.6666666666666666,0.6666666666666666,2.3333333333333335,0.1366666666666667,0.4,0.4,2.8,0.126,0.3,0.5,2.9,0.129,0.16666666666666669,-0.5666666666666664,1,0
2672,0.6666666666666666,0.6666666666666666,2.3333333333333335,0.17,0.8,0.8,1.8,0.148,0.5,0.7,2.1,0.155,0.5333333333333334,0.2333333333333334,1,0
2673,0.3333333333333333,0.6666666666666666,3.0,0.18333333333333335,0.2,0.4,3.4,0.184,0.1,0.3,3.5,0.17099999999999999,-0.033333333333333326,-0.5,0,2
2674,0.0,0.0,4.333333333333333,0.16666666666666666,0.2,0.2,3.4,0.16,0.2,0.2,3.5,0.13300000000000003,-0.09999999999999998,0.833333333333333,0,3
2675,0.0,0.3333333333333333,3.0,0.14,0.2,0.4,2.8,0.148,0.1,0.3,3.2,0.15999999999999998,0.0,-0.20000000000000018,0,4
2676,0.0,0.3333333333333333,3.6666666666666665,0.12333333333333334,0.0,0.2,4.0,0.134,0.0,0.3,3.9,0.133,-0.06666666666666667,-0.2333333333333334,0,25
2677,0.3333333333333333,0.3333333333333333,3.6666666666666665,0.09000000000000001,0.2,0.2,4.2,0.094,0.3,0.3,3.7,0.11500000000000002,-0.1333333333333333,-0.03333333333333366,0,2
2678,0.0,0.3333333333333333,3.6666666666666665,0.15666666666666665,0.0,0.2,3.6,0.15,0.2,0.4,3.0,0.15399999999999997,-0.13333333333333333,0.6666666666666665,0,6
2679,0.3333333333333333,0.3333333333333333,3.6666666666666665,0.13,0.2,0.2,3.4,0.12600000000000003,0.1,0.1,3.7,0.143,-0.033333333333333326,-0.03333333333333366,1,0
2680,0.3333333333333333,0.6666666666666666,2.6666666666666665,0.18000000000000002,0.2,0.4,3.6,0.17800000000000002,0.1,0.3,3.4,0.14699999999999996,0.13333333333333336,-0.7333333333333334,1,0
2681,0.0,0.0,4.333333333333333,0.15333333333333335,0.0,0.0,4.8,0.14800000000000002,0.0,0.0,4.7,0.132,-0.1,-0.36666666666666714,0,21
2682,0.0,0.0,5.0,0.15333333333333335,0.0,0.0,5.2,0.148,0.0,0.2,4.4,0.155,-0.26666666666666666,0.5999999999999996,0,11
2683,0.0,0.6666666666666666,3.0,0.17,0.0,0.4,3.4,0.172,0.2,0.5,2.9,0.152,-0.13333333333333333,0.10000000000000009,0,5
2684,0.3333333333333333,0.3333333333333333,4.0,0.14666666666666664,0.2,0.2,4.4,0.174,0.3,0.3,3.8,0.14599999999999996,-0.09999999999999998,0.20000000000000018,1,0
2685,0.0,0.0,5.666666666666667,0.14666666666666667,0.0,0.0,5.0,0.158,0.0,0.0,4.6,0.147,-0.06666666666666667,1.0666666666666673,0,15
2686,0.3333333333333333,0.3333333333333333,3.0,0.13,0.2,0.2,3.0,0.13999999999999999,0.1,0.2,3.5,0.13799999999999998,0.033333333333333354,-0.5,0,1
2687,0.0,0.0,4.0,0.1366666666666667,0.0,0.2,3.4,0.15,0.2,0.3,3.3,0.15699999999999997,-0.26666666666666666,0.7000000000000002,0,6
2688,0.3333333333333333,0.3333333333333333,3.6666666666666665,0.08,0.2,0.2,4.4,0.096,0.2,0.3,4.0,0.12999999999999998,0.033333333333333354,-0.3333333333333335,1,0
2689,0.0,0.3333333333333333,2.6666666666666665,0.14333333333333334,0.0,0.4,3.0,0.132,0.1,0.7,2.4,0.14100000000000001,-0.2,0.2666666666666666,0,6
2690,0.0,0.0,5.0,0.11666666666666665,0.0,0.0,5.2,0.144,0.1,0.2,4.5,0.148,-0.23333333333333334,0.5,0,6
2691,0.0,0.0,5.333333333333333,0.15333333333333332,0.0,0.0,4.8,0.15,0.1,0.2,4.0,0.146,-0.16666666666666666,1.333333333333333,0,9
2692,0.0,0.3333333333333333,2.6666666666666665,0.18333333333333335,0.0,0.4,2.6,0.184,0.1,0.5,2.9,0.178,-0.1,-0.2333333333333334,0,8
2693,0.0,0.0,4.0,0.14,0.2,0.2,3.6,0.14,0.2,0.3,3.1,0.148,0.06666666666666668,0.8999999999999999,0,4
2694,0.6666666666666666,0.6666666666666666,2.0,0.12,0.4,0.8,2.0,0.14,0.2,0.6,2.7,0.146,0.30000000000000004,-0.7000000000000002,2,0
2695,0.3333333333333333,0.6666666666666666,3.0,0.13999999999999999,0.2,0.4,3.2,0.13799999999999998,0.3,0.5,3.1,0.14799999999999996,0.033333333333333354,-0.10000000000000009,1,0
2696,0.3333333333333333,0.6666666666666666,2.6666666666666665,0.12666666666666668,0.2,0.4,3.2,0.13999999999999999,0.1,0.3,3.6,0.13499999999999998,0.0,-0.9333333333333336,1,0
2697,0.3333333333333333,0.6666666666666666,2.6666666666666665,0.17666666666666667,0.2,0.4,4.0,0.178,0.1,0.2,4.5,0.191,0.0,-1.8333333333333335,1,0
2698,0.0,0.0,3.6666666666666665,0.18666666666666668,0.0,0.0,4.6,0.17600000000000002,0.1,0.3,3.7,0.159,-0.13333333333333333,-0.03333333333333366,0,7
2699,0.3333333333333333,0.6666666666666666,3.0,0.14666666666666667,0.2,0.4,4.2,0.15999999999999998,0.2,0.4,3.7,0.158,0.0,-0.7000000000000002,0,1
2700,0.6666666666666666,1.0,1.3333333333333333,0.16333333333333333,0.4,0.8,1.8,0.16,0.3,0.6,2.6,0.149,0.23333333333333336,-1.2666666666666668,0,1
2701,0.0,0.0,4.333333333333333,0.16666666666666666,0.2,0.2,3.8,0.164,0.2,0.3,3.4,0.16799999999999998,-0.033333333333333326,0.9333333333333331,0,3
2702,0.0,0.0,3.6666666666666665,0.16666666666666666,0.2,0.2,3.0,0.164,0.1,0.1,3.5,0.154,0.033333333333333354,0.16666666666666652,0,4
2703,0.3333333333333333,0.3333333333333333,3.6666666666666665,0.13333333333333333,0.2,0.2,4.2,0.132,0.2,0.2,4.2,0.13799999999999998,0.033333333333333354,-0.5333333333333337,0,2
2704,0.3333333333333333,0.3333333333333333,3.3333333333333335,0.13,0.2,0.2,4.0,0.14,0.2,0.3,3.7,0.15,0.13333333333333336,-0.3666666666666667,0,2
2705,0.0,0.0,3.6666666666666665,0.18666666666666668,0.2,0.2,3.2,0.17600000000000002,0.1,0.4,3.1,0.15999999999999998,0.06666666666666668,0.5666666666666664,0,4
2706,0.0,0.0,3.3333333333333335,0.17333333333333334,0.0,0.0,4.2,0.146,0.0,0.1,4.2,0.14899999999999997,-0.1,-0.8666666666666667,0,14
2707,0.0,0.3333333333333333,2.6666666666666665,0.1466666666666667,0.0,0.4,3.0,0.14200000000000002,0.0,0.4,3.4,0.15599999999999997,-0.16666666666666666,-0.7333333333333334,0,14
2708,0.0,0.3333333333333333,3.6666666666666665,0.12666666666666668,0.0,0.4,3.6,0.136,0.2,0.7,2.6,0.14100000000000001,-0.3,1.0666666666666664,0,6
2709,0.3333333333333333,0.6666666666666666,2.0,0.16666666666666666,0.2,0.4,2.4,0.16399999999999998,0.2,0.4,2.8,0.15299999999999997,0.033333333333333354,-0.7999999999999998,1,0
2710,0.0,0.0,4.333333333333333,0.15666666666666665,0.0,0.2,3.8,0.148,0.1,0.2,3.9,0.13999999999999999,-0.13333333333333333,0.4333333333333331,0,9
2711,0.0,0.3333333333333333,3.3333333333333335,0.13333333333333333,0.0,0.4,3.6,0.124,0.1,0.3,4.0,0.14700000000000002,-0.1,-0.6666666666666665,0,7
2712,0.3333333333333333,0.3333333333333333,4.333333333333333,0.13333333333333333,0.4,0.4,3.8,0.134,0.3,0.5,3.2,0.148,0.16666666666666669,1.1333333333333329,0,1
2713,0.0,0.0,5.0,0.10333333333333333,0.0,0.0,5.2,0.13999999999999999,0.2,0.3,3.7,0.152,-0.13333333333333333,1.2999999999999998,0,5
2714,0.3333333333333333,0.6666666666666666,2.0,0.17,0.4,0.6,2.0,0.148,0.2,0.5,2.8,0.14500000000000002,0.23333333333333336,-0.7999999999999998,0,2
2715,0.3333333333333333,0.3333333333333333,3.3333333333333335,0.13333333333333333,0.4,0.4,3.0,0.136,0.2,0.3,3.7,0.15,0.2,-0.3666666666666667,0,1
2716,0.0,0.3333333333333333,4.333333333333333,0.19666666666666668,0.0,0.4,3.6,0.17,0.1,0.5,3.0,0.16499999999999998,-0.1,1.333333333333333,0,5
2717,0.0,0.3333333333333333,2.6666666666666665,0.13999999999999999,0.0,0.2,3.4,0.148,0.2,0.4,2.7,0.143,-0.2,-0.03333333333333366,0,7
2718,0.0,0.0,5.0,0.15000000000000002,0.0,0.2,4.4,0.158,0.0,0.1,4.6,0.14200000000000002,-0.13333333333333333,0.40000000000000036,0,15
2719,0.0,0.0,4.666666666666667,0.17,0.2,0.4,3.4,0.148,0.1,0.3,3.7,0.145,0.033333333333333354,0.9666666666666668,0,4
2720,0.3333333333333333,0.6666666666666666,3.0,0.14333333333333334,0.2,0.4,3.8,0.162,0.2,0.3,4.1,0.152,0.0,-1.0999999999999996,0,1
2721,0.0,0.3333333333333333,4.333333333333333,0.16,0.0,0.2,4.2,0.166,0.1,0.2,3.9,0.16699999999999998,-0.1,0.4333333333333331,0,5
2722,0.0,0.0,4.333333333333333,0.18000000000000002,0.0,0.0,4.0,0.196,0.0,0.3,3.4,0.15899999999999997,-0.06666666666666667,0.9333333333333331,0,18
2723,0.0,0.3333333333333333,3.0,0.13999999999999999,0.2,0.4,3.0,0.11400000000000002,0.2,0.3,3.3,0.127,0.13333333333333336,-0.2999999999999998,0,4
2724,0.3333333333333333,0.3333333333333333,2.6666666666666665,0.10666666666666667,0.2,0.2,3.6,0.122,0.1,0.4,3.3,0.13600000000000004,0.033333333333333354,-0.6333333333333333,1,0
2725,0.0,0.3333333333333333,4.333333333333333,0.12666666666666668,0.0,0.2,4.6,0.10999999999999999,0.0,0.3,4.3,0.10600000000000001,0.0,0.033333333333333215,0,35
2726,0.3333333333333333,0.6666666666666666,2.6666666666666665,0.17333333333333334,0.2,0.4,3.2,0.182,0.2,0.4,3.2,0.16399999999999998,0.0,-0.5333333333333337,1,0
2727,0.0,0.3333333333333333,3.6666666666666665,0.14333333333333334,0.0,0.2,4.6,0.16,0.0,0.1,4.3,0.157,-0.13333333333333333,-0.6333333333333333,0,11
2728,0.0,0.3333333333333333,4.333333333333333,0.14,0.0,0.2,5.0,0.14800000000000002,0.1,0.4,3.9,0.14900000000000002,-0.06666666666666667,0.4333333333333331,0,7
2729,0.0,0.0,4.666666666666667,0.10666666666666667,0.0,0.0,4.0,0.11200000000000002,0.1,0.2,3.5,0.125,-0.13333333333333333,1.166666666666667,0,8
2730,0.0,0.3333333333333333,3.0,0.1366666666666667,0.2,0.4,2.8,0.154,0.1,0.2,3.9,0.14499999999999996,0.06666666666666668,-0.8999999999999999,0,3
2731,0.3333333333333333,0.3333333333333333,3.3333333333333335,0.17333333333333334,0.2,0.2,4.2,0.15000000000000002,0.2,0.3,3.8,0.12899999999999998,0.0,-0.46666666666666634,0,1
2732,0.6666666666666666,0.6666666666666666,2.3333333333333335,0.17,0.4,0.4,3.2,0.132,0.2,0.4,3.3,0.142,0.33333333333333337,-0.9666666666666663,0,1
2733,0.3333333333333333,0.6666666666666666,2.0,0.12333333333333334,0.4,0.6,2.4,0.13399999999999998,0.3,0.5,2.9,0.12900000000000003,0.2,-0.8999999999999999,0,1
2734,0.3333333333333333,0.3333333333333333,3.3333333333333335,0.17,0.4,0.6,2.6,0.16400000000000003,0.3,0.5,2.8,0.15999999999999998,0.23333333333333336,0.5333333333333337,0,1
2735,0.0,0.3333333333333333,4.0,0.1466666666666667,0.0,0.2,4.2,0.152,0.1,0.2,4.1,0.14300000000000002,-0.1,-0.09999999999999964,0,7
2736,0.3333333333333333,0.6666666666666666,3.0,0.15666666666666668,0.2,0.4,3.6,0.13399999999999998,0.1,0.2,3.9,0.13,0.13333333333333336,-0.8999999999999999,1,0
2737,0.0,0.0,5.666666666666667,0.12,0.0,0.0,4.6,0.15400000000000003,0.0,0.0,4.6,0.156,-0.03333333333333333,1.0666666666666673,0,28
2738,0.0,0.3333333333333333,4.333333333333333,0.13333333333333333,0.0,0.2,4.8,0.14200000000000002,0.0,0.2,4.5,0.14700000000000002,-0.16666666666666666,-0.16666666666666696,0,10
2739,0.3333333333333333,0.3333333333333333,3.6666666666666665,0.17,0.2,0.2,3.8,0.16799999999999998,0.2,0.4,3.5,0.139,-0.033333333333333326,0.16666666666666652,0,2
2740,0.6666666666666666,0.6666666666666666,2.6666666666666665,0.11,0.4,0.6,2.6,0.146,0.4,0.6,2.6,0.16699999999999998,0.23333333333333336,0.06666666666666643,2,0
2741,0.6666666666666666,0.6666666666666666,2.0,0.13333333333333333,0.4,0.4,3.0,0.148,0.3,0.4,3.1,0.15099999999999997,0.13333333333333336,-1.1,2,0
2742,0.0,0.0,5.0,0.13,0.2,0.4,3.6,0.13,0.1,0.3,4.1,0.13500000000000004,0.13333333333333336,0.9000000000000004,0,3
2743,0.3333333333333333,0.3333333333333333,3.0,0.15333333333333332,0.2,0.2,3.0,0.156,0.1,0.2,3.7,0.144,0.0,-0.7000000000000002,1,0
2744,0.6666666666666666,0.6666666666666666,1.6666666666666667,0.13333333333333333,0.4,0.6,2.4,0.132,0.4,0.5,2.9,0.15,0.16666666666666669,-1.2333333333333332,0,1
2745,0.0,0.0,4.333333333333333,0.13,0.0,0.0,4.0,0.154,0.2,0.2,3.7,0.131,-0.2,0.6333333333333329,0,5
2746,0.0,0.3333333333333333,3.6666666666666665,0.11333333333333333,0.0,0.4,3.2,0.13799999999999998,0.0,0.3,3.3,0.15300000000000002,-0.13333333333333333,0.3666666666666667,0,18
2747,0.0,0.3333333333333333,3.3333333333333335,0.1366666666666667,0.0,0.4,3.6,0.11400000000000002,0.3,0.6,2.8,0.132,-0.13333333333333333,0.5333333333333337,0,7
2748,0.0,0.3333333333333333,3.0,0.13,0.0,0.4,2.8,0.14799999999999996,0.1,0.5,2.6,0.133,-0.1,0.3999999999999999,0,5
2749,0.0,0.0,4.333333333333333,0.1466666666666667,0.0,0.0,4.4,0.14400000000000002,0.0,0.3,3.9,0.141,-0.23333333333333334,0.4333333333333331,0,13
2750,0.0,0.3333333333333333,4.0,0.11,0.2,0.4,3.2,0.12000000000000002,0.3,0.4,3.2,0.148,-0.033333333333333326,0.7999999999999998,0,4
2751,0.3333333333333333,0.3333333333333333,2.3333333333333335,0.1466666666666667,0.2,0.2,3.2,0.14,0.3,0.3,3.1,0.15699999999999997,-0.09999999999999998,-0.7666666666666666,0,2
2752,0.0,0.3333333333333333,3.0,0.17666666666666667,0.0,0.2,3.2,0.178,0.0,0.2,3.6,0.16399999999999998,-0.06666666666666667,-0.6000000000000001,0,20
2753,0.0,0.3333333333333333,3.0,0.10000000000000002,0.4,0.6,2.2,0.126,0.4,0.7,2.0,0.144,0.2,1.0,0,3
2754,0.3333333333333333,0.3333333333333333,3.6666666666666665,0.1366666666666667,0.2,0.2,3.6,0.122,0.2,0.3,3.4,0.13400000000000004,0.1,0.2666666666666666,0,1
2755,0.3333333333333333,0.3333333333333333,3.3333333333333335,0.16,0.2,0.4,3.6,0.15,0.1,0.2,4.1,0.157,-0.033333333333333326,-0.7666666666666662,1,0
2756,0.3333333333333333,0.6666666666666666,2.3333333333333335,0.14,0.2,0.6,2.6,0.156,0.2,0.6,2.5,0.15299999999999997,0.0,-0.16666666666666652,0,2
2757,0.3333333333333333,0.6666666666666666,2.3333333333333335,0.15333333333333332,0.2,0.6,2.6,0.134,0.2,0.5,2.7,0.145,0.033333333333333354,-0.3666666666666667,0,1
2758,0.3333333333333333,0.3333333333333333,2.6666666666666665,0.13333333333333333,0.6,0.6,2.0,0.158,0.4,0.4,3.2,0.15500000000000003,0.36666666666666664,-0.5333333333333337,0,1
2759,0.0,0.0,5.333333333333333,0.12,0.0,0.2,4.2,0.13,0.1,0.2,4.3,0.14100000000000001,-0.16666666666666666,1.0333333333333332,0,5
2760,0.3333333333333333,0.6666666666666666,3.0,0.15333333333333332,0.2,0.8,2.6,0.154,0.1,0.4,3.7,0.152,0.06666666666666668,-0.7000000000000002,0,1
2761,0.0,0.6666666666666666,3.3333333333333335,0.11666666666666668,0.2,0.8,2.6,0.13,0.1,0.4,3.5,0.14600000000000002,-0.06666666666666665,-0.16666666666666652,0,4
2762,0.6666666666666666,0.6666666666666666,2.6666666666666665,0.13,0.4,0.4,3.2,0.132,0.3,0.4,3.3,0.146,0.13333333333333336,-0.6333333333333333,0,1
2763,0.0,0.3333333333333333,2.6666666666666665,0.17666666666666667,0.0,0.4,3.0,0.17200000000000001,0.2,0.5,3.1,0.15000000000000002,-0.16666666666666666,-0.43333333333333357,0,5
2764,0.3333333333333333,0.3333333333333333,2.6666666666666665,0.17,0.2,0.2,2.8,0.162,0.3,0.4,2.5,0.15699999999999997,-0.09999999999999998,0.16666666666666652,0,2
2765,0.3333333333333333,0.3333333333333333,2.6666666666666665,0.15333333333333335,0.4,0.6,2.2,0.15000000000000002,0.3,0.5,2.9,0.16099999999999998,0.2,-0.2333333333333334,1,0
2766,0.0,0.0,5.0,0.20333333333333334,0.0,0.0,4.2,0.16,0.0,0.0,4.1,0.153,-0.13333333333333333,0.9000000000000004,0,12
2767,0.0,0.3333333333333333,3.6666666666666665,0.1366666666666667,0.0,0.4,3.8,0.13,0.1,0.3,3.7,0.15999999999999998,-0.16666666666666666,-0.03333333333333366,0,6
2768,0.0,0.6666666666666666,3.0,0.17,0.2,0.6,3.0,0.134,0.1,0.4,3.7,0.14200000000000002,0.06666666666666668,-0.7000000000000002,0,4
2769,0.0,0.3333333333333333,4.666666666666667,0.15,0.2,0.4,3.6,0.154,0.1,0.3,3.4,0.15,0.033333333333333354,1.266666666666667,0,3
2770,0.3333333333333333,0.3333333333333333,3.3333333333333335,0.13,0.4,0.6,2.6,0.12,0.3,0.5,3.3,0.131,0.10000000000000003,0.03333333333333366,0,2
2771,0.0,0.3333333333333333,4.0,0.17,0.0,0.4,3.4,0.152,0.1,0.3,3.7,0.152,-0.16666666666666666,0.2999999999999998,0,6
2772,0.0,0.0,3.0,0.15333333333333332,0.2,0.4,2.4,0.15,0.3,0.5,2.6,0.14100000000000001,0.06666666666666668,0.3999999999999999,0,4
2773,0.6666666666666666,0.6666666666666666,2.6666666666666665,0.12,0.4,0.4,3.0,0.132,0.4,0.5,2.9,0.14300000000000002,0.10000000000000003,-0.2333333333333334,0,1
2774,0.3333333333333333,0.3333333333333333,2.3333333333333335,0.10333333333333333,0.4,0.4,2.4,0.12400000000000003,0.2,0.3,3.5,0.155,0.13333333333333336,-1.1666666666666665,0,2
2775,0.0,0.0,5.0,0.15,0.4,0.4,3.4,0.16999999999999998,0.3,0.4,3.4,0.144,0.06666666666666671,1.6,0,3
2776,0.0,0.0,5.0,0.16,0.0,0.0,5.4,0.15200000000000002,0.1,0.1,4.1,0.142,-0.13333333333333333,0.9000000000000004,0,5
2777,0.0,0.0,4.333333333333333,0.17,0.0,0.2,4.2,0.172,0.1,0.2,4.1,0.16699999999999998,-0.23333333333333334,0.2333333333333334,0,8
2778,0.0,0.0,4.333333333333333,0.10333333333333333,0.0,0.0,4.2,0.11599999999999999,0.1,0.1,4.1,0.12700000000000003,-0.13333333333333333,0.2333333333333334,0,9
2779,0.3333333333333333,0.3333333333333333,2.3333333333333335,0.12333333333333334,0.2,0.2,3.4,0.14800000000000002,0.2,0.3,3.2,0.14900000000000002,0.06666666666666668,-0.8666666666666667,1,0
2780,0.0,0.0,5.666666666666667,0.16,0.0,0.0,5.6,0.14200000000000002,0.2,0.2,4.5,0.155,-0.13333333333333333,1.166666666666667,0,5
2781,0.0,0.0,4.333333333333333,0.15333333333333335,0.2,0.2,3.6,0.16,0.3,0.3,3.1,0.14600000000000002,-0.033333333333333326,1.233333333333333,0,3
2782,0.0,0.0,4.0,0.18000000000000002,0.0,0.0,3.8,0.166,0.0,0.1,4.2,0.14800000000000002,-0.1,-0.20000000000000018,0,13
2783,0.0,0.3333333333333333,3.3333333333333335,0.15666666666666665,0.0,0.4,3.0,0.15,0.0,0.2,4.1,0.15200000000000002,-0.03333333333333333,-0.7666666666666662,0,23
2784,0.0,0.0,4.666666666666667,0.18333333333333335,0.0,0.0,4.4,0.178,0.3,0.3,3.4,0.16399999999999998,-0.2,1.266666666666667,0,5
2785,0.0,0.0,4.666666666666667,0.16333333333333336,0.0,0.0,4.6,0.17600000000000002,0.1,0.2,4.3,0.13999999999999999,-0.23333333333333334,0.36666666666666714,0,5
2786,0.3333333333333333,0.3333333333333333,2.6666666666666665,0.17,0.2,0.4,3.0,0.164,0.3,0.4,3.2,0.15700000000000003,0.0,-0.5333333333333337,1,0
2787,0.0,0.0,4.0,0.20000000000000004,0.2,0.2,3.6,0.18,0.3,0.4,3.4,0.18,0.06666666666666668,0.6000000000000001,0,4
2788,0.3333333333333333,0.6666666666666666,2.3333333333333335,0.16000000000000003,0.4,0.8,2.0,0.14400000000000002,0.3,0.6,2.8,0.139,0.30000000000000004,-0.46666666666666634,0,2
2789,0.6666666666666666,1.0,1.3333333333333333,0.14,0.4,0.6,2.6,0.14200000000000002,0.5,0.7,2.3,0.143,0.16666666666666669,-0.9666666666666666,2,0
2790,0.3333333333333333,0.3333333333333333,4.333333333333333,0.15666666666666665,0.4,0.4,3.6,0.17,0.3,0.4,3.1,0.15199999999999997,0.16666666666666669,1.233333333333333,1,0
2791,0.0,0.3333333333333333,3.0,0.14,0.0,0.4,3.0,0.138,0.1,0.3,3.6,0.12600000000000003,-0.16666666666666666,-0.6000000000000001,0,6
2792,0.3333333333333333,1.0,1.6666666666666667,0.18000000000000002,0.2,0.6,2.8,0.17600000000000002,0.1,0.4,3.7,0.158,0.0,-2.033333333333333,0,1
2793,0.0,0.0,4.333333333333333,0.18000000000000002,0.0,0.0,4.4,0.15200000000000002,0.0,0.0,4.4,0.13599999999999998,-0.13333333333333333,-0.06666666666666732,0,10
2794,0.0,0.3333333333333333,3.3333333333333335,0.12,0.0,0.2,4.2,0.158,0.1,0.4,3.5,0.14600000000000002,-0.13333333333333333,-0.16666666666666652,0,6
2795,0.0,0.3333333333333333,4.0,0.12000000000000001,0.0,0.2,3.6,0.13599999999999998,0.0,0.1,4.4,0.12400000000000003,-0.13333333333333333,-0.40000000000000036,0,17
2796,0.0,0.3333333333333333,3.0,0.14666666666666667,0.0,0.4,2.8,0.152,0.0,0.3,3.4,0.154,-0.1,-0.3999999999999999,0,14
2797,0.0,0.3333333333333333,3.3333333333333335,0.13333333333333333,0.2,0.6,2.6,0.13,0.1,0.4,3.6,0.133,0.06666666666666668,-0.2666666666666666,0,3
2798,0.0,0.0,5.0,0.15,0.0,0.4,3.8,0.14200000000000002,0.1,0.3,3.9,0.152,-0.1,1.1,0,9
2799,0.3333333333333333,0.6666666666666666,2.6666666666666665,0.16666666666666666,0.2,0.4,3.0,0.14200000000000002,0.2,0.3,3.6,0.15399999999999997,0.1,-0.9333333333333336,0,2
2800,0.0,0.3333333333333333,2.6666666666666665,0.16333333333333333,0.0,0.2,3.4,0.164,0.0,0.1,4.0,0.16599999999999998,-0.06666666666666667,-1.3333333333333335,0,14
2801,0.3333333333333333,0.6666666666666666,2.3333333333333335,0.16666666666666666,0.2,0.4,3.0,0.168,0.1,0.2,3.9,0.151,0.0,-1.5666666666666664,0,2
2802,0.3333333333333333,0.3333333333333333,3.0,0.14333333333333334,0.2,0.4,3.4,0.15,0.1,0.3,3.8,0.158,0.1,-0.7999999999999998,0,2
2803,0.0,0.6666666666666666,3.0,0.15333333333333332,0.0,0.6,3.4,0.144,0.0,0.3,3.8,0.15100000000000002,-0.06666666666666667,-0.7999999999999998,0,16
2804,0.0,0.6666666666666666,3.3333333333333335,0.09666666666666668,0.0,0.4,4.0,0.12200000000000003,0.0,0.2,4.4,0.136,-0.1,-1.0666666666666669,0,10
2805,0.3333333333333333,0.6666666666666666,2.6666666666666665,0.16333333333333333,0.2,0.6,2.8,0.14600000000000002,0.1,0.3,3.9,0.16699999999999998,0.06666666666666668,-1.2333333333333334,1,0
2806,0.3333333333333333,0.6666666666666666,3.0,0.1366666666666667,0.4,0.8,2.4,0.144,0.4,0.6,2.6,0.14900000000000002,0.13333333333333336,0.3999999999999999,0,2
2807,0.0,0.6666666666666666,3.0,0.12000000000000001,0.0,0.4,4.0,0.13399999999999998,0.1,0.4,3.6,0.13100000000000003,-0.06666666666666667,-0.6000000000000001,0,9
2808,0.3333333333333333,0.3333333333333333,3.0,0.11333333333333333,0.2,0.4,3.4,0.12400000000000003,0.3,0.4,2.9,0.136,-0.033333333333333326,0.10000000000000009,1,0
2809,0.0,0.0,4.0,0.13333333333333333,0.2,0.4,3.0,0.122,0.2,0.3,3.4,0.14100000000000001,0.0,0.6000000000000001,0,3
2810,0.0,0.0,5.0,0.12666666666666668,0.0,0.0,4.6,0.152,0.2,0.3,3.6,0.135,-0.16666666666666666,1.4,0,5
2811,0.3333333333333333,0.3333333333333333,3.3333333333333335,0.19666666666666666,0.4,0.6,2.6,0.19,0.4,0.7,2.5,0.174,0.16666666666666669,0.8333333333333335,1,0
2812,0.0,0.0,4.333333333333333,0.14333333333333334,0.0,0.4,3.4,0.122,0.0,0.2,4.5,0.147,-0.06666666666666667,-0.16666666666666696,0,12
2813,0.0,0.0,5.333333333333333,0.17666666666666667,0.0,0.2,4.4,0.19,0.0,0.3,4.0,0.168,-0.13333333333333333,1.333333333333333,0,17
2814,0.0,0.0,4.666666666666667,0.11666666666666665,0.2,0.2,3.8,0.12,0.2,0.3,3.5,0.13399999999999998,0.0,1.166666666666667,0,3
2815,0.0,0.0,3.6666666666666665,0.14333333333333334,0.0,0.2,3.2,0.136,0.0,0.3,3.3,0.149,-0.1,0.3666666666666667,0,12
2816,0.0,0.3333333333333333,4.666666666666667,0.15333333333333332,0.0,0.2,5.0,0.146,0.1,0.3,4.3,0.15299999999999997,-0.1,0.36666666666666714,0,5
2817,0.0,0.3333333333333333,3.0,0.13,0.0,0.4,3.4,0.126,0.0,0.3,3.6,0.14399999999999996,-0.06666666666666667,-0.6000000000000001,0,20
2818,0.3333333333333333,0.3333333333333333,3.6666666666666665,0.13,0.2,0.4,3.4,0.142,0.3,0.5,2.8,0.15499999999999997,-0.033333333333333326,0.8666666666666667,0,2
2819,0.0,0.3333333333333333,3.3333333333333335,0.1366666666666667,0.2,0.6,2.6,0.134,0.3,0.5,2.8,0.14800000000000002,-0.033333333333333326,0.5333333333333337,0,3
2820,0.0,0.0,3.6666666666666665,0.13333333333333333,0.0,0.0,3.8,0.13,0.1,0.2,3.5,0.151,-0.2,0.16666666666666652,0,5
2821,0.0,0.0,4.666666666666667,0.13333333333333333,0.0,0.0,4.6,0.142,0.0,0.1,4.5,0.15,-0.2,0.16666666666666696,0,10
2822,0.3333333333333333,0.6666666666666666,2.0,0.13333333333333333,0.4,0.6,2.0,0.146,0.5,0.6,2.5,0.14900000000000002,0.13333333333333336,-0.5,1,0
2823,0.0,0.6666666666666666,2.3333333333333335,0.11,0.2,0.6,2.6,0.134,0.3,0.6,2.7,0.14300000000000002,0.0,-0.3666666666666667,0,3
2824,0.0,0.3333333333333333,3.6666666666666665,0.13,0.2,0.4,3.6,0.13,0.2,0.3,3.7,0.14000000000000004,0.06666666666666668,-0.03333333333333366,0,4
2825,0.0,0.3333333333333333,3.6666666666666665,0.17333333333333334,0.0,0.2,4.2,0.174,0.0,0.4,3.7,0.172,-0.06666666666666667,-0.03333333333333366,0,11
2826,0.0,0.0,3.0,0.11333333333333334,0.2,0.4,2.4,0.136,0.3,0.5,2.8,0.139,-0.033333333333333326,0.20000000000000018,0,3
2827,0.0,0.0,5.333333333333333,0.14666666666666667,0.0,0.0,5.0,0.154,0.1,0.1,4.2,0.14400000000000002,-0.16666666666666666,1.1333333333333329,0,8
2828,0.0,0.6666666666666666,2.3333333333333335,0.1366666666666667,0.0,0.4,3.2,0.158,0.2,0.5,3.1,0.15300000000000002,-0.13333333333333333,-0.7666666666666666,0,6
2829,0.0,0.0,5.0,0.1366666666666667,0.0,0.0,4.6,0.164,0.0,0.2,3.7,0.14600000000000005,-0.03333333333333333,1.2999999999999998,0,14
2830,0.0,0.6666666666666666,2.6666666666666665,0.16,0.2,0.6,3.0,0.19,0.1,0.3,3.7,0.151,0.033333333333333354,-1.0333333333333337,0,4
2831,0.0,0.0,4.666666666666667,0.16666666666666666,0.2,0.2,4.2,0.166,0.4,0.5,3.2,0.174,-0.06666666666666665,1.4666666666666668,0,4
2832,0.6666666666666666,0.6666666666666666,2.6666666666666665,0.12333333333333334,0.4,0.4,3.8,0.11400000000000002,0.3,0.3,4.1,0.129,0.16666666666666669,-1.4333333333333331,0,1
2833,0.0,0.3333333333333333,3.6666666666666665,0.17666666666666667,0.0,0.2,3.8,0.156,0.2,0.4,3.1,0.15799999999999997,-0.2,0.5666666666666664,0,6
2834,0.0,0.3333333333333333,2.6666666666666665,0.19333333333333336,0.2,0.4,2.4,0.162,0.1,0.2,3.2,0.146,0.033333333333333354,-0.5333333333333337,0,4
2835,0.3333333333333333,0.6666666666666666,2.0,0.11333333333333333,0.4,0.8,1.8,0.142,0.2,0.5,2.9,0.148,0.33333333333333337,-0.8999999999999999,1,0
2836,0.3333333333333333,0.3333333333333333,3.0,0.10666666666666667,0.2,0.6,2.6,0.134,0.2,0.5,2.9,0.151,-0.06666666666666665,0.10000000000000009,0,1
2837,0.6666666666666666,0.6666666666666666,2.6666666666666665,0.12666666666666668,0.4,0.4,4.0,0.152,0.4,0.5,3.4,0.15400000000000003,0.16666666666666669,-0.7333333333333334,2,0
2838,0.0,0.0,5.0,0.16,0.0,0.0,4.8,0.158,0.1,0.1,4.6,0.147,-0.13333333333333333,0.40000000000000036,0,7
2839,0.0,0.3333333333333333,4.0,0.14333333333333334,0.0,0.2,4.0,0.138,0.0,0.1,4.2,0.14599999999999996,-0.06666666666666667,-0.20000000000000018,0,12
2840,0.0,0.3333333333333333,4.333333333333333,0.18333333333333335,0.0,0.4,4.0,0.2,0.0,0.3,4.0,0.193,-0.03333333333333333,0.33333333333333304,0,20
2841,0.0,0.3333333333333333,4.333333333333333,0.12,0.0,0.2,4.4,0.164,0.0,0.2,4.4,0.15500000000000003,-0.16666666666666666,-0.06666666666666732,0,13
2842,0.3333333333333333,0.6666666666666666,2.0,0.1366666666666667,0.2,0.6,2.8,0.136,0.3,0.5,3.2,0.14199999999999996,-0.06666666666666665,-1.2000000000000002,1,0
2843,0.0,0.0,4.0,0.12666666666666668,0.0,0.2,3.4,0.134,0.0,0.3,3.6,0.13899999999999998,-0.06666666666666667,0.3999999999999999,0,18
2844,0.0,0.0,4.333333333333333,0.14,0.0,0.0,4.0,0.14200000000000002,0.0,0.2,4.1,0.15299999999999997,-0.13333333333333333,0.2333333333333334,0,12
2845,0.3333333333333333,0.6666666666666666,3.0,0.17333333333333334,0.2,0.4,3.8,0.18200000000000002,0.1,0.4,3.5,0.175,0.13333333333333336,-0.5,0,1
2846,0.0,0.0,5.0,0.1366666666666667,0.2,0.2,4.2,0.14400000000000002,0.2,0.3,3.6,0.163,0.06666666666666668,1.4,0,3
2847,0.0,0.0,5.0,0.16,0.0,0.0,4.6,0.16799999999999998,0.0,0.0,4.2,0.16,-0.16666666666666666,0.7999999999999998,0,11
2848,0.3333333333333333,0.6666666666666666,2.3333333333333335,0.18000000000000002,0.4,0.6,2.4,0.178,0.2,0.5,2.9,0.16499999999999998,0.2666666666666667,-0.5666666666666664,0,2
2849,0.3333333333333333,0.6666666666666666,3.0,0.16333333333333336,0.2,0.4,4.0,0.156,0.3,0.6,3.0,0.15,-0.06666666666666665,0.0,1,0
2850,0.0,0.3333333333333333,3.0,0.13999999999999999,0.2,0.4,2.6,0.13799999999999998,0.2,0.3,3.4,0.13099999999999998,0.0,-0.3999999999999999,0,3
2851,0.0,0.3333333333333333,4.0,0.16,0.0,0.2,3.8,0.154,0.1,0.2,3.7,0.14500000000000002,-0.1,0.2999999999999998,0,9
2852,0.0,0.3333333333333333,3.6666666666666665,0.08666666666666667,0.0,0.6,3.0,0.122,0.1,0.7,2.7,0.15000000000000002,-0.06666666666666667,0.9666666666666663,0,9
2853,0.0,0.0,4.0,0.12666666666666668,0.0,0.2,4.0,0.156,0.0,0.1,3.7,0.143,-0.06666666666666667,0.2999999999999998,0,22
2854,0.0,0.6666666666666666,3.0,0.1466666666666667,0.0,0.4,3.8,0.126,0.0,0.2,4.1,0.13600000000000004,-0.03333333333333333,-1.0999999999999996,0,14
2855,0.3333333333333333,0.6666666666666666,3.0,0.16333333333333333,0.4,0.6,3.0,0.154,0.4,0.5,3.1,0.137,0.16666666666666669,-0.10000000000000009,0,2
2856,0.3333333333333333,0.3333333333333333,3.3333333333333335,0.17,0.2,0.4,3.0,0.158,0.2,0.5,3.1,0.161,0.06666666666666668,0.2333333333333334,0,1
2857,0.3333333333333333,0.3333333333333333,3.0,0.11666666666666665,0.2,0.4,2.8,0.146,0.2,0.4,3.0,0.15300000000000002,0.06666666666666668,0.0,0,2
2858,0.3333333333333333,0.3333333333333333,3.6666666666666665,0.14666666666666667,0.2,0.2,3.8,0.142,0.2,0.3,3.4,0.13699999999999998,0.033333333333333354,0.2666666666666666,1,0
2859,0.0,0.3333333333333333,3.6666666666666665,0.15000000000000002,0.0,0.4,3.6,0.16,0.0,0.3,3.8,0.175,-0.1,-0.1333333333333333,0,10
2860,0.3333333333333333,0.6666666666666666,2.0,0.14333333333333334,0.2,0.4,3.6,0.132,0.4,0.5,2.8,0.128,0.0,-0.7999999999999998,1,0
2861,0.3333333333333333,0.3333333333333333,3.6666666666666665,0.15666666666666668,0.4,0.4,3.6,0.156,0.4,0.5,2.9,0.15,0.16666666666666669,0.7666666666666666,0,1
2862,0.3333333333333333,0.3333333333333333,3.3333333333333335,0.14333333333333334,0.4,0.6,2.6,0.14,0.2,0.5,3.1,0.14100000000000001,0.30000000000000004,0.2333333333333334,1,0
2863,0.3333333333333333,0.6666666666666666,2.6666666666666665,0.19999999999999998,0.4,0.6,2.8,0.16999999999999998,0.3,0.4,3.1,0.15000000000000002,0.16666666666666669,-0.43333333333333357,0,2
2864,0.0,0.0,3.6666666666666665,0.16,0.0,0.0,4.0,0.156,0.1,0.1,4.1,0.157,-0.1,-0.4333333333333331,0,6
2865,0.0,0.3333333333333333,4.0,0.15000000000000002,0.0,0.2,4.0,0.136,0.1,0.2,3.9,0.13599999999999998,-0.2,0.10000000000000009,0,9
2866,0.3333333333333333,0.3333333333333333,2.3333333333333335,0.18666666666666668,0.2,0.2,3.6,0.176,0.3,0.4,2.8,0.16799999999999998,-0.06666666666666665,-0.46666666666666634,0,1
2867,0.0,0.0,4.666666666666667,0.16666666666666666,0.0,0.0,5.2,0.172,0.1,0.2,4.4,0.166,-0.1,0.2666666666666666,0,7
2868,0.3333333333333333,1.0,1.6666666666666667,0.18000000000000002,0.4,0.8,2.2,0.158,0.3,0.5,3.4,0.15499999999999997,0.23333333333333336,-1.7333333333333332,0,1
2869,0.3333333333333333,0.6666666666666666,2.0,0.21,0.2,0.6,2.6,0.186,0.1,0.4,2.9,0.185,0.1,-0.8999999999999999,1,0
2870,0.0,0.0,5.333333333333333,0.1466666666666667,0.0,0.0,5.0,0.15200000000000002,0.1,0.1,4.7,0.15799999999999997,-0.16666666666666666,0.6333333333333329,0,8
2871,0.0,0.3333333333333333,4.333333333333333,0.11666666666666665,0.0,0.4,4.0,0.124,0.0,0.2,4.2,0.124,-0.1,0.13333333333333286,0,16
2872,0.0,0.3333333333333333,4.333333333333333,0.17333333333333334,0.0,0.4,4.0,0.16399999999999998,0.3,0.5,3.1,0.15400000000000003,-0.3,1.233333333333333,0,5
2873,0.6666666666666666,1.0,1.3333333333333333,0.14333333333333334,0.4,0.8,1.8,0.174,0.4,0.7,2.1,0.158,0.16666666666666669,-0.7666666666666668,2,0
2874,0.0,0.3333333333333333,3.0,0.14666666666666667,0.0,0.4,3.0,0.152,0.1,0.3,3.2,0.15599999999999997,-0.13333333333333333,-0.20000000000000018,0,9
2875,0.3333333333333333,0.6666666666666666,2.0,0.18000000000000002,0.2,0.4,3.2,0.172,0.2,0.4,3.4,0.152,-0.033333333333333326,-1.4,1,0
2876,0.3333333333333333,0.6666666666666666,2.3333333333333335,0.14,0.2,0.4,3.4,0.136,0.1,0.3,3.6,0.12600000000000003,0.06666666666666668,-1.2666666666666666,0,1
2877,0.3333333333333333,0.3333333333333333,2.6666666666666665,0.16666666666666666,0.2,0.4,3.2,0.14800000000000002,0.2,0.4,3.2,0.15,-0.033333333333333326,-0.5333333333333337,0,2
2878,0.6666666666666666,0.6666666666666666,2.6666666666666665,0.14,0.4,0.4,3.6,0.146,0.2,0.5,3.1,0.155,0.30000000000000004,-0.43333333333333357,1,0
2879,0.0,0.0,4.333333333333333,0.16666666666666666,0.0,0.2,3.8,0.148,0.2,0.3,3.3,0.151,-0.13333333333333333,1.0333333333333332,0,6
2880,0.0,0.0,5.0,0.12,0.2,0.2,3.8,0.12,0.1,0.3,3.7,0.133,0.06666666666666668,1.2999999999999998,0,4
2881,0.3333333333333333,0.6666666666666666,3.0,0.1566666666666667,0.2,0.4,3.4,0.138,0.1,0.2,3.7,0.14200000000000002,0.1,-0.7000000000000002,0,1
2882,0.0,0.3333333333333333,4.0,0.18333333333333335,0.0,0.2,4.4,0.196,0.1,0.2,4.1,0.18,-0.03333333333333333,-0.09999999999999964,0,5
2883,0.0,0.3333333333333333,3.0,0.13666666666666666,0.2,0.4,2.8,0.132,0.2,0.5,2.8,0.137,0.1,0.20000000000000018,0,3
2884,0.0,0.0,5.0,0.1366666666666667,0.0,0.0,5.0,0.154,0.0,0.1,4.9,0.154,0.0,0.09999999999999964,0,40
2885,0.3333333333333333,0.6666666666666666,3.0,0.12333333333333335,0.2,0.4,3.2,0.13599999999999998,0.3,0.4,3.0,0.15500000000000003,0.06666666666666668,0.0,0,2
2886,0.0,0.0,6.0,0.16,0.2,0.4,4.2,0.146,0.1,0.2,4.4,0.159,0.06666666666666668,1.5999999999999996,0,4
2887,0.0,0.0,4.666666666666667,0.15333333333333335,0.0,0.2,3.8,0.166,0.3,0.5,2.8,0.148,-0.26666666666666666,1.8666666666666671,0,6
2888,0.0,0.3333333333333333,4.0,0.14333333333333334,0.0,0.2,4.4,0.15,0.0,0.1,4.6,0.142,-0.1,-0.5999999999999996,0,11
2889,0.0,0.3333333333333333,3.6666666666666665,0.11666666666666665,0.0,0.4,3.6,0.15,0.1,0.4,3.3,0.15499999999999997,-0.1,0.3666666666666667,0,5
2890,0.0,0.0,4.0,0.12333333333333334,0.2,0.2,3.2,0.13000000000000003,0.1,0.2,4.0,0.13999999999999999,0.033333333333333354,0.0,0,3
2891,0.3333333333333333,0.3333333333333333,3.0,0.13,0.4,0.4,3.2,0.144,0.3,0.3,3.7,0.133,0.23333333333333336,-0.7000000000000002,0,1
2892,0.3333333333333333,0.3333333333333333,2.6666666666666665,0.22333333333333336,0.4,0.6,2.2,0.194,0.3,0.5,2.7,0.16,0.16666666666666669,-0.03333333333333366,0,2
2893,0.0,0.0,4.0,0.17333333333333334,0.2,0.2,3.6,0.162,0.2,0.4,3.5,0.147,0.06666666666666668,0.5,0,3
2894,0.0,0.3333333333333333,3.0,0.17,0.0,0.4,2.8,0.154,0.0,0.2,3.3,0.145,-0.13333333333333333,-0.2999999999999998,0,17
2895,0.6666666666666666,1.0,1.3333333333333333,0.15666666666666665,0.6,0.8,2.0,0.14800000000000002,0.6,0.8,2.1,0.13799999999999998,0.3333333333333333,-0.7666666666666668,0,1
2896,0.3333333333333333,0.6666666666666666,3.0,0.16,0.2,0.4,3.8,0.14,0.1,0.3,3.9,0.13299999999999998,0.06666666666666668,-0.8999999999999999,1,0
2897,0.3333333333333333,0.6666666666666666,2.0,0.21333333333333335,0.4,0.6,2.2,0.19,0.3,0.5,2.5,0.176,0.23333333333333336,-0.5,0,2
2898,0.3333333333333333,0.6666666666666666,2.6666666666666665,0.17,0.2,0.6,3.0,0.154,0.1,0.4,3.9,0.155,0.033333333333333354,-1.2333333333333334,0,1
2899,0.0,0.0,4.0,0.13333333333333333,0.0,0.0,4.2,0.152,0.1,0.1,3.9,0.127,-0.1,0.10000000000000009,0,6
2900,0.3333333333333333,0.3333333333333333,3.6666666666666665,0.1566666666666667,0.2,0.2,3.4,0.162,0.1,0.1,4.1,0.15699999999999997,0.06666666666666668,-0.4333333333333331,0,2
2901,0.0,0.0,4.666666666666667,0.16333333333333333,0.0,0.0,4.2,0.152,0.1,0.2,3.9,0.15699999999999997,-0.16666666666666666,0.766666666666667,0,6
2902,0.3333333333333333,0.3333333333333333,2.6666666666666665,0.15333333333333332,0.2,0.2,4.0,0.14,0.2,0.4,3.4,0.14599999999999996,0.06666666666666668,-0.7333333333333334,1,0
2903,0.0,0.0,4.0,0.13,0.0,0.0,4.8,0.158,0.2,0.3,3.6,0.162,-0.16666666666666666,0.3999999999999999,0,8
2904,0.0,0.3333333333333333,3.6666666666666665,0.17,0.0,0.2,4.2,0.164,0.0,0.2,4.4,0.153,-0.1,-0.7333333333333338,0,12
2905,0.0,0.0,5.0,0.16333333333333336,0.2,0.2,3.8,0.17800000000000002,0.3,0.4,3.4,0.179,0.0,1.6,0,3
2906,0.3333333333333333,0.6666666666666666,2.0,0.10666666666666667,0.4,0.8,1.8,0.13999999999999999,0.2,0.6,2.7,0.14500000000000002,0.23333333333333336,-0.7000000000000002,0,1
2907,0.6666666666666666,0.6666666666666666,2.0,0.16666666666666666,0.4,0.4,3.0,0.13,0.3,0.3,3.4,0.143,0.23333333333333336,-1.4,0,1
2908,0.0,0.3333333333333333,3.6666666666666665,0.16666666666666666,0.2,0.4,3.6,0.14400000000000002,0.1,0.3,3.9,0.153,0.06666666666666668,-0.2333333333333334,0,3
2909,0.0,0.0,5.0,0.11333333333333333,0.0,0.0,4.4,0.124,0.0,0.2,4.4,0.13600000000000004,-0.16666666666666666,0.5999999999999996,0,15
2910,0.0,0.0,5.0,0.1366666666666667,0.0,0.2,4.2,0.14400000000000002,0.1,0.2,3.8,0.155,-0.1,1.2000000000000002,0,7
2911,0.3333333333333333,0.6666666666666666,2.0,0.14333333333333334,0.2,0.6,2.6,0.16,0.2,0.5,2.8,0.16799999999999998,0.13333333333333336,-0.7999999999999998,0,1
2912,0.6666666666666666,0.6666666666666666,2.6666666666666665,0.09333333333333334,0.6,0.6,2.8,0.094,0.3,0.4,3.9,0.11500000000000002,0.3,-1.2333333333333334,1,0
2913,0.0,0.0,4.333333333333333,0.15666666666666668,0.0,0.0,4.0,0.164,0.3,0.3,3.2,0.15299999999999997,-0.23333333333333334,1.1333333333333329,0,5
2914,0.3333333333333333,0.3333333333333333,4.333333333333333,0.16333333333333333,0.2,0.2,4.8,0.16,0.2,0.3,3.7,0.15299999999999997,0.0,0.6333333333333329,0,1
2915,0.0,0.0,5.0,0.17666666666666667,0.0,0.2,4.4,0.156,0.0,0.2,3.7,0.158,-0.1,1.2999999999999998,0,12
2916,0.0,0.0,3.6666666666666665,0.13,0.4,0.4,2.6,0.128,0.3,0.3,3.2,0.15899999999999997,0.30000000000000004,0.46666666666666634,0,3
2917,0.0,0.0,4.333333333333333,0.17,0.0,0.0,4.4,0.168,0.1,0.2,4.0,0.149,-0.3,0.33333333333333304,0,9
2918,0.0,0.0,5.333333333333333,0.15333333333333332,0.0,0.0,5.0,0.156,0.0,0.1,4.5,0.16099999999999998,-0.13333333333333333,0.833333333333333,0,10
2919,0.0,0.0,5.666666666666667,0.13,0.0,0.0,5.2,0.132,0.1,0.4,3.6,0.15500000000000003,-0.13333333333333333,2.066666666666667,0,7
2920,0.0,0.3333333333333333,4.0,0.09666666666666668,0.0,0.2,3.6,0.136,0.0,0.2,3.6,0.15199999999999997,-0.13333333333333333,0.3999999999999999,0,11
2921,0.0,0.3333333333333333,3.0,0.14666666666666667,0.0,0.2,3.2,0.164,0.0,0.1,3.8,0.152,-0.1,-0.7999999999999998,0,11
2922,0.0,0.0,5.333333333333333,0.16,0.0,0.0,5.2,0.15,0.1,0.3,4.1,0.135,-0.26666666666666666,1.2333333333333334,0,8
2923,0.6666666666666666,0.6666666666666666,1.6666666666666667,0.12,0.4,0.6,2.2,0.118,0.2,0.4,3.6,0.138,0.16666666666666669,-1.9333333333333333,1,0
2924,0.3333333333333333,0.3333333333333333,3.6666666666666665,0.14,0.2,0.4,3.6,0.138,0.1,0.6,3.0,0.16499999999999998,0.13333333333333336,0.6666666666666665,0,1
2925,0.0,0.3333333333333333,3.3333333333333335,0.13333333333333333,0.2,0.4,2.8,0.14,0.3,0.4,3.1,0.15500000000000003,0.0,0.2333333333333334,0,3
2926,0.0,0.3333333333333333,2.6666666666666665,0.16,0.0,0.6,2.4,0.14800000000000002,0.0,0.3,3.4,0.15099999999999997,-0.1,-0.7333333333333334,0,24
2927,0.3333333333333333,0.3333333333333333,3.0,0.18666666666666665,0.2,0.2,3.4,0.174,0.1,0.2,3.6,0.15399999999999997,0.1,-0.6000000000000001,0,2
2928,0.0,0.0,3.6666666666666665,0.12666666666666668,0.0,0.0,4.0,0.138,0.0,0.1,3.7,0.132,-0.26666666666666666,-0.03333333333333366,0,10
2929,0.0,0.0,5.333333333333333,0.16666666666666666,0.0,0.0,4.8,0.172,0.2,0.2,4.4,0.15,-0.13333333333333333,0.9333333333333327,0,6
2930,0.0,0.0,3.3333333333333335,0.15333333333333335,0.2,0.2,2.8,0.15000000000000002,0.1,0.2,3.4,0.15399999999999997,0.033333333333333354,-0.06666666666666643,0,4
2931,0.0,0.0,4.333333333333333,0.14333333333333334,0.0,0.0,4.4,0.134,0.1,0.2,3.6,0.13599999999999998,-0.16666666666666666,0.733333333333333,0,9
2932,0.0,0.0,4.0,0.09666666666666666,0.0,0.2,3.8,0.11000000000000001,0.0,0.3,3.4,0.11600000000000002,-0.1,0.6000000000000001,0,13
2933,0.0,0.0,4.666666666666667,0.13,0.0,0.2,3.8,0.128,0.3,0.4,3.4,0.14200000000000002,-0.2,1.266666666666667,0,7
2934,0.0,0.0,5.0,0.12666666666666668,0.2,0.2,4.2,0.14,0.1,0.1,4.2,0.14300000000000002,0.06666666666666668,0.7999999999999998,0,4
2935,0.6666666666666666,1.0,1.3333333333333333,0.17,0.4,0.6,2.6,0.164,0.2,0.3,3.3,0.151,0.16666666666666669,-1.9666666666666666,0,1
2936,0.3333333333333333,0.6666666666666666,2.3333333333333335,0.16,0.2,0.4,3.2,0.14,0.2,0.3,3.5,0.14900000000000002,0.1,-1.1666666666666665,0,1
2937,0.3333333333333333,0.6666666666666666,2.3333333333333335,0.15000000000000002,0.4,0.6,2.4,0.132,0.3,0.5,3.2,0.156,0.2,-0.8666666666666667,1,0
2938,0.0,0.3333333333333333,4.333333333333333,0.12333333333333334,0.2,0.4,3.6,0.14,0.1,0.3,3.8,0.134,0.06666666666666668,0.5333333333333332,0,4
2939,0.0,0.0,4.333333333333333,0.13666666666666666,0.0,0.0,4.2,0.15399999999999997,0.0,0.1,4.1,0.157,-0.1,0.2333333333333334,0,12
2940,0.0,0.0,3.3333333333333335,0.18000000000000002,0.2,0.2,2.8,0.146,0.2,0.3,2.6,0.152,0.06666666666666668,0.7333333333333334,0,3
2941,0.0,0.0,4.666666666666667,0.13,0.0,0.2,4.0,0.13,0.0,0.2,4.1,0.15,-0.2,0.5666666666666673,0,10
2942,0.3333333333333333,0.3333333333333333,3.3333333333333335,0.16666666666666666,0.2,0.4,3.2,0.164,0.2,0.4,3.3,0.174,0.06666666666666668,0.03333333333333366,1,0
2943,0.3333333333333333,0.3333333333333333,2.3333333333333335,0.15333333333333335,0.2,0.2,3.2,0.14800000000000002,0.1,0.2,3.7,0.14100000000000001,0.06666666666666668,-1.3666666666666667,0,1
2944,0.3333333333333333,0.6666666666666666,3.0,0.18666666666666668,0.4,0.6,2.8,0.156,0.3,0.5,3.0,0.16299999999999998,0.2666666666666667,0.0,0,1
2945,0.0,0.6666666666666666,3.3333333333333335,0.11666666666666668,0.0,0.4,4.0,0.118,0.0,0.2,3.9,0.134,-0.1,-0.5666666666666664,0,12
2946,0.0,0.3333333333333333,4.666666666666667,0.13,0.0,0.2,5.2,0.13999999999999999,0.1,0.2,4.3,0.143,-0.23333333333333334,0.36666666666666714,0,5
2947,0.0,0.0,4.333333333333333,0.12666666666666668,0.0,0.2,4.0,0.146,0.0,0.2,3.9,0.13899999999999998,-0.13333333333333333,0.4333333333333331,0,22
2948,0.0,0.3333333333333333,4.0,0.15,0.0,0.4,3.4,0.136,0.1,0.3,4.0,0.139,-0.2,0.0,0,5
2949,0.0,0.0,4.333333333333333,0.16666666666666666,0.0,0.0,4.8,0.154,0.2,0.2,3.9,0.151,-0.23333333333333334,0.4333333333333331,0,6
2950,0.0,0.6666666666666666,3.0,0.15333333333333335,0.0,0.4,3.0,0.14,0.1,0.5,2.8,0.13799999999999998,-0.2,0.20000000000000018,0,9
2951,0.0,0.0,3.6666666666666665,0.15,0.0,0.0,4.0,0.16599999999999998,0.1,0.2,3.5,0.15099999999999997,-0.06666666666666667,0.16666666666666652,0,6
2952,0.3333333333333333,0.3333333333333333,4.0,0.13999999999999999,0.2,0.4,3.6,0.148,0.1,0.4,3.6,0.15,0.1,0.3999999999999999,1,0
2953,0.0,0.0,4.0,0.17333333333333334,0.0,0.0,4.6,0.16399999999999998,0.1,0.5,3.2,0.15400000000000003,-0.1,0.7999999999999998,0,9
2954,0.0,0.0,3.6666666666666665,0.17666666666666667,0.0,0.2,3.8,0.156,0.1,0.3,3.6,0.142,-0.2,0.06666666666666643,0,7
2955,0.3333333333333333,0.3333333333333333,3.6666666666666665,0.16666666666666666,0.2,0.4,3.8,0.15,0.2,0.4,3.4,0.155,0.06666666666666668,0.2666666666666666,0,1
2956,0.0,0.0,4.333333333333333,0.1366666666666667,0.2,0.4,3.2,0.14400000000000002,0.1,0.3,3.6,0.14700000000000002,0.0,0.733333333333333,0,4
2957,0.3333333333333333,0.6666666666666666,2.6666666666666665,0.15000000000000002,0.2,0.4,3.8,0.168,0.1,0.3,4.1,0.16099999999999998,0.033333333333333354,-1.4333333333333331,0,1
2958,0.0,0.3333333333333333,3.6666666666666665,0.1466666666666667,0.0,0.4,3.2,0.14200000000000002,0.1,0.3,3.5,0.14900000000000002,-0.1,0.16666666666666652,0,8
2959,0.0,0.0,4.333333333333333,0.13333333333333333,0.2,0.4,3.2,0.14200000000000002,0.2,0.4,3.4,0.13799999999999998,-0.033333333333333326,0.9333333333333331,0,3
2960,0.0,0.3333333333333333,4.333333333333333,0.16333333333333333,0.0,0.2,3.8,0.154,0.1,0.2,3.8,0.153,-0.2,0.5333333333333332,0,5
2961,0.0,0.3333333333333333,3.0,0.11666666666666665,0.2,0.4,2.8,0.136,0.4,0.6,2.4,0.14599999999999996,-0.09999999999999998,0.6000000000000001,0,3
2962,0.3333333333333333,1.0,1.6666666666666667,0.15666666666666668,0.2,0.6,2.6,0.144,0.1,0.5,2.7,0.13699999999999998,0.033333333333333354,-1.0333333333333334,1,0
2963,0.3333333333333333,0.3333333333333333,3.0,0.18000000000000002,0.2,0.2,4.0,0.176,0.1,0.4,3.5,0.168,0.0,-0.5,0,1
2964,0.6666666666666666,0.6666666666666666,2.0,0.1366666666666667,0.4,0.4,2.8,0.152,0.3,0.3,3.4,0.14900000000000002,0.13333333333333336,-1.4,0,1
2965,0.3333333333333333,0.3333333333333333,3.0,0.16333333333333336,0.6,0.6,2.2,0.15,0.3,0.4,2.9,0.147,0.36666666666666664,0.10000000000000009,1,0
2966,0.3333333333333333,0.6666666666666666,2.0,0.12333333333333334,0.4,0.8,1.8,0.10999999999999999,0.3,0.7,2.4,0.12400000000000003,0.2,-0.3999999999999999,0,2
2967,0.3333333333333333,0.3333333333333333,2.3333333333333335,0.15,0.4,0.4,2.6,0.15999999999999998,0.3,0.4,3.3,0.16,0.2,-0.9666666666666663,1,0
2968,0.0,0.0,5.333333333333333,0.10333333333333333,0.0,0.2,4.6,0.14400000000000002,0.2,0.4,3.6,0.14900000000000002,-0.2,1.733333333333333,0,5
2969,0.3333333333333333,1.0,1.6666666666666667,0.14,0.2,0.6,2.6,0.156,0.1,0.3,3.4,0.16599999999999998,0.06666666666666668,-1.7333333333333332,0,2
2970,0.0,0.6666666666666666,2.6666666666666665,0.11,0.0,0.4,3.4,0.11000000000000001,0.0,0.3,3.7,0.131,-0.06666666666666667,-1.0333333333333337,0,14
2971,0.3333333333333333,0.3333333333333333,3.0,0.16333333333333333,0.2,0.2,3.6,0.14200000000000002,0.2,0.2,3.6,0.144,-0.06666666666666665,-0.6000000000000001,0,1
2972,0.0,0.3333333333333333,3.6666666666666665,0.17333333333333334,0.0,0.6,3.0,0.16799999999999998,0.1,0.5,3.2,0.16,-0.16666666666666666,0.46666666666666634,0,9
2973,0.3333333333333333,0.6666666666666666,2.6666666666666665,0.12666666666666668,0.2,0.4,3.6,0.12200000000000003,0.2,0.3,3.2,0.13400000000000004,-0.033333333333333326,-0.5333333333333337,0,2
2974,0.0,0.0,5.0,0.18666666666666668,0.0,0.2,4.0,0.17,0.0,0.3,4.1,0.16099999999999998,-0.16666666666666666,0.9000000000000004,0,14
2975,0.0,0.0,3.3333333333333335,0.17333333333333334,0.0,0.0,4.2,0.162,0.1,0.1,4.1,0.15799999999999997,-0.23333333333333334,-0.7666666666666662,0,8
2976,0.0,0.6666666666666666,2.3333333333333335,0.16333333333333333,0.0,0.6,3.0,0.16799999999999998,0.0,0.3,3.6,0.16699999999999998,-0.16666666666666666,-1.2666666666666666,0,19
2977,0.0,0.0,4.333333333333333,0.13,0.0,0.2,3.8,0.14400000000000002,0.0,0.4,3.3,0.14900000000000002,-0.13333333333333333,1.0333333333333332,0,13
2978,0.3333333333333333,0.3333333333333333,3.3333333333333335,0.21333333333333335,0.4,0.4,3.4,0.20400000000000001,0.2,0.2,3.9,0.176,0.2,-0.5666666666666664,0,2
2979,0.0,0.0,4.666666666666667,0.13999999999999999,0.0,0.0,4.2,0.15,0.2,0.4,3.2,0.146,-0.2,1.4666666666666668,0,7
2980,0.3333333333333333,0.6666666666666666,3.0,0.18000000000000002,0.2,0.4,3.6,0.17200000000000001,0.2,0.4,3.5,0.175,0.06666666666666668,-0.5,0,1
2981,0.0,0.3333333333333333,4.333333333333333,0.15333333333333332,0.0,0.2,4.0,0.184,0.0,0.1,4.6,0.16799999999999998,-0.1,-0.2666666666666666,0,16
2982,0.6666666666666666,0.6666666666666666,2.6666666666666665,0.12333333333333334,0.4,0.4,3.0,0.12,0.3,0.3,3.1,0.12800000000000003,0.23333333333333336,-0.43333333333333357,1,0
2983,0.0,0.0,4.0,0.14,0.2,0.4,3.0,0.12800000000000003,0.3,0.4,3.2,0.143,0.0,0.7999999999999998,0,3
2984,0.3333333333333333,1.0,1.6666666666666667,0.17333333333333334,0.4,0.8,2.2,0.16,0.2,0.4,3.3,0.16299999999999998,0.13333333333333336,-1.633333333333333,0,1
2985,0.3333333333333333,0.6666666666666666,2.6666666666666665,0.14333333333333334,0.2,0.4,3.8,0.134,0.1,0.2,4.4,0.13799999999999998,0.033333333333333354,-1.7333333333333338,1,0
2986,0.0,0.6666666666666666,3.0,0.12666666666666668,0.0,0.6,3.0,0.14600000000000002,0.1,0.4,3.3,0.146,-0.13333333333333333,-0.2999999999999998,0,6
2987,0.0,0.3333333333333333,2.6666666666666665,0.16333333333333333,0.2,0.4,2.8,0.174,0.2,0.5,2.7,0.163,0.033333333333333354,-0.03333333333333366,0,4
2988,0.0,0.0,3.3333333333333335,0.16666666666666666,0.0,0.2,3.6,0.16,0.1,0.2,3.4,0.14299999999999996,-0.26666666666666666,-0.06666666666666643,0,8
2989,0.0,0.6666666666666666,3.3333333333333335,0.12333333333333334,0.2,0.6,3.4,0.11200000000000002,0.4,0.6,3.0,0.134,-0.09999999999999998,0.3333333333333335,0,3
2990,0.0,0.3333333333333333,4.0,0.13999999999999999,0.0,0.4,3.4,0.16799999999999998,0.1,0.5,3.1,0.15000000000000002,-0.1,0.8999999999999999,0,9
2991,0.0,0.6666666666666666,2.3333333333333335,0.12,0.0,0.4,3.0,0.126,0.2,0.4,3.2,0.13799999999999998,-0.26666666666666666,-0.8666666666666667,0,6
2992,0.3333333333333333,0.6666666666666666,2.3333333333333335,0.15000000000000002,0.2,0.6,2.4,0.158,0.1,0.4,3.1,0.15899999999999997,0.033333333333333354,-0.7666666666666666,0,1
2993,0.0,0.3333333333333333,3.0,0.1366666666666667,0.0,0.2,3.2,0.126,0.1,0.2,3.5,0.127,-0.2,-0.5,0,9
2994,0.0,0.3333333333333333,3.3333333333333335,0.14333333333333334,0.0,0.4,3.0,0.15,0.0,0.3,3.3,0.14700000000000002,-0.06666666666666667,0.03333333333333366,0,10
2995,0.0,0.0,5.333333333333333,0.14333333333333334,0.0,0.0,4.8,0.162,0.2,0.3,3.7,0.15899999999999997,-0.2,1.6333333333333329,0,6
2996,0.0,0.0,5.666666666666667,0.17666666666666667,0.2,0.2,4.8,0.156,0.4,0.5,3.3,0.157,0.0,2.366666666666667,0,4
2997,0.0,0.0,5.0,0.12666666666666668,0.0,0.0,5.0,0.15,0.0,0.2,4.2,0.13699999999999998,-0.16666666666666666,0.7999999999999998,0,10
2998,0.3333333333333333,0.6666666666666666,2.6666666666666665,0.12333333333333334,0.2,0.6,3.0,0.124,0.2,0.5,3.3,0.133,0.1,-0.6333333333333333,0,1
2999,0.0,0.0,4.666666666666667,0.16666666666666666,0.0,0.2,4.2,0.16000000000000003,0.2,0.3,3.5,0.16299999999999998,-0.26666666666666666,1.166666666666667,0,6
3000,0.3333333333333333,0.3333333333333333,3.6666666666666665,0.13333333333333333,0.4,0.4,3.2,0.136,0.3,0.5,3.2,0.137,0.23333333333333336,0.46666666666666634,1,0
3001,0.0,0.0,4.333333333333333,0.16666666666666666,0.2,0.2,4.0,0.138,0.3,0.4,3.5,0.15699999999999997,-0.033333333333333326,0.833333333333333,0,3
3002,0.3333333333333333,0.3333333333333333,3.3333333333333335,0.14333333333333334,0.2,0.4,3.6,0.132,0.3,0.4,3.4,0.135,0.06666666666666668,-0.06666666666666643,0,1
3003,0.0,0.6666666666666666,2.6666666666666665,0.17666666666666667,0.0,0.4,2.8,0.19400000000000003,0.1,0.3,3.2,0.175,-0.13333333333333333,-0.5333333333333337,0,6
3004,0.3333333333333333,0.3333333333333333,3.3333333333333335,0.16333333333333336,0.4,0.4,2.8,0.13999999999999999,0.3,0.3,3.5,0.141,0.23333333333333336,-0.16666666666666652,1,0
3005,0.3333333333333333,0.6666666666666666,3.0,0.1433333333333333,0.2,0.4,3.8,0.15,0.2,0.4,3.3,0.15,0.033333333333333354,-0.2999999999999998,1,0
3006,0.6666666666666666,0.6666666666666666,1.6666666666666667,0.15666666666666665,0.6,0.6,2.0,0.156,0.3,0.4,3.0,0.133,0.43333333333333335,-1.3333333333333333,1,0
3007,0.0,0.3333333333333333,3.3333333333333335,0.12666666666666668,0.0,0.2,3.2,0.136,0.2,0.4,2.7,0.134,-0.2,0.6333333333333333,0,6
3008,0.3333333333333333,0.3333333333333333,3.3333333333333335,0.19333333333333336,0.4,0.4,3.4,0.178,0.5,0.6,2.5,0.172,0.10000000000000003,0.8333333333333335,0,1
3009,0.0,0.6666666666666666,2.6666666666666665,0.18000000000000002,0.0,0.4,3.8,0.188,0.1,0.4,3.9,0.16199999999999998,-0.06666666666666667,-1.2333333333333334,0,8
3010,0.0,0.3333333333333333,4.0,0.16666666666666666,0.0,0.4,3.6,0.176,0.2,0.6,3.0,0.172,-0.1,1.0,0,5
3011,0.0,0.0,5.333333333333333,0.15,0.0,0.0,5.0,0.15,0.0,0.0,5.1,0.13199999999999998,-0.1,0.2333333333333334,0,10
3012,0.0,0.3333333333333333,3.6666666666666665,0.11666666666666665,0.2,0.4,3.4,0.124,0.2,0.3,3.6,0.14200000000000004,0.1,0.06666666666666643,0,4
3013,0.3333333333333333,0.3333333333333333,3.6666666666666665,0.16,0.2,0.2,4.4,0.16,0.3,0.3,3.8,0.142,0.06666666666666668,-0.1333333333333333,1,0
3014,0.3333333333333333,0.3333333333333333,3.3333333333333335,0.18999999999999997,0.4,0.4,3.0,0.16399999999999998,0.3,0.4,3.0,0.135,0.2666666666666667,0.3333333333333335,1,0
3015,0.0,0.3333333333333333,2.6666666666666665,0.12333333333333334,0.0,0.4,2.6,0.138,0.2,0.4,2.5,0.12400000000000003,-0.1,0.16666666666666652,0,5
3016,0.0,0.3333333333333333,4.0,0.16,0.0,0.2,4.2,0.132,0.1,0.2,4.2,0.149,-0.16666666666666666,-0.20000000000000018,0,7
3017,0.3333333333333333,0.6666666666666666,2.6666666666666665,0.18333333333333335,0.4,0.6,2.4,0.166,0.2,0.4,3.0,0.16199999999999998,0.2666666666666667,-0.3333333333333335,0,1
3018,0.6666666666666666,0.6666666666666666,2.3333333333333335,0.20000000000000004,0.6,0.6,2.4,0.17400000000000002,0.4,0.6,2.7,0.16000000000000003,0.36666666666666664,-0.3666666666666667,0,1
3019,0.0,0.0,4.0,0.16333333333333333,0.0,0.2,3.8,0.16599999999999998,0.1,0.3,3.5,0.135,-0.2,0.5,0,9
3020,0.3333333333333333,0.3333333333333333,4.0,0.12,0.2,0.2,4.0,0.144,0.3,0.3,3.4,0.16,0.033333333333333354,0.6000000000000001,1,0
3021,0.0,0.0,5.333333333333333,0.16333333333333336,0.0,0.0,4.6,0.15,0.1,0.1,4.0,0.16099999999999998,-0.06666666666666667,1.333333333333333,0,9
3022,0.3333333333333333,0.3333333333333333,3.3333333333333335,0.14333333333333334,0.4,0.4,3.0,0.132,0.2,0.3,3.3,0.141,0.23333333333333336,0.03333333333333366,0,2
3023,0.0,0.3333333333333333,4.0,0.18000000000000002,0.2,0.4,3.6,0.162,0.1,0.4,3.2,0.16299999999999998,0.1,0.7999999999999998,0,3
3024,0.6666666666666666,1.0,1.3333333333333333,0.11666666666666665,0.4,0.6,3.0,0.144,0.2,0.5,3.5,0.18100000000000002,0.16666666666666669,-2.166666666666667,0,1
3025,0.3333333333333333,0.6666666666666666,2.3333333333333335,0.17666666666666667,0.4,0.6,2.2,0.16999999999999998,0.3,0.4,3.3,0.16999999999999998,0.2666666666666667,-0.9666666666666663,0,2
3026,0.0,0.0,4.333333333333333,0.19000000000000003,0.0,0.0,4.0,0.176,0.0,0.0,3.7,0.172,-0.13333333333333333,0.6333333333333329,0,12
3027,0.3333333333333333,0.6666666666666666,2.0,0.16333333333333333,0.4,0.8,1.8,0.14600000000000002,0.2,0.4,2.7,0.148,0.2666666666666667,-0.7000000000000002,0,1
3028,0.3333333333333333,0.3333333333333333,3.3333333333333335,0.1366666666666667,0.4,0.4,2.8,0.138,0.2,0.2,3.4,0.136,0.16666666666666669,-0.06666666666666643,0,2
3029,0.0,0.0,5.0,0.12666666666666668,0.2,0.2,4.2,0.12000000000000002,0.3,0.3,4.0,0.149,-0.06666666666666665,1.0,0,4
3030,0.3333333333333333,0.3333333333333333,3.0,0.11333333333333333,0.2,0.4,3.0,0.126,0.3,0.6,2.7,0.121,0.033333333333333354,0.2999999999999998,1,0
3031,0.0,0.0,4.0,0.16333333333333333,0.0,0.0,4.8,0.156,0.0,0.2,3.8,0.13499999999999998,-0.1,0.20000000000000018,0,12
3032,0.0,1.0,2.0,0.15333333333333332,0.0,0.8,2.6,0.14400000000000002,0.2,0.7,2.9,0.13799999999999998,-0.26666666666666666,-0.8999999999999999,0,8
3033,0.0,0.0,3.6666666666666665,0.15000000000000002,0.0,0.2,3.8,0.152,0.1,0.2,4.2,0.156,-0.16666666666666666,-0.5333333333333337,0,8
3034,0.0,0.0,5.0,0.14333333333333334,0.0,0.0,5.2,0.136,0.1,0.2,4.4,0.15100000000000002,-0.16666666666666666,0.5999999999999996,0,7
3035,0.6666666666666666,1.0,1.3333333333333333,0.14,0.4,0.6,2.4,0.15,0.4,0.6,2.4,0.151,0.16666666666666669,-1.0666666666666667,2,0
3036,0.3333333333333333,1.0,1.6666666666666667,0.15666666666666668,0.4,0.8,2.4,0.13999999999999999,0.3,0.6,2.9,0.129,0.16666666666666669,-1.2333333333333332,0,1
3037,0.0,0.3333333333333333,4.0,0.12,0.0,0.2,4.2,0.136,0.0,0.3,3.9,0.144,-0.16666666666666666,0.10000000000000009,0,14
3038,0.0,0.0,4.0,0.16333333333333333,0.0,0.0,4.4,0.166,0.2,0.2,3.7,0.14999999999999997,-0.16666666666666666,0.2999999999999998,0,8
3039,0.0,0.0,5.0,0.15333333333333335,0.0,0.2,4.6,0.14400000000000002,0.2,0.4,3.7,0.15,-0.16666666666666666,1.2999999999999998,0,8
3040,0.3333333333333333,0.3333333333333333,3.3333333333333335,0.14333333333333334,0.2,0.2,3.6,0.152,0.2,0.2,3.9,0.13799999999999998,0.033333333333333354,-0.5666666666666664,0,1
3041,0.0,0.0,4.0,0.1466666666666667,0.0,0.0,4.2,0.132,0.0,0.2,4.1,0.128,-0.13333333333333333,-0.09999999999999964,0,11
3042,0.0,0.0,5.0,0.11333333333333334,0.0,0.0,5.2,0.13,0.1,0.1,4.4,0.135,-0.2,0.5999999999999996,0,5
3043,0.0,0.0,3.6666666666666665,0.15333333333333332,0.0,0.2,3.2,0.16,0.1,0.3,3.4,0.15299999999999997,-0.13333333333333333,0.2666666666666666,0,9
3044,0.0,0.6666666666666666,3.0,0.13333333333333333,0.2,0.6,2.6,0.13799999999999998,0.2,0.6,2.7,0.14699999999999996,0.033333333333333354,0.2999999999999998,0,4
3045,0.0,0.3333333333333333,3.3333333333333335,0.18333333333333332,0.0,0.2,3.8,0.16599999999999998,0.1,0.4,3.4,0.16299999999999998,-0.16666666666666666,-0.06666666666666643,0,6
3046,0.3333333333333333,0.6666666666666666,3.0,0.17,0.2,0.6,2.8,0.14600000000000002,0.1,0.4,3.2,0.15499999999999997,-0.033333333333333326,-0.20000000000000018,0,2
3047,0.0,0.0,4.333333333333333,0.16666666666666666,0.0,0.0,4.4,0.158,0.1,0.2,3.8,0.155,-0.16666666666666666,0.5333333333333332,0,9
3048,0.0,0.3333333333333333,3.0,0.16333333333333333,0.0,0.2,3.8,0.166,0.1,0.3,3.9,0.12299999999999997,-0.2,-0.8999999999999999,0,5
3049,0.0,0.0,3.6666666666666665,0.14666666666666664,0.0,0.2,3.2,0.15999999999999998,0.1,0.2,3.4,0.15600000000000003,-0.2,0.2666666666666666,0,5
3050,0.3333333333333333,0.6666666666666666,2.3333333333333335,0.15,0.2,0.6,2.4,0.156,0.4,0.6,2.5,0.15099999999999997,-0.16666666666666663,-0.16666666666666652,1,0
3051,0.3333333333333333,0.3333333333333333,3.6666666666666665,0.12666666666666668,0.2,0.2,3.6,0.10800000000000001,0.1,0.2,3.5,0.124,0.033333333333333354,0.16666666666666652,1,0
3052,0.0,0.3333333333333333,4.333333333333333,0.12333333333333334,0.0,0.2,4.0,0.14200000000000002,0.1,0.3,3.9,0.138,-0.1,0.4333333333333331,0,7
3053,0.3333333333333333,0.6666666666666666,2.0,0.1466666666666667,0.2,0.4,3.0,0.156,0.2,0.5,2.9,0.159,0.13333333333333336,-0.8999999999999999,0,1
3054,0.3333333333333333,0.3333333333333333,3.3333333333333335,0.14,0.4,0.4,3.0,0.146,0.3,0.4,3.2,0.143,0.2,0.1333333333333333,0,2
3055,0.3333333333333333,0.3333333333333333,4.333333333333333,0.17333333333333334,0.2,0.6,3.4,0.16,0.3,0.6,2.9,0.169,0.033333333333333354,1.4333333333333331,0,1
3056,0.0,0.3333333333333333,4.666666666666667,0.14666666666666664,0.0,0.6,3.6,0.164,0.1,0.4,3.6,0.16199999999999998,-0.1,1.0666666666666669,0,7
3057,0.6666666666666666,0.6666666666666666,2.3333333333333335,0.14666666666666667,0.4,0.4,3.0,0.154,0.3,0.3,3.3,0.141,0.16666666666666669,-0.9666666666666663,0,1
3058,0.6666666666666666,1.0,1.3333333333333333,0.17333333333333334,0.6,0.8,2.2,0.15000000000000002,0.3,0.5,3.3,0.15,0.4666666666666667,-1.9666666666666666,0,1
3059,0.3333333333333333,0.3333333333333333,3.3333333333333335,0.14666666666666667,0.4,0.4,2.8,0.15,0.2,0.4,3.3,0.14200000000000002,0.2666666666666667,0.03333333333333366,1,0
3060,0.3333333333333333,0.6666666666666666,3.0,0.12666666666666668,0.2,0.4,3.6,0.144,0.2,0.3,3.6,0.166,0.06666666666666668,-0.6000000000000001,0,2
3061,0.0,0.0,4.666666666666667,0.18333333333333335,0.0,0.0,4.8,0.182,0.0,0.1,4.5,0.16199999999999998,-0.1,0.16666666666666696,0,15
3062,0.0,0.6666666666666666,2.3333333333333335,0.12333333333333334,0.0,0.6,3.0,0.12400000000000003,0.0,0.3,3.9,0.135,-0.13333333333333333,-1.5666666666666664,0,11
3063,0.0,0.0,4.0,0.13,0.0,0.0,4.4,0.14,0.0,0.0,4.8,0.146,-0.16666666666666666,-0.7999999999999998,0,13
3064,0.3333333333333333,0.3333333333333333,3.3333333333333335,0.15,0.4,0.4,3.0,0.152,0.4,0.4,2.9,0.149,0.16666666666666669,0.43333333333333357,0,2
3065,0.0,0.3333333333333333,4.666666666666667,0.13,0.2,0.4,3.8,0.13,0.1,0.4,3.5,0.15500000000000003,0.06666666666666668,1.166666666666667,0,4
3066,0.3333333333333333,0.6666666666666666,2.3333333333333335,0.15333333333333335,0.2,0.4,3.0,0.148,0.2,0.6,2.6,0.13299999999999998,0.06666666666666668,-0.2666666666666666,1,0
3067,0.3333333333333333,0.3333333333333333,3.6666666666666665,0.15666666666666668,0.2,0.2,4.0,0.15200000000000002,0.1,0.2,3.6,0.14100000000000001,0.06666666666666668,0.06666666666666643,1,0
3068,0.0,0.6666666666666666,2.3333333333333335,0.12666666666666668,0.2,0.6,2.2,0.13999999999999999,0.3,0.5,2.9,0.148,-0.09999999999999998,-0.5666666666666664,0,3
3069,0.3333333333333333,0.3333333333333333,3.0,0.15000000000000002,0.2,0.4,3.4,0.136,0.1,0.3,4.0,0.13599999999999998,0.1,-1.0,0,2
3070,0.3333333333333333,0.3333333333333333,4.0,0.11,0.4,0.4,3.2,0.09999999999999999,0.3,0.5,3.2,0.11200000000000002,0.10000000000000003,0.7999999999999998,0,2
3071,0.3333333333333333,0.6666666666666666,2.3333333333333335,0.16333333333333336,0.4,0.6,2.8,0.16,0.2,0.5,3.2,0.157,0.2666666666666667,-0.8666666666666667,1,0
3072,0.0,0.0,4.0,0.18000000000000002,0.2,0.2,3.8,0.15399999999999997,0.1,0.2,3.9,0.173,0.0,0.10000000000000009,0,3
3073,0.3333333333333333,0.3333333333333333,2.3333333333333335,0.16666666666666666,0.2,0.4,2.6,0.15,0.1,0.4,3.0,0.15699999999999997,-0.033333333333333326,-0.6666666666666665,1,0
3074,1.0,1.0,1.0,0.14333333333333334,0.8,0.8,1.4,0.138,0.4,0.6,2.5,0.147,0.5666666666666667,-1.5,3,0
3075,0.0,0.6666666666666666,3.3333333333333335,0.18000000000000002,0.0,0.6,3.6,0.172,0.0,0.5,4.0,0.187,-0.2,-0.6666666666666665,0,11
3076,0.3333333333333333,1.0,1.6666666666666667,0.15666666666666665,0.2,0.8,2.2,0.15600000000000003,0.3,0.7,2.4,0.159,0.0,-0.7333333333333332,0,1
3077,0.3333333333333333,0.6666666666666666,2.3333333333333335,0.11666666666666665,0.2,0.4,3.0,0.13999999999999999,0.2,0.4,3.1,0.13999999999999999,0.033333333333333354,-0.7666666666666666,0,1
3078,0.0,0.3333333333333333,4.0,0.16666666666666666,0.0,0.2,4.0,0.16,0.1,0.2,3.9,0.156,-0.13333333333333333,0.10000000000000009,0,6
3079,0.0,0.0,4.333333333333333,0.13333333333333333,0.2,0.2,4.0,0.144,0.2,0.3,3.5,0.14400000000000002,0.033333333333333354,0.833333333333333,0,4
3080,0.0,0.3333333333333333,4.0,0.14666666666666664,0.0,0.2,4.2,0.14600000000000002,0.1,0.4,3.2,0.13899999999999998,-0.13333333333333333,0.7999999999999998,0,7
3081,0.0,0.0,4.0,0.17333333333333334,0.0,0.2,3.8,0.168,0.2,0.3,3.7,0.14999999999999997,-0.2,0.2999999999999998,0,8
3082,0.0,0.0,4.666666666666667,0.15333333333333335,0.0,0.0,4.6,0.142,0.0,0.1,4.3,0.142,-0.1,0.36666666666666714,0,12
3083,0.0,0.0,4.333333333333333,0.1366666666666667,0.0,0.2,4.2,0.138,0.0,0.2,3.8,0.152,-0.13333333333333333,0.5333333333333332,0,15
3084,0.3333333333333333,0.3333333333333333,4.0,0.1366666666666667,0.2,0.2,4.6,0.126,0.2,0.2,4.2,0.138,-0.033333333333333326,-0.20000000000000018,0,1
3085,0.6666666666666666,0.6666666666666666,1.6666666666666667,0.15333333333333335,0.4,0.4,3.4,0.154,0.3,0.3,3.5,0.16199999999999998,0.16666666666666669,-1.8333333333333333,0,1
3086,0.0,0.0,3.6666666666666665,0.15333333333333335,0.0,0.2,3.6,0.17200000000000001,0.2,0.3,3.5,0.176,-0.13333333333333333,0.16666666666666652,0,5
3087,0.6666666666666666,0.6666666666666666,2.0,0.15,0.4,0.6,2.8,0.156,0.4,0.6,2.6,0.15500000000000003,0.2,-0.6000000000000001,0,1
3088,0.3333333333333333,0.3333333333333333,2.3333333333333335,0.14,0.4,0.4,2.8,0.136,0.2,0.2,3.7,0.129,0.23333333333333336,-1.3666666666666667,0,2
3089,0.0,0.0,5.333333333333333,0.15666666666666665,0.2,0.4,3.8,0.166,0.2,0.3,3.7,0.15599999999999997,0.033333333333333354,1.6333333333333329,0,4
3090,0.3333333333333333,0.3333333333333333,3.0,0.16000000000000003,0.2,0.4,2.8,0.14600000000000002,0.2,0.4,2.9,0.15799999999999997,-0.09999999999999998,0.10000000000000009,0,1
3091,0.3333333333333333,0.3333333333333333,3.0,0.15666666666666665,0.4,0.4,3.2,0.15400000000000003,0.2,0.4,3.6,0.15599999999999997,0.2,-0.6000000000000001,0,2
3092,0.0,0.0,3.6666666666666665,0.15666666666666665,0.2,0.2,3.4,0.15799999999999997,0.2,0.3,3.4,0.14100000000000001,0.033333333333333354,0.2666666666666666,0,3
3093,0.0,0.3333333333333333,3.3333333333333335,0.17333333333333334,0.0,0.4,3.4,0.164,0.2,0.4,3.2,0.164,-0.16666666666666666,0.1333333333333333,0,6
3094,0.0,0.0,5.333333333333333,0.16,0.0,0.0,5.2,0.13599999999999998,0.0,0.3,4.4,0.13299999999999998,-0.16666666666666666,0.9333333333333327,0,13
3095,0.0,0.0,5.0,0.1366666666666667,0.0,0.0,5.4,0.156,0.1,0.1,4.7,0.157,-0.13333333333333333,0.2999999999999998,0,9
3096,0.0,0.3333333333333333,4.333333333333333,0.16333333333333333,0.0,0.2,4.0,0.132,0.0,0.2,4.0,0.144,-0.06666666666666667,0.33333333333333304,0,12
3097,0.3333333333333333,1.0,1.6666666666666667,0.14333333333333334,0.2,0.6,3.2,0.13799999999999998,0.1,0.4,3.1,0.143,-0.033333333333333326,-1.4333333333333333,1,0
3098,0.3333333333333333,0.3333333333333333,2.3333333333333335,0.13,0.2,0.4,3.0,0.136,0.3,0.5,2.8,0.148,-0.06666666666666665,-0.46666666666666634,1,0
3099,0.0,0.6666666666666666,2.6666666666666665,0.18000000000000002,0.0,0.4,3.6,0.14600000000000002,0.0,0.2,4.3,0.14,-0.13333333333333333,-1.6333333333333333,0,11
3100,0.3333333333333333,0.6666666666666666,2.0,0.16333333333333333,0.4,0.6,2.2,0.17400000000000002,0.2,0.3,4.0,0.172,0.13333333333333336,-2.0,1,0
3101,0.0,0.0,4.666666666666667,0.11333333333333334,0.2,0.2,4.0,0.126,0.1,0.2,3.8,0.14100000000000001,0.06666666666666668,0.8666666666666671,0,3
3102,0.3333333333333333,0.6666666666666666,3.0,0.15666666666666665,0.4,0.6,2.8,0.15000000000000002,0.3,0.5,3.3,0.14600000000000002,0.2666666666666667,-0.2999999999999998,1,0
3103,0.3333333333333333,0.6666666666666666,2.6666666666666665,0.16333333333333333,0.2,0.4,3.2,0.15200000000000002,0.1,0.4,3.3,0.151,0.1,-0.6333333333333333,1,0
3104,0.0,1.0,2.0,0.18000000000000002,0.0,0.6,3.4,0.174,0.1,0.5,3.3,0.159,-0.16666666666666666,-1.2999999999999998,0,9
3105,0.0,0.3333333333333333,3.0,0.18000000000000002,0.0,0.2,3.0,0.176,0.0,0.2,3.1,0.162,-0.03333333333333333,-0.10000000000000009,0,20
3106,0.3333333333333333,0.3333333333333333,3.3333333333333335,0.13,0.2,0.2,3.8,0.15,0.1,0.2,4.0,0.14500000000000002,-0.033333333333333326,-0.6666666666666665,1,0
3107,0.0,0.3333333333333333,3.3333333333333335,0.15333333333333335,0.0,0.2,4.0,0.16599999999999998,0.1,0.2,3.9,0.161,-0.06666666666666667,-0.5666666666666664,0,7
3108,0.6666666666666666,0.6666666666666666,2.0,0.12666666666666668,0.4,0.4,2.8,0.124,0.3,0.4,2.8,0.14300000000000002,0.13333333333333336,-0.7999999999999998,0,1
3109,0.3333333333333333,0.3333333333333333,3.6666666666666665,0.16,0.4,0.4,3.2,0.17,0.4,0.5,2.9,0.16399999999999998,0.16666666666666669,0.7666666666666666,0,2
3110,0.3333333333333333,0.3333333333333333,3.6666666666666665,0.09999999999999999,0.4,0.4,3.0,0.096,0.4,0.5,2.6,0.12700000000000003,0.16666666666666669,1.0666666666666664,0,2
3111,0.3333333333333333,0.3333333333333333,3.3333333333333335,0.18666666666666668,0.2,0.2,4.0,0.182,0.1,0.3,3.8,0.179,0.033333333333333354,-0.46666666666666634,0,1
3112,0.0,0.0,3.6666666666666665,0.16,0.0,0.0,4.4,0.132,0.1,0.2,4.0,0.13400000000000004,-0.23333333333333334,-0.3333333333333335,0,9
3113,0.0,0.6666666666666666,2.6666666666666665,0.10666666666666667,0.0,0.6,2.6,0.128,0.0,0.4,3.5,0.14500000000000002,-0.06666666666666667,-0.8333333333333335,0,19
3114,0.0,0.0,4.333333333333333,0.15,0.2,0.2,3.8,0.168,0.1,0.2,3.6,0.15799999999999997,0.1,0.733333333333333,0,3
3115,0.3333333333333333,1.0,1.6666666666666667,0.14,0.2,0.6,2.6,0.14200000000000002,0.3,0.5,2.8,0.142,0.0,-1.133333333333333,0,1
3116,0.0,0.0,3.3333333333333335,0.17,0.2,0.2,2.8,0.15600000000000003,0.2,0.3,3.0,0.167,0.0,0.3333333333333335,0,4
3117,0.0,0.3333333333333333,4.0,0.13,0.0,0.4,3.8,0.132,0.1,0.6,2.9,0.12400000000000003,-0.1,1.1,0,5
3118,0.3333333333333333,0.3333333333333333,4.0,0.10333333333333335,0.4,0.4,3.4,0.11200000000000002,0.3,0.3,3.8,0.14300000000000002,0.16666666666666669,0.20000000000000018,0,1
3119,0.0,0.6666666666666666,3.0,0.15666666666666665,0.0,0.6,3.4,0.158,0.0,0.3,4.1,0.152,-0.06666666666666667,-1.0999999999999996,0,16
3120,0.0,0.0,5.333333333333333,0.18000000000000002,0.2,0.2,4.2,0.182,0.2,0.2,3.9,0.162,0.033333333333333354,1.4333333333333331,0,4
3121,0.0,0.0,5.333333333333333,0.11333333333333334,0.0,0.0,5.4,0.12000000000000002,0.1,0.3,4.1,0.12,-0.13333333333333333,1.2333333333333334,0,6
3122,0.0,0.0,4.333333333333333,0.19999999999999998,0.0,0.0,4.6,0.186,0.0,0.2,4.0,0.16799999999999998,-0.13333333333333333,0.33333333333333304,0,13
3123,0.0,0.3333333333333333,4.666666666666667,0.18000000000000002,0.0,0.4,4.4,0.17,0.0,0.2,4.1,0.133,-0.23333333333333334,0.5666666666666673,0,13
3124,0.0,0.0,3.3333333333333335,0.15666666666666665,0.4,0.4,2.4,0.15000000000000002,0.2,0.5,2.6,0.15299999999999997,0.16666666666666669,0.7333333333333334,0,3
3125,0.0,0.3333333333333333,3.3333333333333335,0.09666666666666668,0.0,0.2,3.6,0.14400000000000002,0.1,0.3,3.3,0.15700000000000003,-0.06666666666666667,0.03333333333333366,0,5
3126,0.0,0.3333333333333333,3.3333333333333335,0.17,0.0,0.4,3.6,0.156,0.0,0.4,3.6,0.15699999999999997,-0.23333333333333334,-0.2666666666666666,0,13
3127,0.0,0.0,3.6666666666666665,0.18999999999999997,0.0,0.2,3.8,0.17,0.2,0.3,3.4,0.155,-0.13333333333333333,0.2666666666666666,0,7
3128,0.0,0.3333333333333333,3.6666666666666665,0.15666666666666665,0.0,0.2,3.8,0.158,0.1,0.3,3.6,0.14299999999999996,-0.2,0.06666666666666643,0,8
3129,0.0,0.3333333333333333,4.666666666666667,0.13333333333333333,0.0,0.2,5.0,0.138,0.0,0.2,4.7,0.161,-0.13333333333333333,-0.033333333333333215,0,11
3130,0.0,0.0,3.6666666666666665,0.15000000000000002,0.0,0.4,3.0,0.126,0.0,0.5,3.2,0.13,-0.13333333333333333,0.46666666666666634,0,15
3131,0.3333333333333333,0.6666666666666666,2.6666666666666665,0.14,0.4,0.8,2.2,0.162,0.5,0.7,2.2,0.16899999999999998,0.13333333333333336,0.46666666666666634,0,2
3132,0.3333333333333333,0.3333333333333333,2.6666666666666665,0.13333333333333333,0.2,0.4,2.8,0.136,0.2,0.4,3.1,0.13300000000000003,-0.033333333333333326,-0.43333333333333357,1,0
3133,0.0,0.0,4.333333333333333,0.15333333333333335,0.0,0.0,4.6,0.14800000000000002,0.1,0.2,4.2,0.14700000000000002,-0.16666666666666666,0.13333333333333286,0,8
3134,0.3333333333333333,0.6666666666666666,2.3333333333333335,0.14333333333333334,0.2,0.4,3.2,0.15,0.1,0.3,3.5,0.13599999999999998,0.033333333333333354,-1.1666666666666665,1,0
3135,0.3333333333333333,0.6666666666666666,2.3333333333333335,0.16666666666666666,0.2,0.6,2.4,0.14799999999999996,0.2,0.6,2.5,0.154,-0.06666666666666665,-0.16666666666666652,1,0
3136,0.6666666666666666,0.6666666666666666,2.0,0.1366666666666667,0.6,0.6,2.4,0.158,0.4,0.4,3.2,0.156,0.3333333333333333,-1.2000000000000002,2,0
3137,0.3333333333333333,0.6666666666666666,2.0,0.10333333333333333,0.2,0.4,2.8,0.142,0.2,0.4,3.1,0.13400000000000004,0.033333333333333354,-1.1,0,1
3138,0.0,0.0,4.0,0.15000000000000002,0.0,0.0,3.8,0.16,0.3,0.4,2.7,0.172,-0.26666666666666666,1.2999999999999998,0,7
3139,0.0,0.3333333333333333,4.0,0.13,0.0,0.2,4.0,0.124,0.0,0.1,4.3,0.139,-0.23333333333333334,-0.2999999999999998,0,10
3140,0.6666666666666666,0.6666666666666666,1.6666666666666667,0.16333333333333333,0.4,0.6,2.2,0.146,0.3,0.5,2.9,0.14899999999999997,0.23333333333333336,-1.2333333333333332,1,0
3141,0.3333333333333333,0.3333333333333333,3.6666666666666665,0.12,0.4,0.6,2.8,0.12000000000000002,0.3,0.4,3.6,0.126,0.2,0.06666666666666643,0,1
3142,0.6666666666666666,1.0,1.3333333333333333,0.15333333333333332,0.6,0.8,2.0,0.15200000000000002,0.3,0.6,2.8,0.143,0.43333333333333335,-1.4666666666666666,2,0
3143,0.0,0.3333333333333333,3.6666666666666665,0.11666666666666665,0.0,0.4,3.4,0.118,0.0,0.2,4.2,0.142,-0.16666666666666666,-0.5333333333333337,0,13
3144,0.0,0.3333333333333333,3.3333333333333335,0.15333333333333332,0.0,0.2,3.8,0.14600000000000002,0.0,0.3,3.7,0.155,-0.1,-0.3666666666666667,0,21
3145,0.6666666666666666,0.6666666666666666,1.6666666666666667,0.15666666666666665,0.4,0.6,2.6,0.144,0.3,0.4,3.4,0.16,0.2,-1.7333333333333332,1,0
3146,0.0,0.0,4.0,0.09666666666666666,0.0,0.0,4.0,0.11600000000000002,0.0,0.1,4.0,0.152,-0.1,0.0,0,20
3147,0.6666666666666666,0.6666666666666666,2.6666666666666665,0.16333333333333333,0.4,0.8,2.4,0.168,0.3,0.6,2.7,0.15399999999999997,0.16666666666666669,-0.03333333333333366,0,1
3148,0.0,0.0,4.0,0.16,0.0,0.2,3.4,0.162,0.2,0.3,3.3,0.16099999999999998,-0.13333333333333333,0.7000000000000002,0,7
3149,0.3333333333333333,0.3333333333333333,3.3333333333333335,0.14333333333333334,0.2,0.2,3.4,0.152,0.4,0.4,3.0,0.15999999999999998,-0.09999999999999998,0.3333333333333335,0,1
3150,0.0,0.3333333333333333,3.6666666666666665,0.16333333333333333,0.0,0.2,4.4,0.152,0.0,0.3,4.0,0.154,-0.13333333333333333,-0.3333333333333335,0,17
3151,0.0,0.3333333333333333,3.0,0.09999999999999999,0.0,0.2,4.0,0.128,0.1,0.2,4.2,0.12500000000000003,-0.13333333333333333,-1.2000000000000002,0,6
3152,0.0,0.3333333333333333,4.0,0.10666666666666667,0.0,0.2,4.2,0.13,0.0,0.2,4.3,0.14600000000000002,-0.13333333333333333,-0.2999999999999998,0,16
3153,0.3333333333333333,0.6666666666666666,3.0,0.10666666666666667,0.4,0.6,3.2,0.13799999999999998,0.3,0.5,2.8,0.14600000000000002,0.16666666666666669,0.20000000000000018,0,1
3154,0.0,0.3333333333333333,2.6666666666666665,0.14,0.2,0.6,2.2,0.138,0.4,0.6,2.3,0.13899999999999996,-0.033333333333333326,0.3666666666666667,0,4
3155,0.0,0.0,3.6666666666666665,0.13,0.0,0.0,4.0,0.14799999999999996,0.0,0.0,4.0,0.133,-0.06666666666666667,-0.3333333333333335,0,15
3156,0.0,0.0,4.0,0.16,0.0,0.2,3.8,0.176,0.1,0.2,3.5,0.183,-0.06666666666666667,0.5,0,9
3157,0.0,0.0,4.333333333333333,0.20333333333333337,0.2,0.2,3.4,0.176,0.1,0.3,3.7,0.16299999999999998,0.033333333333333354,0.6333333333333329,0,4
3158,0.0,0.0,4.0,0.12333333333333334,0.0,0.0,3.8,0.10600000000000001,0.1,0.2,3.6,0.134,-0.13333333333333333,0.3999999999999999,0,5
3159,0.0,0.0,4.666666666666667,0.10333333333333335,0.2,0.2,3.6,0.13399999999999998,0.2,0.2,3.4,0.13800000000000004,-0.033333333333333326,1.266666666666667,0,4
3160,0.0,0.3333333333333333,4.0,0.15,0.0,0.2,4.0,0.13599999999999998,0.0,0.3,3.5,0.14,-0.06666666666666667,0.5,0,25
3161,0.3333333333333333,0.3333333333333333,3.6666666666666665,0.13666666666666666,0.2,0.4,3.6,0.154,0.2,0.5,3.5,0.154,0.13333333333333336,0.16666666666666652,0,2
3162,0.6666666666666666,0.6666666666666666,2.3333333333333335,0.14333333333333334,0.4,0.6,3.0,0.14400000000000002,0.4,0.5,3.2,0.14100000000000001,0.16666666666666669,-0.8666666666666667,1,0
3163,0.0,0.3333333333333333,3.6666666666666665,0.19666666666666668,0.2,0.4,3.2,0.16999999999999998,0.1,0.3,3.6,0.175,0.06666666666666668,0.06666666666666643,0,3
3164,0.0,0.3333333333333333,3.6666666666666665,0.14666666666666667,0.0,0.2,3.6,0.152,0.1,0.2,3.6,0.15499999999999997,-0.1,0.06666666666666643,0,6
3165,0.0,0.3333333333333333,3.3333333333333335,0.16,0.2,0.4,2.8,0.164,0.1,0.2,3.9,0.164,0.1,-0.5666666666666664,0,3
3166,0.3333333333333333,0.3333333333333333,4.333333333333333,0.13,0.2,0.4,4.2,0.136,0.2,0.3,4.4,0.144,-0.06666666666666665,-0.06666666666666732,1,0
3167,0.3333333333333333,0.6666666666666666,2.6666666666666665,0.13333333333333333,0.2,0.8,2.4,0.164,0.2,0.6,2.8,0.152,-0.06666666666666665,-0.1333333333333333,0,1
3168,0.3333333333333333,0.3333333333333333,3.0,0.11333333333333334,0.4,0.4,3.0,0.152,0.2,0.2,3.8,0.157,0.16666666666666669,-0.7999999999999998,0,1
3169,0.0,0.6666666666666666,3.0,0.15333333333333335,0.0,0.6,3.2,0.164,0.0,0.4,3.5,0.159,-0.03333333333333333,-0.5,0,12
3170,0.3333333333333333,0.3333333333333333,3.0,0.13,0.2,0.2,3.6,0.154,0.1,0.3,3.4,0.156,0.1,-0.3999999999999999,1,0
3171,0.6666666666666666,1.0,1.3333333333333333,0.15666666666666665,0.4,0.6,3.2,0.16199999999999998,0.4,0.6,3.1,0.137,0.2,-1.7666666666666668,0,1
3172,0.0,0.3333333333333333,4.333333333333333,0.18000000000000002,0.2,0.4,4.0,0.16799999999999998,0.3,0.4,3.3,0.144,0.033333333333333354,1.0333333333333332,0,3
3173,0.0,0.0,5.0,0.15,0.2,0.2,4.4,0.162,0.2,0.3,4.0,0.16,0.06666666666666668,1.0,0,3
3174,0.3333333333333333,0.6666666666666666,2.0,0.08333333333333333,0.2,0.4,3.0,0.11599999999999996,0.2,0.4,3.1,0.139,-0.033333333333333326,-1.1,0,2
3175,0.0,0.3333333333333333,3.6666666666666665,0.14666666666666664,0.0,0.4,3.4,0.15,0.1,0.4,3.1,0.143,-0.06666666666666667,0.5666666666666664,0,5
3176,0.3333333333333333,0.6666666666666666,2.0,0.13333333333333333,0.2,0.4,3.2,0.14400000000000002,0.3,0.4,3.0,0.207,-0.16666666666666663,-1.0,1,0
3177,0.0,0.0,4.333333333333333,0.14333333333333334,0.0,0.2,3.8,0.156,0.0,0.1,4.4,0.13199999999999998,-0.06666666666666667,-0.06666666666666732,0,22
3178,0.3333333333333333,0.6666666666666666,2.3333333333333335,0.17,0.2,0.6,2.8,0.15800000000000003,0.2,0.4,3.4,0.15799999999999997,0.0,-1.0666666666666664,1,0
3179,0.6666666666666666,0.6666666666666666,2.6666666666666665,0.12333333333333335,0.4,0.6,3.0,0.13599999999999998,0.2,0.4,3.0,0.14300000000000002,0.2,-0.3333333333333335,0,1
3180,0.3333333333333333,0.3333333333333333,3.0,0.14333333333333334,0.2,0.2,3.6,0.17,0.1,0.2,3.7,0.15900000000000003,0.06666666666666668,-0.7000000000000002,0,2
3181,0.3333333333333333,0.6666666666666666,3.0,0.15333333333333335,0.2,0.4,3.8,0.14,0.1,0.3,4.4,0.127,0.033333333333333354,-1.4000000000000004,0,1
3182,0.0,0.0,4.0,0.16333333333333336,0.0,0.0,4.2,0.156,0.1,0.3,3.4,0.13299999999999998,-0.06666666666666667,0.6000000000000001,0,8
3183,0.0,0.0,6.0,0.16666666666666666,0.0,0.0,5.4,0.16,0.2,0.2,4.3,0.15,-0.13333333333333333,1.7000000000000002,0,5
3184,0.6666666666666666,0.6666666666666666,2.0,0.16,0.4,0.6,2.2,0.158,0.3,0.5,2.7,0.15300000000000002,0.10000000000000003,-0.7000000000000002,2,0
3185,0.0,0.3333333333333333,4.333333333333333,0.15,0.0,0.2,4.4,0.15,0.0,0.4,4.0,0.15300000000000002,-0.13333333333333333,0.33333333333333304,0,14
3186,0.3333333333333333,0.6666666666666666,3.0,0.19000000000000003,0.4,0.8,2.4,0.184,0.2,0.4,2.8,0.15799999999999997,0.2,0.20000000000000018,0,1
3187,0.0,0.3333333333333333,4.333333333333333,0.14333333333333334,0.2,0.4,3.4,0.14,0.3,0.5,3.0,0.136,-0.033333333333333326,1.333333333333333,0,4
3188,0.3333333333333333,1.0,1.6666666666666667,0.13,0.2,0.6,2.2,0.13,0.2,0.5,3.1,0.135,-0.033333333333333326,-1.4333333333333333,0,1
3189,0.0,0.0,4.333333333333333,0.11333333333333334,0.0,0.4,3.4,0.11200000000000002,0.0,0.4,3.5,0.14100000000000001,-0.13333333333333333,0.833333333333333,0,23
3190,0.3333333333333333,1.0,1.6666666666666667,0.16333333333333333,0.2,0.8,2.0,0.16999999999999998,0.3,0.6,2.3,0.13499999999999998,0.06666666666666668,-0.6333333333333331,0,2
3191,0.0,0.3333333333333333,2.6666666666666665,0.16666666666666666,0.0,0.2,3.6,0.15600000000000003,0.0,0.2,3.7,0.14400000000000002,-0.1,-1.0333333333333337,0,10
3192,0.0,0.3333333333333333,3.0,0.14666666666666667,0.0,0.4,3.0,0.14200000000000002,0.0,0.2,3.5,0.151,-0.03333333333333333,-0.5,0,20
3193,0.0,0.3333333333333333,4.0,0.18333333333333335,0.2,0.4,3.6,0.164,0.1,0.4,3.6,0.179,0.0,0.3999999999999999,0,3
3194,0.3333333333333333,0.3333333333333333,3.0,0.12,0.2,0.2,3.0,0.13,0.3,0.3,3.3,0.14200000000000004,-0.033333333333333326,-0.2999999999999998,1,0
3195,0.0,0.0,5.333333333333333,0.18333333333333335,0.2,0.2,4.6,0.158,0.1,0.2,4.3,0.16099999999999998,0.13333333333333336,1.0333333333333332,0,4
3196,0.0,0.3333333333333333,3.3333333333333335,0.11,0.0,0.2,3.8,0.12,0.0,0.2,3.8,0.14500000000000002,-0.1,-0.46666666666666634,0,12
3197,0.3333333333333333,0.3333333333333333,4.0,0.16,0.2,0.2,4.6,0.18,0.1,0.1,4.4,0.16499999999999998,0.06666666666666668,-0.40000000000000036,0,1
3198,0.3333333333333333,0.6666666666666666,2.3333333333333335,0.16333333333333333,0.4,0.6,2.4,0.16399999999999998,0.3,0.5,2.9,0.15299999999999997,0.2,-0.5666666666666664,0,2
3199,0.0,0.3333333333333333,3.3333333333333335,0.17666666666666667,0.0,0.2,4.0,0.14200000000000002,0.0,0.1,4.1,0.154,-0.1,-0.7666666666666662,0,10
3200,0.3333333333333333,0.6666666666666666,2.0,0.12000000000000001,0.4,0.6,2.2,0.11400000000000002,0.3,0.6,2.6,0.11400000000000002,0.23333333333333336,-0.6000000000000001,1,0
3201,0.3333333333333333,0.3333333333333333,3.6666666666666665,0.16666666666666666,0.2,0.4,3.6,0.13799999999999998,0.3,0.5,2.8,0.15,0.06666666666666668,0.8666666666666667,0,2
3202,0.0,0.3333333333333333,4.666666666666667,0.15333333333333332,0.0,0.2,5.0,0.20600000000000002,0.0,0.1,4.7,0.192,-0.06666666666666667,-0.033333333333333215,0,10
3203,0.0,0.0,5.0,0.16666666666666666,0.0,0.2,4.2,0.162,0.1,0.2,4.1,0.16,-0.16666666666666666,0.9000000000000004,0,6
3204,0.0,0.0,5.333333333333333,0.16666666666666666,0.2,0.2,4.4,0.15800000000000003,0.2,0.2,4.3,0.15699999999999997,0.06666666666666668,1.0333333333333332,0,4
3205,0.3333333333333333,0.3333333333333333,3.0,0.16,0.2,0.4,3.0,0.14800000000000002,0.1,0.3,3.7,0.152,0.1,-0.7000000000000002,0,1
3206,0.3333333333333333,0.6666666666666666,3.0,0.1366666666666667,0.2,0.8,2.6,0.136,0.1,0.7,2.7,0.14700000000000002,0.06666666666666668,0.2999999999999998,1,0
3207,0.3333333333333333,0.3333333333333333,4.0,0.11333333333333333,0.2,0.4,4.0,0.10600000000000001,0.1,0.2,4.3,0.13599999999999998,0.06666666666666668,-0.2999999999999998,0,2
3208,0.0,0.0,4.0,0.18000000000000002,0.2,0.4,3.0,0.148,0.2,0.5,3.2,0.157,0.06666666666666668,0.7999999999999998,0,4
3209,0.0,0.3333333333333333,4.0,0.13,0.2,0.4,3.8,0.124,0.2,0.5,3.4,0.13599999999999998,0.033333333333333354,0.6000000000000001,0,3
3210,0.3333333333333333,0.3333333333333333,3.3333333333333335,0.12333333333333334,0.2,0.2,4.0,0.134,0.3,0.5,3.2,0.15,0.0,0.1333333333333333,1,0
3211,0.0,0.0,3.6666666666666665,0.1366666666666667,0.2,0.2,3.2,0.12600000000000003,0.3,0.3,3.1,0.138,0.06666666666666668,0.5666666666666664,0,4
3212,0.0,0.3333333333333333,3.3333333333333335,0.18666666666666668,0.2,0.4,2.8,0.158,0.1,0.2,4.0,0.149,0.06666666666666668,-0.6666666666666665,0,3
3213,0.0,0.0,4.666666666666667,0.15333333333333335,0.2,0.2,4.2,0.14400000000000002,0.3,0.3,3.8,0.127,-0.033333333333333326,0.8666666666666671,0,3
3214,0.0,0.3333333333333333,4.666666666666667,0.17333333333333334,0.2,0.4,4.0,0.16599999999999998,0.2,0.4,3.7,0.164,0.06666666666666668,0.9666666666666668,0,4
3215,0.3333333333333333,0.6666666666666666,3.0,0.17666666666666667,0.2,0.6,2.8,0.194,0.2,0.6,2.9,0.16999999999999998,0.033333333333333354,0.10000000000000009,1,0
3216,0.3333333333333333,0.3333333333333333,3.3333333333333335,0.19000000000000003,0.2,0.4,3.2,0.176,0.1,0.6,2.8,0.165,0.033333333333333354,0.5333333333333337,0,2
3217,0.6666666666666666,0.6666666666666666,2.6666666666666665,0.13333333333333333,0.4,0.4,3.8,0.13,0.2,0.3,4.2,0.13,0.23333333333333336,-1.5333333333333337,2,0
3218,0.3333333333333333,0.6666666666666666,2.3333333333333335,0.14333333333333334,0.4,0.6,2.6,0.128,0.2,0.4,3.3,0.137,0.2666666666666667,-0.9666666666666663,1,0
3219,0.0,0.3333333333333333,3.0,0.13999999999999999,0.0,0.2,3.6,0.14400000000000002,0.2,0.4,2.9,0.15300000000000002,-0.06666666666666667,0.10000000000000009,0,6
3220,0.3333333333333333,0.3333333333333333,2.3333333333333335,0.1566666666666667,0.2,0.2,3.4,0.17,0.2,0.3,3.0,0.15799999999999997,0.033333333333333354,-0.6666666666666665,0,1
3221,0.6666666666666666,0.6666666666666666,2.3333333333333335,0.20333333333333337,0.6,0.6,2.6,0.188,0.4,0.5,3.0,0.16799999999999998,0.36666666666666664,-0.6666666666666665,0,1
3222,0.6666666666666666,1.0,1.3333333333333333,0.17,0.4,0.8,2.4,0.156,0.3,0.6,3.1,0.13399999999999998,0.30000000000000004,-1.7666666666666668,0,1
3223,0.0,0.3333333333333333,2.6666666666666665,0.19666666666666668,0.2,0.4,2.4,0.17200000000000001,0.1,0.5,2.8,0.15899999999999997,0.1,-0.1333333333333333,0,4
3224,0.3333333333333333,0.6666666666666666,2.3333333333333335,0.17333333333333334,0.2,0.4,3.4,0.18600000000000003,0.2,0.3,3.5,0.186,0.06666666666666668,-1.1666666666666665,1,0
3225,0.3333333333333333,1.0,1.6666666666666667,0.15,0.2,0.6,3.0,0.132,0.3,0.5,3.1,0.146,-0.1333333333333333,-1.4333333333333333,1,0
3226,0.0,0.0,4.333333333333333,0.14,0.2,0.2,3.6,0.14200000000000002,0.1,0.3,3.5,0.149,0.13333333333333336,0.833333333333333,0,3
3227,0.0,0.0,4.666666666666667,0.16,0.0,0.2,4.2,0.142,0.1,0.2,4.5,0.13799999999999998,-0.1,0.16666666666666696,0,6
3228,0.3333333333333333,0.3333333333333333,3.6666666666666665,0.14333333333333334,0.4,0.4,3.2,0.144,0.2,0.3,3.3,0.143,0.2,0.3666666666666667,0,2
3229,0.0,0.6666666666666666,3.3333333333333335,0.16666666666666666,0.0,0.4,4.4,0.186,0.2,0.4,3.9,0.154,-0.13333333333333333,-0.5666666666666664,0,8
3230,0.0,0.0,4.333333333333333,0.14666666666666667,0.2,0.2,3.6,0.13599999999999998,0.1,0.2,4.0,0.14100000000000001,0.033333333333333354,0.33333333333333304,0,3
3231,0.0,0.0,4.0,0.12666666666666668,0.0,0.0,4.2,0.13799999999999998,0.3,0.3,3.3,0.136,-0.2,0.7000000000000002,0,5
3232,0.0,0.0,4.0,0.12666666666666668,0.0,0.0,4.4,0.15,0.2,0.4,3.1,0.14999999999999997,-0.2,0.8999999999999999,0,5
3233,0.3333333333333333,0.6666666666666666,2.0,0.14,0.2,0.4,3.0,0.156,0.2,0.5,2.8,0.15700000000000003,-0.09999999999999998,-0.7999999999999998,1,0
3234,0.3333333333333333,0.3333333333333333,3.6666666666666665,0.15,0.2,0.2,4.2,0.13599999999999998,0.1,0.2,4.1,0.15200000000000002,0.033333333333333354,-0.4333333333333331,0,2
3235,0.3333333333333333,0.6666666666666666,2.3333333333333335,0.15333333333333335,0.4,0.6,2.2,0.14800000000000002,0.4,0.6,2.6,0.13299999999999998,0.06666666666666671,-0.2666666666666666,0,2
3236,0.0,0.6666666666666666,2.3333333333333335,0.13,0.0,0.4,3.4,0.152,0.0,0.2,4.0,0.139,-0.13333333333333333,-1.6666666666666665,0,10
3237,0.0,0.0,5.333333333333333,0.11666666666666668,0.4,0.4,3.6,0.126,0.3,0.4,3.5,0.13400000000000004,0.16666666666666669,1.833333333333333,0,3
3238,0.3333333333333333,0.6666666666666666,3.0,0.12333333333333334,0.2,0.6,3.0,0.128,0.2,0.4,3.4,0.129,-0.033333333333333326,-0.3999999999999999,1,0
3239,0.0,0.3333333333333333,4.0,0.13,0.0,0.4,3.4,0.13,0.0,0.2,3.8,0.14000000000000004,-0.1,0.20000000000000018,0,19
3240,0.0,0.0,4.666666666666667,0.15,0.0,0.0,4.6,0.146,0.0,0.2,4.0,0.12999999999999998,-0.03333333333333333,0.666666666666667,0,26
3241,0.0,0.0,3.6666666666666665,0.15333333333333335,0.0,0.2,3.4,0.152,0.1,0.2,3.7,0.15,-0.1,-0.03333333333333366,0,9
3242,0.0,0.6666666666666666,3.0,0.15333333333333335,0.0,0.4,3.6,0.14800000000000002,0.2,0.4,3.6,0.14499999999999996,-0.06666666666666667,-0.6000000000000001,0,7
3243,0.0,0.0,4.333333333333333,0.15333333333333335,0.0,0.0,5.0,0.15000000000000002,0.2,0.5,3.3,0.152,-0.13333333333333333,1.0333333333333332,0,6
3244,0.0,0.0,4.666666666666667,0.16333333333333336,0.0,0.0,4.6,0.162,0.0,0.0,4.2,0.176,-0.13333333333333333,0.4666666666666668,0,12
3245,0.0,0.3333333333333333,3.3333333333333335,0.15333333333333332,0.0,0.2,4.0,0.156,0.3,0.4,3.3,0.14599999999999996,-0.3,0.03333333333333366,0,6
3246,0.0,0.0,3.6666666666666665,0.15,0.2,0.2,3.0,0.15000000000000002,0.1,0.1,3.8,0.166,0.1,-0.1333333333333333,0,3
3247,0.0,0.3333333333333333,3.6666666666666665,0.15666666666666668,0.0,0.2,4.4,0.158,0.0,0.4,3.7,0.156,-0.1,-0.03333333333333366,0,13
3248,0.3333333333333333,0.3333333333333333,3.3333333333333335,0.13,0.2,0.2,3.8,0.11599999999999999,0.2,0.3,3.7,0.14,0.06666666666666668,-0.3666666666666667,1,0
3249,0.0,0.6666666666666666,3.0,0.14333333333333334,0.0,0.6,3.2,0.138,0.0,0.5,3.4,0.15699999999999997,-0.1,-0.3999999999999999,0,12
3250,0.0,0.6666666666666666,3.3333333333333335,0.14333333333333334,0.0,0.6,3.6,0.154,0.0,0.4,4.1,0.15300000000000002,-0.1,-0.7666666666666662,0,10
3251,0.3333333333333333,0.3333333333333333,2.3333333333333335,0.11,0.2,0.4,2.8,0.11200000000000002,0.4,0.5,2.7,0.135,-0.033333333333333326,-0.3666666666666667,0,1
3252,0.3333333333333333,0.6666666666666666,3.0,0.16333333333333333,0.4,0.8,2.4,0.174,0.4,0.6,2.8,0.14700000000000002,0.16666666666666669,0.20000000000000018,0,1
3253,0.0,0.3333333333333333,3.6666666666666665,0.13,0.2,0.4,3.0,0.124,0.2,0.4,2.9,0.14200000000000002,0.033333333333333354,0.7666666666666666,0,4
3254,0.6666666666666666,1.0,1.3333333333333333,0.15333333333333332,0.4,0.6,3.0,0.16399999999999998,0.6,0.7,2.5,0.16099999999999998,0.13333333333333336,-1.1666666666666667,2,0
3255,0.0,0.0,4.666666666666667,0.14666666666666667,0.2,0.4,3.4,0.138,0.3,0.4,3.3,0.142,-0.033333333333333326,1.3666666666666671,0,4
3256,0.0,0.0,4.666666666666667,0.13,0.2,0.2,4.0,0.13,0.4,0.4,3.3,0.133,-0.033333333333333326,1.3666666666666671,0,3
3257,0.6666666666666666,0.6666666666666666,1.6666666666666667,0.16333333333333333,0.4,0.4,2.8,0.156,0.2,0.4,2.7,0.15899999999999997,0.23333333333333336,-1.0333333333333334,2,0
3258,0.0,0.0,3.6666666666666665,0.15,0.2,0.4,2.8,0.14200000000000002,0.3,0.4,3.0,0.156,0.033333333333333354,0.6666666666666665,0,4
3259,0.0,0.0,4.333333333333333,0.14666666666666667,0.0,0.2,3.6,0.148,0.1,0.3,3.5,0.154,-0.13333333333333333,0.833333333333333,0,5
3260,0.0,0.0,4.333333333333333,0.17666666666666667,0.2,0.2,3.4,0.15799999999999997,0.1,0.4,3.1,0.149,-0.033333333333333326,1.233333333333333,0,4
3261,0.0,0.0,4.333333333333333,0.10333333333333333,0.0,0.4,3.4,0.138,0.1,0.3,3.6,0.16100000000000003,-0.2,0.733333333333333,0,6
3262,0.0,0.3333333333333333,3.6666666666666665,0.15333333333333335,0.0,0.4,3.6,0.162,0.1,0.3,4.0,0.151,-0.1,-0.3333333333333335,0,5
3263,0.0,0.0,4.0,0.13666666666666666,0.0,0.0,3.8,0.13799999999999998,0.3,0.4,2.9,0.135,-0.26666666666666666,1.1,0,5
3264,0.3333333333333333,0.6666666666666666,2.6666666666666665,0.17,0.2,0.6,3.2,0.17800000000000002,0.1,0.3,3.8,0.16899999999999998,0.13333333333333336,-1.1333333333333333,0,2
3265,0.3333333333333333,0.3333333333333333,4.0,0.14333333333333334,0.2,0.2,4.8,0.156,0.3,0.4,3.9,0.15,0.0,0.10000000000000009,0,1
3266,0.3333333333333333,0.3333333333333333,3.0,0.13999999999999999,0.2,0.2,3.4,0.15799999999999997,0.1,0.3,3.4,0.154,0.033333333333333354,-0.3999999999999999,1,0
3267,0.0,0.3333333333333333,3.3333333333333335,0.1366666666666667,0.2,0.6,2.6,0.122,0.3,0.6,2.5,0.14499999999999996,-0.033333333333333326,0.8333333333333335,0,4
3268,0.3333333333333333,0.3333333333333333,3.0,0.13,0.2,0.2,3.4,0.152,0.1,0.2,3.6,0.15799999999999997,0.06666666666666668,-0.6000000000000001,0,1
3269,0.3333333333333333,1.0,1.6666666666666667,0.16666666666666666,0.4,0.8,2.4,0.15000000000000002,0.2,0.7,2.6,0.156,0.23333333333333336,-0.9333333333333333,0,2
3270,0.3333333333333333,0.6666666666666666,2.3333333333333335,0.14666666666666664,0.2,0.4,3.4,0.156,0.1,0.4,3.7,0.144,0.06666666666666668,-1.3666666666666667,1,0
3271,0.0,0.0,5.0,0.19999999999999998,0.0,0.4,3.8,0.18000000000000002,0.0,0.3,4.1,0.162,-0.1,0.9000000000000004,0,11
3272,0.0,0.0,4.666666666666667,0.17,0.0,0.0,4.6,0.16399999999999998,0.1,0.1,4.0,0.15499999999999997,-0.16666666666666666,0.666666666666667,0,6
3273,0.0,0.0,3.3333333333333335,0.18000000000000002,0.0,0.0,3.6,0.182,0.0,0.1,4.3,0.187,-0.1,-0.9666666666666663,0,16
3274,0.0,0.0,4.333333333333333,0.17333333333333334,0.0,0.2,3.6,0.152,0.1,0.2,3.6,0.144,-0.06666666666666667,0.733333333333333,0,6
3275,0.3333333333333333,0.6666666666666666,3.0,0.14,0.2,0.8,2.6,0.162,0.1,0.5,3.0,0.15000000000000002,0.033333333333333354,0.0,0,1
3276,0.3333333333333333,0.3333333333333333,3.6666666666666665,0.17,0.4,0.4,3.4,0.16,0.3,0.4,3.4,0.144,0.13333333333333336,0.2666666666666666,0,1
3277,0.3333333333333333,0.3333333333333333,3.0,0.15,0.4,0.4,2.6,0.156,0.2,0.2,3.4,0.15600000000000003,0.2666666666666667,-0.3999999999999999,0,2
3278,0.3333333333333333,0.6666666666666666,2.6666666666666665,0.1366666666666667,0.2,0.4,3.0,0.154,0.2,0.3,3.4,0.142,0.06666666666666668,-0.7333333333333334,1,0
3279,0.0,0.0,4.333333333333333,0.15333333333333335,0.2,0.2,4.0,0.154,0.2,0.4,3.2,0.14100000000000001,0.0,1.1333333333333329,0,3
3280,0.0,0.3333333333333333,4.333333333333333,0.16,0.0,0.4,3.6,0.15400000000000003,0.2,0.5,3.4,0.15299999999999997,-0.13333333333333333,0.9333333333333331,0,5
3281,0.0,0.3333333333333333,3.3333333333333335,0.15,0.0,0.4,3.2,0.154,0.1,0.4,3.7,0.15099999999999997,-0.06666666666666667,-0.3666666666666667,0,5
3282,0.3333333333333333,0.6666666666666666,2.6666666666666665,0.12333333333333334,0.2,0.4,3.6,0.126,0.1,0.3,3.9,0.179,0.06666666666666668,-1.2333333333333334,0,2
3283,0.0,0.6666666666666666,3.0,0.1466666666666667,0.4,0.8,2.2,0.152,0.3,0.5,3.6,0.16199999999999998,0.2,-0.6000000000000001,0,3
3284,0.0,0.0,5.0,0.15666666666666668,0.2,0.2,4.0,0.17400000000000002,0.1,0.3,3.8,0.19,0.1,1.2000000000000002,0,4
3285,0.0,0.3333333333333333,2.6666666666666665,0.09000000000000001,0.0,0.2,3.0,0.10600000000000001,0.0,0.1,3.9,0.134,0.0,-1.2333333333333334,0,31
3286,0.0,0.0,3.6666666666666665,0.1466666666666667,0.0,0.2,3.4,0.17,0.1,0.3,3.5,0.16199999999999998,-0.1,0.16666666666666652,0,6
3287,0.3333333333333333,0.6666666666666666,2.0,0.17666666666666667,0.2,0.4,2.6,0.16799999999999998,0.1,0.3,2.9,0.16,0.033333333333333354,-0.8999999999999999,0,1
3288,0.0,0.0,3.6666666666666665,0.15666666666666665,0.0,0.0,3.6,0.15200000000000002,0.1,0.1,4.2,0.15399999999999997,-0.1,-0.5333333333333337,0,8
3289,0.6666666666666666,0.6666666666666666,1.6666666666666667,0.17,0.4,0.6,2.6,0.196,0.2,0.5,3.0,0.186,0.2,-1.3333333333333333,2,0
3290,0.3333333333333333,0.3333333333333333,3.3333333333333335,0.15000000000000002,0.2,0.2,3.8,0.15000000000000002,0.2,0.4,3.0,0.15,0.0,0.3333333333333335,1,0
3291,0.3333333333333333,0.3333333333333333,3.3333333333333335,0.18666666666666668,0.2,0.2,4.2,0.164,0.2,0.4,3.5,0.16299999999999998,0.033333333333333354,-0.16666666666666652,1,0
3292,0.6666666666666666,0.6666666666666666,2.3333333333333335,0.16,0.4,0.6,2.4,0.152,0.2,0.4,3.0,0.12999999999999998,0.2666666666666667,-0.6666666666666665,1,0
3293,0.0,0.0,4.333333333333333,0.17666666666666667,0.0,0.4,3.4,0.154,0.0,0.2,4.1,0.16899999999999998,-0.1,0.2333333333333334,0,19
3294,0.3333333333333333,0.3333333333333333,3.0,0.15333333333333335,0.2,0.2,3.2,0.16,0.1,0.1,3.7,0.14899999999999997,0.033333333333333354,-0.7000000000000002,0,2
3295,0.0,1.0,2.0,0.1366666666666667,0.0,0.6,3.4,0.128,0.2,0.6,3.0,0.13800000000000004,-0.23333333333333334,-1.0,0,6
3296,0.3333333333333333,0.6666666666666666,3.0,0.14,0.4,0.6,3.0,0.10800000000000001,0.2,0.4,3.4,0.129,0.2,-0.3999999999999999,1,0
3297,0.6666666666666666,0.6666666666666666,2.0,0.14333333333333334,0.6,0.8,1.8,0.16,0.4,0.6,2.7,0.175,0.3333333333333333,-0.7000000000000002,1,0
3298,0.0,0.3333333333333333,3.6666666666666665,0.19000000000000003,0.2,0.4,3.0,0.16199999999999998,0.4,0.5,2.9,0.152,0.033333333333333354,0.7666666666666666,0,4
3299,0.0,0.0,3.6666666666666665,0.14333333333333334,0.4,0.4,2.6,0.156,0.3,0.4,3.1,0.141,0.23333333333333336,0.5666666666666664,0,3
3300,0.3333333333333333,0.6666666666666666,3.0,0.18000000000000002,0.2,0.4,3.6,0.162,0.2,0.5,3.1,0.141,-0.033333333333333326,-0.10000000000000009,1,0
3301,0.3333333333333333,0.3333333333333333,3.6666666666666665,0.12333333333333334,0.2,0.2,3.6,0.124,0.1,0.1,3.9,0.132,0.033333333333333354,-0.2333333333333334,1,0
3302,0.3333333333333333,0.3333333333333333,3.3333333333333335,0.14333333333333334,0.2,0.4,3.0,0.12799999999999997,0.1,0.2,3.6,0.153,-0.033333333333333326,-0.2666666666666666,1,0
3303,0.0,0.3333333333333333,3.3333333333333335,0.2866666666666667,0.0,0.2,3.8,0.248,0.1,0.3,3.5,0.211,-0.2,-0.16666666666666652,0,8
3304,0.6666666666666666,0.6666666666666666,2.6666666666666665,0.17,0.4,0.4,3.4,0.144,0.4,0.5,3.1,0.15399999999999997,0.16666666666666669,-0.43333333333333357,0,1
3305,0.0,0.6666666666666666,2.3333333333333335,0.14333333333333334,0.0,0.6,2.8,0.146,0.1,0.4,3.6,0.149,-0.13333333333333333,-1.2666666666666666,0,7
3306,0.3333333333333333,0.3333333333333333,3.6666666666666665,0.13,0.4,0.4,3.2,0.134,0.3,0.3,3.4,0.16099999999999998,0.2666666666666667,0.2666666666666666,1,0
3307,0.0,0.0,4.666666666666667,0.14333333333333334,0.0,0.2,4.4,0.158,0.1,0.2,4.4,0.15299999999999997,-0.13333333333333333,0.2666666666666666,0,5
3308,0.0,0.0,3.3333333333333335,0.16666666666666666,0.0,0.0,3.8,0.158,0.1,0.1,3.5,0.15899999999999997,-0.13333333333333333,-0.16666666666666652,0,8
3309,0.0,0.0,4.666666666666667,0.15666666666666665,0.0,0.0,5.2,0.148,0.1,0.2,4.0,0.15199999999999997,-0.1,0.666666666666667,0,6
3310,0.6666666666666666,0.6666666666666666,2.3333333333333335,0.15666666666666665,0.4,0.4,3.2,0.16599999999999998,0.3,0.4,3.1,0.155,0.23333333333333336,-0.7666666666666666,2,0
3311,0.6666666666666666,0.6666666666666666,2.3333333333333335,0.19000000000000003,0.8,0.8,1.8,0.162,0.6,0.8,2.1,0.16,0.4333333333333334,0.2333333333333334,2,0
3312,0.0,0.0,5.333333333333333,0.14,0.0,0.0,4.6,0.122,0.1,0.2,4.0,0.12900000000000003,-0.13333333333333333,1.333333333333333,0,8
3313,0.3333333333333333,0.3333333333333333,3.3333333333333335,0.15,0.2,0.2,4.4,0.18,0.2,0.3,3.8,0.184,-0.033333333333333326,-0.46666666666666634,0,2
3314,0.3333333333333333,0.3333333333333333,2.3333333333333335,0.12333333333333334,0.2,0.4,2.8,0.132,0.1,0.3,3.2,0.12600000000000003,0.033333333333333354,-0.8666666666666667,1,0
3315,0.0,0.3333333333333333,4.0,0.19666666666666666,0.0,0.4,3.8,0.17200000000000001,0.0,0.3,4.2,0.187,-0.2,-0.20000000000000018,0,11
3316,0.0,0.0,4.0,0.12333333333333334,0.0,0.0,4.2,0.15,0.0,0.2,4.1,0.146,-0.06666666666666667,-0.09999999999999964,0,17
3317,0.0,0.6666666666666666,3.3333333333333335,0.1366666666666667,0.2,0.6,3.4,0.138,0.2,0.4,3.5,0.141,-0.033333333333333326,-0.16666666666666652,0,4
3318,0.3333333333333333,0.6666666666666666,3.0,0.15666666666666665,0.2,0.6,2.8,0.158,0.2,0.4,3.2,0.156,0.033333333333333354,-0.20000000000000018,0,1
3319,0.0,0.0,4.666666666666667,0.15333333333333332,0.2,0.2,4.0,0.144,0.2,0.2,3.9,0.13199999999999998,0.033333333333333354,0.766666666666667,0,4
3320,0.0,0.3333333333333333,4.0,0.12666666666666668,0.2,0.4,3.8,0.128,0.1,0.3,4.0,0.13599999999999998,0.033333333333333354,0.0,0,3
3321,0.0,0.3333333333333333,4.333333333333333,0.14666666666666667,0.0,0.2,3.8,0.168,0.2,0.4,3.0,0.16499999999999998,-0.13333333333333333,1.333333333333333,0,5
3322,0.0,0.0,4.333333333333333,0.15333333333333335,0.0,0.2,3.6,0.156,0.0,0.1,3.8,0.15,-0.13333333333333333,0.5333333333333332,0,13
3323,0.3333333333333333,0.3333333333333333,2.6666666666666665,0.18000000000000002,0.2,0.2,2.8,0.16,0.1,0.5,2.7,0.172,0.1,-0.03333333333333366,0,1
3324,0.3333333333333333,0.3333333333333333,2.6666666666666665,0.12666666666666668,0.4,0.4,2.4,0.146,0.4,0.4,2.7,0.15,0.2,-0.03333333333333366,0,2
3325,0.3333333333333333,0.3333333333333333,3.3333333333333335,0.12333333333333334,0.2,0.4,3.4,0.14,0.5,0.7,2.3,0.155,-0.033333333333333326,1.0333333333333337,0,2
3326,0.0,0.6666666666666666,3.3333333333333335,0.14333333333333334,0.0,0.6,3.4,0.11200000000000002,0.1,0.4,3.5,0.142,-0.06666666666666667,-0.16666666666666652,0,5
3327,0.3333333333333333,0.3333333333333333,3.6666666666666665,0.1566666666666667,0.4,0.6,2.8,0.12000000000000002,0.4,0.6,2.7,0.10800000000000001,0.23333333333333336,0.9666666666666663,1,0
3328,0.3333333333333333,0.6666666666666666,2.0,0.16,0.2,0.4,2.6,0.17600000000000002,0.1,0.3,3.4,0.161,0.033333333333333354,-1.4,0,1
3329,0.0,0.0,3.6666666666666665,0.1466666666666667,0.2,0.4,2.8,0.166,0.1,0.3,3.6,0.14899999999999997,0.0,0.06666666666666643,0,3
3330,0.3333333333333333,0.6666666666666666,3.0,0.15666666666666668,0.2,0.4,3.8,0.154,0.1,0.4,3.7,0.149,0.06666666666666668,-0.7000000000000002,0,2
3331,0.0,0.0,4.666666666666667,0.12666666666666668,0.2,0.2,3.6,0.144,0.3,0.3,3.0,0.14100000000000001,0.033333333333333354,1.666666666666667,0,3
3332,0.0,0.3333333333333333,3.3333333333333335,0.19000000000000003,0.0,0.2,3.8,0.17600000000000002,0.0,0.1,4.1,0.15199999999999997,-0.1,-0.7666666666666662,0,20
3333,0.0,1.0,2.0,0.12,0.0,0.6,3.0,0.124,0.2,0.5,3.2,0.13,-0.2,-1.2000000000000002,0,7
3334,0.3333333333333333,0.3333333333333333,3.3333333333333335,0.18333333333333335,0.2,0.4,3.0,0.18,0.2,0.3,3.2,0.18,0.06666666666666668,0.1333333333333333,0,2
3335,0.0,0.0,4.666666666666667,0.1366666666666667,0.0,0.2,3.8,0.156,0.0,0.3,3.8,0.15,-0.06666666666666667,0.8666666666666671,0,14
3336,0.3333333333333333,0.3333333333333333,4.0,0.16333333333333333,0.2,0.4,3.6,0.154,0.1,0.6,3.0,0.15300000000000002,0.0,1.0,0,2
3337,0.3333333333333333,0.6666666666666666,2.3333333333333335,0.18333333333333335,0.2,0.4,3.0,0.172,0.2,0.4,3.2,0.142,0.033333333333333354,-0.8666666666666667,1,0
3338,0.0,0.0,3.6666666666666665,0.14333333333333334,0.0,0.2,3.6,0.146,0.0,0.2,3.4,0.15099999999999997,-0.03333333333333333,0.2666666666666666,0,23
3339,0.0,0.0,4.666666666666667,0.14333333333333334,0.0,0.2,4.2,0.14,0.0,0.1,4.5,0.143,-0.03333333333333333,0.16666666666666696,0,11
3340,0.3333333333333333,0.3333333333333333,3.0,0.15333333333333335,0.2,0.2,3.8,0.168,0.2,0.3,3.6,0.148,0.06666666666666668,-0.6000000000000001,1,0
3341,0.6666666666666666,0.6666666666666666,2.6666666666666665,0.15666666666666668,0.6,0.8,2.2,0.14600000000000002,0.3,0.5,3.4,0.15099999999999997,0.39999999999999997,-0.7333333333333334,2,0
3342,0.3333333333333333,0.3333333333333333,3.3333333333333335,0.13,0.2,0.2,3.4,0.14,0.2,0.3,3.4,0.14,0.0,-0.06666666666666643,0,1
3343,0.3333333333333333,0.3333333333333333,4.0,0.16,0.4,0.6,3.0,0.15000000000000002,0.2,0.5,3.1,0.162,0.2,0.8999999999999999,0,2
3344,0.0,0.0,4.333333333333333,0.1366666666666667,0.0,0.0,4.4,0.134,0.0,0.1,4.4,0.13199999999999998,-0.16666666666666666,-0.06666666666666732,0,11
3345,0.0,0.0,4.666666666666667,0.15333333333333335,0.0,0.0,4.2,0.15000000000000002,0.0,0.4,3.3,0.145,-0.1,1.3666666666666671,0,10
3346,0.0,0.3333333333333333,3.6666666666666665,0.13,0.0,0.2,4.0,0.124,0.0,0.2,4.2,0.146,-0.03333333333333333,-0.5333333333333337,0,27
3347,0.0,0.0,3.6666666666666665,0.19333333333333336,0.0,0.0,4.4,0.16,0.0,0.0,4.3,0.15599999999999997,-0.16666666666666666,-0.6333333333333333,0,11
3348,0.0,0.3333333333333333,4.333333333333333,0.15333333333333335,0.0,0.2,4.2,0.14,0.0,0.2,3.9,0.13499999999999998,-0.06666666666666667,0.4333333333333331,0,12
3349,0.3333333333333333,0.6666666666666666,2.6666666666666665,0.13,0.4,0.6,2.4,0.144,0.4,0.6,2.3,0.17100000000000004,0.03333333333333338,0.3666666666666667,0,2
3350,0.0,0.0,5.333333333333333,0.16,0.0,0.0,4.4,0.162,0.0,0.0,4.4,0.16,-0.1,0.9333333333333327,0,13
3351,0.6666666666666666,0.6666666666666666,2.6666666666666665,0.14333333333333334,0.4,0.8,2.4,0.152,0.2,0.4,3.2,0.15199999999999997,0.2666666666666667,-0.5333333333333337,0,1
3352,0.0,0.3333333333333333,4.0,0.14666666666666664,0.0,0.6,3.2,0.11199999999999999,0.0,0.3,3.5,0.14100000000000001,-0.1,0.5,0,21
3353,0.0,0.0,4.666666666666667,0.15333333333333335,0.2,0.4,3.4,0.162,0.2,0.6,2.8,0.133,0.033333333333333354,1.8666666666666671,0,3
3354,0.3333333333333333,0.6666666666666666,2.0,0.14666666666666667,0.2,0.8,2.0,0.134,0.2,0.6,2.8,0.13199999999999998,-0.1333333333333333,-0.7999999999999998,0,2
3355,0.3333333333333333,1.0,1.6666666666666667,0.18333333333333335,0.2,0.6,3.2,0.22599999999999998,0.1,0.3,3.8,0.24600000000000005,0.033333333333333354,-2.133333333333333,0,1
3356,0.0,0.0,4.0,0.18000000000000002,0.2,0.2,3.2,0.178,0.1,0.1,3.2,0.175,0.06666666666666668,0.7999999999999998,0,3
3357,0.6666666666666666,0.6666666666666666,1.6666666666666667,0.12666666666666668,0.4,0.4,3.2,0.118,0.2,0.3,3.6,0.166,0.2666666666666667,-1.9333333333333333,1,0
3358,0.3333333333333333,0.6666666666666666,2.3333333333333335,0.12666666666666668,0.2,0.6,2.4,0.162,0.1,0.3,3.2,0.173,-0.033333333333333326,-0.8666666666666667,0,2
3359,0.3333333333333333,0.3333333333333333,3.6666666666666665,0.11333333333333334,0.6,0.6,2.6,0.118,0.5,0.5,2.9,0.14300000000000002,0.3,0.7666666666666666,1,0
3360,0.0,0.3333333333333333,3.6666666666666665,0.16333333333333333,0.0,0.2,4.4,0.18000000000000002,0.0,0.1,4.6,0.17099999999999999,-0.1,-0.9333333333333331,0,14
3361,0.3333333333333333,0.6666666666666666,2.0,0.17333333333333334,0.2,0.4,2.8,0.17400000000000002,0.3,0.4,2.9,0.173,-0.09999999999999998,-0.8999999999999999,0,2
3362,0.0,0.3333333333333333,4.333333333333333,0.16666666666666666,0.0,0.2,4.4,0.166,0.1,0.2,4.4,0.175,-0.06666666666666667,-0.06666666666666732,0,8
3363,0.0,1.0,2.0,0.18000000000000002,0.0,0.8,2.4,0.172,0.1,0.6,3.0,0.139,-0.16666666666666666,-1.0,0,8
3364,0.0,0.3333333333333333,3.3333333333333335,0.17333333333333334,0.2,0.4,3.2,0.152,0.2,0.4,3.1,0.147,0.06666666666666668,0.2333333333333334,0,4
3365,0.3333333333333333,0.6666666666666666,2.6666666666666665,0.12666666666666668,0.2,0.4,3.8,0.128,0.2,0.3,3.7,0.127,-0.033333333333333326,-1.0333333333333337,0,2
3366,0.3333333333333333,0.6666666666666666,2.0,0.09333333333333332,0.2,0.4,3.2,0.12,0.2,0.3,3.6,0.13500000000000004,0.033333333333333354,-1.6,0,2
3367,0.0,0.0,4.333333333333333,0.13333333333333333,0.2,0.2,4.0,0.122,0.1,0.2,4.0,0.13600000000000004,0.16666666666666669,0.33333333333333304,0,3
3368,0.3333333333333333,0.3333333333333333,4.0,0.15333333333333332,0.4,0.6,3.0,0.144,0.4,0.6,3.0,0.147,0.2,1.0,1,0
3369,0.0,0.3333333333333333,3.6666666666666665,0.10999999999999999,0.0,0.2,3.4,0.124,0.0,0.1,3.9,0.13700000000000004,-0.16666666666666666,-0.2333333333333334,0,10
3370,0.0,0.0,4.0,0.10666666666666665,0.0,0.0,4.0,0.09000000000000001,0.1,0.1,3.7,0.11800000000000004,-0.16666666666666666,0.2999999999999998,0,6
3371,0.0,0.3333333333333333,3.0,0.16333333333333333,0.0,0.2,3.6,0.154,0.0,0.2,3.7,0.147,-0.16666666666666666,-0.7000000000000002,0,11
3372,0.0,0.3333333333333333,4.0,0.15666666666666668,0.0,0.2,4.2,0.14600000000000002,0.1,0.2,4.3,0.15299999999999997,-0.06666666666666667,-0.2999999999999998,0,6
3373,0.0,0.0,4.666666666666667,0.15,0.0,0.2,3.8,0.13999999999999999,0.0,0.4,3.5,0.15300000000000002,-0.16666666666666666,1.166666666666667,0,10
3374,0.3333333333333333,0.3333333333333333,3.6666666666666665,0.13333333333333333,0.2,0.2,3.8,0.136,0.2,0.3,3.3,0.156,-0.1333333333333333,0.3666666666666667,0,1
3375,0.3333333333333333,0.3333333333333333,3.6666666666666665,0.14,0.4,0.6,2.8,0.136,0.2,0.3,3.6,0.153,0.2,0.06666666666666643,0,1
3376,0.0,0.0,4.333333333333333,0.13333333333333333,0.0,0.0,4.4,0.13799999999999998,0.0,0.4,3.4,0.14700000000000002,-0.03333333333333333,0.9333333333333331,0,14
3377,0.0,0.3333333333333333,4.333333333333333,0.15,0.0,0.2,4.2,0.146,0.1,0.3,3.9,0.175,-0.16666666666666666,0.4333333333333331,0,7
3378,0.0,0.3333333333333333,3.6666666666666665,0.14,0.0,0.4,3.4,0.15999999999999998,0.0,0.2,3.5,0.146,-0.13333333333333333,0.16666666666666652,0,11
3379,0.0,0.0,4.333333333333333,0.16,0.2,0.2,4.0,0.176,0.1,0.3,3.5,0.16899999999999998,0.033333333333333354,0.833333333333333,0,4
3380,0.3333333333333333,0.3333333333333333,4.333333333333333,0.13333333333333333,0.2,0.4,4.2,0.122,0.1,0.2,4.2,0.13800000000000004,0.06666666666666668,0.13333333333333286,1,0
3381,0.0,0.3333333333333333,3.6666666666666665,0.10333333333333333,0.0,0.4,3.2,0.13,0.1,0.4,3.4,0.133,-0.16666666666666666,0.2666666666666666,0,9
3382,0.6666666666666666,0.6666666666666666,1.6666666666666667,0.13333333333333333,0.4,0.4,3.2,0.142,0.2,0.4,3.7,0.15499999999999997,0.2666666666666667,-2.033333333333333,2,0
3383,0.0,0.0,4.666666666666667,0.15333333333333335,0.2,0.2,3.8,0.168,0.2,0.2,3.6,0.157,0.0,1.0666666666666669,0,4
3384,0.0,0.0,5.666666666666667,0.15333333333333335,0.2,0.2,4.6,0.154,0.1,0.2,3.8,0.143,0.13333333333333336,1.8666666666666671,0,3
3385,0.6666666666666666,1.0,1.3333333333333333,0.19666666666666666,0.6,0.8,1.6,0.172,0.4,0.6,2.8,0.16399999999999998,0.36666666666666664,-1.4666666666666666,2,0
3386,0.0,0.0,4.0,0.18333333333333332,0.2,0.4,3.0,0.174,0.2,0.3,3.3,0.154,0.06666666666666668,0.7000000000000002,0,4
3387,0.3333333333333333,0.6666666666666666,2.6666666666666665,0.15666666666666665,0.2,0.4,2.8,0.156,0.3,0.6,2.4,0.15,0.0,0.2666666666666666,0,1
3388,0.0,0.0,5.666666666666667,0.12,0.0,0.0,5.4,0.138,0.0,0.0,4.8,0.13199999999999998,-0.06666666666666667,0.8666666666666671,0,26
3389,0.3333333333333333,0.6666666666666666,3.0,0.17,0.4,0.6,2.8,0.154,0.3,0.4,3.5,0.152,0.13333333333333336,-0.5,1,0
3390,0.0,0.3333333333333333,3.3333333333333335,0.15000000000000002,0.0,0.4,3.6,0.16,0.1,0.3,3.8,0.16899999999999998,-0.03333333333333333,-0.46666666666666634,0,5
3391,0.6666666666666666,0.6666666666666666,1.6666666666666667,0.15666666666666665,0.4,0.6,2.2,0.162,0.5,0.7,2.1,0.16399999999999998,0.16666666666666669,-0.43333333333333335,0,1
3392,0.3333333333333333,0.6666666666666666,2.3333333333333335,0.14,0.2,0.6,2.8,0.14999999999999997,0.1,0.4,3.4,0.19,0.13333333333333336,-1.0666666666666664,0,2
3393,0.3333333333333333,0.3333333333333333,3.6666666666666665,0.12666666666666668,0.2,0.2,4.2,0.136,0.1,0.3,4.0,0.14100000000000001,0.1,-0.3333333333333335,1,0
3394,0.0,0.0,4.333333333333333,0.20333333333333334,0.2,0.4,3.2,0.186,0.2,0.4,3.7,0.162,0.1,0.6333333333333329,0,3
3395,0.0,0.0,4.333333333333333,0.15666666666666668,0.2,0.2,3.6,0.136,0.1,0.2,3.6,0.13999999999999999,0.033333333333333354,0.733333333333333,0,3
3396,0.6666666666666666,0.6666666666666666,1.6666666666666667,0.17,0.4,0.8,1.8,0.166,0.3,0.5,3.0,0.161,0.2,-1.3333333333333333,1,0
3397,0.0,0.6666666666666666,3.0,0.1366666666666667,0.0,0.4,3.4,0.134,0.2,0.4,3.0,0.14100000000000001,-0.13333333333333333,0.0,0,7
3398,0.0,0.0,3.0,0.17,0.0,0.0,3.8,0.14400000000000002,0.2,0.2,3.4,0.148,-0.2,-0.3999999999999999,0,5
3399,0.0,0.3333333333333333,3.6666666666666665,0.16333333333333336,0.0,0.2,3.6,0.18400000000000002,0.2,0.3,3.5,0.16199999999999998,-0.2,0.16666666666666652,0,8
3400,0.0,0.3333333333333333,2.6666666666666665,0.16666666666666666,0.0,0.4,2.8,0.156,0.1,0.4,3.1,0.16799999999999998,-0.23333333333333334,-0.43333333333333357,0,7
3401,0.0,0.0,4.666666666666667,0.14,0.0,0.0,5.0,0.14200000000000002,0.0,0.1,4.8,0.16299999999999998,-0.06666666666666667,-0.13333333333333286,0,19
3402,0.0,0.0,5.666666666666667,0.15,0.0,0.0,5.4,0.142,0.2,0.3,4.3,0.142,-0.3,1.3666666666666671,0,5
3403,0.3333333333333333,0.3333333333333333,2.6666666666666665,0.15333333333333335,0.2,0.4,2.6,0.13200000000000003,0.3,0.5,2.6,0.15499999999999997,0.0,0.06666666666666643,0,1
3404,0.0,0.6666666666666666,3.0,0.15666666666666665,0.0,0.4,3.4,0.162,0.2,0.4,3.6,0.16099999999999998,-0.2,-0.6000000000000001,0,7
3405,0.3333333333333333,0.3333333333333333,3.3333333333333335,0.15,0.2,0.2,4.0,0.16799999999999998,0.1,0.2,4.3,0.15499999999999997,0.033333333333333354,-0.9666666666666663,1,0
3406,0.6666666666666666,0.6666666666666666,1.6666666666666667,0.17,0.6,0.6,2.2,0.176,0.4,0.4,2.8,0.198,0.43333333333333335,-1.133333333333333,1,0
3407,0.0,0.0,3.6666666666666665,0.18000000000000002,0.0,0.0,4.0,0.164,0.1,0.1,3.8,0.151,-0.16666666666666666,-0.1333333333333333,0,5
3408,0.3333333333333333,0.3333333333333333,3.6666666666666665,0.14333333333333334,0.2,0.4,3.8,0.128,0.2,0.3,3.9,0.14300000000000002,0.033333333333333354,-0.2333333333333334,1,0
3409,0.0,0.0,5.666666666666667,0.14666666666666667,0.2,0.2,4.4,0.126,0.1,0.1,4.7,0.15899999999999997,0.06666666666666668,0.9666666666666668,0,4
3410,0.3333333333333333,0.6666666666666666,3.0,0.15333333333333335,0.6,0.8,2.2,0.15,0.4,0.7,2.7,0.13799999999999998,0.26666666666666666,0.2999999999999998,0,1
3411,0.0,0.3333333333333333,3.3333333333333335,0.13666666666666666,0.0,0.2,4.2,0.148,0.2,0.3,3.5,0.145,-0.13333333333333333,-0.16666666666666652,0,7
3412,0.3333333333333333,0.3333333333333333,3.0,0.13,0.4,0.4,2.6,0.15,0.2,0.4,3.1,0.15099999999999997,0.16666666666666669,-0.10000000000000009,0,2
3413,0.0,0.3333333333333333,2.6666666666666665,0.14,0.2,0.4,2.8,0.15,0.2,0.3,3.2,0.16699999999999998,0.06666666666666668,-0.5333333333333337,0,3
3414,0.6666666666666666,0.6666666666666666,2.3333333333333335,0.11666666666666668,0.4,0.6,2.6,0.12800000000000003,0.2,0.3,3.1,0.13700000000000004,0.2,-0.7666666666666666,0,1
3415,0.3333333333333333,0.3333333333333333,4.0,0.14333333333333334,0.4,0.4,3.2,0.132,0.3,0.3,3.5,0.13400000000000004,0.16666666666666669,0.5,0,2
3416,0.3333333333333333,0.3333333333333333,3.3333333333333335,0.19333333333333336,0.2,0.2,3.8,0.188,0.2,0.2,4.1,0.17600000000000002,0.06666666666666668,-0.7666666666666662,1,0
3417,0.0,0.3333333333333333,3.3333333333333335,0.16666666666666666,0.0,0.2,3.4,0.15000000000000002,0.1,0.2,3.6,0.15299999999999997,-0.23333333333333334,-0.2666666666666666,0,9
3418,0.3333333333333333,0.3333333333333333,4.333333333333333,0.15666666666666665,0.2,0.6,3.4,0.182,0.1,0.4,3.8,0.172,-0.06666666666666665,0.5333333333333332,0,1
3419,0.0,0.0,4.666666666666667,0.11333333333333334,0.2,0.2,4.2,0.126,0.3,0.3,3.8,0.13199999999999998,0.033333333333333354,0.8666666666666671,0,4
3420,0.3333333333333333,0.3333333333333333,2.3333333333333335,0.19666666666666666,0.4,0.4,2.8,0.172,0.4,0.4,3.2,0.148,0.13333333333333336,-0.8666666666666667,0,1
3421,0.3333333333333333,0.3333333333333333,2.6666666666666665,0.14333333333333334,0.2,0.2,3.0,0.142,0.3,0.4,2.9,0.13600000000000004,0.033333333333333354,-0.2333333333333334,0,1
3422,0.0,0.0,4.333333333333333,0.13333333333333333,0.0,0.0,4.2,0.15,0.1,0.1,4.1,0.162,-0.23333333333333334,0.2333333333333334,0,7
3423,0.0,0.0,4.333333333333333,0.15666666666666668,0.0,0.0,4.2,0.14800000000000002,0.0,0.1,4.0,0.14900000000000002,-0.1,0.33333333333333304,0,17
3424,0.3333333333333333,0.3333333333333333,4.0,0.1366666666666667,0.2,0.2,4.2,0.12600000000000003,0.2,0.2,4.2,0.137,-0.033333333333333326,-0.20000000000000018,0,1
3425,0.0,0.3333333333333333,3.3333333333333335,0.10333333333333335,0.0,0.2,3.4,0.12600000000000003,0.0,0.1,4.3,0.139,-0.03333333333333333,-0.9666666666666663,0,20
3426,0.3333333333333333,0.3333333333333333,4.333333333333333,0.12666666666666668,0.2,0.2,5.0,0.126,0.3,0.4,3.7,0.131,-0.09999999999999998,0.6333333333333329,1,0
3427,0.0,0.0,4.666666666666667,0.10666666666666667,0.0,0.0,4.8,0.12200000000000003,0.2,0.2,3.8,0.12800000000000003,-0.16666666666666666,0.8666666666666671,0,5
3428,0.0,0.0,4.0,0.12666666666666668,0.0,0.2,3.6,0.148,0.0,0.3,3.2,0.15000000000000002,-0.23333333333333334,0.7999999999999998,0,13
3429,0.0,0.0,5.666666666666667,0.13999999999999999,0.0,0.2,4.6,0.16799999999999998,0.2,0.4,3.6,0.148,-0.2,2.066666666666667,0,5
3430,0.3333333333333333,0.3333333333333333,3.6666666666666665,0.1466666666666667,0.2,0.2,3.8,0.136,0.1,0.3,3.7,0.16,0.033333333333333354,-0.03333333333333366,0,1
3431,0.0,0.3333333333333333,2.6666666666666665,0.18000000000000002,0.0,0.2,3.4,0.178,0.1,0.3,3.4,0.16799999999999998,-0.3,-0.7333333333333334,0,5
3432,0.3333333333333333,0.3333333333333333,3.0,0.15333333333333335,0.2,0.6,2.6,0.166,0.1,0.4,3.5,0.201,0.0,-0.5,0,2
3433,1.0,1.0,1.0,0.12,0.6,0.6,2.0,0.13799999999999998,0.5,0.7,2.2,0.14300000000000002,0.36666666666666664,-1.2000000000000002,3,0
3434,0.3333333333333333,0.3333333333333333,2.6666666666666665,0.14333333333333334,0.2,0.2,3.6,0.158,0.2,0.3,3.7,0.176,0.06666666666666668,-1.0333333333333337,0,2
3435,0.3333333333333333,0.6666666666666666,3.0,0.16,0.2,0.4,3.8,0.186,0.1,0.2,4.2,0.16499999999999998,0.0,-1.2000000000000002,0,1
3436,0.3333333333333333,0.3333333333333333,3.3333333333333335,0.16333333333333333,0.2,0.4,3.0,0.144,0.3,0.4,3.1,0.145,0.0,0.2333333333333334,0,1
3437,0.3333333333333333,0.3333333333333333,4.0,0.13,0.2,0.4,3.8,0.14400000000000002,0.3,0.4,3.1,0.15899999999999997,0.033333333333333354,0.8999999999999999,0,2
3438,0.0,0.0,3.6666666666666665,0.12,0.2,0.4,2.8,0.126,0.1,0.4,3.2,0.154,0.033333333333333354,0.46666666666666634,0,3
3439,0.3333333333333333,0.3333333333333333,3.3333333333333335,0.14333333333333334,0.2,0.2,3.8,0.13599999999999998,0.3,0.5,2.8,0.15999999999999998,0.033333333333333354,0.5333333333333337,0,1
3440,1.0,1.0,1.0,0.12666666666666668,0.6,0.6,2.2,0.122,0.4,0.5,3.1,0.13700000000000004,0.43333333333333335,-2.1,3,0
3441,0.0,0.6666666666666666,2.6666666666666665,0.12,0.0,0.4,3.4,0.17600000000000002,0.0,0.3,3.9,0.18,-0.03333333333333333,-1.2333333333333334,0,17
3442,0.0,0.0,5.0,0.13666666666666666,0.0,0.0,4.2,0.136,0.0,0.2,4.2,0.12999999999999998,-0.13333333333333333,0.7999999999999998,0,11
3443,0.0,0.0,4.0,0.16666666666666666,0.0,0.2,4.0,0.15200000000000002,0.0,0.3,3.9,0.15,-0.16666666666666666,0.10000000000000009,0,11
3444,0.3333333333333333,0.6666666666666666,2.6666666666666665,0.1366666666666667,0.2,0.4,3.2,0.152,0.2,0.4,3.2,0.157,0.0,-0.5333333333333337,0,1
3445,0.0,0.0,5.333333333333333,0.19999999999999998,0.0,0.0,5.4,0.18799999999999997,0.1,0.1,5.0,0.17300000000000001,-0.13333333333333333,0.33333333333333304,0,6
3446,0.0,0.3333333333333333,3.6666666666666665,0.13333333333333333,0.0,0.2,3.4,0.142,0.0,0.3,3.6,0.15699999999999997,-0.16666666666666666,0.06666666666666643,0,15
3447,1.0,1.0,1.0,0.15,0.6,0.8,1.8,0.14800000000000002,0.4,0.6,2.5,0.15699999999999997,0.43333333333333335,-1.5,3,0
3448,0.0,0.3333333333333333,3.6666666666666665,0.17,0.0,0.2,4.0,0.158,0.0,0.2,4.2,0.16699999999999998,-0.1,-0.5333333333333337,0,19
3449,0.0,0.3333333333333333,3.0,0.15666666666666665,0.0,0.2,3.0,0.18,0.1,0.2,3.1,0.16599999999999998,-0.13333333333333333,-0.10000000000000009,0,7
3450,0.0,0.3333333333333333,2.6666666666666665,0.15666666666666665,0.0,0.2,3.8,0.156,0.0,0.1,4.1,0.15300000000000002,-0.2,-1.4333333333333331,0,14
3451,0.0,0.0,5.0,0.15,0.0,0.4,3.8,0.13399999999999998,0.2,0.5,3.0,0.14400000000000002,-0.3,2.0,0,7
3452,0.3333333333333333,0.6666666666666666,3.0,0.15666666666666668,0.4,0.6,2.6,0.148,0.2,0.3,3.3,0.149,0.13333333333333336,-0.2999999999999998,1,0
3453,0.0,0.0,5.0,0.15,0.2,0.2,4.2,0.14400000000000002,0.2,0.3,3.8,0.14500000000000002,0.0,1.2000000000000002,0,4
3454,0.3333333333333333,0.6666666666666666,2.6666666666666665,0.15333333333333335,0.2,0.6,3.2,0.16,0.2,0.4,3.5,0.162,0.033333333333333354,-0.8333333333333335,0,2
3455,0.3333333333333333,0.3333333333333333,3.3333333333333335,0.16333333333333333,0.2,0.2,3.4,0.14200000000000002,0.2,0.3,3.4,0.15599999999999997,0.033333333333333354,-0.06666666666666643,1,0
3456,0.0,0.6666666666666666,2.6666666666666665,0.12,0.0,0.4,2.8,0.122,0.2,0.4,3.0,0.125,-0.13333333333333333,-0.3333333333333335,0,8
3457,0.3333333333333333,0.6666666666666666,2.0,0.15666666666666665,0.2,0.4,3.6,0.178,0.2,0.4,3.6,0.15999999999999998,0.033333333333333354,-1.6,0,2
3458,0.0,0.3333333333333333,3.6666666666666665,0.16,0.0,0.2,3.8,0.166,0.2,0.4,3.1,0.16299999999999998,-0.16666666666666666,0.5666666666666664,0,6
3459,0.0,0.0,4.666666666666667,0.16333333333333333,0.0,0.0,4.6,0.162,0.0,0.1,4.2,0.16499999999999998,-0.06666666666666667,0.4666666666666668,0,23
3460,0.0,0.0,4.333333333333333,0.14666666666666667,0.2,0.2,4.0,0.154,0.2,0.4,3.4,0.14900000000000002,-0.033333333333333326,0.9333333333333331,0,4
3461,0.0,0.6666666666666666,3.3333333333333335,0.14333333333333334,0.0,0.4,4.4,0.162,0.0,0.4,4.2,0.152,-0.1,-0.8666666666666667,0,22
3462,0.3333333333333333,0.3333333333333333,3.6666666666666665,0.16333333333333333,0.2,0.4,3.8,0.15400000000000003,0.1,0.4,3.4,0.15099999999999997,0.033333333333333354,0.2666666666666666,0,2
3463,0.3333333333333333,1.0,1.6666666666666667,0.16666666666666666,0.2,0.6,2.8,0.192,0.3,0.6,2.6,0.15899999999999997,0.0,-0.9333333333333333,1,0
3464,0.0,0.3333333333333333,3.6666666666666665,0.17333333333333334,0.0,0.2,3.6,0.158,0.1,0.4,3.0,0.14399999999999996,-0.13333333333333333,0.6666666666666665,0,5
3465,0.3333333333333333,0.6666666666666666,2.3333333333333335,0.15333333333333335,0.2,0.4,3.4,0.154,0.1,0.2,4.3,0.159,0.06666666666666668,-1.9666666666666663,0,1
3466,0.0,0.3333333333333333,4.333333333333333,0.1466666666666667,0.0,0.2,4.2,0.14400000000000002,0.0,0.3,3.7,0.148,-0.2,0.6333333333333329,0,11
3467,0.0,0.3333333333333333,2.6666666666666665,0.13999999999999999,0.0,0.4,3.0,0.164,0.0,0.2,4.0,0.16,-0.1,-1.3333333333333335,0,12
3468,0.0,0.3333333333333333,4.0,0.15333333333333332,0.2,0.6,3.0,0.14400000000000002,0.2,0.5,3.1,0.143,-0.033333333333333326,0.8999999999999999,0,4
3469,0.3333333333333333,0.6666666666666666,2.0,0.1366666666666667,0.2,0.4,2.8,0.128,0.1,0.3,3.2,0.13399999999999998,0.033333333333333354,-1.2000000000000002,0,1
3470,0.0,0.0,4.333333333333333,0.13333333333333333,0.0,0.2,4.2,0.144,0.1,0.2,4.3,0.154,-0.13333333333333333,0.033333333333333215,0,8
3471,0.0,0.0,5.0,0.13,0.0,0.2,4.4,0.162,0.0,0.2,4.3,0.16299999999999998,-0.1,0.7000000000000002,0,22
3472,0.3333333333333333,0.3333333333333333,3.3333333333333335,0.15333333333333332,0.4,0.6,2.6,0.15999999999999998,0.3,0.6,2.7,0.16999999999999998,0.13333333333333336,0.6333333333333333,0,1
3473,0.3333333333333333,0.3333333333333333,3.0,0.18000000000000002,0.2,0.4,3.2,0.14200000000000002,0.1,0.3,3.6,0.14400000000000004,-0.033333333333333326,-0.6000000000000001,0,1
3474,0.6666666666666666,0.6666666666666666,2.0,0.12999999999999998,0.4,0.4,3.4,0.198,0.2,0.2,3.5,0.198,0.30000000000000004,-1.5,1,0
3475,0.0,0.0,4.0,0.1366666666666667,0.2,0.2,3.2,0.124,0.3,0.3,3.2,0.14999999999999997,0.0,0.7999999999999998,0,4
3476,0.0,0.0,3.3333333333333335,0.19666666666666666,0.0,0.2,3.4,0.17400000000000002,0.1,0.3,3.2,0.157,-0.16666666666666666,0.1333333333333333,0,9
3477,0.0,0.6666666666666666,3.0,0.19000000000000003,0.0,0.4,3.2,0.164,0.0,0.3,3.9,0.184,-0.06666666666666667,-0.8999999999999999,0,20
3478,0.0,0.3333333333333333,3.6666666666666665,0.11666666666666668,0.0,0.4,3.2,0.144,0.0,0.2,3.6,0.151,-0.1,0.06666666666666643,0,11
3479,0.0,0.3333333333333333,3.6666666666666665,0.19666666666666666,0.0,0.2,3.8,0.174,0.1,0.3,3.4,0.174,-0.1,0.2666666666666666,0,5
3480,0.3333333333333333,0.3333333333333333,2.3333333333333335,0.16,0.2,0.2,3.2,0.126,0.1,0.1,4.1,0.145,0.1,-1.7666666666666662,1,0
3481,0.3333333333333333,0.6666666666666666,3.0,0.1433333333333333,0.2,0.6,3.4,0.124,0.2,0.5,3.5,0.149,0.0,-0.5,0,2
3482,0.0,0.6666666666666666,3.0,0.15333333333333332,0.0,0.4,3.8,0.184,0.1,0.3,3.7,0.143,-0.16666666666666666,-0.7000000000000002,0,7
3483,0.0,0.0,3.3333333333333335,0.18666666666666668,0.0,0.0,4.2,0.162,0.0,0.1,3.6,0.146,-0.16666666666666666,-0.2666666666666666,0,12
3484,0.3333333333333333,0.6666666666666666,2.0,0.16333333333333333,0.2,0.4,3.4,0.16999999999999998,0.2,0.4,3.4,0.16300000000000003,-0.09999999999999998,-1.4,1,0
3485,0.3333333333333333,0.3333333333333333,2.6666666666666665,0.15000000000000002,0.4,0.4,3.0,0.18000000000000002,0.2,0.2,3.2,0.173,0.2,-0.5333333333333337,1,0
3486,0.3333333333333333,0.6666666666666666,2.3333333333333335,0.14,0.4,0.8,2.0,0.14600000000000002,0.2,0.4,3.2,0.158,0.2,-0.8666666666666667,0,2
3487,0.0,0.3333333333333333,3.0,0.15666666666666668,0.2,0.4,3.2,0.156,0.2,0.4,3.1,0.15799999999999997,0.06666666666666668,-0.10000000000000009,0,3
3488,0.0,0.3333333333333333,4.0,0.1366666666666667,0.2,0.4,3.2,0.12200000000000003,0.3,0.4,3.2,0.14200000000000002,0.0,0.7999999999999998,0,3
3489,0.0,0.3333333333333333,4.333333333333333,0.14666666666666664,0.0,0.2,4.8,0.156,0.1,0.4,3.7,0.15599999999999997,-0.06666666666666667,0.6333333333333329,0,7
3490,0.6666666666666666,0.6666666666666666,2.0,0.13333333333333333,0.4,0.6,2.4,0.148,0.2,0.4,3.6,0.16000000000000003,0.2,-1.6,2,0
3491,0.0,0.3333333333333333,3.0,0.16333333333333333,0.2,0.4,2.6,0.166,0.2,0.3,3.2,0.16099999999999998,0.0,-0.20000000000000018,0,3
3492,0.0,0.0,4.0,0.15000000000000002,0.0,0.2,3.8,0.162,0.1,0.2,4.0,0.15799999999999997,-0.16666666666666666,0.0,0,9
3493,0.3333333333333333,0.6666666666666666,2.6666666666666665,0.17,0.2,0.4,3.6,0.15799999999999997,0.2,0.5,3.1,0.151,0.033333333333333354,-0.43333333333333357,0,1
3494,0.0,0.0,4.333333333333333,0.14666666666666667,0.2,0.2,3.6,0.13199999999999998,0.2,0.2,3.7,0.121,0.033333333333333354,0.6333333333333329,0,3
3495,0.0,0.0,5.333333333333333,0.15,0.4,0.4,3.6,0.156,0.3,0.5,3.5,0.15399999999999997,0.2,1.833333333333333,0,3
3496,0.0,0.0,5.0,0.16333333333333333,0.0,0.2,4.2,0.138,0.1,0.3,3.8,0.14299999999999996,-0.23333333333333334,1.2000000000000002,0,9
3497,0.0,0.3333333333333333,4.333333333333333,0.16333333333333333,0.0,0.4,3.6,0.16799999999999998,0.0,0.4,3.6,0.187,-0.13333333333333333,0.733333333333333,0,13
3498,0.0,0.0,3.6666666666666665,0.15,0.0,0.0,4.0,0.152,0.1,0.1,4.1,0.152,-0.06666666666666667,-0.4333333333333331,0,9
3499,0.0,0.0,5.0,0.15333333333333335,0.2,0.4,3.6,0.14,0.2,0.5,3.3,0.12799999999999997,-0.06666666666666665,1.7000000000000002,0,3
3500,0.3333333333333333,0.3333333333333333,3.0,0.16333333333333333,0.4,0.6,2.4,0.154,0.2,0.4,3.0,0.146,0.16666666666666669,0.0,0,2
3501,0.3333333333333333,0.6666666666666666,2.3333333333333335,0.15666666666666668,0.4,0.6,2.6,0.156,0.2,0.4,3.1,0.152,0.33333333333333337,-0.7666666666666666,0,1
3502,0.3333333333333333,0.6666666666666666,2.6666666666666665,0.11,0.4,0.6,2.6,0.13400000000000004,0.3,0.6,2.5,0.134,0.2,0.16666666666666652,0,2
3503,0.0,0.0,4.666666666666667,0.17666666666666667,0.0,0.0,5.2,0.16799999999999998,0.0,0.1,4.5,0.15699999999999997,-0.06666666666666667,0.16666666666666696,0,20
3504,0.0,0.3333333333333333,3.0,0.10666666666666667,0.2,0.4,2.8,0.11000000000000001,0.2,0.4,2.9,0.11200000000000002,0.1,0.10000000000000009,0,3
3505,0.3333333333333333,0.6666666666666666,2.3333333333333335,0.18000000000000002,0.2,0.4,3.6,0.166,0.1,0.4,3.8,0.15100000000000002,0.06666666666666668,-1.4666666666666663,1,0
3506,0.3333333333333333,0.3333333333333333,3.3333333333333335,0.13333333333333333,0.2,0.2,3.8,0.134,0.2,0.3,3.6,0.14100000000000001,0.06666666666666668,-0.2666666666666666,0,1
3507,0.0,0.3333333333333333,4.0,0.1366666666666667,0.2,0.6,3.0,0.14600000000000002,0.1,0.3,3.7,0.149,0.1,0.2999999999999998,0,3
3508,0.0,0.6666666666666666,2.6666666666666665,0.1366666666666667,0.0,0.6,2.8,0.152,0.1,0.5,3.1,0.164,-0.16666666666666666,-0.43333333333333357,0,5
3509,0.0,0.3333333333333333,3.6666666666666665,0.14333333333333334,0.0,0.2,4.6,0.138,0.0,0.3,4.1,0.145,-0.16666666666666666,-0.4333333333333331,0,12
3510,0.3333333333333333,0.3333333333333333,3.0,0.18666666666666668,0.2,0.4,3.0,0.164,0.1,0.3,3.6,0.15999999999999998,0.1,-0.6000000000000001,0,2
3511,0.0,0.0,3.3333333333333335,0.12,0.0,0.2,3.0,0.144,0.2,0.4,2.8,0.142,-0.23333333333333334,0.5333333333333337,0,5
3512,0.3333333333333333,0.6666666666666666,2.3333333333333335,0.12,0.2,0.4,3.4,0.128,0.1,0.2,3.8,0.13700000000000004,0.1,-1.4666666666666663,0,1
3513,0.0,0.6666666666666666,3.0,0.16,0.2,0.6,2.8,0.154,0.2,0.5,3.3,0.155,0.0,-0.2999999999999998,0,4
3514,0.0,0.0,5.0,0.17333333333333334,0.0,0.0,4.2,0.16,0.0,0.1,4.3,0.16,-0.2,0.7000000000000002,0,10
3515,0.3333333333333333,0.6666666666666666,3.0,0.14666666666666667,0.2,0.4,3.4,0.134,0.2,0.5,3.2,0.13599999999999998,0.06666666666666668,-0.20000000000000018,0,1
3516,0.3333333333333333,0.3333333333333333,3.6666666666666665,0.1466666666666667,0.2,0.4,3.2,0.15,0.2,0.4,3.4,0.14900000000000002,0.0,0.2666666666666666,0,1
3517,0.3333333333333333,0.3333333333333333,3.3333333333333335,0.14666666666666667,0.2,0.2,4.4,0.15,0.1,0.1,4.1,0.184,0.06666666666666668,-0.7666666666666662,0,2
3518,0.0,0.0,4.0,0.17,0.0,0.0,4.0,0.174,0.1,0.1,3.8,0.16899999999999998,-0.16666666666666666,0.20000000000000018,0,5
3519,0.3333333333333333,0.6666666666666666,2.6666666666666665,0.16666666666666666,0.4,0.6,2.4,0.15200000000000002,0.2,0.3,3.2,0.146,0.2666666666666667,-0.5333333333333337,0,1
3520,0.3333333333333333,0.3333333333333333,3.6666666666666665,0.1366666666666667,0.4,0.4,3.4,0.154,0.5,0.5,2.9,0.16699999999999998,0.10000000000000003,0.7666666666666666,1,0
3521,0.0,0.0,4.333333333333333,0.1466666666666667,0.0,0.2,4.2,0.136,0.0,0.3,3.7,0.15699999999999997,-0.1,0.6333333333333329,0,18
3522,0.3333333333333333,0.6666666666666666,2.6666666666666665,0.12666666666666668,0.4,0.6,2.8,0.122,0.2,0.5,2.7,0.12000000000000002,0.23333333333333336,-0.03333333333333366,0,2
3523,0.0,0.0,5.0,0.17,0.0,0.0,4.6,0.27199999999999996,0.2,0.2,3.9,0.26000000000000006,-0.2,1.1,0,7
3524,0.0,0.0,4.333333333333333,0.16666666666666666,0.0,0.0,4.0,0.144,0.1,0.1,3.9,0.151,-0.06666666666666667,0.4333333333333331,0,5
3525,0.0,0.3333333333333333,3.0,0.12666666666666668,0.0,0.2,4.2,0.12200000000000003,0.1,0.2,3.9,0.14700000000000002,-0.2,-0.8999999999999999,0,6
3526,0.0,0.0,5.0,0.15333333333333335,0.0,0.0,5.2,0.14800000000000002,0.1,0.1,4.5,0.15699999999999997,-0.2,0.5,0,5
3527,0.3333333333333333,0.6666666666666666,2.3333333333333335,0.1733333333333333,0.2,0.4,3.6,0.176,0.1,0.2,3.7,0.17900000000000002,0.06666666666666668,-1.3666666666666667,0,1
3528,0.0,0.0,3.6666666666666665,0.17666666666666667,0.0,0.0,4.6,0.174,0.0,0.0,5.1,0.199,-0.1,-1.4333333333333331,0,11
3529,0.0,0.3333333333333333,4.0,0.10666666666666667,0.0,0.4,4.0,0.11199999999999999,0.0,0.3,3.9,0.14100000000000001,-0.06666666666666667,0.10000000000000009,0,14
3530,0.0,0.3333333333333333,2.6666666666666665,0.17333333333333334,0.2,0.6,2.2,0.182,0.2,0.5,2.7,0.175,0.033333333333333354,-0.03333333333333366,0,4
3531,0.0,1.0,2.0,0.14333333333333334,0.0,0.6,3.0,0.146,0.1,0.4,3.3,0.154,-0.13333333333333333,-1.2999999999999998,0,5
3532,0.0,0.0,5.0,0.21666666666666665,0.2,0.4,3.6,0.186,0.2,0.4,3.4,0.173,-0.1333333333333333,1.6,0,4
3533,0.3333333333333333,0.6666666666666666,2.0,0.17,0.2,0.4,3.2,0.15600000000000003,0.1,0.2,3.9,0.143,0.13333333333333336,-1.9,0,2
3534,0.3333333333333333,0.6666666666666666,2.0,0.15333333333333332,0.4,0.6,2.4,0.17200000000000001,0.3,0.6,2.9,0.153,0.03333333333333338,-0.8999999999999999,0,2
3535,0.0,0.3333333333333333,4.0,0.15333333333333332,0.0,0.2,4.2,0.16,0.2,0.3,3.2,0.15899999999999997,-0.2,0.7999999999999998,0,8
3536,0.0,0.0,4.666666666666667,0.15666666666666668,0.0,0.0,4.6,0.16799999999999998,0.0,0.0,4.4,0.158,-0.06666666666666667,0.2666666666666666,0,26
3537,0.0,0.0,5.333333333333333,0.1366666666666667,0.2,0.2,4.4,0.14,0.3,0.4,3.5,0.14799999999999996,0.033333333333333354,1.833333333333333,0,4
3538,0.0,0.3333333333333333,4.333333333333333,0.11333333333333333,0.0,0.2,4.2,0.136,0.1,0.3,3.6,0.135,-0.16666666666666666,0.733333333333333,0,8
3539,0.0,0.0,4.666666666666667,0.17666666666666667,0.0,0.2,4.0,0.162,0.0,0.2,3.9,0.141,-0.03333333333333333,0.766666666666667,0,25
3540,0.0,0.0,4.666666666666667,0.11333333333333333,0.0,0.0,4.8,0.15,0.0,0.2,3.9,0.157,-0.1,0.766666666666667,0,12
3541,0.3333333333333333,0.3333333333333333,2.6666666666666665,0.1366666666666667,0.2,0.4,3.0,0.14,0.2,0.3,3.3,0.14200000000000002,0.0,-0.6333333333333333,0,1
3542,0.3333333333333333,1.0,1.6666666666666667,0.14,0.4,0.8,1.8,0.158,0.2,0.4,2.8,0.151,0.2666666666666667,-1.133333333333333,0,2
3543,0.0,0.3333333333333333,4.333333333333333,0.13,0.2,0.4,3.4,0.146,0.1,0.3,3.9,0.13999999999999999,0.033333333333333354,0.4333333333333331,0,3
3544,0.3333333333333333,0.6666666666666666,2.3333333333333335,0.16,0.4,0.8,2.0,0.142,0.2,0.5,3.0,0.184,0.2666666666666667,-0.6666666666666665,0,1
3545,0.6666666666666666,0.6666666666666666,1.6666666666666667,0.17,0.6,0.6,2.0,0.178,0.5,0.6,2.1,0.15899999999999997,0.36666666666666664,-0.43333333333333335,1,0
3546,0.0,0.3333333333333333,3.6666666666666665,0.16,0.2,0.6,2.8,0.144,0.1,0.4,3.4,0.15599999999999997,0.1,0.2666666666666666,0,3
3547,0.0,0.3333333333333333,3.3333333333333335,0.18666666666666668,0.2,0.6,2.6,0.186,0.1,0.3,3.5,0.188,0.0,-0.16666666666666652,0,4
3548,0.3333333333333333,0.6666666666666666,2.0,0.13,0.2,0.4,3.4,0.15,0.2,0.3,3.8,0.14400000000000002,0.06666666666666668,-1.7999999999999998,1,0
3549,0.0,0.3333333333333333,4.0,0.15000000000000002,0.2,0.4,3.2,0.14600000000000002,0.1,0.4,3.0,0.156,0.1,1.0,0,4
3550,0.3333333333333333,0.3333333333333333,2.6666666666666665,0.18666666666666665,0.2,0.2,4.0,0.18,0.1,0.1,4.2,0.16999999999999998,-0.033333333333333326,-1.5333333333333337,0,1
3551,0.0,0.0,4.0,0.15666666666666668,0.0,0.0,4.6,0.188,0.0,0.0,4.9,0.18899999999999997,-0.1,-0.9000000000000004,0,10
3552,0.0,0.0,4.333333333333333,0.17333333333333334,0.2,0.2,3.6,0.162,0.1,0.3,3.7,0.158,0.06666666666666668,0.6333333333333329,0,3
3553,0.0,0.0,4.0,0.17666666666666667,0.0,0.0,4.0,0.18400000000000002,0.1,0.2,3.8,0.172,-0.2,0.20000000000000018,0,6
3554,0.0,0.0,5.0,0.17666666666666667,0.2,0.2,4.0,0.184,0.2,0.3,3.7,0.187,-0.033333333333333326,1.2999999999999998,0,4
3555,0.0,0.3333333333333333,3.6666666666666665,0.1366666666666667,0.0,0.2,4.0,0.158,0.2,0.4,3.2,0.14,-0.16666666666666666,0.46666666666666634,0,5
3556,0.0,0.0,5.0,0.15333333333333335,0.0,0.0,4.8,0.14600000000000002,0.0,0.1,3.9,0.14899999999999997,-0.2,1.1,0,12
3557,0.0,0.3333333333333333,4.333333333333333,0.18999999999999997,0.0,0.2,4.4,0.188,0.3,0.5,3.0,0.189,-0.26666666666666666,1.333333333333333,0,5
3558,0.0,0.0,4.666666666666667,0.1466666666666667,0.0,0.0,5.0,0.148,0.0,0.1,4.7,0.16199999999999998,-0.13333333333333333,-0.033333333333333215,0,11
3559,0.3333333333333333,0.3333333333333333,2.6666666666666665,0.1366666666666667,0.6,0.6,2.0,0.156,0.5,0.5,2.6,0.134,0.23333333333333334,0.06666666666666643,0,2
3560,0.3333333333333333,0.6666666666666666,2.0,0.16,0.4,0.6,2.6,0.15,0.2,0.4,3.6,0.16399999999999998,0.2666666666666667,-1.6,0,1
3561,0.3333333333333333,0.3333333333333333,4.0,0.15000000000000002,0.4,0.4,3.8,0.154,0.4,0.4,3.5,0.161,0.10000000000000003,0.5,1,0
3562,0.0,0.0,3.3333333333333335,0.12,0.2,0.2,3.2,0.138,0.2,0.2,3.5,0.131,0.033333333333333354,-0.16666666666666652,0,4
3563,0.0,0.3333333333333333,4.666666666666667,0.13999999999999999,0.2,0.4,4.2,0.128,0.3,0.5,3.7,0.122,0.033333333333333354,0.9666666666666668,0,3
3564,0.0,0.0,6.0,0.17666666666666667,0.0,0.0,5.2,0.176,0.0,0.0,5.1,0.14100000000000001,-0.2,0.9000000000000004,0,10
3565,0.0,0.0,4.666666666666667,0.16666666666666666,0.0,0.0,4.4,0.16200000000000003,0.2,0.2,3.7,0.15,-0.16666666666666666,0.9666666666666668,0,8
3566,0.3333333333333333,0.3333333333333333,3.3333333333333335,0.1366666666666667,0.2,0.2,3.8,0.13,0.1,0.1,4.0,0.15999999999999998,0.033333333333333354,-0.6666666666666665,0,2
3567,0.0,0.3333333333333333,3.6666666666666665,0.18000000000000002,0.0,0.2,3.6,0.17800000000000002,0.1,0.3,3.6,0.149,-0.03333333333333333,0.06666666666666643,0,7
3568,0.0,0.0,4.0,0.12,0.0,0.0,4.2,0.11399999999999999,0.0,0.1,4.4,0.11600000000000002,-0.1,-0.40000000000000036,0,23
3569,0.3333333333333333,0.6666666666666666,2.3333333333333335,0.14,0.2,0.4,3.0,0.134,0.1,0.2,3.5,0.16699999999999998,0.1,-1.1666666666666665,0,1
3570,0.3333333333333333,0.3333333333333333,3.3333333333333335,0.17,0.2,0.4,3.6,0.16599999999999998,0.2,0.3,3.6,0.15400000000000003,-0.09999999999999998,-0.2666666666666666,1,0
3571,0.6666666666666666,0.6666666666666666,2.3333333333333335,0.18000000000000002,0.4,0.4,2.6,0.174,0.2,0.4,3.1,0.16799999999999998,0.2666666666666667,-0.7666666666666666,2,0
3572,0.0,0.6666666666666666,3.0,0.13,0.0,0.6,3.2,0.124,0.0,0.3,3.7,0.18999999999999997,-0.1,-0.7000000000000002,0,13
3573,0.3333333333333333,0.3333333333333333,4.0,0.14333333333333334,0.2,0.4,3.8,0.136,0.2,0.4,3.7,0.157,0.033333333333333354,0.2999999999999998,1,0
3574,0.6666666666666666,1.0,1.3333333333333333,0.16,0.4,0.6,2.2,0.15999999999999998,0.3,0.5,2.6,0.163,0.16666666666666669,-1.2666666666666668,0,1
3575,0.3333333333333333,0.3333333333333333,3.6666666666666665,0.13333333333333333,0.2,0.2,4.0,0.134,0.2,0.4,3.3,0.144,0.13333333333333336,0.3666666666666667,0,2
3576,0.0,0.3333333333333333,3.3333333333333335,0.19666666666666668,0.2,0.4,3.0,0.188,0.1,0.3,3.1,0.16999999999999998,0.06666666666666668,0.2333333333333334,0,3
3577,0.3333333333333333,0.3333333333333333,3.3333333333333335,0.16,0.4,0.4,3.2,0.14600000000000002,0.3,0.3,3.8,0.14299999999999996,0.2666666666666667,-0.46666666666666634,1,0
3578,0.0,0.6666666666666666,3.3333333333333335,0.17666666666666667,0.0,0.6,3.0,0.156,0.0,0.3,3.8,0.141,-0.03333333333333333,-0.46666666666666634,0,21
3579,0.3333333333333333,0.3333333333333333,3.0,0.13666666666666666,0.6,0.6,2.2,0.146,0.4,0.6,2.6,0.188,0.39999999999999997,0.3999999999999999,1,0
3580,0.3333333333333333,0.6666666666666666,2.0,0.16,0.2,0.4,3.6,0.164,0.3,0.4,3.5,0.15899999999999997,-0.1333333333333333,-1.5,1,0
3581,0.0,0.0,4.0,0.19000000000000003,0.0,0.0,4.2,0.196,0.1,0.2,3.8,0.195,-0.13333333333333333,0.20000000000000018,0,5
3582,0.3333333333333333,0.3333333333333333,3.3333333333333335,0.1366666666666667,0.2,0.2,3.8,0.154,0.1,0.2,3.8,0.15599999999999997,-0.033333333333333326,-0.46666666666666634,1,0
3583,0.0,0.3333333333333333,3.6666666666666665,0.18000000000000002,0.0,0.2,4.2,0.15999999999999998,0.0,0.1,4.5,0.144,-0.1,-0.8333333333333335,0,18
3584,0.0,0.0,3.3333333333333335,0.14,0.0,0.0,3.8,0.132,0.1,0.1,4.0,0.154,-0.13333333333333333,-0.6666666666666665,0,7
3585,0.3333333333333333,0.6666666666666666,2.3333333333333335,0.15333333333333335,0.2,0.4,2.6,0.158,0.1,0.2,3.1,0.15099999999999997,0.1,-0.7666666666666666,0,2
3586,0.3333333333333333,0.3333333333333333,3.0,0.1566666666666667,0.2,0.2,3.4,0.168,0.3,0.3,3.0,0.167,0.033333333333333354,0.0,0,1
3587,0.0,0.3333333333333333,3.3333333333333335,0.18333333333333335,0.0,0.2,3.8,0.156,0.1,0.2,4.0,0.13299999999999998,-0.13333333333333333,-0.6666666666666665,0,7
3588,0.3333333333333333,0.6666666666666666,2.3333333333333335,0.16333333333333333,0.2,0.6,3.0,0.168,0.2,0.4,3.8,0.179,-0.09999999999999998,-1.4666666666666663,0,1
3589,0.3333333333333333,0.6666666666666666,2.6666666666666665,0.14,0.2,0.6,3.0,0.138,0.1,0.3,3.6,0.12,-0.06666666666666665,-0.9333333333333336,1,0
3590,0.3333333333333333,0.3333333333333333,3.6666666666666665,0.16333333333333333,0.4,0.6,2.8,0.12599999999999997,0.4,0.5,2.9,0.142,0.16666666666666669,0.7666666666666666,1,0
3591,0.0,0.0,5.333333333333333,0.10666666666666667,0.0,0.0,5.0,0.13199999999999998,0.1,0.1,4.8,0.15400000000000003,-0.2,0.5333333333333332,0,9
3592,0.0,0.0,5.333333333333333,0.15,0.0,0.2,4.6,0.14200000000000002,0.2,0.4,3.9,0.146,-0.16666666666666666,1.4333333333333331,0,5
3593,0.3333333333333333,1.0,1.6666666666666667,0.14333333333333334,0.2,0.8,2.6,0.136,0.3,0.6,2.8,0.137,0.06666666666666668,-1.133333333333333,0,2
3594,0.3333333333333333,0.6666666666666666,2.3333333333333335,0.18000000000000002,0.2,0.4,3.0,0.162,0.3,0.4,2.7,0.13999999999999999,-0.06666666666666665,-0.3666666666666667,0,1
3595,0.0,0.6666666666666666,3.0,0.17333333333333334,0.2,0.6,3.2,0.164,0.2,0.4,3.5,0.175,0.0,-0.5,0,3
3596,0.6666666666666666,0.6666666666666666,1.6666666666666667,0.13333333333333333,0.6,0.6,2.0,0.144,0.4,0.4,3.2,0.14700000000000005,0.39999999999999997,-1.5333333333333334,1,0
3597,0.0,0.0,5.666666666666667,0.14666666666666667,0.0,0.0,4.6,0.142,0.1,0.2,4.3,0.141,-0.16666666666666666,1.3666666666666671,0,9
3598,0.3333333333333333,0.3333333333333333,3.0,0.16666666666666666,0.4,0.4,2.6,0.13999999999999999,0.5,0.5,2.4,0.157,0.16666666666666669,0.6000000000000001,0,1
3599,0.6666666666666666,1.0,1.3333333333333333,0.16333333333333333,0.6,0.8,2.0,0.156,0.5,0.7,2.5,0.16000000000000003,0.39999999999999997,-1.1666666666666667,1,0
3600,0.3333333333333333,0.3333333333333333,2.3333333333333335,0.12666666666666668,0.4,0.4,2.8,0.122,0.3,0.3,3.3,0.142,0.2,-0.9666666666666663,0,2
3601,0.3333333333333333,0.3333333333333333,3.3333333333333335,0.13333333333333333,0.2,0.4,3.2,0.134,0.1,0.3,3.7,0.133,-0.033333333333333326,-0.3666666666666667,1,0
3602,0.0,0.0,3.3333333333333335,0.21666666666666665,0.0,0.2,3.2,0.20600000000000002,0.1,0.3,3.3,0.192,-0.1,0.03333333333333366,0,7
3603,0.0,0.0,5.333333333333333,0.17666666666666667,0.2,0.2,4.4,0.16,0.2,0.4,3.5,0.16399999999999998,-0.033333333333333326,1.833333333333333,0,3
3604,0.0,0.0,4.0,0.17333333333333334,0.2,0.2,3.8,0.16,0.2,0.2,3.8,0.175,0.033333333333333354,0.20000000000000018,0,3
3605,0.0,0.3333333333333333,3.6666666666666665,0.14666666666666667,0.0,0.2,4.4,0.164,0.0,0.1,4.7,0.184,-0.06666666666666667,-1.0333333333333337,0,18
3606,0.3333333333333333,0.3333333333333333,3.0,0.12000000000000001,0.2,0.4,3.4,0.10599999999999998,0.1,0.4,3.3,0.13499999999999998,0.033333333333333354,-0.2999999999999998,0,1
3607,0.0,0.0,4.666666666666667,0.11666666666666665,0.0,0.0,5.0,0.12,0.1,0.1,4.3,0.13000000000000003,-0.13333333333333333,0.36666666666666714,0,6
3608,0.0,0.3333333333333333,4.0,0.15333333333333335,0.0,0.4,3.6,0.126,0.0,0.5,3.2,0.133,-0.06666666666666667,0.7999999999999998,0,10
3609,0.3333333333333333,0.3333333333333333,2.6666666666666665,0.15000000000000002,0.2,0.2,3.4,0.14600000000000002,0.1,0.2,3.8,0.156,0.13333333333333336,-1.1333333333333333,0,2
3610,0.0,0.0,4.666666666666667,0.12,0.0,0.2,4.0,0.10400000000000001,0.0,0.2,4.0,0.11600000000000002,-0.23333333333333334,0.666666666666667,0,17
3611,0.0,0.3333333333333333,3.3333333333333335,0.14666666666666667,0.0,0.6,2.8,0.148,0.1,0.6,2.8,0.135,-0.13333333333333333,0.5333333333333337,0,6
3612,0.3333333333333333,0.6666666666666666,2.0,0.15333333333333332,0.4,0.6,2.0,0.148,0.4,0.7,2.0,0.141,0.0,0.0,0,2
3613,0.3333333333333333,0.6666666666666666,2.6666666666666665,0.12666666666666668,0.4,0.6,2.8,0.14,0.3,0.6,2.8,0.138,0.2,-0.1333333333333333,1,0
3614,0.0,0.3333333333333333,3.6666666666666665,0.21333333333333335,0.0,0.2,4.0,0.21600000000000003,0.0,0.2,3.8,0.189,-0.13333333333333333,-0.1333333333333333,0,16
3615,0.6666666666666666,0.6666666666666666,2.6666666666666665,0.11666666666666668,0.4,0.6,2.8,0.142,0.4,0.6,2.6,0.135,0.10000000000000003,0.06666666666666643,2,0
3616,0.0,0.0,5.0,0.17666666666666667,0.0,0.0,5.0,0.172,0.0,0.0,5.3,0.179,-0.06666666666666667,-0.2999999999999998,0,22
3617,0.0,0.3333333333333333,3.3333333333333335,0.21333333333333335,0.0,0.2,4.2,0.20400000000000001,0.2,0.4,3.7,0.196,-0.1,-0.3666666666666667,0,7
3618,0.0,0.0,4.0,0.12333333333333334,0.0,0.0,3.8,0.11800000000000002,0.0,0.2,3.7,0.151,-0.06666666666666667,0.2999999999999998,0,12
3619,0.0,0.3333333333333333,3.3333333333333335,0.09666666666666668,0.2,0.4,2.8,0.11400000000000002,0.2,0.4,3.3,0.167,0.1,0.03333333333333366,0,3
3620,0.3333333333333333,0.3333333333333333,4.0,0.16666666666666666,0.2,0.2,4.2,0.178,0.2,0.3,3.9,0.186,0.0,0.10000000000000009,1,0
3621,0.0,0.6666666666666666,3.0,0.08,0.0,0.4,3.4,0.11200000000000002,0.0,0.3,3.5,0.149,-0.1,-0.5,0,17
3622,0.3333333333333333,0.6666666666666666,2.3333333333333335,0.15333333333333332,0.2,0.4,3.6,0.152,0.2,0.3,3.3,0.17099999999999999,-0.033333333333333326,-0.9666666666666663,0,2
3623,0.3333333333333333,0.3333333333333333,4.333333333333333,0.17666666666666667,0.4,0.4,3.8,0.156,0.4,0.4,3.5,0.139,0.06666666666666671,0.833333333333333,0,2
3624,0.0,0.3333333333333333,3.0,0.18333333333333335,0.0,0.2,3.4,0.164,0.2,0.3,3.3,0.172,-0.23333333333333334,-0.2999999999999998,0,6
3625,0.6666666666666666,0.6666666666666666,2.3333333333333335,0.13999999999999999,0.6,0.6,2.2,0.13999999999999999,0.4,0.4,3.2,0.14399999999999996,0.23333333333333334,-0.8666666666666667,2,0
3626,0.0,0.3333333333333333,4.333333333333333,0.1366666666666667,0.0,0.2,4.2,0.156,0.2,0.3,4.0,0.14799999999999996,-0.23333333333333334,0.33333333333333304,0,5
3627,0.0,0.0,4.0,0.1466666666666667,0.0,0.0,4.2,0.16,0.0,0.1,4.1,0.16999999999999998,-0.03333333333333333,-0.09999999999999964,0,23
3628,0.0,0.6666666666666666,3.3333333333333335,0.19333333333333336,0.0,0.6,3.2,0.182,0.1,0.5,3.2,0.16999999999999998,-0.13333333333333333,0.1333333333333333,0,9
3629,0.3333333333333333,0.3333333333333333,4.0,0.15333333333333332,0.2,0.4,3.4,0.142,0.1,0.3,3.3,0.138,0.06666666666666668,0.7000000000000002,0,2
3630,0.0,0.0,5.333333333333333,0.13666666666666666,0.2,0.2,4.6,0.148,0.1,0.3,4.0,0.148,0.1,1.333333333333333,0,4
3631,0.0,0.0,3.6666666666666665,0.11666666666666668,0.0,0.0,3.6,0.134,0.0,0.0,3.9,0.125,-0.03333333333333333,-0.2333333333333334,0,26
3632,0.6666666666666666,0.6666666666666666,2.0,0.14666666666666667,0.6,0.8,1.8,0.152,0.3,0.4,3.2,0.13599999999999998,0.43333333333333335,-1.2000000000000002,1,0
3633,0.0,0.3333333333333333,3.6666666666666665,0.17,0.0,0.2,4.4,0.154,0.0,0.1,4.7,0.127,-0.16666666666666666,-1.0333333333333337,0,10
3634,0.3333333333333333,0.3333333333333333,3.3333333333333335,0.13333333333333333,0.2,0.2,4.4,0.16,0.2,0.4,3.7,0.15499999999999997,0.033333333333333354,-0.3666666666666667,0,2
3635,0.0,0.0,5.333333333333333,0.14,0.0,0.2,4.2,0.15000000000000002,0.0,0.1,4.7,0.15099999999999997,-0.1,0.6333333333333329,0,10
3636,0.0,0.0,5.0,0.18000000000000002,0.0,0.0,5.2,0.166,0.1,0.3,3.8,0.144,-0.06666666666666667,1.2000000000000002,0,8
3637,0.3333333333333333,0.6666666666666666,3.0,0.14,0.6,0.8,2.2,0.132,0.3,0.7,2.4,0.15499999999999997,0.43333333333333335,0.6000000000000001,1,0
3638,0.0,0.3333333333333333,3.3333333333333335,0.14666666666666664,0.0,0.2,4.0,0.15199999999999997,0.1,0.3,3.7,0.148,-0.16666666666666666,-0.3666666666666667,0,9
3639,0.3333333333333333,0.3333333333333333,3.3333333333333335,0.1566666666666667,0.4,0.4,3.0,0.15200000000000002,0.3,0.4,2.8,0.16599999999999998,0.30000000000000004,0.5333333333333337,0,2
3640,0.3333333333333333,0.6666666666666666,2.3333333333333335,0.14,0.4,0.6,2.6,0.138,0.4,0.5,2.7,0.15000000000000002,0.16666666666666669,-0.3666666666666667,1,0
3641,0.0,0.0,5.333333333333333,0.12666666666666668,0.0,0.0,5.0,0.128,0.1,0.2,3.8,0.14,-0.2,1.5333333333333332,0,7
3642,0.3333333333333333,0.3333333333333333,2.3333333333333335,0.15333333333333335,0.2,0.2,2.8,0.14400000000000002,0.1,0.4,2.7,0.15599999999999997,-0.033333333333333326,-0.3666666666666667,0,2
3643,0.0,0.0,4.0,0.19333333333333336,0.0,0.2,3.8,0.174,0.0,0.3,3.7,0.192,-0.16666666666666666,0.2999999999999998,0,10
3644,0.0,0.0,5.0,0.14333333333333334,0.0,0.0,5.2,0.14200000000000002,0.0,0.2,4.4,0.14200000000000002,-0.03333333333333333,0.5999999999999996,0,10
3645,0.3333333333333333,0.3333333333333333,3.3333333333333335,0.1366666666666667,0.4,0.4,3.2,0.148,0.2,0.5,3.3,0.13399999999999998,0.13333333333333336,0.03333333333333366,1,0
3646,0.0,0.3333333333333333,3.0,0.18333333333333335,0.0,0.2,3.8,0.168,0.1,0.3,3.7,0.16699999999999998,-0.1,-0.7000000000000002,0,5
3647,0.0,0.0,4.666666666666667,0.15333333333333335,0.2,0.4,3.4,0.156,0.1,0.4,3.1,0.16099999999999998,0.16666666666666669,1.5666666666666669,0,4
3648,0.0,0.3333333333333333,3.0,0.13333333333333333,0.0,0.2,3.4,0.136,0.0,0.3,3.3,0.13799999999999998,-0.1,-0.2999999999999998,0,18
3649,0.6666666666666666,0.6666666666666666,2.6666666666666665,0.12333333333333334,0.4,0.4,3.0,0.16399999999999998,0.3,0.3,3.5,0.14900000000000002,0.23333333333333336,-0.8333333333333335,1,0
3650,0.3333333333333333,0.6666666666666666,2.0,0.16,0.2,0.6,2.6,0.15,0.2,0.5,3.2,0.15599999999999997,-0.06666666666666665,-1.2000000000000002,1,0
3651,0.0,0.3333333333333333,4.333333333333333,0.1366666666666667,0.2,0.4,4.0,0.154,0.3,0.4,3.4,0.154,-0.09999999999999998,0.9333333333333331,0,4
3652,0.0,0.0,3.0,0.10666666666666667,0.0,0.2,3.4,0.126,0.1,0.2,3.4,0.15200000000000002,-0.1,-0.3999999999999999,0,5
3653,0.3333333333333333,0.3333333333333333,2.6666666666666665,0.17,0.2,0.2,4.0,0.162,0.1,0.2,3.7,0.16999999999999998,0.1,-1.0333333333333337,0,1
3654,0.0,0.0,6.0,0.15333333333333335,0.4,0.4,4.0,0.162,0.3,0.4,3.8,0.13999999999999999,0.13333333333333336,2.2,0,3
3655,0.0,0.0,3.0,0.13,0.0,0.0,3.8,0.13000000000000003,0.2,0.2,3.3,0.13399999999999998,-0.1,-0.2999999999999998,0,5
3656,0.0,0.0,4.333333333333333,0.23,0.0,0.0,4.0,0.20600000000000004,0.3,0.3,3.3,0.191,-0.23333333333333334,1.0333333333333332,0,5
3657,0.0,0.6666666666666666,3.0,0.20666666666666667,0.0,0.6,3.4,0.176,0.2,0.7,2.6,0.172,-0.16666666666666666,0.3999999999999999,0,5
3658,0.3333333333333333,0.6666666666666666,2.3333333333333335,0.15000000000000002,0.4,0.8,2.0,0.168,0.2,0.5,3.4,0.17099999999999999,0.13333333333333336,-1.0666666666666664,0,2
3659,0.0,0.3333333333333333,3.3333333333333335,0.11666666666666665,0.0,0.4,3.4,0.12799999999999997,0.2,0.4,3.2,0.14400000000000002,-0.16666666666666666,0.1333333333333333,0,5
3660,0.0,0.0,4.333333333333333,0.19666666666666666,0.0,0.0,4.4,0.186,0.0,0.2,3.9,0.16499999999999998,-0.06666666666666667,0.4333333333333331,0,19
3661,0.6666666666666666,1.0,1.3333333333333333,0.19666666666666668,0.4,0.6,3.2,0.21999999999999997,0.3,0.4,3.1,0.192,0.16666666666666669,-1.7666666666666668,0,1
3662,0.0,0.0,3.6666666666666665,0.14666666666666667,0.2,0.2,3.0,0.16199999999999998,0.2,0.3,3.1,0.173,-0.033333333333333326,0.5666666666666664,0,4
3663,0.0,0.3333333333333333,3.0,0.15,0.0,0.4,3.0,0.16999999999999998,0.0,0.2,3.8,0.18,-0.13333333333333333,-0.7999999999999998,0,11
3664,0.0,0.0,4.333333333333333,0.17333333333333334,0.0,0.0,3.8,0.168,0.0,0.2,3.8,0.15700000000000003,-0.1,0.5333333333333332,0,12
3665,0.0,0.3333333333333333,2.6666666666666665,0.15333333333333332,0.0,0.4,2.6,0.14400000000000002,0.2,0.4,2.6,0.124,-0.2,0.06666666666666643,0,5
3666,0.3333333333333333,0.6666666666666666,3.0,0.12666666666666668,0.4,0.6,3.2,0.146,0.3,0.4,3.7,0.12900000000000003,0.13333333333333336,-0.7000000000000002,1,0
3667,0.0,0.0,4.666666666666667,0.10333333333333333,0.0,0.0,5.0,0.14200000000000002,0.1,0.1,4.2,0.14100000000000001,-0.16666666666666666,0.4666666666666668,0,8
3668,0.3333333333333333,0.3333333333333333,3.6666666666666665,0.12666666666666668,0.2,0.2,3.8,0.124,0.2,0.3,4.0,0.13399999999999998,0.033333333333333354,-0.3333333333333335,0,1
3669,0.0,0.6666666666666666,2.3333333333333335,0.15333333333333335,0.0,0.6,3.0,0.158,0.1,0.5,3.4,0.14800000000000002,-0.1,-1.0666666666666664,0,8
3670,0.0,0.0,4.666666666666667,0.17,0.0,0.2,4.0,0.16,0.0,0.1,4.3,0.154,-0.06666666666666667,0.36666666666666714,0,22
3671,0.3333333333333333,0.6666666666666666,2.3333333333333335,0.12333333333333334,0.2,0.6,3.0,0.124,0.1,0.4,3.9,0.14500000000000002,0.06666666666666668,-1.5666666666666664,1,0
3672,0.0,0.0,4.0,0.15000000000000002,0.0,0.0,4.2,0.14800000000000002,0.0,0.3,3.9,0.15899999999999997,-0.1,0.10000000000000009,0,11
3673,0.6666666666666666,0.6666666666666666,1.6666666666666667,0.1366666666666667,0.6,0.6,2.0,0.136,0.6,0.6,2.1,0.15899999999999997,0.39999999999999997,-0.43333333333333335,1,0
3674,0.0,0.0,4.333333333333333,0.14666666666666664,0.0,0.0,3.8,0.13999999999999999,0.1,0.1,3.5,0.138,-0.16666666666666666,0.833333333333333,0,6
3675,0.0,0.0,4.333333333333333,0.17333333333333334,0.0,0.0,5.0,0.16,0.0,0.1,4.4,0.157,-0.1,-0.06666666666666732,0,10
3676,0.0,1.0,2.0,0.10000000000000002,0.0,0.6,3.2,0.12800000000000003,0.3,0.6,2.9,0.13000000000000003,-0.2,-0.8999999999999999,0,5
3677,0.0,0.0,4.666666666666667,0.14,0.0,0.0,4.4,0.148,0.1,0.4,3.3,0.14699999999999996,-0.23333333333333334,1.3666666666666671,0,6
3678,0.0,0.0,4.0,0.11666666666666665,0.2,0.2,3.4,0.11400000000000002,0.2,0.2,3.9,0.126,-0.033333333333333326,0.10000000000000009,0,4
3679,0.0,0.0,4.333333333333333,0.1366666666666667,0.2,0.4,3.2,0.16,0.1,0.3,3.6,0.15499999999999997,0.033333333333333354,0.733333333333333,0,3
3680,0.3333333333333333,0.3333333333333333,4.333333333333333,0.15,0.4,0.4,3.8,0.16599999999999998,0.2,0.2,4.5,0.184,0.2,-0.16666666666666696,0,2
3681,0.3333333333333333,0.3333333333333333,4.0,0.13666666666666666,0.2,0.2,4.2,0.14400000000000002,0.2,0.2,3.9,0.154,0.0,0.10000000000000009,0,1
3682,0.0,0.0,5.666666666666667,0.16,0.0,0.0,4.8,0.158,0.2,0.2,4.0,0.16299999999999998,-0.26666666666666666,1.666666666666667,0,5
3683,0.3333333333333333,0.3333333333333333,3.0,0.15000000000000002,0.6,0.6,2.2,0.16,0.3,0.4,3.0,0.15899999999999997,0.4666666666666667,0.0,0,2
3684,0.0,0.0,4.666666666666667,0.13999999999999999,0.0,0.2,4.4,0.144,0.1,0.4,3.6,0.16299999999999998,-0.2,1.0666666666666669,0,8
3685,0.0,0.3333333333333333,4.666666666666667,0.15666666666666665,0.0,0.2,4.6,0.172,0.1,0.4,3.4,0.15499999999999997,-0.1,1.266666666666667,0,7
3686,0.3333333333333333,0.6666666666666666,2.3333333333333335,0.16333333333333333,0.2,0.4,3.4,0.158,0.3,0.4,3.4,0.146,-0.06666666666666665,-1.0666666666666664,1,0
3687,0.0,0.3333333333333333,4.333333333333333,0.08666666666666667,0.4,0.6,3.0,0.11000000000000001,0.3,0.4,3.5,0.15400000000000003,0.2666666666666667,0.833333333333333,0,3
3688,0.3333333333333333,0.3333333333333333,3.3333333333333335,0.18000000000000002,0.2,0.4,3.0,0.16399999999999998,0.2,0.5,2.7,0.15700000000000003,0.033333333333333354,0.6333333333333333,0,1
3689,0.0,0.0,5.666666666666667,0.17666666666666667,0.0,0.2,4.6,0.17200000000000001,0.2,0.3,3.9,0.16499999999999998,-0.2,1.766666666666667,0,6
3690,0.0,0.3333333333333333,3.3333333333333335,0.16,0.0,0.4,3.0,0.138,0.0,0.3,3.3,0.195,-0.13333333333333333,0.03333333333333366,0,10
3691,0.0,0.6666666666666666,3.0,0.17,0.0,0.4,3.2,0.16400000000000003,0.0,0.3,3.6,0.176,-0.16666666666666666,-0.6000000000000001,0,10
3692,0.3333333333333333,0.6666666666666666,3.0,0.15,0.2,0.6,2.8,0.154,0.1,0.3,3.8,0.19699999999999998,0.06666666666666668,-0.7999999999999998,0,2
3693,0.0,0.0,5.333333333333333,0.18000000000000002,0.2,0.2,4.2,0.18,0.2,0.2,3.8,0.174,0.0,1.5333333333333332,0,4
3694,0.3333333333333333,0.3333333333333333,3.3333333333333335,0.13333333333333333,0.2,0.2,3.6,0.132,0.1,0.1,4.1,0.132,0.06666666666666668,-0.7666666666666662,0,2
3695,0.0,0.0,3.6666666666666665,0.19666666666666668,0.0,0.4,3.0,0.162,0.0,0.4,3.4,0.15599999999999997,-0.13333333333333333,0.2666666666666666,0,10
3696,0.6666666666666666,0.6666666666666666,2.3333333333333335,0.10666666666666667,0.4,0.4,3.0,0.124,0.2,0.3,3.6,0.145,0.2,-1.2666666666666666,1,0
3697,0.3333333333333333,0.6666666666666666,2.3333333333333335,0.18333333333333335,0.4,0.6,2.8,0.164,0.2,0.5,2.9,0.148,0.2,-0.5666666666666664,0,1
3698,0.0,0.6666666666666666,3.0,0.14333333333333334,0.0,0.4,3.6,0.196,0.0,0.3,4.2,0.17500000000000002,-0.2,-1.2000000000000002,0,15
3699,0.0,0.0,4.666666666666667,0.15333333333333335,0.0,0.0,4.2,0.14600000000000002,0.1,0.2,4.2,0.16599999999999998,-0.1,0.4666666666666668,0,9
3700,0.6666666666666666,0.6666666666666666,1.6666666666666667,0.16333333333333333,0.4,0.6,2.0,0.166,0.2,0.6,2.5,0.175,0.2,-0.8333333333333333,0,1
3701,0.0,0.6666666666666666,2.3333333333333335,0.18333333333333335,0.0,0.6,2.4,0.17400000000000002,0.1,0.4,3.3,0.16299999999999998,-0.1,-0.9666666666666663,0,8
3702,0.0,0.0,4.0,0.12,0.0,0.0,3.8,0.14,0.2,0.2,3.3,0.15,-0.16666666666666666,0.7000000000000002,0,5
3703,0.3333333333333333,0.6666666666666666,3.0,0.12,0.4,0.6,3.0,0.15000000000000002,0.3,0.5,3.0,0.177,0.2,0.0,1,0
3704,0.0,0.0,5.666666666666667,0.16666666666666666,0.0,0.0,4.8,0.184,0.0,0.1,4.4,0.187,-0.1,1.2666666666666666,0,20
3705,0.0,0.0,3.6666666666666665,0.14,0.0,0.2,3.8,0.134,0.1,0.2,4.0,0.13799999999999998,-0.16666666666666666,-0.3333333333333335,0,9
3706,0.0,0.0,4.0,0.12333333333333334,0.0,0.2,3.4,0.11599999999999999,0.0,0.1,4.0,0.129,-0.1,0.0,0,10
3707,0.0,0.0,3.6666666666666665,0.12666666666666668,0.0,0.0,4.4,0.14200000000000002,0.1,0.1,4.2,0.133,-0.23333333333333334,-0.5333333333333337,0,7
3708,0.0,0.3333333333333333,3.6666666666666665,0.17333333333333334,0.0,0.4,3.4,0.25399999999999995,0.0,0.2,3.8,0.215,-0.13333333333333333,-0.1333333333333333,0,17
3709,0.6666666666666666,1.0,1.3333333333333333,0.17666666666666667,0.4,0.6,2.4,0.178,0.2,0.3,3.3,0.157,0.2,-1.9666666666666666,0,1
3710,0.3333333333333333,0.3333333333333333,3.6666666666666665,0.15666666666666665,0.2,0.2,3.8,0.148,0.2,0.2,3.8,0.166,0.06666666666666668,-0.1333333333333333,0,1
3711,0.3333333333333333,0.3333333333333333,3.3333333333333335,0.12666666666666668,0.2,0.2,4.4,0.13,0.4,0.4,3.1,0.125,-0.033333333333333326,0.2333333333333334,0,2
3712,0.0,0.0,6.0,0.12,0.0,0.2,4.8,0.154,0.0,0.2,4.4,0.165,-0.2,1.5999999999999996,0,10
3713,0.3333333333333333,0.3333333333333333,4.0,0.16,0.4,0.4,3.6,0.13,0.2,0.4,3.4,0.133,0.13333333333333336,0.6000000000000001,1,0
3714,0.6666666666666666,0.6666666666666666,2.0,0.15,0.4,0.6,2.4,0.142,0.2,0.3,3.6,0.164,0.2666666666666667,-1.6,1,0
3715,0.0,0.3333333333333333,4.333333333333333,0.16333333333333336,0.0,0.2,4.2,0.21800000000000003,0.0,0.2,4.0,0.20500000000000002,-0.06666666666666667,0.33333333333333304,0,14
3716,0.3333333333333333,1.0,1.6666666666666667,0.11,0.2,0.6,2.8,0.12400000000000003,0.3,0.5,2.6,0.131,0.033333333333333354,-0.9333333333333333,1,0
3717,0.0,0.0,4.333333333333333,0.16333333333333333,0.0,0.0,4.2,0.17200000000000001,0.0,0.1,3.9,0.175,-0.16666666666666666,0.4333333333333331,0,10
3718,0.0,0.3333333333333333,3.6666666666666665,0.12333333333333334,0.0,0.2,3.6,0.136,0.2,0.3,3.5,0.129,-0.26666666666666666,0.16666666666666652,0,7
3719,0.3333333333333333,0.3333333333333333,2.3333333333333335,0.16333333333333333,0.4,0.6,2.0,0.186,0.5,0.7,1.8,0.183,0.16666666666666669,0.5333333333333334,0,1
3720,0.0,0.0,4.0,0.14,0.0,0.0,4.0,0.144,0.1,0.1,4.0,0.14800000000000002,-0.13333333333333333,0.0,0,6
3721,0.6666666666666666,0.6666666666666666,2.3333333333333335,0.14333333333333334,0.4,0.4,3.2,0.15200000000000002,0.2,0.2,3.6,0.15,0.2,-1.2666666666666666,1,0
3722,0.0,0.3333333333333333,3.6666666666666665,0.20666666666666667,0.0,0.2,4.6,0.196,0.1,0.2,4.4,0.21300000000000002,-0.23333333333333334,-0.7333333333333338,0,6
3723,1.0,1.0,1.0,0.13,0.6,0.6,1.8,0.132,0.3,0.3,3.1,0.15099999999999997,0.4666666666666667,-2.1,3,0
3724,0.0,0.0,4.333333333333333,0.17,0.0,0.2,4.0,0.162,0.1,0.2,4.1,0.15799999999999997,-0.16666666666666666,0.2333333333333334,0,5
3725,0.3333333333333333,0.3333333333333333,3.3333333333333335,0.17,0.4,0.4,3.4,0.16599999999999998,0.3,0.4,3.1,0.15,0.10000000000000003,0.2333333333333334,0,2
3726,0.0,0.6666666666666666,2.3333333333333335,0.15666666666666665,0.0,0.6,2.6,0.176,0.1,0.6,2.7,0.152,-0.23333333333333334,-0.3666666666666667,0,5
3727,0.0,0.3333333333333333,3.0,0.15333333333333335,0.4,0.6,2.2,0.156,0.2,0.3,3.2,0.133,0.2,-0.20000000000000018,0,3
3728,0.0,0.3333333333333333,3.3333333333333335,0.15000000000000002,0.0,0.2,4.4,0.15,0.0,0.2,4.2,0.15,-0.06666666666666667,-0.8666666666666667,0,11
3729,0.0,0.0,3.6666666666666665,0.15,0.0,0.2,3.2,0.14600000000000002,0.0,0.1,4.0,0.15499999999999997,-0.13333333333333333,-0.3333333333333335,0,11
3730,0.3333333333333333,0.3333333333333333,3.3333333333333335,0.12333333333333334,0.2,0.2,4.0,0.148,0.1,0.2,3.8,0.17500000000000002,0.033333333333333354,-0.46666666666666634,1,0
3731,0.0,0.3333333333333333,3.3333333333333335,0.08666666666666667,0.0,0.2,3.2,0.10400000000000001,0.2,0.3,2.9,0.139,-0.13333333333333333,0.43333333333333357,0,5
3732,0.6666666666666666,0.6666666666666666,2.0,0.15333333333333335,0.6,0.6,2.0,0.156,0.4,0.4,2.7,0.16499999999999998,0.36666666666666664,-0.7000000000000002,1,0
3733,0.3333333333333333,0.3333333333333333,3.6666666666666665,0.18666666666666668,0.4,0.6,2.8,0.182,0.3,0.5,3.1,0.16799999999999998,0.13333333333333336,0.5666666666666664,1,0
3734,0.0,0.0,3.6666666666666665,0.20000000000000004,0.2,0.2,3.0,0.17400000000000002,0.2,0.3,3.0,0.159,0.0,0.6666666666666665,0,4
3735,1.0,1.0,1.0,0.12333333333333334,0.6,0.6,2.2,0.132,0.5,0.5,2.8,0.153,0.3,-1.7999999999999998,3,0
3736,0.3333333333333333,0.6666666666666666,2.6666666666666665,0.18000000000000002,0.2,0.4,3.8,0.17200000000000001,0.3,0.4,3.5,0.16599999999999998,0.033333333333333354,-0.8333333333333335,0,2
3737,0.3333333333333333,1.0,1.6666666666666667,0.1366666666666667,0.2,0.8,2.0,0.164,0.3,0.6,2.4,0.152,-0.09999999999999998,-0.7333333333333332,0,1
3738,0.0,0.3333333333333333,4.0,0.15000000000000002,0.2,0.4,3.8,0.15200000000000002,0.1,0.3,3.8,0.15699999999999997,0.033333333333333354,0.20000000000000018,0,4
3739,0.0,0.0,5.666666666666667,0.14333333333333334,0.2,0.2,4.4,0.16,0.3,0.3,4.0,0.166,-0.033333333333333326,1.666666666666667,0,4
3740,0.3333333333333333,0.3333333333333333,2.6666666666666665,0.14333333333333334,0.2,0.4,3.2,0.152,0.2,0.3,3.7,0.15299999999999997,-0.033333333333333326,-1.0333333333333337,0,1
3741,0.3333333333333333,0.3333333333333333,2.6666666666666665,0.15,0.2,0.4,3.2,0.162,0.1,0.5,3.2,0.16299999999999998,0.1,-0.5333333333333337,0,2
3742,0.0,0.3333333333333333,4.333333333333333,0.15666666666666668,0.0,0.2,4.4,0.144,0.1,0.2,4.2,0.145,-0.13333333333333333,0.13333333333333286,0,8
3743,0.0,0.6666666666666666,3.0,0.17333333333333334,0.0,0.4,4.2,0.14800000000000002,0.0,0.5,3.6,0.152,-0.03333333333333333,-0.6000000000000001,0,20
3744,0.3333333333333333,0.3333333333333333,4.333333333333333,0.14333333333333334,0.2,0.2,4.4,0.13,0.3,0.4,3.5,0.136,-0.033333333333333326,0.833333333333333,0,2
3745,0.0,0.0,4.333333333333333,0.15333333333333335,0.0,0.2,4.2,0.15,0.0,0.1,3.9,0.21400000000000002,-0.1,0.4333333333333331,0,11
3746,0.0,0.0,3.6666666666666665,0.1366666666666667,0.0,0.0,4.2,0.12400000000000003,0.1,0.1,4.0,0.142,-0.1,-0.3333333333333335,0,9
3747,0.3333333333333333,0.6666666666666666,3.0,0.16333333333333333,0.2,0.6,3.4,0.162,0.3,0.7,2.9,0.16799999999999998,-0.06666666666666665,0.10000000000000009,0,2
3748,0.6666666666666666,0.6666666666666666,2.3333333333333335,0.16,0.4,0.4,3.0,0.196,0.3,0.4,3.4,0.175,0.2,-1.0666666666666664,0,1
3749,0.0,0.6666666666666666,2.3333333333333335,0.16,0.0,0.4,3.0,0.15400000000000003,0.0,0.3,3.4,0.146,-0.1,-1.0666666666666664,0,11
3750,0.0,0.0,4.666666666666667,0.16333333333333333,0.2,0.2,3.8,0.13799999999999998,0.1,0.1,4.0,0.11800000000000002,0.033333333333333354,0.666666666666667,0,4
3751,0.3333333333333333,0.6666666666666666,2.6666666666666665,0.13666666666666666,0.2,0.6,2.8,0.142,0.2,0.4,3.0,0.134,0.033333333333333354,-0.3333333333333335,0,1
3752,0.0,0.0,5.0,0.15000000000000002,0.0,0.0,5.0,0.126,0.0,0.1,4.5,0.129,-0.03333333333333333,0.5,0,20
3753,0.0,0.3333333333333333,3.6666666666666665,0.12333333333333334,0.0,0.2,4.0,0.122,0.0,0.1,4.3,0.14300000000000002,-0.1,-0.6333333333333333,0,22
3754,0.6666666666666666,0.6666666666666666,2.0,0.17666666666666667,0.4,0.6,2.8,0.172,0.4,0.5,2.7,0.16699999999999998,0.2,-0.7000000000000002,2,0
3755,0.3333333333333333,0.3333333333333333,4.333333333333333,0.13333333333333333,0.2,0.2,4.6,0.13,0.1,0.3,4.3,0.151,0.033333333333333354,0.033333333333333215,1,0
3756,0.0,0.6666666666666666,2.3333333333333335,0.12666666666666668,0.0,0.6,2.4,0.152,0.1,0.4,3.0,0.15399999999999997,-0.2,-0.6666666666666665,0,9
3757,0.3333333333333333,0.3333333333333333,2.6666666666666665,0.13333333333333333,0.2,0.2,3.0,0.13799999999999998,0.2,0.3,3.1,0.15200000000000002,0.13333333333333336,-0.43333333333333357,1,0
3758,0.3333333333333333,0.3333333333333333,4.0,0.13999999999999999,0.6,0.6,2.8,0.14999999999999997,0.4,0.5,2.8,0.16,0.39999999999999997,1.2000000000000002,0,2
3759,0.3333333333333333,0.3333333333333333,2.6666666666666665,0.13,0.2,0.2,4.0,0.154,0.1,0.3,3.6,0.13699999999999998,-0.033333333333333326,-0.9333333333333336,0,1
3760,0.0,0.6666666666666666,2.3333333333333335,0.15666666666666668,0.0,0.4,3.4,0.158,0.1,0.3,3.8,0.16199999999999998,-0.1,-1.4666666666666663,0,7
3761,0.0,0.0,5.0,0.16666666666666666,0.0,0.0,5.4,0.152,0.2,0.2,4.0,0.16999999999999998,-0.23333333333333334,1.0,0,5
3762,0.3333333333333333,1.0,1.6666666666666667,0.15666666666666665,0.2,0.6,2.8,0.16599999999999998,0.1,0.4,3.5,0.15,0.0,-1.8333333333333333,0,2
3763,0.3333333333333333,0.6666666666666666,2.0,0.16,0.2,0.6,2.6,0.14600000000000002,0.1,0.6,3.0,0.16699999999999998,0.06666666666666668,-1.0,1,0
3764,0.0,0.3333333333333333,3.3333333333333335,0.14666666666666667,0.0,0.2,3.4,0.16,0.2,0.3,3.1,0.14300000000000002,-0.16666666666666666,0.2333333333333334,0,5
3765,0.0,0.0,3.6666666666666665,0.18000000000000002,0.0,0.0,4.2,0.172,0.0,0.3,3.5,0.156,-0.2,0.16666666666666652,0,10
3766,0.3333333333333333,0.6666666666666666,3.0,0.16333333333333333,0.2,0.4,3.6,0.13799999999999998,0.3,0.4,3.4,0.144,0.0,-0.3999999999999999,0,1
3767,0.0,0.0,5.333333333333333,0.17,0.0,0.2,4.4,0.17200000000000001,0.0,0.2,4.1,0.174,-0.13333333333333333,1.2333333333333334,0,12
3768,0.0,0.0,5.333333333333333,0.13333333333333333,0.0,0.2,4.8,0.128,0.0,0.2,4.6,0.12399999999999997,-0.13333333333333333,0.7333333333333334,0,12
3769,0.3333333333333333,0.3333333333333333,3.3333333333333335,0.18000000000000002,0.2,0.4,3.6,0.16,0.1,0.3,4.0,0.156,0.06666666666666668,-0.6666666666666665,1,0
3770,0.0,0.3333333333333333,3.6666666666666665,0.11666666666666668,0.0,0.2,4.6,0.13599999999999998,0.0,0.1,4.5,0.154,-0.1,-0.8333333333333335,0,16
3771,0.0,0.3333333333333333,3.6666666666666665,0.14666666666666667,0.0,0.4,3.8,0.16199999999999998,0.0,0.5,3.5,0.13,-0.06666666666666667,0.16666666666666652,0,20
3772,0.3333333333333333,0.3333333333333333,3.6666666666666665,0.17,0.2,0.2,4.0,0.156,0.3,0.4,3.2,0.13399999999999998,0.06666666666666668,0.46666666666666634,0,1
3773,0.3333333333333333,0.3333333333333333,4.0,0.13333333333333333,0.4,0.4,3.4,0.134,0.2,0.2,4.0,0.15799999999999997,0.30000000000000004,0.0,0,2
3774,0.0,0.3333333333333333,4.0,0.12,0.0,0.2,3.8,0.134,0.1,0.3,3.5,0.13399999999999998,-0.13333333333333333,0.5,0,6
3775,0.0,0.3333333333333333,4.333333333333333,0.16333333333333333,0.0,0.2,4.4,0.14800000000000002,0.0,0.1,4.5,0.146,-0.13333333333333333,-0.16666666666666696,0,17
3776,0.3333333333333333,0.3333333333333333,2.6666666666666665,0.15333333333333335,0.2,0.2,3.6,0.17400000000000002,0.1,0.2,4.2,0.188,0.1,-1.5333333333333337,0,2
3777,0.3333333333333333,0.3333333333333333,2.6666666666666665,0.15333333333333332,0.2,0.2,3.2,0.138,0.2,0.4,3.0,0.15599999999999997,-0.2,-0.3333333333333335,0,2
3778,0.0,0.3333333333333333,4.333333333333333,0.17333333333333334,0.0,0.4,3.6,0.148,0.0,0.2,4.4,0.16,-0.16666666666666666,-0.06666666666666732,0,17
3779,0.0,0.6666666666666666,2.6666666666666665,0.12333333333333334,0.0,0.4,3.4,0.134,0.1,0.3,3.4,0.12100000000000002,-0.16666666666666666,-0.7333333333333334,0,9
3780,0.3333333333333333,0.3333333333333333,2.6666666666666665,0.13333333333333333,0.4,0.6,2.2,0.13999999999999999,0.2,0.5,2.9,0.15699999999999997,0.23333333333333336,-0.2333333333333334,0,1
3781,0.0,0.3333333333333333,3.6666666666666665,0.17,0.2,0.4,3.2,0.144,0.2,0.3,3.7,0.142,0.06666666666666668,-0.03333333333333366,0,3
3782,0.3333333333333333,0.3333333333333333,3.0,0.15000000000000002,0.4,0.6,2.4,0.158,0.3,0.4,3.1,0.15,0.16666666666666669,-0.10000000000000009,1,0
3783,0.6666666666666666,1.0,1.3333333333333333,0.27999999999999997,0.4,0.8,1.8,0.24,0.2,0.5,3.1,0.20800000000000002,0.2,-1.7666666666666668,0,1
3784,0.3333333333333333,0.3333333333333333,4.333333333333333,0.15666666666666665,0.2,0.4,3.6,0.176,0.1,0.4,3.3,0.154,0.033333333333333354,1.0333333333333332,1,0
3785,0.3333333333333333,0.6666666666666666,3.0,0.11,0.4,0.6,2.8,0.13599999999999998,0.4,0.5,2.9,0.146,0.10000000000000003,0.10000000000000009,0,1
3786,0.3333333333333333,0.3333333333333333,2.6666666666666665,0.12333333333333334,0.2,0.2,4.0,0.15,0.1,0.2,4.2,0.152,0.1,-1.5333333333333337,0,2
3787,0.0,0.6666666666666666,3.3333333333333335,0.16666666666666666,0.0,0.4,3.6,0.152,0.1,0.5,3.3,0.13799999999999998,-0.23333333333333334,0.03333333333333366,0,8
3788,0.0,0.3333333333333333,4.666666666666667,0.1366666666666667,0.0,0.2,4.0,0.134,0.0,0.2,3.9,0.119,-0.1,0.766666666666667,0,11
3789,0.6666666666666666,0.6666666666666666,1.6666666666666667,0.15333333333333335,0.4,0.6,2.2,0.158,0.3,0.7,2.3,0.14699999999999996,0.10000000000000003,-0.6333333333333331,1,0
3790,0.0,0.0,5.333333333333333,0.09000000000000001,0.0,0.0,5.0,0.10200000000000001,0.1,0.3,3.7,0.142,-0.06666666666666667,1.6333333333333329,0,6
3791,0.0,0.0,3.6666666666666665,0.17,0.2,0.4,2.8,0.17,0.2,0.4,3.1,0.15999999999999998,-0.033333333333333326,0.5666666666666664,0,3
3792,0.3333333333333333,0.3333333333333333,3.0,0.15333333333333335,0.2,0.4,3.2,0.124,0.1,0.6,2.7,0.143,0.1,0.2999999999999998,0,2
3793,0.0,0.3333333333333333,3.6666666666666665,0.17666666666666667,0.2,0.4,3.4,0.172,0.2,0.3,3.4,0.16899999999999998,0.0,0.2666666666666666,0,4
3794,0.0,0.3333333333333333,3.6666666666666665,0.18333333333333335,0.2,0.6,2.8,0.142,0.3,0.5,3.0,0.13999999999999999,0.033333333333333354,0.6666666666666665,0,3
3795,0.3333333333333333,0.6666666666666666,2.3333333333333335,0.21999999999999997,0.2,0.4,3.8,0.21200000000000002,0.3,0.5,3.0,0.196,0.0,-0.6666666666666665,0,1
3796,0.3333333333333333,0.3333333333333333,3.0,0.11666666666666665,0.4,0.4,2.8,0.178,0.2,0.3,3.0,0.181,0.13333333333333336,0.0,0,1
3797,0.0,0.6666666666666666,3.3333333333333335,0.18000000000000002,0.0,0.4,3.4,0.16799999999999998,0.0,0.4,3.4,0.193,-0.03333333333333333,-0.06666666666666643,0,27
3798,0.3333333333333333,0.6666666666666666,2.0,0.16666666666666666,0.4,0.8,1.8,0.186,0.3,0.5,2.7,0.177,0.2,-0.7000000000000002,0,2
3799,0.3333333333333333,0.3333333333333333,3.6666666666666665,0.14,0.6,0.6,2.6,0.136,0.5,0.5,2.8,0.129,0.36666666666666664,0.8666666666666667,0,1
3800,0.3333333333333333,0.3333333333333333,3.3333333333333335,0.16,0.2,0.2,3.8,0.148,0.2,0.2,4.0,0.158,0.1,-0.6666666666666665,0,2
3801,0.0,0.0,5.0,0.15333333333333335,0.0,0.0,4.6,0.13799999999999998,0.1,0.3,3.9,0.135,-0.13333333333333333,1.1,0,5
3802,0.0,0.0,4.0,0.14333333333333334,0.2,0.4,3.0,0.128,0.1,0.2,4.2,0.13,0.1,-0.20000000000000018,0,4
3803,0.3333333333333333,0.3333333333333333,4.0,0.18666666666666665,0.4,0.4,3.6,0.172,0.3,0.4,3.3,0.157,0.13333333333333336,0.7000000000000002,0,1
3804,0.0,0.0,4.0,0.17333333333333334,0.2,0.4,3.0,0.172,0.1,0.2,3.8,0.177,0.1,0.20000000000000018,0,3
3805,0.0,0.3333333333333333,4.0,0.18000000000000002,0.0,0.4,4.0,0.158,0.1,0.4,3.5,0.16299999999999998,-0.06666666666666667,0.5,0,7
3806,0.0,0.0,4.666666666666667,0.17,0.0,0.2,4.0,0.16399999999999998,0.1,0.3,3.6,0.16099999999999998,-0.1,1.0666666666666669,0,6
3807,0.0,0.3333333333333333,4.0,0.17,0.0,0.4,3.6,0.17,0.0,0.2,4.3,0.176,-0.1,-0.2999999999999998,0,11
3808,0.0,0.0,4.333333333333333,0.15333333333333332,0.0,0.0,4.8,0.196,0.1,0.1,4.3,0.20400000000000001,-0.1,0.033333333333333215,0,8
3809,0.3333333333333333,0.3333333333333333,4.333333333333333,0.17,0.2,0.2,4.2,0.16,0.2,0.2,4.1,0.154,0.13333333333333336,0.2333333333333334,1,0
3810,0.0,0.0,4.666666666666667,0.14666666666666667,0.0,0.0,4.4,0.146,0.2,0.2,4.0,0.142,-0.1,0.666666666666667,0,6
3811,0.3333333333333333,0.3333333333333333,3.3333333333333335,0.15333333333333335,0.2,0.4,3.2,0.152,0.3,0.4,3.0,0.15599999999999997,-0.06666666666666665,0.3333333333333335,0,1
3812,0.3333333333333333,0.3333333333333333,2.6666666666666665,0.16333333333333333,0.2,0.2,3.6,0.192,0.1,0.2,3.4,0.185,0.1,-0.7333333333333334,0,1
3813,0.0,0.6666666666666666,2.3333333333333335,0.15666666666666665,0.2,0.8,2.0,0.136,0.2,0.6,2.4,0.13399999999999998,-0.033333333333333326,-0.06666666666666643,0,3
3814,0.3333333333333333,0.3333333333333333,2.3333333333333335,0.10666666666666667,0.2,0.4,2.4,0.13599999999999998,0.2,0.3,3.1,0.17600000000000002,0.06666666666666668,-0.7666666666666666,1,0
3815,0.0,0.3333333333333333,3.3333333333333335,0.14333333333333334,0.0,0.2,4.4,0.15000000000000002,0.0,0.3,3.7,0.16999999999999998,-0.06666666666666667,-0.3666666666666667,0,11
3816,0.3333333333333333,0.6666666666666666,2.3333333333333335,0.13333333333333333,0.4,0.6,2.6,0.12,0.3,0.5,2.9,0.14100000000000001,0.2666666666666667,-0.5666666666666664,1,0
3817,0.0,0.0,5.0,0.13333333333333333,0.0,0.2,4.6,0.138,0.1,0.4,4.0,0.13800000000000004,-0.1,1.0,0,8
3818,0.0,0.3333333333333333,4.333333333333333,0.20000000000000004,0.0,0.2,4.6,0.186,0.0,0.2,4.0,0.172,-0.06666666666666667,0.33333333333333304,0,10
3819,0.0,0.3333333333333333,2.6666666666666665,0.13333333333333333,0.0,0.2,3.4,0.132,0.0,0.3,3.4,0.14300000000000002,-0.16666666666666666,-0.7333333333333334,0,11
3820,0.0,0.0,5.666666666666667,0.14666666666666667,0.0,0.0,5.4,0.176,0.0,0.0,5.0,0.152,-0.1,0.666666666666667,0,19
3821,0.3333333333333333,0.3333333333333333,4.333333333333333,0.11333333333333334,0.2,0.4,4.2,0.14400000000000002,0.2,0.3,4.3,0.153,0.0,0.033333333333333215,1,0
3822,0.0,0.0,5.0,0.15000000000000002,0.2,0.2,4.4,0.158,0.2,0.2,4.2,0.15500000000000003,-0.033333333333333326,0.7999999999999998,0,3
3823,0.3333333333333333,0.6666666666666666,2.6666666666666665,0.17666666666666667,0.6,0.8,2.0,0.176,0.4,0.6,2.6,0.13399999999999998,0.43333333333333335,0.06666666666666643,1,0
3824,0.3333333333333333,0.3333333333333333,2.6666666666666665,0.14666666666666667,0.2,0.4,3.2,0.14400000000000002,0.2,0.3,3.3,0.15,-0.033333333333333326,-0.6333333333333333,0,2
3825,0.0,0.0,4.333333333333333,0.12666666666666668,0.0,0.0,4.4,0.14200000000000002,0.0,0.0,4.8,0.11600000000000002,-0.1,-0.4666666666666668,0,18
3826,0.6666666666666666,0.6666666666666666,1.6666666666666667,0.12333333333333334,0.4,0.4,2.4,0.14400000000000002,0.3,0.5,2.7,0.15299999999999997,0.13333333333333336,-1.0333333333333334,2,0
3827,0.0,0.3333333333333333,3.6666666666666665,0.15,0.0,0.2,3.8,0.148,0.0,0.2,4.1,0.14800000000000002,-0.03333333333333333,-0.4333333333333331,0,27
3828,0.0,0.6666666666666666,2.3333333333333335,0.09666666666666668,0.0,0.4,3.2,0.12,0.1,0.3,3.3,0.139,-0.06666666666666667,-0.9666666666666663,0,8
3829,0.0,0.0,4.333333333333333,0.15,0.0,0.0,4.2,0.154,0.1,0.1,3.8,0.154,-0.1,0.5333333333333332,0,8
3830,0.0,0.0,3.6666666666666665,0.16,0.2,0.4,2.8,0.152,0.3,0.4,3.1,0.15199999999999997,-0.033333333333333326,0.5666666666666664,0,3
3831,0.0,0.0,4.333333333333333,0.1466666666666667,0.0,0.0,4.0,0.146,0.2,0.3,3.3,0.13799999999999998,-0.1,1.0333333333333332,0,5
3832,0.0,0.3333333333333333,3.6666666666666665,0.11666666666666665,0.0,0.2,4.6,0.138,0.2,0.4,3.4,0.14100000000000001,-0.16666666666666666,0.2666666666666666,0,6
3833,0.0,0.3333333333333333,3.3333333333333335,0.15666666666666668,0.0,0.2,3.8,0.15200000000000002,0.0,0.1,4.0,0.146,-0.16666666666666666,-0.6666666666666665,0,12
3834,0.0,0.0,4.0,0.18000000000000002,0.0,0.2,4.0,0.19000000000000003,0.1,0.2,4.3,0.20299999999999999,-0.1,-0.2999999999999998,0,6
3835,0.3333333333333333,0.6666666666666666,2.6666666666666665,0.15333333333333335,0.2,0.4,3.2,0.138,0.1,0.5,2.9,0.13999999999999999,0.13333333333333336,-0.2333333333333334,1,0
3836,0.3333333333333333,0.6666666666666666,2.0,0.17666666666666667,0.2,0.4,3.2,0.178,0.2,0.3,3.1,0.16999999999999998,0.033333333333333354,-1.1,0,1
3837,0.0,0.0,4.666666666666667,0.16,0.0,0.0,4.6,0.158,0.0,0.1,4.0,0.176,-0.16666666666666666,0.666666666666667,0,13
3838,0.0,0.3333333333333333,4.333333333333333,0.16,0.0,0.2,4.0,0.16,0.0,0.3,3.8,0.17099999999999999,-0.1,0.5333333333333332,0,15
3839,0.0,0.0,5.333333333333333,0.11333333333333334,0.0,0.0,5.2,0.12000000000000002,0.0,0.2,4.1,0.16500000000000004,-0.16666666666666666,1.2333333333333334,0,15
3840,0.0,0.3333333333333333,3.6666666666666665,0.15333333333333332,0.2,0.4,3.0,0.178,0.3,0.4,2.9,0.162,0.06666666666666668,0.7666666666666666,0,4
3841,0.6666666666666666,0.6666666666666666,2.0,0.15333333333333332,0.4,0.4,3.0,0.16599999999999998,0.2,0.2,3.6,0.17,0.33333333333333337,-1.6,2,0
3842,0.0,0.3333333333333333,3.3333333333333335,0.15333333333333335,0.0,0.2,3.6,0.162,0.1,0.2,4.2,0.14099999999999996,-0.06666666666666667,-0.8666666666666667,0,5
3843,0.0,0.0,4.333333333333333,0.15333333333333335,0.2,0.2,3.4,0.15000000000000002,0.1,0.1,3.7,0.16899999999999998,0.16666666666666669,0.6333333333333329,0,4
3844,0.6666666666666666,0.6666666666666666,2.3333333333333335,0.14666666666666667,0.4,0.6,2.6,0.132,0.2,0.3,3.6,0.135,0.16666666666666669,-1.2666666666666666,2,0
3845,0.0,0.0,4.333333333333333,0.16333333333333333,0.0,0.0,4.6,0.14800000000000002,0.1,0.2,3.7,0.14899999999999997,-0.23333333333333334,0.6333333333333329,0,6
3846,0.0,0.0,4.0,0.14333333333333334,0.0,0.4,3.2,0.158,0.2,0.6,2.5,0.162,-0.2,1.5,0,6
3847,0.0,0.0,4.666666666666667,0.16666666666666666,0.0,0.2,4.4,0.158,0.0,0.2,4.2,0.13799999999999998,-0.13333333333333333,0.4666666666666668,0,14
3848,0.0,0.0,4.333333333333333,0.12666666666666668,0.0,0.2,4.0,0.124,0.0,0.2,4.2,0.13599999999999998,-0.03333333333333333,0.13333333333333286,0,11
3849,0.3333333333333333,1.0,1.6666666666666667,0.15333333333333335,0.4,0.8,2.2,0.166,0.6,0.9,1.7,0.13399999999999998,-0.06666666666666665,-0.033333333333333215,1,0
3850,0.6666666666666666,0.6666666666666666,2.6666666666666665,0.15333333333333335,0.6,0.6,2.8,0.146,0.3,0.4,3.6,0.143,0.43333333333333335,-0.9333333333333336,1,0
3851,0.3333333333333333,0.3333333333333333,3.3333333333333335,0.16,0.2,0.2,4.2,0.16999999999999998,0.1,0.2,4.3,0.15,0.1,-0.9666666666666663,1,0
3852,0.0,0.3333333333333333,3.3333333333333335,0.17,0.0,0.2,3.2,0.15600000000000003,0.0,0.2,3.9,0.191,-0.13333333333333333,-0.5666666666666664,0,12
3853,0.0,0.0,3.3333333333333335,0.13333333333333333,0.0,0.2,3.2,0.178,0.2,0.5,2.6,0.15899999999999997,-0.2,0.7333333333333334,0,7
3854,0.0,0.0,4.333333333333333,0.15,0.0,0.0,4.2,0.148,0.3,0.4,3.0,0.131,-0.16666666666666666,1.333333333333333,0,5
3855,0.0,0.0,4.333333333333333,0.15666666666666665,0.0,0.2,4.0,0.156,0.2,0.4,3.4,0.14600000000000002,-0.13333333333333333,0.9333333333333331,0,6
3856,0.3333333333333333,0.3333333333333333,3.6666666666666665,0.14,0.2,0.2,3.8,0.134,0.1,0.2,3.8,0.12699999999999997,0.0,-0.1333333333333333,1,0
3857,0.6666666666666666,0.6666666666666666,2.0,0.18666666666666668,0.4,0.4,3.4,0.192,0.2,0.2,4.0,0.22100000000000003,0.23333333333333336,-2.0,2,0
3858,0.0,0.0,4.666666666666667,0.14666666666666667,0.2,0.4,3.4,0.15599999999999997,0.2,0.3,3.7,0.14500000000000002,0.033333333333333354,0.9666666666666668,0,3
3859,0.0,0.0,5.666666666666667,0.15666666666666665,0.0,0.2,4.4,0.16999999999999998,0.1,0.2,4.5,0.20299999999999999,-0.16666666666666666,1.166666666666667,0,8
3860,0.3333333333333333,0.3333333333333333,3.0,0.15666666666666665,0.2,0.2,3.4,0.156,0.1,0.2,4.0,0.178,0.06666666666666668,-1.0,1,0
3861,0.3333333333333333,0.6666666666666666,2.6666666666666665,0.15333333333333335,0.2,0.4,3.8,0.144,0.1,0.3,4.2,0.14699999999999996,0.0,-1.5333333333333337,0,1
3862,0.0,0.6666666666666666,2.6666666666666665,0.16,0.0,0.4,3.4,0.178,0.0,0.4,3.6,0.15899999999999997,0.0,-0.9333333333333336,0,41
3863,0.3333333333333333,0.3333333333333333,2.3333333333333335,0.14333333333333334,0.2,0.2,3.8,0.144,0.1,0.1,3.9,0.14000000000000004,0.033333333333333354,-1.5666666666666664,0,2
3864,0.0,0.6666666666666666,2.3333333333333335,0.14333333333333334,0.0,0.4,3.2,0.15999999999999998,0.1,0.3,3.5,0.16899999999999998,-0.16666666666666666,-1.1666666666666665,0,9
3865,0.0,0.0,3.3333333333333335,0.17333333333333334,0.0,0.2,3.6,0.16,0.0,0.1,4.2,0.155,-0.16666666666666666,-0.8666666666666667,0,12
3866,0.0,0.3333333333333333,3.6666666666666665,0.18333333333333335,0.0,0.6,3.0,0.174,0.0,0.4,3.4,0.158,-0.03333333333333333,0.2666666666666666,0,18
3867,0.0,0.3333333333333333,4.666666666666667,0.1466666666666667,0.0,0.2,5.2,0.164,0.0,0.1,5.2,0.179,-0.1,-0.5333333333333332,0,22
3868,0.0,0.6666666666666666,3.3333333333333335,0.15333333333333335,0.0,0.4,4.0,0.14200000000000002,0.0,0.2,4.2,0.172,-0.06666666666666667,-0.8666666666666667,0,14
3869,0.3333333333333333,0.3333333333333333,3.6666666666666665,0.13,0.2,0.4,3.4,0.144,0.1,0.3,4.1,0.194,-0.033333333333333326,-0.4333333333333331,1,0
3870,0.0,0.0,4.333333333333333,0.15666666666666665,0.0,0.2,3.6,0.14400000000000002,0.1,0.2,4.0,0.177,-0.13333333333333333,0.33333333333333304,0,5
3871,0.3333333333333333,0.3333333333333333,4.0,0.17,0.2,0.2,4.6,0.17600000000000002,0.2,0.2,4.1,0.194,-0.033333333333333326,-0.09999999999999964,0,2
3872,0.0,0.6666666666666666,2.6666666666666665,0.18333333333333335,0.0,0.6,2.8,0.162,0.2,0.6,3.0,0.179,-0.26666666666666666,-0.3333333333333335,0,5
3873,0.3333333333333333,0.6666666666666666,3.0,0.18000000000000002,0.2,0.6,3.2,0.17200000000000001,0.1,0.3,3.9,0.183,0.033333333333333354,-0.8999999999999999,1,0
3874,0.3333333333333333,0.6666666666666666,2.0,0.16,0.4,0.8,1.8,0.16199999999999998,0.3,0.5,2.8,0.16599999999999998,0.2,-0.7999999999999998,1,0
3875,0.6666666666666666,0.6666666666666666,2.6666666666666665,0.14666666666666667,0.4,0.4,3.6,0.164,0.3,0.4,3.9,0.17099999999999999,0.16666666666666669,-1.2333333333333334,1,0
3876,0.3333333333333333,0.3333333333333333,3.3333333333333335,0.17333333333333334,0.2,0.2,4.2,0.176,0.2,0.3,3.6,0.16499999999999998,0.0,-0.2666666666666666,0,2
3877,0.3333333333333333,0.6666666666666666,2.0,0.14333333333333334,0.4,0.6,2.0,0.136,0.2,0.4,3.0,0.149,0.2,-1.0,0,2
3878,0.0,0.0,4.0,0.14333333333333334,0.0,0.2,4.0,0.148,0.0,0.1,4.1,0.166,-0.03333333333333333,-0.09999999999999964,0,23
3879,0.0,0.0,4.333333333333333,0.17666666666666667,0.0,0.0,4.4,0.164,0.5,0.5,2.7,0.15899999999999997,-0.23333333333333334,1.6333333333333329,0,5
3880,0.3333333333333333,0.3333333333333333,3.6666666666666665,0.16,0.2,0.2,4.4,0.15999999999999998,0.2,0.4,3.7,0.14099999999999996,0.06666666666666668,-0.03333333333333366,0,1
3881,0.3333333333333333,0.3333333333333333,4.0,0.16333333333333333,0.2,0.2,4.4,0.148,0.4,0.4,3.2,0.13399999999999998,-0.16666666666666663,0.7999999999999998,0,1
3882,0.0,0.6666666666666666,2.6666666666666665,0.16666666666666666,0.0,0.4,3.2,0.16999999999999998,0.1,0.3,3.5,0.16599999999999998,-0.16666666666666666,-0.8333333333333335,0,5
3883,0.0,0.0,3.3333333333333335,0.18333333333333335,0.0,0.0,4.2,0.16,0.0,0.0,4.3,0.152,-0.06666666666666667,-0.9666666666666663,0,24
3884,0.0,0.0,5.666666666666667,0.13333333333333333,0.2,0.2,4.6,0.11600000000000002,0.4,0.4,3.3,0.119,-0.09999999999999998,2.366666666666667,0,4
3885,0.0,0.0,4.0,0.14666666666666664,0.0,0.0,4.2,0.146,0.0,0.2,3.8,0.183,-0.1,0.20000000000000018,0,12
3886,0.0,0.3333333333333333,3.0,0.15333333333333335,0.2,0.4,3.0,0.166,0.2,0.4,3.0,0.161,0.033333333333333354,0.0,0,3
3887,0.0,0.0,5.0,0.14333333333333334,0.2,0.2,4.4,0.16199999999999998,0.1,0.2,4.3,0.16399999999999998,0.0,0.7000000000000002,0,4
3888,0.0,0.0,4.0,0.17666666666666667,0.2,0.2,3.4,0.164,0.1,0.3,3.2,0.144,0.1,0.7999999999999998,0,4
3889,0.0,0.0,5.0,0.18000000000000002,0.0,0.4,3.8,0.186,0.0,0.2,4.2,0.2,-0.1,0.7999999999999998,0,15
3890,0.0,0.6666666666666666,2.6666666666666665,0.15666666666666665,0.0,0.4,3.6,0.14400000000000002,0.1,0.3,3.7,0.16099999999999998,-0.16666666666666666,-1.0333333333333337,0,8
3891,0.3333333333333333,0.3333333333333333,3.0,0.1466666666666667,0.2,0.4,3.2,0.158,0.1,0.2,3.9,0.17400000000000002,0.06666666666666668,-0.8999999999999999,1,0
3892,0.3333333333333333,0.3333333333333333,3.3333333333333335,0.12000000000000001,0.2,0.2,3.8,0.144,0.2,0.4,3.2,0.142,0.033333333333333354,0.1333333333333333,1,0
3893,0.6666666666666666,0.6666666666666666,2.0,0.12333333333333334,0.4,0.4,3.6,0.144,0.2,0.2,3.8,0.16500000000000004,0.23333333333333336,-1.7999999999999998,1,0
3894,0.0,0.0,4.666666666666667,0.17,0.0,0.0,4.8,0.15599999999999997,0.0,0.0,4.9,0.13799999999999998,-0.06666666666666667,-0.2333333333333334,0,11
3895,0.3333333333333333,0.6666666666666666,2.0,0.14,0.2,0.4,3.4,0.146,0.2,0.5,2.9,0.148,-0.033333333333333326,-0.8999999999999999,1,0
3896,0.0,0.0,5.666666666666667,0.18000000000000002,0.0,0.0,4.8,0.18200000000000002,0.1,0.2,3.9,0.157,-0.13333333333333333,1.766666666666667,0,6
3897,0.3333333333333333,0.3333333333333333,2.6666666666666665,0.18000000000000002,0.2,0.2,3.4,0.154,0.2,0.4,3.4,0.145,-0.033333333333333326,-0.7333333333333334,1,0
3898,0.6666666666666666,0.6666666666666666,1.6666666666666667,0.13,0.6,0.6,1.8,0.14600000000000002,0.4,0.5,2.6,0.13199999999999998,0.43333333333333335,-0.9333333333333333,2,0
3899,0.6666666666666666,1.0,1.3333333333333333,0.10999999999999999,0.4,0.6,2.2,0.128,0.3,0.6,2.4,0.153,0.16666666666666669,-1.0666666666666667,2,0
3900,0.0,0.0,5.333333333333333,0.17333333333333334,0.0,0.2,4.2,0.142,0.2,0.3,3.4,0.13999999999999999,-0.06666666666666667,1.9333333333333331,0,7
3901,0.3333333333333333,0.3333333333333333,3.0,0.16,0.2,0.2,4.0,0.15,0.2,0.2,4.3,0.14200000000000002,0.06666666666666668,-1.2999999999999998,0,1
3902,0.0,0.3333333333333333,4.0,0.14333333333333334,0.0,0.4,3.8,0.13,0.0,0.3,3.9,0.14500000000000002,-0.13333333333333333,0.10000000000000009,0,14
3903,0.3333333333333333,0.3333333333333333,3.3333333333333335,0.1366666666666667,0.2,0.4,3.0,0.152,0.2,0.3,3.2,0.14500000000000002,0.0,0.1333333333333333,0,1
3904,0.0,0.0,4.0,0.18333333333333335,0.0,0.2,3.4,0.17400000000000002,0.2,0.5,2.8,0.17200000000000001,-0.16666666666666666,1.2000000000000002,0,7
3905,0.0,0.0,4.0,0.14,0.0,0.0,4.4,0.138,0.1,0.1,4.3,0.154,-0.13333333333333333,-0.2999999999999998,0,7
3906,0.6666666666666666,0.6666666666666666,2.0,0.15333333333333335,0.4,0.4,3.0,0.166,0.2,0.3,3.6,0.183,0.23333333333333336,-1.6,0,1
3907,0.0,0.0,4.333333333333333,0.14333333333333334,0.0,0.0,4.2,0.134,0.0,0.2,3.9,0.158,-0.06666666666666667,0.4333333333333331,0,22
3908,0.3333333333333333,0.6666666666666666,2.3333333333333335,0.1466666666666667,0.2,0.4,2.8,0.158,0.1,0.3,3.3,0.16,-0.06666666666666665,-0.9666666666666663,0,1
3909,0.3333333333333333,0.3333333333333333,3.6666666666666665,0.18666666666666668,0.2,0.2,4.0,0.172,0.3,0.4,3.0,0.136,0.033333333333333354,0.6666666666666665,0,2
3910,0.3333333333333333,0.3333333333333333,3.6666666666666665,0.16,0.2,0.2,4.0,0.136,0.1,0.1,4.4,0.16699999999999998,0.0,-0.7333333333333338,0,2
3911,0.0,0.3333333333333333,4.666666666666667,0.15,0.0,0.2,4.2,0.13799999999999998,0.1,0.4,3.4,0.13899999999999998,-0.06666666666666667,1.266666666666667,0,7
3912,0.0,1.0,2.0,0.14,0.0,0.8,2.4,0.132,0.1,0.8,2.2,0.13600000000000004,-0.23333333333333334,-0.20000000000000018,0,5
3913,0.3333333333333333,0.6666666666666666,2.0,0.13333333333333333,0.2,0.4,2.4,0.13,0.1,0.2,3.9,0.144,0.06666666666666668,-1.9,0,2
3914,0.6666666666666666,0.6666666666666666,2.0,0.15000000000000002,0.4,0.4,3.0,0.158,0.2,0.5,3.1,0.152,0.2666666666666667,-1.1,1,0
3915,0.6666666666666666,0.6666666666666666,1.6666666666666667,0.17333333333333334,0.4,0.4,3.0,0.184,0.3,0.4,2.8,0.19699999999999998,0.10000000000000003,-1.133333333333333,0,1
3916,0.0,0.3333333333333333,2.6666666666666665,0.14666666666666667,0.0,0.4,2.6,0.14,0.0,0.2,3.5,0.137,-0.06666666666666667,-0.8333333333333335,0,13
3917,0.0,0.3333333333333333,4.666666666666667,0.14333333333333334,0.0,0.2,4.4,0.14,0.2,0.3,3.6,0.142,-0.16666666666666666,1.0666666666666669,0,6
3918,0.0,0.0,3.6666666666666665,0.14333333333333334,0.2,0.2,3.4,0.196,0.3,0.3,3.4,0.181,-0.06666666666666665,0.2666666666666666,0,3
3919,0.3333333333333333,0.3333333333333333,3.0,0.17,0.2,0.2,3.6,0.166,0.2,0.4,3.2,0.15999999999999998,-0.033333333333333326,-0.20000000000000018,1,0
3920,0.0,0.6666666666666666,3.0,0.15333333333333335,0.0,0.4,3.4,0.154,0.1,0.4,2.9,0.193,-0.23333333333333334,0.10000000000000009,0,7
3921,0.0,0.3333333333333333,2.6666666666666665,0.12666666666666668,0.0,0.4,3.2,0.16,0.1,0.3,3.6,0.172,-0.16666666666666666,-0.9333333333333336,0,9
3922,0.0,0.0,3.6666666666666665,0.14666666666666664,0.0,0.0,4.0,0.138,0.2,0.2,3.3,0.14400000000000002,-0.1,0.3666666666666667,0,6
3923,0.0,0.0,3.6666666666666665,0.17666666666666667,0.0,0.0,4.2,0.176,0.1,0.2,3.8,0.162,-0.13333333333333333,-0.1333333333333333,0,5
3924,0.0,0.0,3.6666666666666665,0.14333333333333334,0.0,0.2,3.2,0.14200000000000002,0.2,0.3,3.0,0.151,-0.13333333333333333,0.6666666666666665,0,7
3925,0.0,0.3333333333333333,4.0,0.11333333333333333,0.4,0.6,2.8,0.13,0.3,0.6,2.7,0.141,0.2,1.2999999999999998,0,3
3926,0.0,0.6666666666666666,2.6666666666666665,0.1366666666666667,0.0,0.6,2.6,0.14800000000000002,0.1,0.6,2.7,0.141,-0.13333333333333333,-0.03333333333333366,0,7
3927,0.0,0.3333333333333333,4.0,0.15,0.2,0.4,3.6,0.14799999999999996,0.2,0.3,4.0,0.14600000000000002,0.06666666666666668,0.0,0,3
3928,0.0,0.3333333333333333,4.0,0.15333333333333332,0.0,0.2,4.2,0.156,0.0,0.1,5.0,0.144,-0.1,-1.0,0,11
3929,0.3333333333333333,0.6666666666666666,3.0,0.14333333333333334,0.2,0.4,3.2,0.12000000000000002,0.2,0.4,3.2,0.14599999999999996,0.0,-0.20000000000000018,0,2
3930,0.0,0.0,5.666666666666667,0.12666666666666668,0.0,0.0,5.8,0.134,0.0,0.2,4.5,0.159,-0.06666666666666667,1.166666666666667,0,19
3931,0.0,0.0,4.0,0.16333333333333333,0.0,0.2,3.8,0.164,0.1,0.4,3.3,0.16599999999999998,-0.1,0.7000000000000002,0,6
3932,0.6666666666666666,0.6666666666666666,1.6666666666666667,0.11666666666666665,0.4,0.4,3.0,0.11400000000000002,0.2,0.2,4.1,0.14800000000000002,0.2,-2.4333333333333327,0,1
3933,0.0,0.3333333333333333,4.0,0.13,0.0,0.2,4.2,0.174,0.0,0.2,4.0,0.182,-0.1,0.0,0,15
3934,0.0,0.3333333333333333,3.3333333333333335,0.13,0.0,0.2,3.8,0.12999999999999998,0.0,0.1,4.6,0.15599999999999997,-0.06666666666666667,-1.2666666666666662,0,10
3935,0.0,0.3333333333333333,3.0,0.16333333333333333,0.0,0.2,3.8,0.152,0.0,0.2,3.5,0.15299999999999997,-0.1,-0.5,0,22
3936,0.0,0.0,4.0,0.1366666666666667,0.0,0.4,3.2,0.148,0.0,0.2,3.6,0.17200000000000001,-0.1,0.3999999999999999,0,15
3937,0.0,0.3333333333333333,3.6666666666666665,0.15,0.2,0.4,3.6,0.146,0.2,0.4,3.4,0.164,-0.033333333333333326,0.2666666666666666,0,4
3938,0.3333333333333333,0.3333333333333333,3.3333333333333335,0.1366666666666667,0.2,0.2,3.2,0.138,0.3,0.3,3.0,0.15799999999999997,0.033333333333333354,0.3333333333333335,0,2
3939,0.6666666666666666,0.6666666666666666,2.3333333333333335,0.15333333333333335,0.4,0.4,3.0,0.15000000000000002,0.5,0.5,2.5,0.16999999999999998,0.10000000000000003,-0.16666666666666652,0,1
3940,0.3333333333333333,0.3333333333333333,4.0,0.12666666666666668,0.2,0.4,3.4,0.12000000000000002,0.1,0.2,4.3,0.124,0.06666666666666668,-0.2999999999999998,0,2
3941,0.3333333333333333,0.3333333333333333,3.0,0.14,0.2,0.2,3.4,0.14,0.3,0.6,2.5,0.13999999999999999,-0.033333333333333326,0.5,0,1
3942,0.0,0.0,3.3333333333333335,0.1366666666666667,0.2,0.2,2.8,0.146,0.2,0.2,3.6,0.14100000000000001,0.033333333333333354,-0.2666666666666666,0,4
3943,0.0,0.6666666666666666,2.6666666666666665,0.14333333333333334,0.0,0.4,3.6,0.14,0.0,0.2,4.2,0.121,-0.1,-1.5333333333333337,0,23
3944,0.3333333333333333,0.3333333333333333,3.0,0.15333333333333332,0.2,0.2,3.8,0.132,0.2,0.3,3.5,0.16699999999999998,-0.033333333333333326,-0.5,0,2
3945,0.0,0.3333333333333333,4.666666666666667,0.16666666666666666,0.0,0.6,3.6,0.15200000000000002,0.0,0.4,3.6,0.16599999999999998,-0.03333333333333333,1.0666666666666669,0,26
3946,0.0,0.3333333333333333,3.3333333333333335,0.14,0.0,0.2,3.8,0.152,0.1,0.5,3.2,0.15500000000000003,-0.16666666666666666,0.1333333333333333,0,8
3947,0.0,0.0,5.333333333333333,0.18333333333333335,0.0,0.0,5.4,0.202,0.2,0.3,4.0,0.16899999999999998,-0.13333333333333333,1.333333333333333,0,5
3948,0.0,0.3333333333333333,4.0,0.18000000000000002,0.0,0.4,4.0,0.19,0.0,0.2,4.1,0.213,-0.1,-0.09999999999999964,0,18
3949,0.0,0.0,5.666666666666667,0.16,0.0,0.0,5.4,0.148,0.0,0.0,4.9,0.156,-0.1,0.7666666666666666,0,12
3950,0.3333333333333333,0.3333333333333333,4.0,0.16333333333333333,0.2,0.2,3.8,0.152,0.2,0.3,3.5,0.14700000000000002,0.033333333333333354,0.5,1,0
3951,0.0,0.6666666666666666,3.0,0.19666666666666666,0.0,0.6,3.2,0.15799999999999997,0.0,0.5,3.0,0.16899999999999998,-0.1,0.0,0,10
3952,0.6666666666666666,0.6666666666666666,2.0,0.11666666666666665,0.8,0.8,1.6,0.132,0.8,0.8,1.6,0.146,0.4333333333333334,0.3999999999999999,0,1
3953,0.0,0.3333333333333333,3.6666666666666665,0.1366666666666667,0.0,0.2,4.2,0.13,0.1,0.4,3.5,0.136,-0.26666666666666666,0.16666666666666652,0,9
3954,0.0,0.6666666666666666,2.6666666666666665,0.12666666666666668,0.2,0.6,2.4,0.144,0.1,0.3,4.0,0.14,0.1,-1.3333333333333335,0,4
3955,0.0,0.0,5.666666666666667,0.18333333333333335,0.0,0.0,5.4,0.194,0.0,0.0,4.7,0.186,-0.16666666666666666,0.9666666666666668,0,15
3956,0.3333333333333333,0.3333333333333333,4.333333333333333,0.15333333333333332,0.4,0.4,3.4,0.14800000000000002,0.3,0.3,3.8,0.16399999999999998,0.2,0.5333333333333332,0,1
3957,0.3333333333333333,0.3333333333333333,2.3333333333333335,0.17666666666666667,0.2,0.2,3.6,0.166,0.1,0.1,3.9,0.19999999999999998,0.033333333333333354,-1.5666666666666664,0,2
3958,0.3333333333333333,0.3333333333333333,3.3333333333333335,0.12333333333333334,0.4,0.4,3.0,0.16,0.2,0.3,3.2,0.16599999999999998,0.23333333333333336,0.1333333333333333,0,1
3959,0.3333333333333333,0.3333333333333333,2.6666666666666665,0.12333333333333334,0.4,0.4,2.6,0.132,0.2,0.3,3.0,0.12400000000000003,0.30000000000000004,-0.3333333333333335,1,0
3960,0.0,0.3333333333333333,3.0,0.15,0.4,0.6,2.2,0.13799999999999998,0.3,0.7,2.4,0.13699999999999998,0.2,0.6000000000000001,0,3
3961,0.3333333333333333,0.6666666666666666,2.0,0.11666666666666668,0.2,0.4,2.6,0.14400000000000002,0.3,0.5,2.4,0.15299999999999997,0.033333333333333354,-0.3999999999999999,0,2
3962,0.0,0.0,5.0,0.18000000000000002,0.0,0.4,3.8,0.164,0.1,0.5,3.1,0.153,-0.23333333333333334,1.9,0,7
3963,0.3333333333333333,0.3333333333333333,3.6666666666666665,0.15000000000000002,0.2,0.2,3.4,0.14600000000000002,0.2,0.4,3.1,0.16899999999999998,0.0,0.5666666666666664,0,2
3964,0.0,0.3333333333333333,3.6666666666666665,0.12333333333333334,0.0,0.4,3.2,0.16199999999999998,0.1,0.3,3.5,0.187,-0.1,0.16666666666666652,0,8
3965,0.6666666666666666,0.6666666666666666,2.3333333333333335,0.17,0.6,0.6,2.2,0.174,0.4,0.5,2.6,0.189,0.3333333333333333,-0.2666666666666666,1,0
3966,0.3333333333333333,0.6666666666666666,2.3333333333333335,0.16333333333333336,0.4,0.6,2.2,0.13399999999999998,0.4,0.6,2.1,0.144,0.23333333333333336,0.2333333333333334,0,2
3967,0.0,0.0,5.0,0.1366666666666667,0.2,0.2,4.2,0.152,0.3,0.4,3.5,0.14700000000000002,0.1,1.5,0,4
3968,0.0,0.0,4.666666666666667,0.12333333333333334,0.0,0.0,4.2,0.14,0.1,0.1,3.9,0.142,-0.1,0.766666666666667,0,8
3969,0.6666666666666666,0.6666666666666666,2.0,0.13333333333333333,0.4,0.6,2.6,0.134,0.3,0.4,3.5,0.15500000000000003,0.2,-1.5,1,0
3970,0.0,0.6666666666666666,3.3333333333333335,0.16666666666666666,0.0,0.6,3.0,0.16999999999999998,0.0,0.3,4.3,0.146,-0.06666666666666667,-0.9666666666666663,0,20
3971,0.3333333333333333,0.6666666666666666,2.6666666666666665,0.10333333333333333,0.2,0.4,3.0,0.132,0.1,0.2,3.1,0.137,-0.06666666666666665,-0.43333333333333357,1,0
3972,0.6666666666666666,0.6666666666666666,2.3333333333333335,0.12666666666666668,0.4,0.4,3.2,0.136,0.3,0.5,3.0,0.12799999999999997,0.2,-0.6666666666666665,2,0
3973,0.6666666666666666,0.6666666666666666,2.0,0.13999999999999999,0.4,0.4,2.6,0.18,0.2,0.2,3.7,0.18699999999999997,0.23333333333333336,-1.7000000000000002,1,0
3974,0.0,0.6666666666666666,3.0,0.14333333333333334,0.2,0.6,3.0,0.138,0.1,0.3,3.7,0.156,0.1,-0.7000000000000002,0,4
3975,0.3333333333333333,0.3333333333333333,3.6666666666666665,0.16333333333333333,0.6,0.6,2.6,0.176,0.3,0.4,3.1,0.147,0.3333333333333333,0.5666666666666664,0,1
3976,0.3333333333333333,0.3333333333333333,3.6666666666666665,0.13,0.2,0.2,3.8,0.136,0.2,0.2,4.3,0.139,0.06666666666666668,-0.6333333333333333,0,1
3977,0.0,0.3333333333333333,3.6666666666666665,0.15,0.0,0.2,4.6,0.18,0.0,0.1,4.2,0.156,-0.2,-0.5333333333333337,0,12
3978,0.0,0.3333333333333333,4.666666666666667,0.11333333333333334,0.0,0.4,4.2,0.13599999999999998,0.1,0.4,3.9,0.122,-0.06666666666666667,0.766666666666667,0,7
3979,0.0,0.0,4.333333333333333,0.20333333333333334,0.0,0.0,4.8,0.18,0.0,0.1,4.3,0.174,-0.16666666666666666,0.033333333333333215,0,14
3980,0.6666666666666666,0.6666666666666666,2.3333333333333335,0.18333333333333335,0.6,0.6,2.6,0.168,0.3,0.4,3.2,0.156,0.43333333333333335,-0.8666666666666667,1,0
3981,0.0,0.0,4.0,0.1366666666666667,0.0,0.0,4.4,0.14200000000000002,0.0,0.0,4.6,0.142,-0.16666666666666666,-0.5999999999999996,0,12
3982,0.0,0.0,4.333333333333333,0.17,0.0,0.2,3.6,0.148,0.0,0.2,3.7,0.14300000000000002,-0.06666666666666667,0.6333333333333329,0,23
3983,0.3333333333333333,0.3333333333333333,2.3333333333333335,0.18000000000000002,0.2,0.4,2.4,0.164,0.3,0.4,2.6,0.182,-0.06666666666666665,-0.2666666666666666,1,0
3984,0.0,0.0,4.666666666666667,0.13333333333333333,0.0,0.4,3.6,0.148,0.2,0.5,2.8,0.174,-0.23333333333333334,1.8666666666666671,0,5
3985,0.3333333333333333,0.6666666666666666,3.0,0.10333333333333333,0.2,0.4,3.6,0.11399999999999999,0.1,0.2,4.1,0.12900000000000003,0.06666666666666668,-1.0999999999999996,0,1
3986,0.0,0.0,4.666666666666667,0.1366666666666667,0.2,0.4,3.4,0.148,0.2,0.4,3.0,0.13999999999999999,0.06666666666666668,1.666666666666667,0,4
3987,0.3333333333333333,0.3333333333333333,3.0,0.13,0.4,0.4,2.6,0.134,0.3,0.3,2.7,0.153,0.2,0.2999999999999998,0,1
3988,0.3333333333333333,0.3333333333333333,2.3333333333333335,0.15333333333333332,0.2,0.4,2.4,0.158,0.1,0.5,2.9,0.14999999999999997,0.0,-0.5666666666666664,0,1
3989,0.0,0.0,4.333333333333333,0.18666666666666668,0.0,0.0,5.0,0.184,0.2,0.2,4.0,0.193,-0.13333333333333333,0.33333333333333304,0,5
3990,0.0,0.3333333333333333,4.0,0.17,0.0,0.2,3.6,0.15600000000000003,0.0,0.3,3.8,0.147,-0.1,0.20000000000000018,0,16
3991,0.0,0.0,5.0,0.13,0.0,0.2,4.6,0.15,0.1,0.2,4.1,0.148,-0.26666666666666666,0.9000000000000004,0,9
3992,0.0,0.6666666666666666,3.0,0.13333333333333333,0.0,0.6,2.8,0.14200000000000002,0.1,0.6,3.0,0.135,-0.1,0.0,0,7
3993,0.0,0.0,4.333333333333333,0.16,0.0,0.2,4.0,0.154,0.1,0.3,3.9,0.13799999999999998,-0.16666666666666666,0.4333333333333331,0,8
3994,0.3333333333333333,0.3333333333333333,3.3333333333333335,0.12333333333333335,0.4,0.4,3.0,0.13999999999999999,0.2,0.3,3.6,0.145,0.30000000000000004,-0.2666666666666666,0,1
3995,0.3333333333333333,0.6666666666666666,3.0,0.15000000000000002,0.2,0.6,3.0,0.12200000000000003,0.1,0.5,3.0,0.119,0.033333333333333354,0.0,0,2
3996,0.3333333333333333,0.3333333333333333,3.6666666666666665,0.17666666666666667,0.2,0.2,3.8,0.158,0.2,0.2,4.1,0.17099999999999999,0.0,-0.4333333333333331,1,0
3997,0.3333333333333333,0.6666666666666666,2.6666666666666665,0.18333333333333335,0.2,0.4,3.0,0.176,0.3,0.5,3.1,0.147,-0.033333333333333326,-0.43333333333333357,0,2
3998,0.0,0.0,3.3333333333333335,0.14333333333333334,0.0,0.0,4.0,0.158,0.0,0.1,3.9,0.151,-0.06666666666666667,-0.5666666666666664,0,22
3999,0.6666666666666666,0.6666666666666666,2.0,0.15333333333333332,0.4,0.4,3.0,0.13,0.5,0.5,2.5,0.12599999999999997,0.23333333333333336,-0.5,0,1
4000,0.0,0.3333333333333333,4.333333333333333,0.17,0.0,0.2,4.6,0.14600000000000002,0.1,0.3,3.9,0.14499999999999996,-0.13333333333333333,0.4333333333333331,0,6
4001,0.0,0.0,5.333333333333333,0.14333333333333334,0.0,0.2,4.8,0.124,0.0,0.1,4.6,0.15,-0.1,0.7333333333333334,0,14
4002,0.0,0.0,5.0,0.15000000000000002,0.0,0.0,4.8,0.16399999999999998,0.3,0.3,3.5,0.15999999999999998,-0.26666666666666666,1.5,0,5
4003,0.0,0.0,4.666666666666667,0.20666666666666667,0.0,0.2,4.0,0.21400000000000002,0.0,0.3,4.0,0.21100000000000002,-0.1,0.666666666666667,0,13
4004,0.0,1.0,2.0,0.15000000000000002,0.0,0.6,2.8,0.158,0.1,0.4,2.9,0.14999999999999997,-0.03333333333333333,-0.8999999999999999,0,8
4005,0.0,0.0,4.333333333333333,0.15333333333333335,0.0,0.0,4.2,0.152,0.1,0.2,3.7,0.158,-0.06666666666666667,0.6333333333333329,0,6
4006,0.0,0.0,4.666666666666667,0.15000000000000002,0.0,0.0,4.6,0.154,0.0,0.4,3.5,0.142,-0.06666666666666667,1.166666666666667,0,17
4007,0.0,0.0,4.666666666666667,0.15000000000000002,0.2,0.4,3.4,0.14,0.2,0.5,2.9,0.123,0.1,1.766666666666667,0,3
4008,0.3333333333333333,0.3333333333333333,3.6666666666666665,0.1366666666666667,0.2,0.2,3.6,0.14,0.2,0.3,3.4,0.152,0.033333333333333354,0.2666666666666666,0,2
4009,0.3333333333333333,0.3333333333333333,3.6666666666666665,0.19333333333333336,0.2,0.4,3.8,0.18,0.3,0.5,3.4,0.142,-0.033333333333333326,0.2666666666666666,0,1
4010,0.0,1.0,2.0,0.1466666666666667,0.0,0.8,2.8,0.15,0.1,0.5,3.3,0.202,-0.13333333333333333,-1.2999999999999998,0,8
4011,0.0,0.0,4.0,0.20333333333333334,0.0,0.0,4.0,0.22199999999999998,0.2,0.3,3.4,0.183,-0.3,0.6000000000000001,0,5
4012,0.3333333333333333,0.3333333333333333,3.3333333333333335,0.17,0.2,0.2,4.2,0.14600000000000002,0.3,0.5,3.1,0.13699999999999998,-0.2,0.2333333333333334,0,1
4013,0.0,0.3333333333333333,3.3333333333333335,0.15666666666666668,0.0,0.4,3.2,0.156,0.2,0.5,3.1,0.15100000000000002,-0.23333333333333334,0.2333333333333334,0,5
4014,0.3333333333333333,0.6666666666666666,2.0,0.15,0.2,0.6,2.6,0.17400000000000002,0.1,0.5,3.1,0.183,0.033333333333333354,-1.1,0,1
4015,0.3333333333333333,0.6666666666666666,2.0,0.11666666666666665,0.4,0.6,2.2,0.13,0.3,0.5,2.5,0.12899999999999998,0.03333333333333338,-0.5,0,1
4016,0.0,0.0,3.3333333333333335,0.17,0.2,0.2,3.2,0.13199999999999998,0.2,0.2,3.9,0.128,0.06666666666666668,-0.5666666666666664,0,3
4017,0.0,0.0,5.0,0.18000000000000002,0.0,0.0,4.8,0.182,0.1,0.1,4.5,0.197,-0.23333333333333334,0.5,0,7
4018,0.6666666666666666,0.6666666666666666,2.3333333333333335,0.18999999999999997,0.4,0.4,2.6,0.18,0.2,0.2,4.0,0.16399999999999998,0.23333333333333336,-1.6666666666666665,0,1
4019,0.0,0.0,4.666666666666667,0.14,0.2,0.2,3.6,0.13799999999999998,0.3,0.4,3.0,0.149,0.0,1.666666666666667,0,4
4020,0.0,0.0,4.0,0.14,0.2,0.2,3.8,0.124,0.2,0.3,3.5,0.144,0.06666666666666668,0.5,0,3
4021,0.3333333333333333,0.3333333333333333,3.3333333333333335,0.16333333333333333,0.2,0.2,4.2,0.15000000000000002,0.1,0.4,3.8,0.151,0.13333333333333336,-0.46666666666666634,0,2
4022,0.0,0.3333333333333333,3.3333333333333335,0.1366666666666667,0.2,0.4,3.4,0.14,0.1,0.2,4.3,0.14100000000000001,0.0,-0.9666666666666663,0,3
4023,0.0,0.0,4.666666666666667,0.15333333333333335,0.0,0.2,4.2,0.156,0.0,0.2,4.5,0.192,-0.06666666666666667,0.16666666666666696,0,13
4024,0.0,0.0,5.0,0.15333333333333335,0.0,0.0,4.2,0.16199999999999998,0.1,0.1,4.2,0.18,-0.13333333333333333,0.7999999999999998,0,5
4025,0.0,0.3333333333333333,3.6666666666666665,0.16333333333333333,0.2,0.4,3.4,0.20400000000000001,0.2,0.3,3.5,0.202,0.0,0.16666666666666652,0,4
4026,0.0,0.0,4.333333333333333,0.16666666666666666,0.0,0.2,4.0,0.174,0.2,0.4,3.1,0.15500000000000003,-0.26666666666666666,1.233333333333333,0,5
4027,0.0,0.0,4.333333333333333,0.15666666666666665,0.0,0.4,3.4,0.16,0.3,0.7,2.4,0.14300000000000002,-0.13333333333333333,1.9333333333333331,0,5
4028,0.0,0.0,4.0,0.1366666666666667,0.2,0.2,3.2,0.128,0.2,0.2,3.2,0.14300000000000002,-0.06666666666666665,0.7999999999999998,0,4
4029,0.3333333333333333,0.6666666666666666,2.0,0.14,0.4,0.6,2.0,0.14800000000000002,0.3,0.4,3.0,0.125,0.10000000000000003,-1.0,0,1
4030,0.3333333333333333,0.3333333333333333,3.6666666666666665,0.16,0.2,0.4,3.2,0.13199999999999998,0.3,0.4,2.9,0.127,-0.1333333333333333,0.7666666666666666,0,2
4031,0.0,0.3333333333333333,4.0,0.14333333333333334,0.0,0.2,4.4,0.15,0.1,0.3,3.8,0.17,-0.16666666666666666,0.20000000000000018,0,9
4032,0.0,0.3333333333333333,4.333333333333333,0.13333333333333333,0.2,0.4,3.4,0.15,0.2,0.3,3.6,0.14900000000000002,0.0,0.733333333333333,0,3
4033,0.3333333333333333,0.3333333333333333,3.0,0.19333333333333333,0.2,0.4,3.0,0.18,0.2,0.3,3.0,0.159,0.033333333333333354,0.0,1,0
4034,0.0,0.0,4.333333333333333,0.19666666666666666,0.0,0.0,4.8,0.178,0.1,0.1,4.2,0.179,-0.06666666666666667,0.13333333333333286,0,8
4035,0.0,0.3333333333333333,4.333333333333333,0.14333333333333334,0.0,0.2,4.8,0.148,0.2,0.4,3.9,0.186,-0.13333333333333333,0.4333333333333331,0,5
4036,0.0,0.0,4.0,0.15333333333333335,0.0,0.0,3.6,0.15000000000000002,0.2,0.3,3.0,0.16699999999999998,-0.13333333333333333,1.0,0,5
4037,0.3333333333333333,0.3333333333333333,3.6666666666666665,0.16,0.2,0.4,3.4,0.15200000000000002,0.2,0.3,3.8,0.16199999999999998,0.033333333333333354,-0.1333333333333333,0,1
4038,0.0,0.6666666666666666,2.6666666666666665,0.14333333333333334,0.0,0.4,3.6,0.136,0.1,0.4,3.4,0.14400000000000004,-0.06666666666666667,-0.7333333333333334,0,7
4039,0.0,0.0,5.666666666666667,0.15333333333333332,0.4,0.4,3.8,0.15799999999999997,0.4,0.4,3.5,0.156,0.2666666666666667,2.166666666666667,0,3
4040,0.6666666666666666,1.0,1.3333333333333333,0.1366666666666667,0.4,0.8,2.0,0.132,0.5,0.7,1.9,0.15,0.03333333333333338,-0.5666666666666667,1,0
4041,0.6666666666666666,0.6666666666666666,2.0,0.16666666666666666,0.4,0.6,2.4,0.162,0.3,0.4,3.3,0.142,0.2,-1.2999999999999998,0,1
4042,0.6666666666666666,0.6666666666666666,1.6666666666666667,0.16666666666666666,0.4,0.4,3.2,0.156,0.3,0.3,3.0,0.14700000000000002,0.10000000000000003,-1.3333333333333333,2,0
4043,0.3333333333333333,0.6666666666666666,3.0,0.15333333333333335,0.4,0.6,3.0,0.17200000000000001,0.3,0.5,3.0,0.184,0.2,0.0,1,0
4044,0.0,0.0,5.333333333333333,0.15666666666666668,0.2,0.4,3.8,0.144,0.3,0.6,3.0,0.124,0.0,2.333333333333333,0,3
4045,0.3333333333333333,0.3333333333333333,3.3333333333333335,0.13333333333333333,0.4,0.4,3.2,0.132,0.2,0.2,4.5,0.14599999999999996,0.30000000000000004,-1.1666666666666665,0,1
4046,0.0,0.0,6.0,0.12333333333333334,0.0,0.0,5.4,0.13999999999999999,0.3,0.4,3.6,0.12799999999999997,-0.13333333333333333,2.4,0,5
4047,0.3333333333333333,0.3333333333333333,3.6666666666666665,0.13333333333333333,0.2,0.2,3.8,0.14200000000000002,0.1,0.3,3.7,0.16,0.06666666666666668,-0.03333333333333366,1,0
4048,0.0,0.6666666666666666,3.0,0.11,0.0,0.4,3.4,0.12399999999999997,0.2,0.4,3.1,0.138,-0.23333333333333334,-0.10000000000000009,0,7
4049,0.3333333333333333,0.3333333333333333,3.3333333333333335,0.18333333333333335,0.2,0.2,3.4,0.158,0.1,0.2,3.6,0.15900000000000003,0.0,-0.2666666666666666,0,1
4050,0.0,0.3333333333333333,3.6666666666666665,0.14333333333333334,0.2,0.4,3.0,0.152,0.2,0.4,3.1,0.13199999999999998,-0.06666666666666665,0.5666666666666664,0,3
4051,0.0,0.3333333333333333,3.6666666666666665,0.12333333333333334,0.2,0.6,2.8,0.154,0.2,0.6,2.8,0.16299999999999998,-0.033333333333333326,0.8666666666666667,0,4
4052,0.0,0.3333333333333333,3.0,0.17,0.0,0.2,3.6,0.158,0.1,0.2,3.8,0.14999999999999997,-0.16666666666666666,-0.7999999999999998,0,8
4053,0.0,0.3333333333333333,2.6666666666666665,0.16,0.0,0.4,2.8,0.16,0.2,0.5,2.7,0.16,-0.13333333333333333,-0.03333333333333366,0,6
4054,0.3333333333333333,0.3333333333333333,2.3333333333333335,0.15666666666666668,0.2,0.2,3.4,0.18,0.1,0.2,4.0,0.198,0.1,-1.6666666666666665,0,2
4055,0.3333333333333333,0.3333333333333333,3.0,0.14333333333333334,0.2,0.2,3.8,0.166,0.2,0.4,3.2,0.16499999999999998,0.0,-0.20000000000000018,0,1
4056,0.3333333333333333,0.6666666666666666,3.0,0.16,0.2,0.4,3.2,0.15400000000000003,0.1,0.2,4.1,0.16399999999999998,0.06666666666666668,-1.0999999999999996,1,0
4057,0.0,0.6666666666666666,3.3333333333333335,0.16666666666666666,0.2,0.6,3.2,0.174,0.2,0.4,3.3,0.158,-0.06666666666666665,0.03333333333333366,0,3
4058,0.3333333333333333,0.3333333333333333,3.3333333333333335,0.14666666666666667,0.4,0.4,3.4,0.138,0.2,0.2,3.8,0.15499999999999997,0.16666666666666669,-0.46666666666666634,0,2
4059,0.3333333333333333,1.0,1.6666666666666667,0.13333333333333333,0.2,0.6,3.0,0.176,0.2,0.4,3.3,0.177,-0.09999999999999998,-1.633333333333333,1,0
4060,0.3333333333333333,0.3333333333333333,3.3333333333333335,0.15666666666666668,0.2,0.2,3.8,0.146,0.2,0.3,3.7,0.16599999999999998,0.033333333333333354,-0.3666666666666667,0,2
4061,0.0,0.3333333333333333,3.3333333333333335,0.16666666666666666,0.4,0.6,2.4,0.15,0.4,0.7,2.3,0.13999999999999999,0.13333333333333336,1.0333333333333337,0,3
4062,0.3333333333333333,0.3333333333333333,4.333333333333333,0.16333333333333333,0.2,0.2,4.2,0.16999999999999998,0.1,0.1,4.4,0.16099999999999998,0.06666666666666668,-0.06666666666666732,0,2
4063,0.0,0.0,5.333333333333333,0.15,0.2,0.4,3.8,0.14,0.1,0.3,3.7,0.12599999999999997,0.0,1.6333333333333329,0,4
4064,0.0,0.6666666666666666,3.0,0.17333333333333334,0.0,0.4,3.6,0.146,0.2,0.6,3.0,0.155,-0.1,0.0,0,7
4065,0.3333333333333333,0.3333333333333333,4.0,0.18333333333333335,0.2,0.4,3.4,0.2,0.2,0.4,3.1,0.177,0.0,0.8999999999999999,0,1
4066,0.3333333333333333,0.6666666666666666,2.0,0.13333333333333333,0.2,0.6,2.4,0.15,0.2,0.5,2.7,0.156,-0.06666666666666665,-0.7000000000000002,0,2
4067,0.0,0.0,4.333333333333333,0.13333333333333333,0.2,0.2,3.8,0.13,0.2,0.2,3.6,0.172,0.0,0.733333333333333,0,3
4068,0.0,0.3333333333333333,2.6666666666666665,0.12,0.0,0.2,3.0,0.11599999999999999,0.2,0.4,2.5,0.17800000000000002,-0.1,0.16666666666666652,0,5
4069,0.0,0.0,5.0,0.16666666666666666,0.0,0.2,4.4,0.178,0.0,0.4,3.5,0.146,-0.1,1.5,0,21
4070,0.0,0.3333333333333333,4.666666666666667,0.1466666666666667,0.0,0.6,3.6,0.14800000000000002,0.0,0.3,3.9,0.16,-0.13333333333333333,0.766666666666667,0,20
4071,0.0,0.3333333333333333,3.3333333333333335,0.10666666666666667,0.0,0.2,3.4,0.11000000000000001,0.1,0.3,3.4,0.119,-0.13333333333333333,-0.06666666666666643,0,9
4072,0.0,0.3333333333333333,3.3333333333333335,0.10333333333333333,0.0,0.2,3.6,0.12000000000000002,0.2,0.3,3.3,0.14300000000000002,-0.2,0.03333333333333366,0,6
4073,0.0,0.0,4.666666666666667,0.17,0.0,0.2,3.8,0.18,0.1,0.4,3.5,0.16999999999999998,-0.26666666666666666,1.166666666666667,0,9
4074,0.0,0.0,5.0,0.18000000000000002,0.0,0.0,4.6,0.172,0.2,0.5,3.1,0.147,-0.16666666666666666,1.9,0,6
4075,0.3333333333333333,0.3333333333333333,2.3333333333333335,0.14666666666666667,0.2,0.2,3.0,0.168,0.2,0.4,3.2,0.16599999999999998,0.0,-0.8666666666666667,1,0
4076,0.0,0.0,5.333333333333333,0.15666666666666668,0.0,0.0,5.4,0.168,0.1,0.4,4.0,0.179,-0.16666666666666666,1.333333333333333,0,8
4077,0.0,0.0,5.666666666666667,0.16666666666666666,0.2,0.2,4.4,0.17200000000000001,0.3,0.3,3.5,0.152,-0.06666666666666665,2.166666666666667,0,3
4078,0.3333333333333333,0.6666666666666666,2.0,0.1466666666666667,0.4,0.8,1.8,0.134,0.3,0.7,2.2,0.14100000000000001,0.2,-0.20000000000000018,0,1
4079,0.0,0.0,3.6666666666666665,0.13,0.0,0.0,3.4,0.132,0.0,0.1,3.7,0.146,-0.16666666666666666,-0.03333333333333366,0,11
4080,0.0,0.3333333333333333,3.3333333333333335,0.11666666666666665,0.0,0.4,3.0,0.134,0.1,0.3,3.5,0.12000000000000002,-0.2,-0.16666666666666652,0,5
4081,0.0,0.0,5.333333333333333,0.1466666666666667,0.0,0.2,4.6,0.16199999999999998,0.0,0.2,4.1,0.15000000000000002,-0.06666666666666667,1.2333333333333334,0,12
4082,0.0,0.0,4.666666666666667,0.17,0.0,0.0,4.6,0.178,0.0,0.2,4.2,0.163,-0.16666666666666666,0.4666666666666668,0,12
4083,0.0,0.0,5.333333333333333,0.17,0.2,0.2,4.0,0.144,0.2,0.3,3.8,0.144,0.033333333333333354,1.5333333333333332,0,3
4084,0.3333333333333333,0.3333333333333333,3.3333333333333335,0.15000000000000002,0.4,0.4,3.4,0.14800000000000002,0.3,0.4,3.0,0.144,0.2666666666666667,0.3333333333333335,0,1
4085,0.0,0.0,5.0,0.18000000000000002,0.0,0.0,4.8,0.182,0.1,0.2,3.6,0.17200000000000001,-0.2,1.4,0,9
4086,0.3333333333333333,0.3333333333333333,3.3333333333333335,0.13,0.6,0.6,2.4,0.124,0.4,0.4,2.8,0.136,0.43333333333333335,0.5333333333333337,0,1
4087,0.3333333333333333,0.6666666666666666,2.3333333333333335,0.16333333333333333,0.2,0.4,3.0,0.148,0.2,0.3,3.0,0.128,0.033333333333333354,-0.6666666666666665,1,0
4088,0.3333333333333333,0.3333333333333333,2.3333333333333335,0.19333333333333333,0.4,0.4,2.6,0.18,0.2,0.3,3.4,0.18,0.2666666666666667,-1.0666666666666664,1,0
4089,0.0,0.0,4.0,0.16666666666666666,0.2,0.2,3.2,0.14400000000000002,0.2,0.2,3.3,0.131,0.06666666666666668,0.7000000000000002,0,4
4090,0.0,0.3333333333333333,4.0,0.10666666666666667,0.0,0.2,4.6,0.146,0.0,0.1,4.7,0.172,-0.16666666666666666,-0.7000000000000002,0,11
4091,0.0,0.0,3.3333333333333335,0.1366666666666667,0.0,0.2,3.0,0.134,0.0,0.1,3.7,0.14200000000000002,-0.1,-0.3666666666666667,0,14
4092,0.0,0.0,3.6666666666666665,0.14333333333333334,0.0,0.0,3.6,0.14200000000000002,0.2,0.3,3.1,0.133,-0.23333333333333334,0.5666666666666664,0,5
4093,0.3333333333333333,0.3333333333333333,4.333333333333333,0.13,0.4,0.4,4.0,0.164,0.2,0.3,4.0,0.16799999999999998,0.16666666666666669,0.33333333333333304,0,1
4094,0.3333333333333333,1.0,1.6666666666666667,0.2133333333333333,0.2,0.8,2.2,0.194,0.1,0.6,2.6,0.16199999999999998,0.13333333333333336,-0.9333333333333333,1,0
4095,0.0,0.3333333333333333,4.0,0.16,0.4,0.6,2.8,0.156,0.4,0.5,2.6,0.122,0.2,1.4,0,3
4096,0.0,0.0,4.666666666666667,0.15,0.2,0.2,3.8,0.17,0.1,0.3,3.9,0.159,-0.06666666666666665,0.766666666666667,0,4
4097,0.0,0.6666666666666666,2.6666666666666665,0.14333333333333334,0.0,0.6,3.0,0.15,0.0,0.4,3.9,0.17099999999999999,-0.1,-1.2333333333333334,0,19
4098,0.0,0.6666666666666666,2.6666666666666665,0.18333333333333335,0.0,0.4,3.2,0.15999999999999998,0.2,0.6,2.7,0.174,-0.1,-0.03333333333333366,0,5
4099,0.0,0.0,3.3333333333333335,0.15666666666666668,0.2,0.2,3.4,0.16,0.1,0.2,3.6,0.17099999999999999,0.0,-0.2666666666666666,0,4
4100,0.3333333333333333,0.6666666666666666,2.6666666666666665,0.13999999999999999,0.2,0.6,3.0,0.15999999999999998,0.1,0.3,3.4,0.159,0.13333333333333336,-0.7333333333333334,0,1
4101,0.0,0.0,3.3333333333333335,0.13333333333333333,0.0,0.0,4.2,0.13,0.1,0.2,3.6,0.12799999999999997,-0.2,-0.2666666666666666,0,5
4102,0.0,1.0,2.0,0.14333333333333334,0.0,0.8,2.6,0.148,0.4,0.9,1.9,0.13000000000000003,-0.3,0.10000000000000009,0,6
4103,0.0,0.0,4.0,0.19666666666666666,0.0,0.0,4.6,0.22400000000000003,0.0,0.1,4.5,0.21500000000000002,-0.1,-0.5,0,15
4104,0.0,0.3333333333333333,3.6666666666666665,0.18000000000000002,0.2,0.6,2.8,0.178,0.3,0.5,3.2,0.18,-0.033333333333333326,0.46666666666666634,0,3
4105,0.0,0.0,5.666666666666667,0.21333333333333335,0.0,0.2,4.8,0.20400000000000001,0.0,0.1,4.7,0.194,-0.06666666666666667,0.9666666666666668,0,18
4106,0.3333333333333333,0.6666666666666666,2.6666666666666665,0.16,0.2,0.6,2.8,0.148,0.1,0.3,4.1,0.18499999999999997,0.16666666666666669,-1.4333333333333331,0,2
4107,0.0,0.0,5.666666666666667,0.11333333333333334,0.0,0.2,5.0,0.124,0.1,0.3,4.4,0.12700000000000003,-0.2,1.2666666666666666,0,9
4108,0.0,0.3333333333333333,3.0,0.11333333333333334,0.0,0.4,3.4,0.11800000000000002,0.2,0.5,2.7,0.13599999999999998,-0.16666666666666666,0.2999999999999998,0,7
4109,0.0,0.0,4.0,0.06333333333333334,0.0,0.0,3.6,0.12400000000000003,0.2,0.3,3.1,0.10800000000000001,-0.16666666666666666,0.8999999999999999,0,6
4110,0.0,0.0,3.6666666666666665,0.15333333333333332,0.0,0.2,3.6,0.134,0.2,0.3,3.3,0.15299999999999997,-0.2,0.3666666666666667,0,8
4111,0.3333333333333333,0.3333333333333333,3.3333333333333335,0.18333333333333335,0.2,0.4,3.4,0.194,0.2,0.4,3.5,0.198,0.1,-0.16666666666666652,0,1
4112,0.3333333333333333,0.3333333333333333,2.6666666666666665,0.15333333333333332,0.2,0.6,2.4,0.152,0.3,0.6,2.4,0.15200000000000002,-0.06666666666666665,0.2666666666666666,1,0
4113,0.6666666666666666,0.6666666666666666,2.3333333333333335,0.14,0.4,0.6,2.4,0.14400000000000002,0.3,0.5,2.6,0.177,0.23333333333333336,-0.2666666666666666,2,0
4114,0.3333333333333333,0.3333333333333333,2.6666666666666665,0.22333333333333336,0.2,0.2,3.0,0.23199999999999998,0.2,0.2,3.1,0.2,-0.09999999999999998,-0.43333333333333357,1,0
4115,0.3333333333333333,0.6666666666666666,2.6666666666666665,0.09333333333333334,0.2,0.4,3.2,0.11199999999999999,0.2,0.4,3.3,0.12500000000000003,-0.033333333333333326,-0.6333333333333333,0,1
4116,0.0,0.6666666666666666,3.0,0.16,0.0,0.4,4.0,0.16599999999999998,0.0,0.2,4.0,0.202,-0.13333333333333333,-1.0,0,18
4117,0.3333333333333333,0.6666666666666666,2.3333333333333335,0.15000000000000002,0.2,0.4,2.8,0.14400000000000002,0.2,0.5,2.5,0.15399999999999997,0.13333333333333336,-0.16666666666666652,0,1
4118,0.0,0.0,3.0,0.19999999999999998,0.2,0.2,2.8,0.19,0.1,0.3,3.2,0.169,0.033333333333333354,-0.20000000000000018,0,3
4119,0.3333333333333333,0.3333333333333333,3.0,0.12,0.4,0.6,2.4,0.126,0.3,0.7,2.5,0.16099999999999998,0.13333333333333336,0.5,0,1
4120,0.3333333333333333,0.3333333333333333,3.3333333333333335,0.14,0.2,0.2,4.2,0.15599999999999997,0.2,0.4,3.5,0.148,0.0,-0.16666666666666652,1,0
4121,0.3333333333333333,0.3333333333333333,3.6666666666666665,0.11333333333333334,0.2,0.4,3.2,0.128,0.1,0.3,3.2,0.13400000000000004,0.1,0.46666666666666634,0,1
4122,0.0,0.0,5.0,0.17666666666666667,0.0,0.2,4.4,0.18,0.2,0.5,3.2,0.182,-0.23333333333333334,1.7999999999999998,0,6
4123,0.0,0.0,5.0,0.1466666666666667,0.0,0.2,4.4,0.14800000000000002,0.1,0.4,3.3,0.15199999999999997,-0.23333333333333334,1.7000000000000002,0,9
4124,0.3333333333333333,0.3333333333333333,2.3333333333333335,0.17,0.4,0.4,2.2,0.16000000000000003,0.3,0.3,2.8,0.15099999999999997,0.23333333333333336,-0.46666666666666634,0,2
4125,0.3333333333333333,0.3333333333333333,4.0,0.12666666666666668,0.2,0.4,3.4,0.16,0.1,0.3,3.9,0.166,0.0,0.10000000000000009,1,0
4126,0.0,0.0,4.333333333333333,0.15666666666666665,0.0,0.0,4.8,0.162,0.0,0.0,4.9,0.15799999999999997,-0.06666666666666667,-0.5666666666666673,0,27
4127,0.0,0.3333333333333333,4.333333333333333,0.14,0.0,0.4,3.6,0.15000000000000002,0.1,0.3,4.1,0.16399999999999998,-0.26666666666666666,0.2333333333333334,0,6
4128,0.0,0.3333333333333333,3.3333333333333335,0.14333333333333334,0.2,0.4,3.2,0.132,0.3,0.4,3.1,0.129,-0.09999999999999998,0.2333333333333334,0,3
4129,0.0,0.0,4.333333333333333,0.1566666666666667,0.0,0.2,3.8,0.126,0.0,0.2,4.0,0.142,-0.13333333333333333,0.33333333333333304,0,10
4130,0.0,0.3333333333333333,3.0,0.15666666666666665,0.0,0.4,3.4,0.16599999999999998,0.2,0.4,3.3,0.13999999999999999,-0.16666666666666666,-0.2999999999999998,0,5
4131,0.3333333333333333,0.3333333333333333,4.0,0.10333333333333335,0.2,0.2,4.2,0.13,0.3,0.5,3.2,0.132,-0.06666666666666665,0.7999999999999998,1,0
4132,0.0,0.3333333333333333,3.6666666666666665,0.16,0.0,0.2,3.6,0.154,0.1,0.3,3.3,0.17,-0.06666666666666667,0.3666666666666667,0,8
4133,0.0,0.3333333333333333,3.6666666666666665,0.1366666666666667,0.2,0.4,3.6,0.132,0.2,0.4,3.3,0.154,-0.033333333333333326,0.3666666666666667,0,3
4134,0.0,0.6666666666666666,3.3333333333333335,0.11333333333333333,0.0,0.8,2.8,0.148,0.2,0.8,2.3,0.13399999999999998,-0.16666666666666666,1.0333333333333337,0,7
4135,0.0,1.0,2.0,0.14,0.2,0.8,2.2,0.134,0.3,0.6,3.1,0.139,0.06666666666666668,-1.1,0,4
4136,0.6666666666666666,0.6666666666666666,2.3333333333333335,0.13,0.6,0.6,2.6,0.156,0.3,0.4,3.2,0.15500000000000003,0.36666666666666664,-0.8666666666666667,1,0
4137,0.6666666666666666,0.6666666666666666,2.0,0.14333333333333334,0.6,0.8,1.8,0.166,0.4,0.7,2.2,0.154,0.39999999999999997,-0.20000000000000018,1,0
4138,0.3333333333333333,0.3333333333333333,4.0,0.18333333333333335,0.2,0.2,4.6,0.17800000000000002,0.3,0.4,3.7,0.16999999999999998,0.033333333333333354,0.2999999999999998,1,0
4139,0.0,0.0,5.666666666666667,0.17,0.0,0.0,5.8,0.184,0.0,0.0,5.3,0.191,-0.16666666666666666,0.36666666666666714,0,14
4140,0.3333333333333333,0.6666666666666666,3.0,0.15,0.2,0.4,4.2,0.13,0.2,0.5,3.5,0.14200000000000004,0.033333333333333354,-0.5,0,1
4141,0.3333333333333333,0.3333333333333333,2.3333333333333335,0.13,0.4,0.4,2.6,0.148,0.2,0.2,3.0,0.13899999999999996,0.2666666666666667,-0.6666666666666665,1,0
4142,0.3333333333333333,0.3333333333333333,4.333333333333333,0.14333333333333334,0.2,0.4,3.8,0.158,0.1,0.3,3.7,0.176,0.0,0.6333333333333329,1,0
4143,0.3333333333333333,0.3333333333333333,3.3333333333333335,0.11666666666666665,0.4,0.4,2.8,0.13999999999999999,0.3,0.4,3.0,0.154,0.16666666666666669,0.3333333333333335,0,1
4144,0.0,0.6666666666666666,3.0,0.18666666666666668,0.2,0.6,3.0,0.164,0.2,0.4,3.3,0.16299999999999998,0.0,-0.2999999999999998,0,3
4145,0.0,0.0,4.333333333333333,0.15,0.0,0.0,4.4,0.13799999999999998,0.0,0.0,5.0,0.197,-0.1,-0.666666666666667,0,24
4146,0.0,0.0,4.666666666666667,0.18666666666666668,0.2,0.2,4.0,0.164,0.3,0.3,3.3,0.143,0.0,1.3666666666666671,0,4
4147,0.0,0.3333333333333333,2.6666666666666665,0.15,0.0,0.2,3.6,0.154,0.2,0.3,3.1,0.15999999999999998,-0.3333333333333333,-0.43333333333333357,0,8
4148,0.6666666666666666,1.0,1.3333333333333333,0.14333333333333334,0.4,0.6,2.6,0.146,0.2,0.7,2.4,0.131,0.13333333333333336,-1.0666666666666667,0,1
4149,0.3333333333333333,0.3333333333333333,3.6666666666666665,0.15,0.2,0.2,4.0,0.17200000000000001,0.3,0.3,3.5,0.183,-0.06666666666666665,0.16666666666666652,0,1
4150,0.0,0.0,4.333333333333333,0.14666666666666667,0.2,0.2,3.8,0.136,0.3,0.4,3.1,0.14300000000000002,0.0,1.233333333333333,0,3
4151,0.3333333333333333,0.6666666666666666,3.0,0.14666666666666667,0.2,0.6,2.8,0.14200000000000002,0.1,0.6,3.0,0.16899999999999998,0.033333333333333354,0.0,0,2
4152,0.0,0.0,4.333333333333333,0.14666666666666667,0.2,0.2,3.8,0.166,0.2,0.3,3.5,0.182,0.1,0.833333333333333,0,4
4153,0.6666666666666666,0.6666666666666666,2.0,0.12333333333333334,0.4,0.4,3.0,0.124,0.4,0.4,2.7,0.126,0.23333333333333336,-0.7000000000000002,2,0
4154,0.0,0.3333333333333333,4.0,0.1466666666666667,0.2,0.4,3.6,0.15000000000000002,0.1,0.5,3.3,0.179,0.13333333333333336,0.7000000000000002,0,4
4155,0.3333333333333333,0.3333333333333333,2.6666666666666665,0.1466666666666667,0.2,0.2,3.2,0.14200000000000002,0.2,0.6,2.5,0.13699999999999998,-0.033333333333333326,0.16666666666666652,0,1
4156,0.0,0.3333333333333333,4.333333333333333,0.19666666666666666,0.0,0.2,5.0,0.16599999999999998,0.2,0.5,3.4,0.164,-0.23333333333333334,0.9333333333333331,0,6
4157,0.0,0.3333333333333333,4.666666666666667,0.13999999999999999,0.0,0.2,4.8,0.148,0.2,0.5,3.6,0.154,-0.23333333333333334,1.0666666666666669,0,5
4158,0.0,0.3333333333333333,4.333333333333333,0.1566666666666667,0.0,0.2,4.4,0.15600000000000003,0.0,0.2,4.0,0.13799999999999998,-0.16666666666666666,0.33333333333333304,0,10
4159,0.0,0.3333333333333333,3.6666666666666665,0.18000000000000002,0.0,0.4,3.4,0.16,0.1,0.4,3.2,0.16599999999999998,-0.2,0.46666666666666634,0,9
4160,0.0,0.3333333333333333,3.6666666666666665,0.13333333333333333,0.2,0.4,3.6,0.14200000000000002,0.1,0.4,3.6,0.14000000000000004,0.06666666666666668,0.06666666666666643,0,3
4161,0.0,0.3333333333333333,4.0,0.1366666666666667,0.0,0.2,4.6,0.14200000000000002,0.2,0.3,3.8,0.15300000000000002,-0.23333333333333334,0.20000000000000018,0,5
4162,0.0,0.3333333333333333,4.666666666666667,0.20666666666666667,0.0,0.2,5.0,0.21200000000000002,0.0,0.2,4.3,0.189,-0.13333333333333333,0.36666666666666714,0,12
4163,0.0,0.0,5.666666666666667,0.15666666666666665,0.0,0.0,5.6,0.15200000000000002,0.1,0.1,4.8,0.154,-0.16666666666666666,0.8666666666666671,0,6
4164,0.0,0.3333333333333333,4.333333333333333,0.19333333333333333,0.0,0.4,3.8,0.182,0.0,0.4,3.8,0.16599999999999998,-0.1,0.5333333333333332,0,14
4165,0.6666666666666666,0.6666666666666666,2.3333333333333335,0.15666666666666665,0.6,0.8,2.0,0.162,0.5,0.6,2.5,0.16099999999999998,0.39999999999999997,-0.16666666666666652,2,0
4166,0.0,0.0,4.0,0.18333333333333332,0.2,0.2,3.6,0.184,0.2,0.3,3.6,0.16099999999999998,-0.09999999999999998,0.3999999999999999,0,3
4167,0.0,0.3333333333333333,3.6666666666666665,0.18333333333333332,0.0,0.2,4.4,0.176,0.0,0.1,4.0,0.169,-0.03333333333333333,-0.3333333333333335,0,17
4168,0.0,0.0,4.333333333333333,0.15666666666666665,0.0,0.0,4.0,0.152,0.2,0.3,3.0,0.146,-0.23333333333333334,1.333333333333333,0,7
4169,0.3333333333333333,0.3333333333333333,3.0,0.13333333333333333,0.2,0.2,3.6,0.19,0.2,0.3,3.5,0.21200000000000002,-0.06666666666666665,-0.5,0,1
4170,0.0,0.0,4.0,0.15666666666666668,0.0,0.0,3.8,0.14400000000000002,0.2,0.4,2.9,0.156,-0.16666666666666666,1.1,0,7
4171,0.0,0.0,5.0,0.15666666666666668,0.2,0.2,3.8,0.17200000000000001,0.1,0.3,3.9,0.185,-0.033333333333333326,1.1,0,4
4172,0.3333333333333333,0.3333333333333333,3.6666666666666665,0.15,0.2,0.2,3.8,0.178,0.1,0.3,3.4,0.184,0.06666666666666668,0.2666666666666666,0,1
4173,0.0,0.0,5.0,0.14333333333333334,0.2,0.2,3.8,0.15199999999999997,0.1,0.2,3.9,0.16199999999999998,0.033333333333333354,1.1,0,4
4174,0.0,0.3333333333333333,4.0,0.14,0.2,0.4,3.4,0.14,0.1,0.3,3.5,0.13899999999999998,0.033333333333333354,0.5,0,4
4175,0.0,1.0,2.0,0.16333333333333333,0.2,0.8,2.6,0.144,0.1,0.7,2.8,0.14600000000000005,0.033333333333333354,-0.7999999999999998,0,3
4176,0.0,0.6666666666666666,2.6666666666666665,0.16666666666666666,0.0,0.6,3.0,0.16999999999999998,0.2,0.7,2.5,0.17099999999999999,-0.16666666666666666,0.16666666666666652,0,5
4177,0.0,0.3333333333333333,2.6666666666666665,0.12333333333333334,0.4,0.6,2.0,0.122,0.5,0.6,2.4,0.14000000000000004,0.10000000000000003,0.2666666666666666,0,3
4178,0.3333333333333333,0.3333333333333333,3.0,0.18333333333333335,0.2,0.2,3.2,0.16399999999999998,0.2,0.4,3.2,0.15800000000000003,0.0,-0.20000000000000018,0,1
4179,0.0,0.0,5.333333333333333,0.13333333333333333,0.2,0.2,4.4,0.136,0.2,0.3,3.8,0.156,-0.033333333333333326,1.5333333333333332,0,3
4180,0.0,0.0,3.6666666666666665,0.20333333333333334,0.0,0.0,4.4,0.176,0.2,0.2,3.7,0.157,-0.16666666666666666,-0.03333333333333366,0,6
4181,0.6666666666666666,0.6666666666666666,2.0,0.19333333333333336,0.4,0.4,3.4,0.21000000000000002,0.3,0.4,3.4,0.20500000000000002,0.13333333333333336,-1.4,2,0
4182,0.0,0.6666666666666666,2.6666666666666665,0.1366666666666667,0.0,0.6,3.2,0.164,0.1,0.4,3.2,0.22600000000000003,-0.2,-0.5333333333333337,0,7
4183,0.0,0.0,4.333333333333333,0.19000000000000003,0.0,0.0,4.0,0.18,0.0,0.0,4.4,0.18,-0.16666666666666666,-0.06666666666666732,0,12
4184,0.6666666666666666,1.0,1.3333333333333333,0.14,0.4,0.6,2.2,0.152,0.3,0.7,2.2,0.16099999999999998,0.2,-0.8666666666666669,0,1
4185,0.0,0.0,4.666666666666667,0.16,0.0,0.0,4.8,0.16599999999999998,0.0,0.3,3.9,0.149,-0.1,0.766666666666667,0,11
4186,0.0,0.3333333333333333,4.333333333333333,0.15333333333333332,0.0,0.4,4.0,0.158,0.0,0.3,4.2,0.15099999999999997,-0.06666666666666667,0.13333333333333286,0,16
4187,0.3333333333333333,0.6666666666666666,2.3333333333333335,0.13,0.4,0.8,2.0,0.14400000000000002,0.3,0.5,3.3,0.151,0.23333333333333336,-0.9666666666666663,0,2
4188,0.3333333333333333,0.6666666666666666,2.6666666666666665,0.13,0.2,0.4,3.4,0.14200000000000002,0.2,0.7,2.6,0.11600000000000002,-0.09999999999999998,0.06666666666666643,1,0
4189,0.0,0.0,4.0,0.16333333333333333,0.0,0.0,4.6,0.156,0.1,0.2,3.8,0.194,-0.36666666666666664,0.20000000000000018,0,6
4190,0.0,0.0,5.666666666666667,0.13333333333333333,0.2,0.2,4.2,0.11200000000000002,0.3,0.4,3.3,0.12899999999999998,-0.06666666666666665,2.366666666666667,0,4
4191,0.6666666666666666,1.0,1.3333333333333333,0.13,0.4,0.8,2.2,0.162,0.2,0.5,3.3,0.16,0.2666666666666667,-1.9666666666666666,0,1
4192,0.0,0.0,4.0,0.1366666666666667,0.0,0.0,4.4,0.13,0.2,0.2,3.9,0.15299999999999997,-0.23333333333333334,0.10000000000000009,0,6
4193,0.0,0.3333333333333333,4.0,0.11,0.2,0.4,3.4,0.12,0.2,0.3,3.1,0.12200000000000003,0.0,0.8999999999999999,0,3
4194,0.0,0.3333333333333333,4.0,0.08333333333333333,0.0,0.6,3.2,0.1,0.0,0.3,3.6,0.11500000000000002,-0.16666666666666666,0.3999999999999999,0,10
4195,0.0,0.0,4.666666666666667,0.16333333333333333,0.0,0.0,4.8,0.148,0.1,0.1,4.7,0.178,-0.16666666666666666,-0.033333333333333215,0,6
4196,0.0,0.3333333333333333,4.0,0.10666666666666667,0.0,0.2,4.0,0.10200000000000001,0.0,0.2,3.8,0.11299999999999999,-0.13333333333333333,0.20000000000000018,0,11
4197,0.3333333333333333,0.3333333333333333,2.6666666666666665,0.14,0.4,0.6,2.2,0.13,0.3,0.5,2.9,0.158,0.2,-0.2333333333333334,1,0
4198,0.0,0.3333333333333333,4.333333333333333,0.12333333333333334,0.0,0.2,4.4,0.132,0.0,0.2,4.2,0.15899999999999997,-0.1,0.13333333333333286,0,18
4199,0.0,0.0,3.6666666666666665,0.17,0.2,0.4,2.8,0.16999999999999998,0.3,0.4,2.8,0.151,-0.033333333333333326,0.8666666666666667,0,4
4200,0.3333333333333333,0.3333333333333333,4.333333333333333,0.13333333333333333,0.2,0.2,4.4,0.192,0.2,0.4,3.6,0.21599999999999997,0.1,0.733333333333333,0,2
4201,0.0,0.0,5.0,0.19000000000000003,0.0,0.0,4.6,0.192,0.1,0.2,3.6,0.174,-0.03333333333333333,1.4,0,5
4202,0.3333333333333333,0.3333333333333333,3.0,0.1366666666666667,0.4,0.4,3.0,0.192,0.2,0.5,3.0,0.2,0.2,0.0,0,2
4203,0.0,0.0,4.666666666666667,0.14,0.0,0.2,4.0,0.146,0.1,0.2,3.7,0.155,-0.16666666666666666,0.9666666666666668,0,7
4204,0.0,0.0,4.666666666666667,0.18666666666666668,0.2,0.2,3.6,0.164,0.2,0.2,3.6,0.191,-0.06666666666666665,1.0666666666666669,0,4
4205,0.3333333333333333,0.3333333333333333,3.6666666666666665,0.12666666666666668,0.4,0.4,3.0,0.144,0.2,0.5,2.8,0.14899999999999997,0.16666666666666669,0.8666666666666667,0,1
4206,0.0,0.0,4.666666666666667,0.14333333333333334,0.0,0.0,5.0,0.13999999999999999,0.1,0.2,4.3,0.14700000000000002,-0.06666666666666667,0.36666666666666714,0,7
4207,0.0,0.3333333333333333,4.0,0.11666666666666665,0.4,0.6,2.8,0.128,0.3,0.5,2.9,0.12300000000000003,0.2,1.1,0,3
4208,0.0,0.0,4.666666666666667,0.13,0.0,0.0,5.2,0.142,0.0,0.1,4.5,0.14600000000000002,-0.16666666666666666,0.16666666666666696,0,11
4209,0.0,0.3333333333333333,4.333333333333333,0.09666666666666666,0.0,0.4,3.6,0.12399999999999997,0.1,0.3,3.8,0.142,-0.3,0.5333333333333332,0,9
4210,0.0,0.0,3.6666666666666665,0.13666666666666666,0.0,0.2,3.6,0.14,0.0,0.4,3.2,0.135,-0.13333333333333333,0.46666666666666634,0,13
4211,0.0,0.0,5.0,0.12666666666666668,0.2,0.2,3.8,0.10200000000000001,0.1,0.1,4.4,0.12000000000000002,0.13333333333333336,0.5999999999999996,0,3
4212,0.3333333333333333,0.3333333333333333,3.3333333333333335,0.15333333333333332,0.2,0.2,3.6,0.134,0.2,0.3,3.6,0.13599999999999998,0.033333333333333354,-0.2666666666666666,1,0
4213,0.0,0.0,4.666666666666667,0.12333333333333334,0.0,0.0,4.8,0.124,0.2,0.2,4.0,0.13999999999999999,-0.1,0.666666666666667,0,5
4214,0.0,0.3333333333333333,4.333333333333333,0.16,0.0,0.6,3.4,0.14400000000000002,0.1,0.4,3.6,0.15699999999999997,-0.13333333333333333,0.733333333333333,0,5
4215,0.0,0.0,5.0,0.12666666666666668,0.0,0.4,3.8,0.148,0.1,0.3,3.8,0.137,-0.16666666666666666,1.2000000000000002,0,7
4216,0.0,0.3333333333333333,4.0,0.13333333333333333,0.0,0.2,4.8,0.134,0.2,0.3,3.8,0.123,-0.13333333333333333,0.20000000000000018,0,5
4217,0.3333333333333333,0.6666666666666666,3.0,0.17,0.2,0.4,4.0,0.17200000000000001,0.2,0.3,3.8,0.15899999999999997,-0.033333333333333326,-0.7999999999999998,0,1
4218,0.3333333333333333,0.6666666666666666,2.6666666666666665,0.14666666666666667,0.2,0.4,3.6,0.164,0.2,0.5,3.1,0.16399999999999998,0.06666666666666668,-0.43333333333333357,0,2
4219,0.3333333333333333,0.3333333333333333,3.3333333333333335,0.19999999999999998,0.2,0.2,3.6,0.198,0.2,0.2,3.5,0.17500000000000002,0.033333333333333354,-0.16666666666666652,1,0
4220,0.0,0.6666666666666666,3.0,0.15333333333333335,0.0,0.4,3.8,0.16,0.2,0.6,2.9,0.163,-0.23333333333333334,0.10000000000000009,0,7
4221,0.0,0.0,4.333333333333333,0.18666666666666668,0.0,0.0,4.2,0.164,0.1,0.2,3.9,0.14600000000000002,-0.16666666666666666,0.4333333333333331,0,6
4222,0.0,0.0,3.3333333333333335,0.16333333333333333,0.0,0.2,3.6,0.15799999999999997,0.2,0.4,3.2,0.16399999999999998,-0.16666666666666666,0.1333333333333333,0,5
4223,0.3333333333333333,0.6666666666666666,2.6666666666666665,0.1366666666666667,0.2,0.4,3.6,0.148,0.2,0.5,3.3,0.177,0.0,-0.6333333333333333,0,1
4224,0.0,0.3333333333333333,3.3333333333333335,0.15666666666666665,0.0,0.4,3.6,0.15999999999999998,0.1,0.5,2.9,0.162,-0.13333333333333333,0.43333333333333357,0,6
4225,0.3333333333333333,0.3333333333333333,4.0,0.16666666666666666,0.4,0.4,3.8,0.14800000000000002,0.3,0.3,3.6,0.14899999999999997,0.16666666666666669,0.3999999999999999,0,1
4226,0.0,0.0,5.0,0.15666666666666668,0.0,0.0,5.0,0.164,0.1,0.3,4.0,0.14,-0.06666666666666667,1.0,0,6
4227,0.0,0.6666666666666666,2.3333333333333335,0.18000000000000002,0.2,0.6,2.4,0.166,0.3,0.5,2.7,0.151,0.0,-0.3666666666666667,0,3
4228,0.3333333333333333,0.3333333333333333,3.3333333333333335,0.13333333333333333,0.2,0.2,3.2,0.162,0.1,0.3,3.3,0.15300000000000002,0.033333333333333354,0.03333333333333366,0,2
4229,0.0,0.6666666666666666,2.6666666666666665,0.15666666666666668,0.2,0.6,2.4,0.156,0.1,0.3,3.7,0.176,0.1,-1.0333333333333337,0,3
4230,0.0,0.0,4.0,0.15333333333333335,0.0,0.4,3.2,0.164,0.1,0.4,3.1,0.16899999999999998,-0.2,0.8999999999999999,0,7
4231,0.0,0.3333333333333333,2.6666666666666665,0.21666666666666667,0.0,0.4,3.2,0.2,0.0,0.2,3.6,0.205,-0.06666666666666667,-0.9333333333333336,0,14
4232,0.3333333333333333,0.3333333333333333,4.333333333333333,0.12666666666666668,0.4,0.4,3.8,0.122,0.2,0.3,3.8,0.13800000000000004,0.2666666666666667,0.5333333333333332,0,2
4233,0.3333333333333333,0.3333333333333333,2.3333333333333335,0.11333333333333334,0.4,0.6,2.0,0.10200000000000001,0.3,0.5,2.7,0.12700000000000003,0.2,-0.3666666666666667,0,1
4234,0.0,0.3333333333333333,4.0,0.17666666666666667,0.0,0.4,3.6,0.174,0.0,0.4,3.3,0.17800000000000002,-0.23333333333333334,0.7000000000000002,0,13
4235,0.3333333333333333,0.3333333333333333,3.0,0.14666666666666667,0.2,0.2,3.2,0.134,0.1,0.1,3.7,0.164,0.033333333333333354,-0.7000000000000002,0,2
4236,0.3333333333333333,0.3333333333333333,3.0,0.16666666666666666,0.4,0.6,2.4,0.12000000000000002,0.3,0.5,2.7,0.11000000000000001,0.06666666666666671,0.2999999999999998,0,1
4237,0.3333333333333333,0.3333333333333333,3.6666666666666665,0.18000000000000002,0.4,0.4,3.2,0.148,0.3,0.6,2.7,0.14899999999999997,0.13333333333333336,0.9666666666666663,1,0
4238,0.3333333333333333,0.3333333333333333,3.6666666666666665,0.1466666666666667,0.4,0.6,2.8,0.158,0.4,0.7,2.6,0.157,0.06666666666666671,1.0666666666666664,0,1
4239,0.0,0.6666666666666666,2.6666666666666665,0.1466666666666667,0.0,0.6,2.8,0.17400000000000002,0.1,0.4,3.2,0.16899999999999998,-0.16666666666666666,-0.5333333333333337,0,9
4240,0.0,0.0,4.333333333333333,0.16,0.2,0.2,3.4,0.15200000000000002,0.2,0.3,3.8,0.14899999999999997,-0.033333333333333326,0.5333333333333332,0,3
4241,0.0,0.3333333333333333,3.6666666666666665,0.19000000000000003,0.0,0.4,3.2,0.184,0.2,0.5,2.7,0.19,-0.2,0.9666666666666663,0,6
4242,0.3333333333333333,1.0,1.6666666666666667,0.13333333333333333,0.4,0.8,2.4,0.14599999999999996,0.2,0.6,2.5,0.15099999999999997,0.30000000000000004,-0.8333333333333333,0,2
4243,0.0,0.0,3.3333333333333335,0.14333333333333334,0.0,0.0,3.6,0.136,0.1,0.1,3.7,0.156,-0.13333333333333333,-0.3666666666666667,0,7
4244,0.0,0.0,4.666666666666667,0.16333333333333333,0.0,0.2,4.4,0.15999999999999998,0.2,0.4,3.5,0.16999999999999998,-0.23333333333333334,1.166666666666667,0,6
4245,0.3333333333333333,0.3333333333333333,2.3333333333333335,0.17333333333333334,0.2,0.2,3.2,0.202,0.1,0.1,3.5,0.193,0.1,-1.1666666666666665,0,1
4246,0.0,0.0,5.666666666666667,0.18333333333333335,0.4,0.4,3.8,0.16,0.3,0.6,3.1,0.179,0.23333333333333336,2.566666666666667,0,3
4247,0.0,0.0,4.333333333333333,0.21333333333333335,0.0,0.0,4.0,0.194,0.0,0.2,3.7,0.178,-0.1,0.6333333333333329,0,17
4248,0.0,0.3333333333333333,3.0,0.14666666666666667,0.0,0.2,3.4,0.14,0.0,0.2,4.0,0.15500000000000003,-0.1,-1.0,0,20
4249,0.3333333333333333,0.3333333333333333,4.0,0.1466666666666667,0.2,0.2,4.6,0.15,0.1,0.4,3.8,0.13800000000000004,0.1,0.20000000000000018,1,0
4250,0.0,0.0,4.0,0.16,0.2,0.2,3.2,0.158,0.2,0.2,3.6,0.17400000000000002,0.033333333333333354,0.3999999999999999,0,4
4251,0.3333333333333333,0.6666666666666666,2.6666666666666665,0.11333333333333333,0.2,0.4,3.6,0.15999999999999998,0.2,0.4,3.4,0.202,0.033333333333333354,-0.7333333333333334,0,1
4252,0.0,0.3333333333333333,3.0,0.17666666666666667,0.0,0.2,3.8,0.172,0.0,0.1,4.1,0.21999999999999997,-0.06666666666666667,-1.0999999999999996,0,27
4253,0.0,0.0,3.6666666666666665,0.11666666666666665,0.0,0.0,3.8,0.198,0.0,0.0,3.6,0.186,-0.13333333333333333,0.06666666666666643,0,11
4254,0.3333333333333333,0.3333333333333333,2.6666666666666665,0.14333333333333334,0.2,0.4,3.0,0.15400000000000003,0.1,0.3,3.5,0.15099999999999997,0.0,-0.8333333333333335,0,1
4255,0.0,0.3333333333333333,4.333333333333333,0.12,0.2,0.4,3.4,0.132,0.2,0.4,3.2,0.13899999999999996,0.033333333333333354,1.1333333333333329,0,4
4256,0.0,0.3333333333333333,4.0,0.12333333333333334,0.2,0.6,3.0,0.11600000000000002,0.2,0.5,3.0,0.12599999999999997,-0.033333333333333326,1.0,0,3
4257,0.0,0.0,4.666666666666667,0.12333333333333334,0.0,0.0,5.0,0.16399999999999998,0.0,0.1,4.6,0.18800000000000003,-0.1,0.06666666666666732,0,17
4258,0.6666666666666666,0.6666666666666666,2.0,0.15333333333333332,0.4,0.6,2.8,0.162,0.3,0.5,3.0,0.16099999999999998,0.2,-1.0,2,0
4259,0.0,0.3333333333333333,3.6666666666666665,0.11666666666666668,0.0,0.4,3.8,0.124,0.1,0.4,3.7,0.10900000000000001,-0.2,-0.03333333333333366,0,9
4260,0.3333333333333333,0.3333333333333333,4.0,0.17666666666666667,0.2,0.4,3.8,0.192,0.2,0.3,4.3,0.181,0.033333333333333354,-0.2999999999999998,0,1
4261,0.0,0.3333333333333333,2.6666666666666665,0.13333333333333333,0.0,0.2,3.2,0.144,0.2,0.4,2.9,0.14500000000000002,-0.16666666666666666,-0.2333333333333334,0,5
4262,0.0,0.0,5.0,0.14666666666666667,0.0,0.0,4.6,0.15,0.0,0.2,3.9,0.15599999999999997,-0.06666666666666667,1.1,0,15
4263,0.0,0.3333333333333333,3.3333333333333335,0.20000000000000004,0.2,0.4,3.4,0.18,0.1,0.3,3.6,0.202,0.033333333333333354,-0.2666666666666666,0,3
4264,0.3333333333333333,0.3333333333333333,3.3333333333333335,0.1466666666666667,0.2,0.4,3.0,0.136,0.1,0.3,3.6,0.13000000000000003,0.0,-0.2666666666666666,1,0
4265,0.3333333333333333,0.3333333333333333,2.6666666666666665,0.17333333333333334,0.2,0.2,3.6,0.166,0.2,0.3,3.9,0.153,0.0,-1.2333333333333334,0,1
4266,0.3333333333333333,0.3333333333333333,3.0,0.15666666666666668,0.4,0.4,3.2,0.162,0.3,0.4,3.3,0.154,0.10000000000000003,-0.2999999999999998,0,2
4267,0.0,0.3333333333333333,4.666666666666667,0.15666666666666665,0.0,0.2,4.4,0.134,0.0,0.2,4.0,0.13599999999999998,-0.06666666666666667,0.666666666666667,0,22
4268,0.3333333333333333,0.3333333333333333,3.6666666666666665,0.12333333333333334,0.2,0.2,3.8,0.134,0.1,0.1,4.6,0.16300000000000003,0.06666666666666668,-0.9333333333333331,1,0
4269,0.0,0.0,4.0,0.12666666666666668,0.2,0.2,3.6,0.136,0.1,0.3,3.4,0.14100000000000001,0.06666666666666668,0.6000000000000001,0,4
4270,0.3333333333333333,0.3333333333333333,3.3333333333333335,0.18666666666666668,0.2,0.2,4.0,0.20800000000000002,0.1,0.1,3.8,0.173,0.033333333333333354,-0.46666666666666634,1,0
4271,0.0,0.0,5.0,0.12000000000000001,0.0,0.0,4.6,0.13,0.0,0.0,4.8,0.139,0.0,0.20000000000000018,0,45
4272,0.3333333333333333,0.3333333333333333,3.3333333333333335,0.13,0.2,0.4,3.6,0.13199999999999998,0.2,0.4,3.5,0.15,0.06666666666666668,-0.16666666666666652,1,0
4273,0.0,0.3333333333333333,2.6666666666666665,0.16666666666666666,0.4,0.6,2.0,0.16999999999999998,0.2,0.3,3.5,0.175,0.2,-0.8333333333333335,0,3
4274,0.3333333333333333,0.3333333333333333,3.6666666666666665,0.14666666666666664,0.2,0.4,3.2,0.156,0.2,0.3,3.3,0.14100000000000004,0.0,0.3666666666666667,0,1
4275,0.0,0.0,5.666666666666667,0.22666666666666668,0.0,0.0,5.4,0.256,0.0,0.1,5.0,0.25399999999999995,-0.03333333333333333,0.666666666666667,0,29
4276,0.0,0.0,4.0,0.13333333333333333,0.2,0.2,3.6,0.14400000000000002,0.3,0.3,3.4,0.14600000000000005,-0.06666666666666665,0.6000000000000001,0,4
4277,0.0,0.3333333333333333,4.333333333333333,0.18333333333333335,0.0,0.2,4.6,0.198,0.1,0.4,3.7,0.19399999999999998,-0.13333333333333333,0.6333333333333329,0,9
4278,0.0,0.0,4.666666666666667,0.1366666666666667,0.2,0.2,4.0,0.138,0.2,0.5,3.2,0.12799999999999997,-0.033333333333333326,1.4666666666666668,0,3
4279,0.3333333333333333,0.3333333333333333,4.0,0.17666666666666667,0.2,0.6,3.2,0.14200000000000002,0.1,0.3,4.0,0.148,0.06666666666666668,0.0,0,1
4280,0.3333333333333333,0.3333333333333333,3.3333333333333335,0.19333333333333333,0.2,0.4,3.6,0.172,0.4,0.6,2.7,0.16299999999999998,-0.1333333333333333,0.6333333333333333,0,2
4281,0.6666666666666666,1.0,1.3333333333333333,0.17333333333333334,0.4,0.8,1.8,0.19799999999999998,0.3,0.6,2.7,0.21200000000000002,0.2,-1.366666666666667,0,1
4282,0.3333333333333333,0.3333333333333333,3.6666666666666665,0.13,0.2,0.4,3.6,0.134,0.1,0.2,3.7,0.13800000000000004,0.033333333333333354,-0.03333333333333366,1,0
4283,0.0,0.3333333333333333,4.333333333333333,0.1466666666666667,0.0,0.2,4.4,0.15,0.0,0.1,4.2,0.16699999999999998,-0.06666666666666667,0.13333333333333286,0,15
4284,0.3333333333333333,0.6666666666666666,2.3333333333333335,0.17666666666666667,0.2,0.6,2.8,0.16999999999999998,0.3,0.5,2.8,0.16,0.06666666666666668,-0.46666666666666634,0,2
4285,0.0,0.3333333333333333,4.0,0.13666666666666666,0.0,0.2,3.8,0.14,0.1,0.2,3.9,0.146,-0.26666666666666666,0.10000000000000009,0,5
4286,0.3333333333333333,0.3333333333333333,4.0,0.16333333333333333,0.2,0.2,4.4,0.152,0.1,0.3,3.9,0.15,0.1,0.10000000000000009,0,1
4287,0.0,0.0,5.333333333333333,0.16666666666666666,0.0,0.0,4.4,0.15999999999999998,0.0,0.0,4.2,0.177,-0.13333333333333333,1.1333333333333329,0,14
4288,0.0,0.0,4.0,0.11666666666666665,0.0,0.4,3.2,0.1,0.1,0.3,3.2,0.10400000000000001,-0.16666666666666666,0.7999999999999998,0,7
4289,0.0,0.3333333333333333,4.333333333333333,0.16333333333333333,0.0,0.2,4.0,0.178,0.2,0.3,3.2,0.156,-0.13333333333333333,1.1333333333333329,0,5
4290,0.0,0.0,3.6666666666666665,0.20000000000000004,0.0,0.2,3.2,0.158,0.1,0.4,3.0,0.16099999999999998,-0.16666666666666666,0.6666666666666665,0,5
4291,0.3333333333333333,0.3333333333333333,3.6666666666666665,0.18000000000000002,0.4,0.4,3.6,0.156,0.3,0.4,3.5,0.15500000000000003,0.2,0.16666666666666652,0,1
4292,0.3333333333333333,0.6666666666666666,2.3333333333333335,0.16,0.4,0.6,2.6,0.17,0.4,0.6,2.8,0.15899999999999997,0.16666666666666669,-0.46666666666666634,0,2
4293,0.3333333333333333,0.3333333333333333,3.0,0.18333333333333335,0.2,0.2,3.2,0.17,0.2,0.3,3.4,0.172,0.06666666666666668,-0.3999999999999999,0,1
4294,0.0,0.0,4.333333333333333,0.09666666666666668,0.2,0.2,3.8,0.136,0.1,0.1,4.0,0.137,0.06666666666666668,0.33333333333333304,0,3
4295,0.0,0.3333333333333333,4.333333333333333,0.15333333333333335,0.2,0.6,3.2,0.164,0.2,0.5,3.1,0.14300000000000002,-0.033333333333333326,1.233333333333333,0,3
4296,0.0,0.3333333333333333,3.3333333333333335,0.12666666666666668,0.0,0.4,3.0,0.134,0.0,0.4,3.3,0.16,-0.13333333333333333,0.03333333333333366,0,10
4297,1.0,1.0,1.0,0.13,0.6,0.6,2.8,0.12400000000000003,0.3,0.4,3.5,0.11800000000000002,0.3,-2.5,3,0
4298,0.3333333333333333,0.6666666666666666,2.6666666666666665,0.1366666666666667,0.4,0.6,2.4,0.164,0.2,0.5,2.7,0.168,0.16666666666666669,-0.03333333333333366,1,0
4299,0.0,0.3333333333333333,4.0,0.11333333333333333,0.0,0.6,3.2,0.11400000000000002,0.0,0.4,3.8,0.12200000000000003,-0.06666666666666667,0.20000000000000018,0,12
4300,0.6666666666666666,0.6666666666666666,2.6666666666666665,0.13,0.4,0.6,2.6,0.134,0.2,0.3,3.3,0.153,0.13333333333333336,-0.6333333333333333,2,0
4301,0.3333333333333333,0.6666666666666666,2.0,0.17666666666666667,0.2,0.4,3.4,0.17600000000000002,0.2,0.3,3.6,0.179,0.033333333333333354,-1.6,1,0
4302,0.0,0.3333333333333333,3.0,0.10999999999999999,0.2,0.6,2.4,0.126,0.2,0.4,3.0,0.10700000000000001,0.033333333333333354,0.0,0,3
4303,0.0,0.0,4.333333333333333,0.16333333333333333,0.0,0.0,5.0,0.16999999999999998,0.1,0.2,4.5,0.181,-0.1,-0.16666666666666696,0,5
4304,0.3333333333333333,1.0,1.6666666666666667,0.11,0.2,1.0,1.8,0.11599999999999999,0.3,0.7,2.6,0.127,-0.06666666666666665,-0.9333333333333333,0,2
4305,0.0,0.0,5.333333333333333,0.16666666666666666,0.2,0.2,4.0,0.16199999999999998,0.4,0.5,3.0,0.13699999999999998,-0.2,2.333333333333333,0,4
4306,0.3333333333333333,0.6666666666666666,2.6666666666666665,0.13333333333333333,0.2,0.4,3.0,0.14200000000000002,0.1,0.4,3.1,0.14300000000000002,-0.033333333333333326,-0.43333333333333357,0,1
4307,0.0,0.3333333333333333,3.0,0.16666666666666666,0.2,0.4,3.2,0.136,0.2,0.5,3.1,0.142,0.1,-0.10000000000000009,0,4
4308,0.3333333333333333,0.6666666666666666,2.3333333333333335,0.1366666666666667,0.2,0.8,2.2,0.14800000000000002,0.2,0.6,2.5,0.16199999999999998,-0.16666666666666663,-0.16666666666666652,0,1
4309,0.0,0.3333333333333333,3.3333333333333335,0.18666666666666668,0.0,0.2,4.2,0.16999999999999998,0.2,0.3,3.3,0.16299999999999998,-0.23333333333333334,0.03333333333333366,0,8
4310,0.0,0.3333333333333333,3.0,0.15333333333333335,0.0,0.2,3.2,0.14800000000000002,0.1,0.2,3.5,0.148,-0.13333333333333333,-0.5,0,5
4311,0.0,0.0,3.6666666666666665,0.1366666666666667,0.2,0.2,3.0,0.138,0.2,0.5,2.8,0.13399999999999998,0.1,0.8666666666666667,0,3
4312,0.0,0.3333333333333333,4.0,0.12333333333333334,0.2,0.6,3.0,0.11599999999999999,0.1,0.4,3.9,0.138,0.13333333333333336,0.10000000000000009,0,4
4313,0.0,0.0,4.0,0.14,0.0,0.0,4.4,0.14400000000000002,0.3,0.4,3.2,0.128,-0.2,0.7999999999999998,0,5
4314,0.0,0.0,3.6666666666666665,0.18000000000000002,0.4,0.4,2.6,0.168,0.2,0.2,3.4,0.16599999999999998,0.23333333333333336,0.2666666666666666,0,3
4315,0.0,0.3333333333333333,3.3333333333333335,0.18666666666666668,0.2,0.6,2.6,0.168,0.2,0.4,3.4,0.16399999999999998,-0.033333333333333326,-0.06666666666666643,0,4
4316,0.3333333333333333,1.0,1.6666666666666667,0.15666666666666665,0.2,0.8,2.2,0.162,0.2,0.5,2.8,0.15999999999999998,0.0,-1.133333333333333,0,2
4317,0.0,0.0,5.0,0.16,0.0,0.2,4.6,0.158,0.0,0.2,4.3,0.15699999999999997,-0.13333333333333333,0.7000000000000002,0,10
4318,0.0,0.3333333333333333,4.0,0.15666666666666668,0.0,0.4,3.8,0.162,0.1,0.4,3.2,0.15,-0.06666666666666667,0.7999999999999998,0,7
4319,0.0,0.0,5.333333333333333,0.11666666666666665,0.2,0.2,4.0,0.10200000000000001,0.2,0.4,3.5,0.16500000000000004,-0.06666666666666665,1.833333333333333,0,4
4320,0.0,0.3333333333333333,4.0,0.14666666666666667,0.0,0.4,3.8,0.148,0.0,0.3,3.9,0.152,-0.2,0.10000000000000009,0,10
4321,0.3333333333333333,0.6666666666666666,3.0,0.11666666666666665,0.2,0.8,2.6,0.14,0.2,0.6,3.2,0.14900000000000002,0.0,-0.20000000000000018,0,2
4322,0.6666666666666666,1.0,1.3333333333333333,0.11,0.4,0.6,2.8,0.138,0.3,0.5,3.1,0.15,0.30000000000000004,-1.7666666666666668,0,1
4323,0.0,0.6666666666666666,2.6666666666666665,0.13333333333333333,0.0,0.4,4.0,0.15399999999999997,0.4,0.6,3.0,0.148,-0.2,-0.3333333333333335,0,5
4324,0.0,0.0,3.6666666666666665,0.18000000000000002,0.4,0.4,2.6,0.14,0.5,0.6,2.2,0.13699999999999998,0.10000000000000003,1.4666666666666663,0,3
4325,0.3333333333333333,0.3333333333333333,3.0,0.16,0.4,0.6,2.4,0.166,0.2,0.3,3.1,0.16299999999999998,0.16666666666666669,-0.10000000000000009,0,1
4326,0.0,0.0,4.0,0.18333333333333335,0.0,0.2,3.8,0.17600000000000002,0.1,0.4,3.4,0.16099999999999998,-0.23333333333333334,0.6000000000000001,0,5
4327,0.0,0.3333333333333333,3.6666666666666665,0.16666666666666666,0.0,0.2,4.2,0.154,0.0,0.1,4.3,0.18000000000000002,-0.03333333333333333,-0.6333333333333333,0,28
4328,0.0,0.3333333333333333,3.0,0.16333333333333336,0.2,0.4,3.2,0.152,0.1,0.3,3.3,0.144,0.06666666666666668,-0.2999999999999998,0,3
4329,0.3333333333333333,0.3333333333333333,4.333333333333333,0.12666666666666668,0.2,0.4,3.8,0.134,0.1,0.2,3.8,0.14700000000000002,0.0,0.5333333333333332,0,2
4330,0.0,0.3333333333333333,3.3333333333333335,0.13999999999999999,0.0,0.4,3.0,0.158,0.2,0.5,3.0,0.157,-0.26666666666666666,0.3333333333333335,0,6
4331,0.6666666666666666,1.0,1.3333333333333333,0.18000000000000002,0.4,0.8,2.0,0.166,0.3,0.6,2.4,0.16899999999999998,0.2,-1.0666666666666667,1,0
4332,0.3333333333333333,0.6666666666666666,3.0,0.16333333333333333,0.4,0.8,2.4,0.15,0.2,0.5,3.4,0.174,0.23333333333333336,-0.3999999999999999,0,2
4333,0.0,0.3333333333333333,3.6666666666666665,0.16,0.0,0.4,3.4,0.146,0.3,0.5,2.9,0.16099999999999998,-0.2,0.7666666666666666,0,5
4334,0.0,0.6666666666666666,2.6666666666666665,0.18999999999999997,0.0,0.4,3.8,0.16799999999999998,0.0,0.2,4.1,0.178,0.0,-1.4333333333333331,0,31
4335,0.3333333333333333,0.6666666666666666,3.0,0.19333333333333336,0.4,0.6,2.8,0.21000000000000002,0.5,0.8,2.1,0.189,0.13333333333333336,0.8999999999999999,0,2
4336,0.0,0.0,4.333333333333333,0.15,0.0,0.0,4.2,0.144,0.2,0.3,3.6,0.151,-0.1,0.733333333333333,0,7
4337,0.3333333333333333,0.3333333333333333,3.6666666666666665,0.16,0.6,0.6,2.6,0.15200000000000002,0.3,0.4,2.9,0.16699999999999998,0.36666666666666664,0.7666666666666666,0,1
4338,0.3333333333333333,0.3333333333333333,3.0,0.14333333333333334,0.2,0.4,3.0,0.14,0.3,0.5,2.5,0.16,0.033333333333333354,0.5,0,1
4339,0.3333333333333333,0.3333333333333333,3.0,0.17666666666666667,0.4,0.4,3.2,0.17400000000000002,0.2,0.4,3.3,0.19,0.33333333333333337,-0.2999999999999998,0,2
4340,0.3333333333333333,0.3333333333333333,3.0,0.16,0.2,0.2,3.8,0.168,0.2,0.2,4.1,0.16399999999999998,0.0,-1.0999999999999996,1,0
4341,0.3333333333333333,0.3333333333333333,4.0,0.13333333333333333,0.2,0.2,4.6,0.14200000000000002,0.1,0.1,4.5,0.152,0.06666666666666668,-0.5,0,1
4342,0.3333333333333333,0.3333333333333333,3.0,0.18333333333333332,0.4,0.6,2.4,0.148,0.5,0.6,2.2,0.16099999999999998,0.10000000000000003,0.7999999999999998,1,0
4343,0.0,0.3333333333333333,3.3333333333333335,0.16,0.2,0.4,3.0,0.164,0.1,0.2,3.4,0.18400000000000002,0.13333333333333336,-0.06666666666666643,0,4
4344,0.0,0.0,5.0,0.1466666666666667,0.0,0.0,4.6,0.162,0.1,0.2,4.0,0.161,-0.2,1.0,0,9
4345,0.0,0.3333333333333333,2.6666666666666665,0.11333333333333334,0.2,0.4,2.6,0.122,0.2,0.5,2.8,0.134,0.0,-0.1333333333333333,0,3
4346,0.0,0.3333333333333333,3.6666666666666665,0.10666666666666667,0.0,0.4,3.2,0.142,0.2,0.4,3.6,0.18300000000000002,-0.13333333333333333,0.06666666666666643,0,6
4347,0.3333333333333333,0.6666666666666666,2.0,0.11333333333333334,0.2,0.6,2.4,0.13999999999999999,0.3,0.6,2.4,0.166,0.033333333333333354,-0.3999999999999999,0,1
4348,0.0,0.3333333333333333,3.6666666666666665,0.12,0.0,0.4,3.4,0.126,0.1,0.3,3.4,0.145,-0.1,0.2666666666666666,0,6
4349,0.0,0.0,5.0,0.15666666666666668,0.0,0.0,5.0,0.12000000000000002,0.0,0.1,4.5,0.125,-0.1,0.5,0,13
4350,0.3333333333333333,0.3333333333333333,4.0,0.15,0.2,0.6,3.2,0.15200000000000002,0.4,0.6,2.6,0.15,0.0,1.4,0,1
4351,0.3333333333333333,0.6666666666666666,3.0,0.14,0.4,0.6,2.8,0.126,0.4,0.5,3.0,0.10600000000000001,-0.09999999999999998,0.0,1,0
4352,0.0,0.0,4.666666666666667,0.11666666666666668,0.0,0.0,4.6,0.16999999999999998,0.1,0.4,3.5,0.15900000000000003,-0.06666666666666667,1.166666666666667,0,6
4353,0.0,0.0,5.0,0.15333333333333332,0.0,0.0,4.4,0.14200000000000002,0.0,0.2,3.9,0.151,-0.13333333333333333,1.1,0,12
4354,0.0,0.0,5.0,0.14333333333333334,0.0,0.2,4.2,0.15000000000000002,0.1,0.3,3.6,0.146,-0.36666666666666664,1.4,0,7
4355,1.0,1.0,1.0,0.16,0.6,0.8,2.0,0.142,0.3,0.6,2.8,0.16499999999999998,0.39999999999999997,-1.7999999999999998,3,0
4356,0.3333333333333333,0.3333333333333333,3.3333333333333335,0.1466666666666667,0.2,0.2,4.2,0.16,0.2,0.2,4.2,0.162,-0.033333333333333326,-0.8666666666666667,0,1
4357,0.3333333333333333,1.0,1.6666666666666667,0.15666666666666668,0.2,0.8,2.0,0.168,0.3,0.8,2.2,0.14100000000000001,-0.033333333333333326,-0.5333333333333334,0,2
4358,0.0,0.3333333333333333,4.333333333333333,0.17,0.0,0.2,4.6,0.18800000000000003,0.0,0.1,5.0,0.19,-0.1,-0.666666666666667,0,20
4359,0.3333333333333333,0.3333333333333333,3.3333333333333335,0.2333333333333333,0.2,0.4,3.0,0.16999999999999998,0.4,0.5,2.6,0.134,-0.033333333333333326,0.7333333333333334,0,1
4360,0.0,0.0,4.0,0.16333333333333333,0.0,0.0,4.2,0.15200000000000002,0.2,0.2,3.5,0.18199999999999997,-0.16666666666666666,0.5,0,7
4361,0.0,0.3333333333333333,4.0,0.13333333333333333,0.2,0.6,3.0,0.14,0.2,0.5,3.4,0.15100000000000002,-0.09999999999999998,0.6000000000000001,0,3
4362,0.0,0.0,5.0,0.14666666666666667,0.0,0.0,5.0,0.146,0.1,0.2,4.0,0.157,-0.1,1.0,0,7
4363,0.3333333333333333,0.6666666666666666,2.6666666666666665,0.13333333333333333,0.4,0.6,2.6,0.166,0.4,0.6,2.3,0.172,0.2,0.3666666666666667,0,2
4364,0.0,0.0,5.0,0.14333333333333334,0.2,0.2,4.2,0.146,0.1,0.1,4.3,0.137,0.0,0.7000000000000002,0,3
4365,0.3333333333333333,0.3333333333333333,3.0,0.16,0.6,0.6,2.2,0.20800000000000002,0.5,0.6,2.4,0.2,0.36666666666666664,0.6000000000000001,0,1
4366,0.3333333333333333,0.6666666666666666,3.0,0.17666666666666667,0.2,0.6,3.4,0.16999999999999998,0.4,0.6,2.9,0.16099999999999998,-0.06666666666666665,0.10000000000000009,0,1
4367,0.3333333333333333,0.3333333333333333,4.0,0.16666666666666666,0.2,0.2,4.2,0.16199999999999998,0.1,0.2,4.1,0.194,0.033333333333333354,-0.09999999999999964,0,2
4368,0.0,0.6666666666666666,2.3333333333333335,0.15333333333333332,0.0,0.6,2.8,0.164,0.1,0.5,3.2,0.166,-0.1,-0.8666666666666667,0,8
4369,0.3333333333333333,1.0,1.6666666666666667,0.11,0.4,0.8,2.0,0.118,0.2,0.5,3.0,0.14400000000000002,0.2666666666666667,-1.3333333333333333,0,2
4370,0.3333333333333333,0.3333333333333333,4.0,0.1366666666666667,0.2,0.2,4.4,0.126,0.2,0.3,4.3,0.13199999999999998,-0.09999999999999998,-0.2999999999999998,1,0
4371,0.0,0.3333333333333333,4.0,0.12666666666666668,0.0,0.2,4.4,0.144,0.0,0.3,3.6,0.15,-0.13333333333333333,0.3999999999999999,0,12
4372,0.3333333333333333,0.3333333333333333,2.3333333333333335,0.17333333333333334,0.6,0.6,1.8,0.162,0.5,0.6,2.2,0.14500000000000002,0.033333333333333326,0.1333333333333333,0,2
4373,0.3333333333333333,0.3333333333333333,2.6666666666666665,0.18999999999999997,0.6,0.6,2.0,0.146,0.3,0.5,2.4,0.162,0.39999999999999997,0.2666666666666666,0,1
4374,0.3333333333333333,0.6666666666666666,3.0,0.15666666666666668,0.2,0.6,3.0,0.136,0.2,0.5,3.1,0.144,0.0,-0.10000000000000009,0,2
4375,0.0,0.3333333333333333,2.6666666666666665,0.18000000000000002,0.2,0.4,2.8,0.156,0.1,0.4,3.6,0.174,0.1,-0.9333333333333336,0,3
4376,0.0,0.3333333333333333,3.3333333333333335,0.15666666666666668,0.2,0.4,3.2,0.14400000000000002,0.2,0.3,3.5,0.135,-0.16666666666666663,-0.16666666666666652,0,3
4377,0.3333333333333333,0.3333333333333333,3.0,0.13,0.2,0.4,3.4,0.12400000000000003,0.2,0.4,2.9,0.14600000000000002,0.06666666666666668,0.10000000000000009,0,2
4378,0.0,0.3333333333333333,3.6666666666666665,0.15,0.2,0.4,3.0,0.13799999999999998,0.1,0.3,3.8,0.14600000000000002,0.1,-0.1333333333333333,0,4
4379,0.0,0.0,4.666666666666667,0.16666666666666666,0.0,0.0,4.2,0.15,0.0,0.1,4.2,0.154,-0.1,0.4666666666666668,0,17
4380,0.0,0.3333333333333333,2.6666666666666665,0.16666666666666666,0.0,0.2,3.4,0.186,0.0,0.2,3.8,0.184,0.0,-1.1333333333333333,0,33
4381,0.0,0.6666666666666666,2.6666666666666665,0.11,0.0,0.6,2.6,0.11400000000000002,0.0,0.5,3.1,0.14500000000000002,-0.2,-0.43333333333333357,0,11
4382,0.3333333333333333,0.3333333333333333,3.3333333333333335,0.1433333333333333,0.2,0.2,4.0,0.15399999999999997,0.2,0.3,3.5,0.187,0.033333333333333354,-0.16666666666666652,1,0
4383,0.0,0.0,5.0,0.14666666666666667,0.2,0.4,3.6,0.152,0.2,0.3,3.2,0.175,0.06666666666666668,1.7999999999999998,0,3
4384,0.0,0.0,3.6666666666666665,0.16,0.0,0.0,3.8,0.166,0.0,0.0,4.2,0.203,-0.13333333333333333,-0.5333333333333337,0,11
4385,0.3333333333333333,0.3333333333333333,4.333333333333333,0.20333333333333334,0.2,0.2,4.2,0.166,0.2,0.2,4.4,0.19599999999999998,0.1,-0.06666666666666732,1,0
4386,0.3333333333333333,0.3333333333333333,4.0,0.17666666666666667,0.2,0.4,3.4,0.17600000000000002,0.1,0.3,3.9,0.16199999999999998,0.1,0.10000000000000009,0,1
4387,0.0,0.3333333333333333,4.0,0.15,0.0,0.2,4.2,0.152,0.1,0.2,4.0,0.14100000000000001,-0.26666666666666666,0.0,0,8
4388,0.3333333333333333,0.3333333333333333,3.0,0.19000000000000003,0.4,0.4,2.8,0.17200000000000001,0.3,0.4,2.9,0.16499999999999998,0.2,0.10000000000000009,0,2
4389,0.0,1.0,2.0,0.16,0.0,0.6,3.0,0.16,0.2,0.6,2.6,0.135,-0.2,-0.6000000000000001,0,5
4390,0.3333333333333333,0.3333333333333333,4.333333333333333,0.15,0.2,0.2,4.8,0.12799999999999997,0.1,0.2,4.4,0.139,0.033333333333333354,-0.06666666666666732,0,2
4391,0.3333333333333333,0.3333333333333333,3.0,0.12333333333333334,0.2,0.2,3.2,0.10600000000000001,0.2,0.2,3.7,0.139,-0.1333333333333333,-0.7000000000000002,1,0
4392,0.0,0.0,4.666666666666667,0.14,0.0,0.2,4.4,0.15,0.1,0.3,3.7,0.12700000000000003,-0.13333333333333333,0.9666666666666668,0,9
4393,0.3333333333333333,0.6666666666666666,2.0,0.12333333333333334,0.2,0.4,2.8,0.11400000000000002,0.1,0.4,3.5,0.15,0.06666666666666668,-1.5,0,1
4394,0.0,0.0,5.0,0.13333333333333333,0.0,0.0,4.6,0.152,0.0,0.1,4.3,0.153,-0.16666666666666666,0.7000000000000002,0,14
4395,0.0,0.0,4.333333333333333,0.18000000000000002,0.0,0.2,4.2,0.21400000000000002,0.1,0.3,3.6,0.19799999999999998,-0.1,0.733333333333333,0,9
4396,0.0,0.3333333333333333,4.666666666666667,0.16666666666666666,0.0,0.6,3.6,0.162,0.0,0.3,4.2,0.19,0.0,0.4666666666666668,0,38
4397,0.0,0.0,4.0,0.19000000000000003,0.2,0.4,3.0,0.158,0.2,0.3,3.3,0.16699999999999998,0.0,0.7000000000000002,0,3
4398,0.0,0.0,3.6666666666666665,0.13333333333333333,0.0,0.0,3.8,0.13799999999999998,0.3,0.3,3.1,0.14300000000000002,-0.2,0.5666666666666664,0,6
4399,0.3333333333333333,0.6666666666666666,2.6666666666666665,0.15,0.2,0.4,3.2,0.14200000000000002,0.2,0.4,3.3,0.16,0.0,-0.6333333333333333,0,1
4400,0.0,0.0,5.666666666666667,0.14333333333333334,0.0,0.0,5.2,0.176,0.0,0.2,4.6,0.175,-0.06666666666666667,1.0666666666666673,0,12
4401,0.0,0.3333333333333333,2.6666666666666665,0.12,0.0,0.4,2.6,0.154,0.2,0.4,2.7,0.146,-0.13333333333333333,-0.03333333333333366,0,6
4402,0.0,0.3333333333333333,3.6666666666666665,0.15333333333333335,0.2,0.4,3.0,0.154,0.2,0.3,3.8,0.147,0.06666666666666668,-0.1333333333333333,0,4
4403,0.0,0.0,3.3333333333333335,0.11333333333333333,0.0,0.2,3.6,0.11200000000000002,0.1,0.3,3.4,0.11499999999999999,-0.23333333333333334,-0.06666666666666643,0,9
4404,0.3333333333333333,0.6666666666666666,2.0,0.16666666666666666,0.2,0.4,3.0,0.194,0.1,0.2,3.9,0.22400000000000003,0.06666666666666668,-1.9,0,1
4405,0.0,0.0,4.0,0.18666666666666668,0.0,0.0,3.8,0.186,0.2,0.2,3.6,0.15699999999999997,-0.16666666666666666,0.3999999999999999,0,6
4406,0.0,0.6666666666666666,3.3333333333333335,0.15666666666666665,0.2,0.6,3.2,0.16199999999999998,0.2,0.5,3.2,0.14299999999999996,0.0,0.1333333333333333,0,3
4407,0.6666666666666666,1.0,1.3333333333333333,0.12,0.4,0.6,2.4,0.15,0.2,0.5,2.7,0.159,0.33333333333333337,-1.366666666666667,1,0
4408,0.0,0.3333333333333333,3.3333333333333335,0.08333333333333333,0.0,0.2,4.2,0.132,0.2,0.3,4.0,0.16299999999999998,-0.13333333333333333,-0.6666666666666665,0,5
4409,0.3333333333333333,0.6666666666666666,2.6666666666666665,0.1466666666666667,0.2,0.6,2.8,0.16,0.3,0.6,2.5,0.15899999999999997,0.06666666666666668,0.16666666666666652,1,0
4410,0.6666666666666666,0.6666666666666666,1.6666666666666667,0.15,0.6,0.6,1.8,0.152,0.3,0.4,2.6,0.166,0.43333333333333335,-0.9333333333333333,2,0
4411,0.3333333333333333,0.3333333333333333,4.0,0.16,0.2,0.2,4.2,0.16399999999999998,0.1,0.3,4.0,0.16299999999999998,0.06666666666666668,0.0,0,1
4412,0.0,0.3333333333333333,3.6666666666666665,0.16,0.0,0.2,3.8,0.13,0.0,0.2,3.8,0.139,-0.16666666666666666,-0.1333333333333333,0,14
4413,0.0,0.0,5.333333333333333,0.14333333333333334,0.0,0.0,4.8,0.15599999999999997,0.1,0.2,3.9,0.165,-0.23333333333333334,1.4333333333333331,0,7
4414,0.3333333333333333,0.3333333333333333,3.3333333333333335,0.16333333333333333,0.2,0.6,2.8,0.132,0.1,0.5,3.3,0.162,0.0,0.03333333333333366,0,1
4415,0.0,0.3333333333333333,3.6666666666666665,0.11666666666666665,0.0,0.2,4.2,0.15,0.2,0.3,3.5,0.156,-0.23333333333333334,0.16666666666666652,0,7
4416,0.3333333333333333,0.3333333333333333,3.0,0.19999999999999998,0.2,0.2,3.0,0.16399999999999998,0.1,0.1,3.8,0.16699999999999998,0.13333333333333336,-0.7999999999999998,0,2
4417,0.0,0.0,3.6666666666666665,0.14,0.0,0.2,3.4,0.122,0.1,0.3,3.1,0.152,-0.06666666666666667,0.5666666666666664,0,5
4418,0.0,0.3333333333333333,2.6666666666666665,0.12,0.0,0.4,3.2,0.138,0.1,0.4,3.1,0.12899999999999998,-0.23333333333333334,-0.43333333333333357,0,6
4419,0.3333333333333333,0.6666666666666666,2.0,0.17666666666666667,0.2,0.4,3.2,0.23199999999999998,0.2,0.5,3.0,0.19,-0.06666666666666665,-1.0,0,2
4420,0.3333333333333333,0.6666666666666666,2.6666666666666665,0.18000000000000002,0.2,0.6,3.0,0.176,0.2,0.4,3.4,0.16299999999999998,-0.06666666666666665,-0.7333333333333334,1,0
4421,0.0,0.0,4.333333333333333,0.14333333333333334,0.2,0.2,3.6,0.144,0.2,0.3,3.7,0.14900000000000002,-0.033333333333333326,0.6333333333333329,0,4
4422,0.3333333333333333,0.3333333333333333,3.0,0.12333333333333334,0.4,0.4,2.8,0.132,0.2,0.2,3.9,0.15500000000000003,0.23333333333333336,-0.8999999999999999,1,0
4423,0.0,0.0,4.0,0.17333333333333334,0.0,0.2,3.6,0.156,0.1,0.2,3.7,0.15,-0.1,0.2999999999999998,0,5
4424,0.0,0.3333333333333333,3.3333333333333335,0.14333333333333334,0.2,0.4,3.4,0.17600000000000002,0.1,0.3,3.6,0.17099999999999999,0.0,-0.2666666666666666,0,3
4425,0.0,0.0,5.0,0.18666666666666668,0.2,0.2,4.4,0.182,0.2,0.2,4.0,0.176,0.06666666666666668,1.0,0,3
4426,0.0,0.6666666666666666,2.3333333333333335,0.1366666666666667,0.0,0.6,3.0,0.14,0.0,0.5,3.4,0.14700000000000002,-0.13333333333333333,-1.0666666666666664,0,10
4427,0.6666666666666666,0.6666666666666666,1.6666666666666667,0.1366666666666667,0.6,0.6,2.0,0.12600000000000003,0.5,0.6,2.3,0.14899999999999997,0.36666666666666664,-0.6333333333333331,1,0
4428,0.3333333333333333,0.6666666666666666,2.0,0.13,0.2,0.4,2.8,0.13999999999999999,0.1,0.2,3.5,0.13900000000000004,0.033333333333333354,-1.5,1,0
4429,0.3333333333333333,0.3333333333333333,3.0,0.17666666666666667,0.2,0.2,3.4,0.194,0.2,0.2,3.8,0.191,0.06666666666666668,-0.7999999999999998,0,1
4430,0.0,0.3333333333333333,3.0,0.19333333333333336,0.0,0.4,3.0,0.16799999999999998,0.4,0.7,2.1,0.154,-0.2,0.8999999999999999,0,6
4431,0.0,0.3333333333333333,4.333333333333333,0.15000000000000002,0.0,0.6,3.4,0.132,0.2,0.6,2.9,0.16699999999999998,-0.2,1.4333333333333331,0,6
4432,0.0,0.3333333333333333,4.0,0.12333333333333334,0.0,0.4,4.0,0.134,0.0,0.2,4.1,0.13300000000000003,-0.16666666666666666,-0.09999999999999964,0,12
4433,0.3333333333333333,0.6666666666666666,2.6666666666666665,0.12333333333333334,0.4,0.6,3.0,0.12800000000000003,0.2,0.4,3.5,0.146,0.23333333333333336,-0.8333333333333335,1,0
4434,0.3333333333333333,0.3333333333333333,4.333333333333333,0.14666666666666667,0.4,0.4,3.4,0.162,0.2,0.3,3.6,0.157,0.2,0.733333333333333,1,0
4435,0.0,0.0,4.666666666666667,0.16,0.0,0.0,5.0,0.15600000000000003,0.1,0.2,4.1,0.16199999999999998,-0.1,0.5666666666666673,0,9
4436,0.0,0.0,4.333333333333333,0.15666666666666668,0.0,0.2,3.8,0.154,0.1,0.4,3.5,0.139,-0.13333333333333333,0.833333333333333,0,7
4437,0.3333333333333333,0.3333333333333333,3.3333333333333335,0.14,0.2,0.2,3.8,0.14,0.2,0.3,3.7,0.15699999999999997,-0.033333333333333326,-0.3666666666666667,1,0
4438,0.0,0.3333333333333333,3.3333333333333335,0.14666666666666667,0.2,0.6,2.6,0.128,0.3,0.6,2.5,0.12000000000000002,-0.06666666666666665,0.8333333333333335,0,4
4439,0.0,0.0,5.333333333333333,0.15,0.0,0.0,5.4,0.154,0.0,0.2,4.5,0.14899999999999997,-0.1,0.833333333333333,0,13
4440,0.0,0.0,4.333333333333333,0.15666666666666665,0.0,0.0,4.6,0.188,0.0,0.0,4.4,0.185,-0.06666666666666667,-0.06666666666666732,0,11
4441,0.0,0.3333333333333333,3.0,0.15,0.2,0.4,2.6,0.124,0.1,0.3,3.1,0.137,0.0,-0.10000000000000009,0,3
4442,0.0,0.0,5.0,0.18999999999999997,0.0,0.0,4.4,0.16399999999999998,0.2,0.2,3.8,0.149,-0.16666666666666666,1.2000000000000002,0,6
4443,0.3333333333333333,0.3333333333333333,3.6666666666666665,0.18000000000000002,0.2,0.2,4.0,0.18,0.2,0.4,3.4,0.179,0.06666666666666668,0.2666666666666666,0,1
4444,0.3333333333333333,0.3333333333333333,3.3333333333333335,0.14666666666666667,0.2,0.2,3.6,0.144,0.2,0.2,3.9,0.13,0.06666666666666668,-0.5666666666666664,1,0
4445,0.3333333333333333,0.6666666666666666,2.6666666666666665,0.12333333333333334,0.2,0.4,3.6,0.11800000000000002,0.2,0.3,3.9,0.15000000000000005,-0.09999999999999998,-1.2333333333333334,0,2
4446,0.0,0.0,5.0,0.15333333333333335,0.2,0.2,4.4,0.134,0.2,0.4,3.3,0.121,-0.033333333333333326,1.7000000000000002,0,4
4447,0.3333333333333333,0.3333333333333333,4.0,0.17666666666666667,0.2,0.2,4.4,0.22600000000000003,0.2,0.3,3.6,0.21000000000000002,0.0,0.3999999999999999,0,2
4448,0.0,0.0,4.0,0.13,0.0,0.2,3.8,0.122,0.0,0.3,3.8,0.127,-0.06666666666666667,0.20000000000000018,0,15
4449,0.0,0.3333333333333333,3.6666666666666665,0.16,0.2,0.4,3.6,0.14,0.1,0.2,4.1,0.13899999999999996,0.06666666666666668,-0.4333333333333331,0,3
4450,0.0,0.0,4.666666666666667,0.19666666666666666,0.0,0.0,4.8,0.196,0.0,0.1,4.5,0.194,-0.13333333333333333,0.16666666666666696,0,10
4451,0.6666666666666666,0.6666666666666666,2.3333333333333335,0.17666666666666667,0.4,0.4,3.0,0.2,0.3,0.4,3.3,0.172,0.16666666666666669,-0.9666666666666663,0,1
4452,0.3333333333333333,0.3333333333333333,3.0,0.15333333333333332,0.2,0.2,3.6,0.21200000000000005,0.2,0.3,3.4,0.202,0.06666666666666668,-0.3999999999999999,0,1
4453,0.0,0.0,4.333333333333333,0.14,0.2,0.2,3.6,0.13,0.1,0.1,3.6,0.127,0.0,0.733333333333333,0,4
4454,0.0,0.0,5.333333333333333,0.14666666666666664,0.0,0.0,5.0,0.15199999999999997,0.1,0.1,4.5,0.14,-0.23333333333333334,0.833333333333333,0,5
4455,0.0,0.0,4.333333333333333,0.19333333333333333,0.2,0.4,3.2,0.152,0.2,0.4,3.5,0.16099999999999998,0.0,0.833333333333333,0,4
4456,0.0,0.6666666666666666,3.0,0.09999999999999999,0.2,0.6,3.2,0.132,0.2,0.5,3.2,0.135,-0.09999999999999998,-0.20000000000000018,0,3
4457,0.0,0.0,4.0,0.17,0.2,0.2,3.6,0.16799999999999998,0.1,0.1,4.0,0.165,0.033333333333333354,0.0,0,3
4458,0.3333333333333333,0.3333333333333333,2.6666666666666665,0.18000000000000002,0.4,0.4,2.8,0.17,0.2,0.4,2.9,0.14100000000000001,0.2,-0.2333333333333334,0,1
4459,0.3333333333333333,0.3333333333333333,3.0,0.11333333333333333,0.4,0.4,3.0,0.10999999999999999,0.3,0.3,3.6,0.13099999999999998,0.06666666666666671,-0.6000000000000001,0,2
4460,0.0,0.3333333333333333,3.3333333333333335,0.16666666666666666,0.0,0.2,3.8,0.154,0.0,0.2,3.8,0.151,-0.03333333333333333,-0.46666666666666634,0,19
4461,0.0,0.0,4.333333333333333,0.12,0.0,0.0,4.6,0.13799999999999998,0.0,0.0,4.5,0.15700000000000003,-0.03333333333333333,-0.16666666666666696,0,24
4462,0.0,0.0,5.333333333333333,0.17333333333333334,0.2,0.2,4.6,0.17800000000000002,0.1,0.2,4.3,0.15199999999999997,-0.06666666666666665,1.0333333333333332,0,3
4463,0.0,0.0,4.666666666666667,0.17666666666666667,0.0,0.2,4.0,0.17400000000000002,0.1,0.4,3.5,0.16199999999999998,-0.13333333333333333,1.166666666666667,0,6
4464,0.3333333333333333,0.3333333333333333,3.3333333333333335,0.11666666666666665,0.2,0.2,3.6,0.148,0.2,0.2,3.5,0.18000000000000002,-0.16666666666666663,-0.16666666666666652,0,1
4465,0.0,0.3333333333333333,3.3333333333333335,0.13333333333333333,0.0,0.2,3.8,0.184,0.2,0.4,3.0,0.152,-0.2,0.3333333333333335,0,5
4466,0.3333333333333333,0.3333333333333333,2.6666666666666665,0.12000000000000001,0.2,0.2,3.4,0.128,0.3,0.4,2.7,0.14500000000000002,0.0,-0.03333333333333366,0,2
4467,0.0,0.0,3.3333333333333335,0.13333333333333333,0.2,0.4,2.6,0.126,0.4,0.5,2.6,0.10300000000000001,-0.06666666666666665,0.7333333333333334,0,3
4468,0.0,0.3333333333333333,3.0,0.15000000000000002,0.0,0.2,3.4,0.138,0.2,0.3,3.3,0.14300000000000002,-0.16666666666666666,-0.2999999999999998,0,6
4469,0.6666666666666666,1.0,1.3333333333333333,0.12000000000000001,0.6,0.8,1.8,0.12200000000000003,0.3,0.6,2.6,0.132,0.43333333333333335,-1.2666666666666668,0,1
4470,0.3333333333333333,0.6666666666666666,2.6666666666666665,0.16,0.2,0.4,3.0,0.182,0.2,0.4,2.9,0.19200000000000003,-0.033333333333333326,-0.2333333333333334,1,0
4471,0.6666666666666666,0.6666666666666666,2.0,0.12,0.8,0.8,1.6,0.122,0.5,0.8,1.8,0.15500000000000003,0.5,0.19999999999999996,1,0
4472,0.0,0.0,4.333333333333333,0.14666666666666667,0.0,0.0,4.2,0.152,0.1,0.2,3.8,0.152,-0.16666666666666666,0.5333333333333332,0,7
4473,0.0,0.3333333333333333,3.3333333333333335,0.16,0.2,0.4,3.2,0.16599999999999998,0.1,0.2,3.5,0.188,0.06666666666666668,-0.16666666666666652,0,3
4474,0.0,1.0,2.0,0.15666666666666665,0.4,1.0,1.6,0.172,0.3,0.7,2.5,0.15599999999999997,0.2,-0.5,0,3
4475,0.3333333333333333,0.3333333333333333,2.6666666666666665,0.12666666666666668,0.2,0.2,3.6,0.152,0.3,0.3,3.2,0.148,0.033333333333333354,-0.5333333333333337,0,1
4476,0.3333333333333333,0.3333333333333333,3.6666666666666665,0.18000000000000002,0.2,0.2,3.4,0.184,0.1,0.2,3.6,0.176,0.06666666666666668,0.06666666666666643,0,2
4477,0.3333333333333333,0.3333333333333333,3.6666666666666665,0.20333333333333334,0.2,0.4,3.8,0.194,0.2,0.5,3.3,0.16599999999999998,0.0,0.3666666666666667,0,2
4478,0.3333333333333333,0.6666666666666666,3.0,0.13333333333333333,0.4,0.8,2.4,0.13399999999999998,0.3,0.6,2.6,0.125,0.2,0.3999999999999999,1,0
4479,0.3333333333333333,0.6666666666666666,2.0,0.11333333333333334,0.4,0.6,2.4,0.164,0.2,0.4,3.1,0.19,0.13333333333333336,-1.1,0,1
4480,0.3333333333333333,0.3333333333333333,2.6666666666666665,0.16333333333333333,0.6,0.6,2.0,0.156,0.4,0.4,2.9,0.14700000000000002,0.3333333333333333,-0.2333333333333334,1,0
4481,0.3333333333333333,0.3333333333333333,3.0,0.17666666666666667,0.6,0.6,2.2,0.156,0.4,0.6,2.5,0.16399999999999998,0.43333333333333335,0.5,1,0
4482,0.6666666666666666,0.6666666666666666,2.6666666666666665,0.14666666666666667,0.4,0.4,2.8,0.166,0.4,0.4,3.1,0.15299999999999997,0.10000000000000003,-0.43333333333333357,0,1
4483,0.6666666666666666,0.6666666666666666,2.0,0.15333333333333335,0.4,0.8,2.0,0.13,0.2,0.6,2.6,0.13399999999999998,0.16666666666666669,-0.6000000000000001,1,0
4484,0.6666666666666666,1.0,1.3333333333333333,0.16,0.4,0.8,2.4,0.176,0.2,0.6,3.0,0.18800000000000003,0.2666666666666667,-1.6666666666666667,2,0
4485,0.3333333333333333,0.3333333333333333,3.6666666666666665,0.16333333333333333,0.2,0.2,3.8,0.18,0.1,0.4,3.2,0.182,0.06666666666666668,0.46666666666666634,0,2
4486,0.0,0.0,4.666666666666667,0.17333333333333334,0.0,0.2,3.8,0.19,0.0,0.1,4.1,0.174,-0.06666666666666667,0.5666666666666673,0,25
4487,0.0,0.3333333333333333,4.333333333333333,0.11333333333333333,0.0,0.4,4.2,0.11399999999999999,0.0,0.3,4.1,0.15,-0.13333333333333333,0.2333333333333334,0,15
4488,0.0,0.3333333333333333,4.666666666666667,0.14333333333333334,0.4,0.6,3.2,0.14200000000000002,0.3,0.5,3.0,0.16399999999999998,0.23333333333333336,1.666666666666667,0,3
4489,0.3333333333333333,0.3333333333333333,4.333333333333333,0.13333333333333333,0.2,0.4,4.0,0.138,0.2,0.3,3.7,0.149,0.06666666666666668,0.6333333333333329,0,2
4490,0.0,0.3333333333333333,3.6666666666666665,0.12,0.0,0.2,4.2,0.144,0.1,0.4,3.7,0.13599999999999998,-0.13333333333333333,-0.03333333333333366,0,8
4491,0.0,0.3333333333333333,4.0,0.22999999999999998,0.0,0.2,4.0,0.26,0.0,0.1,4.1,0.22400000000000003,-0.1,-0.09999999999999964,0,19
4492,0.0,0.0,4.666666666666667,0.15666666666666668,0.2,0.2,3.8,0.17400000000000002,0.2,0.2,3.8,0.165,-0.033333333333333326,0.8666666666666671,0,4
4493,0.3333333333333333,0.3333333333333333,3.0,0.15333333333333335,0.2,0.2,3.4,0.15599999999999997,0.2,0.3,3.5,0.154,-0.033333333333333326,-0.5,0,1
4494,0.0,0.0,4.0,0.17,0.2,0.4,3.0,0.164,0.2,0.3,3.0,0.154,0.0,1.0,0,3
4495,0.0,0.3333333333333333,3.6666666666666665,0.14333333333333334,0.0,0.2,4.2,0.15000000000000002,0.2,0.5,3.3,0.152,-0.16666666666666666,0.3666666666666667,0,6
4496,0.3333333333333333,0.3333333333333333,3.6666666666666665,0.17,0.6,0.6,2.6,0.166,0.6,0.7,2.2,0.177,0.19999999999999996,1.4666666666666663,0,1
4497,0.0,0.0,4.333333333333333,0.13,0.2,0.2,3.8,0.136,0.3,0.4,3.1,0.15100000000000002,-0.09999999999999998,1.233333333333333,0,3
4498,0.0,0.0,6.0,0.17,0.0,0.0,5.4,0.174,0.1,0.2,4.4,0.16299999999999998,-0.23333333333333334,1.5999999999999996,0,8
4499,0.0,0.6666666666666666,2.6666666666666665,0.16,0.2,0.6,3.0,0.148,0.2,0.6,3.0,0.14100000000000001,0.06666666666666668,-0.3333333333333335,0,3
4500,0.0,0.3333333333333333,3.3333333333333335,0.16666666666666666,0.2,0.4,3.0,0.15000000000000002,0.5,0.6,2.4,0.137,-0.09999999999999998,0.9333333333333336,0,3
4501,0.0,0.0,5.0,0.15,0.0,0.2,4.4,0.162,0.1,0.3,3.8,0.16499999999999998,-0.16666666666666666,1.2000000000000002,0,5
4502,0.0,0.3333333333333333,3.6666666666666665,0.11333333333333334,0.0,0.4,3.2,0.10800000000000001,0.2,0.5,2.7,0.13199999999999998,-0.26666666666666666,0.9666666666666663,0,7
4503,0.3333333333333333,0.3333333333333333,3.6666666666666665,0.16,0.4,0.4,3.0,0.15,0.3,0.4,3.1,0.13999999999999999,0.2,0.5666666666666664,1,0
4504,0.3333333333333333,0.3333333333333333,3.3333333333333335,0.19666666666666668,0.4,0.4,3.0,0.182,0.4,0.5,2.9,0.16899999999999998,0.16666666666666669,0.43333333333333357,0,2
4505,0.3333333333333333,0.6666666666666666,2.0,0.20000000000000004,0.2,0.6,2.8,0.196,0.2,0.4,3.4,0.16999999999999998,0.06666666666666668,-1.4,0,1
4506,0.3333333333333333,0.6666666666666666,2.0,0.16666666666666666,0.2,0.6,2.8,0.188,0.3,0.5,2.5,0.179,-0.033333333333333326,-0.5,0,1
4507,0.0,0.3333333333333333,4.666666666666667,0.1566666666666667,0.0,0.2,4.6,0.158,0.0,0.3,3.9,0.146,-0.03333333333333333,0.766666666666667,0,14
4508,0.3333333333333333,0.6666666666666666,3.0,0.21333333333333335,0.2,0.4,3.4,0.21799999999999997,0.2,0.4,3.2,0.201,-0.06666666666666665,-0.20000000000000018,1,0
4509,0.6666666666666666,1.0,1.3333333333333333,0.13333333333333333,0.4,0.6,2.6,0.126,0.2,0.5,3.0,0.14,0.2,-1.6666666666666667,0,1
4510,0.0,0.0,4.333333333333333,0.15,0.0,0.0,5.0,0.156,0.0,0.0,4.8,0.15,-0.1,-0.4666666666666668,0,12
4511,0.0,0.0,3.6666666666666665,0.19000000000000003,0.0,0.0,3.4,0.202,0.0,0.2,3.5,0.172,-0.13333333333333333,0.16666666666666652,0,14
4512,0.0,0.3333333333333333,3.3333333333333335,0.13333333333333333,0.0,0.4,3.6,0.11600000000000002,0.0,0.2,4.1,0.145,-0.06666666666666667,-0.7666666666666662,0,22
4513,0.3333333333333333,0.6666666666666666,2.3333333333333335,0.16,0.2,0.6,2.8,0.158,0.4,0.6,2.4,0.173,-0.09999999999999998,-0.06666666666666643,0,2
4514,0.6666666666666666,1.0,1.3333333333333333,0.14333333333333334,0.6,0.8,1.6,0.10600000000000001,0.5,0.6,2.3,0.15999999999999998,0.23333333333333334,-0.9666666666666666,0,1
4515,0.6666666666666666,0.6666666666666666,2.3333333333333335,0.18000000000000002,0.4,0.4,3.0,0.194,0.3,0.5,2.9,0.181,0.10000000000000003,-0.5666666666666664,0,1
4516,0.3333333333333333,1.0,1.6666666666666667,0.16,0.2,0.6,2.6,0.162,0.4,0.6,2.3,0.14699999999999996,-0.06666666666666665,-0.6333333333333331,0,2
4517,0.3333333333333333,0.3333333333333333,3.6666666666666665,0.15333333333333335,0.2,0.4,3.8,0.15200000000000002,0.1,0.2,3.7,0.13000000000000003,0.1,-0.03333333333333366,1,0
4518,0.0,0.0,5.666666666666667,0.14666666666666667,0.2,0.4,4.0,0.154,0.3,0.5,3.2,0.125,-0.16666666666666663,2.466666666666667,0,3
4519,0.0,0.0,3.0,0.1466666666666667,0.2,0.4,2.4,0.132,0.1,0.3,2.9,0.122,-0.033333333333333326,0.10000000000000009,0,4
4520,0.0,0.3333333333333333,3.0,0.17,0.0,0.2,3.4,0.16399999999999998,0.2,0.4,3.2,0.16099999999999998,-0.2,-0.20000000000000018,0,6
4521,0.6666666666666666,1.0,1.3333333333333333,0.17,0.4,0.6,2.0,0.16399999999999998,0.2,0.5,2.7,0.16399999999999998,0.2,-1.366666666666667,1,0
4522,0.3333333333333333,0.3333333333333333,3.3333333333333335,0.16,0.2,0.4,3.0,0.16799999999999998,0.3,0.5,2.7,0.15900000000000003,-0.033333333333333326,0.6333333333333333,0,2
4523,0.3333333333333333,0.3333333333333333,3.6666666666666665,0.10666666666666667,0.2,0.2,3.6,0.13,0.3,0.3,3.3,0.13,0.0,0.3666666666666667,0,2
4524,0.0,0.6666666666666666,2.6666666666666665,0.14333333333333334,0.0,0.6,2.8,0.16799999999999998,0.2,0.5,2.8,0.136,-0.16666666666666666,-0.1333333333333333,0,6
4525,0.0,0.3333333333333333,4.333333333333333,0.16,0.0,0.2,4.4,0.136,0.0,0.3,4.1,0.147,-0.1,0.2333333333333334,0,19
4526,0.6666666666666666,0.6666666666666666,2.0,0.1433333333333333,0.4,0.6,2.8,0.122,0.2,0.7,2.6,0.11200000000000002,0.16666666666666669,-0.6000000000000001,0,1
4527,0.0,0.0,4.666666666666667,0.14,0.0,0.0,4.4,0.176,0.1,0.2,3.7,0.155,-0.06666666666666667,0.9666666666666668,0,5
4528,0.0,0.6666666666666666,2.3333333333333335,0.21333333333333335,0.0,0.4,3.0,0.17,0.0,0.4,3.1,0.145,-0.1,-0.7666666666666666,0,12
4529,0.3333333333333333,0.3333333333333333,3.3333333333333335,0.17333333333333334,0.4,0.6,2.6,0.148,0.3,0.4,3.1,0.171,0.13333333333333336,0.2333333333333334,1,0
4530,0.6666666666666666,0.6666666666666666,2.0,0.09333333333333334,0.4,0.4,3.0,0.138,0.2,0.3,3.4,0.133,0.2,-1.4,0,1
4531,0.0,0.0,3.6666666666666665,0.16,0.0,0.0,3.4,0.16199999999999998,0.0,0.2,3.8,0.159,-0.06666666666666667,-0.1333333333333333,0,18
4532,0.0,0.3333333333333333,4.333333333333333,0.12333333333333334,0.0,0.4,4.0,0.154,0.0,0.4,4.0,0.14899999999999997,-0.3,0.33333333333333304,0,10
4533,0.3333333333333333,1.0,1.6666666666666667,0.13999999999999999,0.4,1.0,1.6,0.132,0.3,0.7,2.6,0.15499999999999997,0.16666666666666669,-0.9333333333333333,0,1
4534,0.6666666666666666,0.6666666666666666,2.6666666666666665,0.14,0.4,0.6,3.2,0.192,0.2,0.5,3.4,0.172,0.23333333333333336,-0.7333333333333334,2,0
4535,0.3333333333333333,0.6666666666666666,2.3333333333333335,0.15,0.4,0.6,2.4,0.156,0.2,0.4,3.1,0.16000000000000003,0.23333333333333336,-0.7666666666666666,0,1
4536,0.0,0.3333333333333333,3.6666666666666665,0.18000000000000002,0.4,0.6,2.6,0.164,0.4,0.7,2.2,0.14500000000000002,0.2,1.4666666666666663,0,3
4537,0.0,0.0,5.333333333333333,0.11666666666666665,0.0,0.0,5.2,0.11000000000000001,0.1,0.2,4.2,0.13299999999999998,-0.13333333333333333,1.1333333333333329,0,6
4538,0.0,0.3333333333333333,3.3333333333333335,0.13333333333333333,0.4,0.6,2.4,0.148,0.5,0.7,2.0,0.14,0.10000000000000003,1.3333333333333335,0,3
4539,0.0,0.3333333333333333,4.0,0.15333333333333335,0.2,0.4,3.8,0.13999999999999999,0.1,0.4,4.0,0.119,0.033333333333333354,0.0,0,4
4540,0.3333333333333333,0.3333333333333333,3.3333333333333335,0.15666666666666668,0.2,0.4,3.2,0.13999999999999999,0.1,0.3,3.3,0.144,0.1,0.03333333333333366,1,0
4541,0.0,0.0,4.333333333333333,0.16,0.0,0.2,3.8,0.166,0.1,0.3,3.8,0.16299999999999998,-0.13333333333333333,0.5333333333333332,0,8
4542,0.3333333333333333,0.6666666666666666,2.0,0.12666666666666668,0.2,0.6,2.2,0.128,0.1,0.3,3.6,0.12400000000000003,0.13333333333333336,-1.6,0,1
4543,0.0,0.3333333333333333,4.333333333333333,0.15666666666666668,0.2,0.4,3.6,0.146,0.1,0.4,3.6,0.145,0.0,0.733333333333333,0,4
4544,0.3333333333333333,0.6666666666666666,3.0,0.15,0.4,0.8,2.4,0.142,0.6,0.9,1.8,0.157,-0.06666666666666665,1.2,0,2
4545,0.0,0.3333333333333333,4.0,0.12,0.0,0.2,4.2,0.11200000000000002,0.1,0.2,3.5,0.141,-0.16666666666666666,0.5,0,9
4546,0.0,0.0,4.666666666666667,0.17333333333333334,0.2,0.2,3.8,0.174,0.2,0.3,3.6,0.174,0.06666666666666668,1.0666666666666669,0,4
4547,0.0,0.6666666666666666,2.3333333333333335,0.18000000000000002,0.0,0.4,3.6,0.18,0.1,0.7,2.7,0.185,-0.1,-0.3666666666666667,0,7
4548,0.3333333333333333,0.3333333333333333,3.0,0.14333333333333334,0.2,0.2,4.2,0.154,0.1,0.2,4.7,0.185,0.1,-1.7000000000000002,1,0
4549,0.6666666666666666,0.6666666666666666,1.6666666666666667,0.20333333333333334,0.6,0.6,1.8,0.184,0.4,0.5,2.5,0.178,0.36666666666666664,-0.8333333333333333,0,1
4550,0.0,0.0,3.6666666666666665,0.14666666666666667,0.4,0.4,2.6,0.16,0.2,0.2,3.3,0.159,0.16666666666666669,0.3666666666666667,0,3
4551,0.0,0.0,6.0,0.16,0.0,0.0,5.8,0.15799999999999997,0.0,0.2,4.8,0.15,-0.16666666666666666,1.2000000000000002,0,10
4552,0.3333333333333333,0.6666666666666666,2.6666666666666665,0.16,0.2,0.6,2.8,0.15000000000000002,0.1,0.3,3.4,0.15399999999999997,0.0,-0.7333333333333334,1,0
4553,0.0,0.3333333333333333,3.6666666666666665,0.13333333333333333,0.0,0.4,3.4,0.158,0.0,0.4,3.4,0.187,-0.13333333333333333,0.2666666666666666,0,18
4554,0.0,0.6666666666666666,3.3333333333333335,0.17,0.0,0.4,3.8,0.156,0.3,0.6,2.8,0.148,-0.16666666666666666,0.5333333333333337,0,6
4555,0.3333333333333333,0.3333333333333333,3.6666666666666665,0.1366666666666667,0.2,0.2,4.2,0.142,0.1,0.3,3.9,0.139,0.033333333333333354,-0.2333333333333334,1,0
4556,0.0,0.3333333333333333,4.0,0.16333333333333333,0.0,0.4,3.8,0.152,0.1,0.5,3.0,0.15699999999999997,-0.2,1.0,0,5
4557,0.3333333333333333,0.3333333333333333,4.0,0.16666666666666666,0.4,0.4,3.6,0.162,0.2,0.3,3.7,0.17099999999999999,0.16666666666666669,0.2999999999999998,0,2
4558,0.0,0.3333333333333333,3.6666666666666665,0.15333333333333332,0.2,0.6,2.8,0.15999999999999998,0.3,0.5,3.2,0.16,0.0,0.46666666666666634,0,3
4559,0.0,0.3333333333333333,3.3333333333333335,0.1366666666666667,0.0,0.2,4.4,0.136,0.0,0.2,4.3,0.146,-0.03333333333333333,-0.9666666666666663,0,25
4560,0.3333333333333333,0.3333333333333333,3.6666666666666665,0.17,0.4,0.4,3.0,0.162,0.5,0.6,2.4,0.153,0.0,1.2666666666666666,0,1
4561,0.0,0.0,4.333333333333333,0.15333333333333332,0.2,0.2,3.4,0.136,0.4,0.4,3.0,0.15399999999999997,-0.09999999999999998,1.333333333333333,0,4
4562,0.3333333333333333,0.6666666666666666,2.0,0.17333333333333334,0.2,0.6,2.6,0.21200000000000002,0.1,0.3,3.1,0.20600000000000002,0.1,-1.1,0,1
4563,0.0,0.3333333333333333,4.333333333333333,0.16333333333333333,0.0,0.2,4.0,0.158,0.0,0.2,4.1,0.143,-0.16666666666666666,0.2333333333333334,0,12
4564,0.0,0.3333333333333333,4.666666666666667,0.18333333333333335,0.0,0.4,4.4,0.194,0.1,0.4,3.7,0.176,-0.16666666666666666,0.9666666666666668,0,7
4565,0.0,0.0,4.666666666666667,0.22333333333333336,0.0,0.0,4.0,0.188,0.1,0.1,3.8,0.187,-0.2,0.8666666666666671,0,9
4566,0.3333333333333333,0.6666666666666666,2.3333333333333335,0.18333333333333335,0.2,0.6,2.8,0.16799999999999998,0.2,0.4,3.6,0.177,0.0,-1.2666666666666666,0,2
4567,0.0,0.0,4.333333333333333,0.16333333333333333,0.0,0.0,4.2,0.16799999999999998,0.0,0.1,4.0,0.23500000000000001,-0.13333333333333333,0.33333333333333304,0,20
4568,0.3333333333333333,0.3333333333333333,3.0,0.11,0.6,0.6,2.2,0.132,0.5,0.5,2.4,0.13500000000000004,0.36666666666666664,0.6000000000000001,0,1
4569,0.3333333333333333,0.6666666666666666,2.0,0.14,0.2,0.4,2.6,0.12999999999999998,0.1,0.4,3.0,0.136,0.06666666666666668,-1.0,0,2
4570,0.6666666666666666,1.0,1.3333333333333333,0.16666666666666666,0.4,0.8,2.2,0.18400000000000002,0.3,0.6,2.6,0.185,0.30000000000000004,-1.2666666666666668,1,0
4571,0.0,0.3333333333333333,3.3333333333333335,0.18666666666666668,0.4,0.6,2.4,0.184,0.6,0.7,2.1,0.15499999999999997,0.03333333333333338,1.2333333333333334,0,3
4572,0.0,0.6666666666666666,3.0,0.11666666666666665,0.0,0.4,3.6,0.122,0.0,0.3,3.7,0.13600000000000004,-0.1,-0.7000000000000002,0,14
4573,0.3333333333333333,0.3333333333333333,3.3333333333333335,0.17666666666666667,0.2,0.2,3.2,0.156,0.3,0.4,2.6,0.16999999999999998,-0.1333333333333333,0.7333333333333334,0,1
4574,1.0,1.0,1.0,0.15333333333333335,0.6,0.8,1.6,0.16,0.5,0.6,2.2,0.16999999999999998,0.43333333333333335,-1.2000000000000002,3,0
4575,0.0,0.3333333333333333,3.3333333333333335,0.17,0.0,0.4,3.0,0.18600000000000003,0.0,0.4,3.0,0.15899999999999997,-0.06666666666666667,0.3333333333333335,0,10
4576,0.0,0.3333333333333333,4.0,0.17666666666666667,0.0,0.4,4.0,0.164,0.0,0.4,3.9,0.16799999999999998,-0.16666666666666666,0.10000000000000009,0,10
4577,0.3333333333333333,0.3333333333333333,3.6666666666666665,0.15,0.4,0.4,3.2,0.138,0.3,0.4,3.4,0.135,0.2,0.2666666666666666,1,0
4578,0.0,0.3333333333333333,4.666666666666667,0.13,0.0,0.4,4.0,0.154,0.0,0.4,4.0,0.166,-0.16666666666666666,0.666666666666667,0,10
4579,0.0,0.0,5.666666666666667,0.12,0.0,0.4,4.2,0.098,0.2,0.4,3.5,0.12800000000000003,-0.16666666666666666,2.166666666666667,0,5
4580,0.3333333333333333,0.3333333333333333,2.6666666666666665,0.17,0.2,0.2,3.4,0.182,0.1,0.3,3.3,0.16599999999999998,0.1,-0.6333333333333333,1,0
4581,0.3333333333333333,0.3333333333333333,3.6666666666666665,0.13,0.2,0.6,3.0,0.122,0.1,0.5,3.3,0.133,0.0,0.3666666666666667,0,2
4582,0.0,0.3333333333333333,3.3333333333333335,0.18666666666666668,0.0,0.2,3.2,0.184,0.1,0.3,3.5,0.176,-0.03333333333333333,-0.16666666666666652,0,7
4583,0.0,0.3333333333333333,3.3333333333333335,0.18000000000000002,0.0,0.2,4.2,0.198,0.0,0.1,4.2,0.168,0.0,-0.8666666666666667,0,56
4584,0.0,0.0,5.0,0.15,0.0,0.2,4.4,0.146,0.0,0.1,4.4,0.13499999999999998,-0.1,0.5999999999999996,0,10
4585,0.3333333333333333,0.3333333333333333,3.6666666666666665,0.1366666666666667,0.2,0.2,3.8,0.148,0.1,0.3,3.7,0.15100000000000002,0.1,-0.03333333333333366,0,2
4586,0.0,0.3333333333333333,3.3333333333333335,0.1466666666666667,0.0,0.2,3.6,0.182,0.0,0.3,3.3,0.14100000000000001,-0.1,0.03333333333333366,0,13
4587,0.0,0.0,5.333333333333333,0.15,0.0,0.0,4.8,0.13,0.1,0.2,4.0,0.15699999999999997,-0.3,1.333333333333333,0,5
4588,0.0,0.3333333333333333,4.333333333333333,0.1366666666666667,0.2,0.6,3.2,0.14200000000000002,0.2,0.4,3.5,0.164,0.06666666666666668,0.833333333333333,0,4
4589,0.0,0.0,4.333333333333333,0.13666666666666666,0.0,0.0,4.4,0.12999999999999998,0.0,0.2,3.9,0.13299999999999998,-0.03333333333333333,0.4333333333333331,0,20
4590,0.0,0.0,4.666666666666667,0.15333333333333335,0.2,0.4,3.4,0.10200000000000001,0.1,0.4,3.1,0.12,0.033333333333333354,1.5666666666666669,0,4
4591,0.3333333333333333,0.6666666666666666,3.0,0.17,0.2,0.4,3.6,0.15000000000000002,0.3,0.4,3.5,0.13099999999999998,-0.1333333333333333,-0.5,0,1
4592,0.0,0.0,5.0,0.14666666666666667,0.2,0.2,4.4,0.13599999999999998,0.3,0.4,3.4,0.131,0.033333333333333354,1.6,0,3
4593,0.0,0.3333333333333333,4.0,0.21666666666666667,0.0,0.2,4.0,0.17200000000000001,0.2,0.3,3.1,0.187,-0.23333333333333334,0.8999999999999999,0,5
4594,0.3333333333333333,0.3333333333333333,2.3333333333333335,0.17666666666666667,0.2,0.4,2.8,0.164,0.1,0.3,3.1,0.16599999999999998,0.033333333333333354,-0.7666666666666666,0,1
4595,0.0,0.0,3.6666666666666665,0.14666666666666664,0.2,0.2,3.4,0.14,0.3,0.3,3.1,0.14500000000000002,-0.06666666666666665,0.5666666666666664,0,4
4596,0.0,0.3333333333333333,3.0,0.17666666666666667,0.2,0.4,3.2,0.158,0.2,0.4,3.3,0.13399999999999998,0.033333333333333354,-0.2999999999999998,0,4
4597,0.0,0.0,4.333333333333333,0.11,0.0,0.0,4.6,0.11800000000000002,0.1,0.2,4.2,0.128,-0.13333333333333333,0.13333333333333286,0,5
4598,0.3333333333333333,0.3333333333333333,3.0,0.12333333333333334,0.2,0.2,3.0,0.13999999999999999,0.1,0.1,3.7,0.14900000000000002,0.033333333333333354,-0.7000000000000002,1,0
4599,0.0,0.3333333333333333,3.6666666666666665,0.17333333333333334,0.0,0.2,3.6,0.17200000000000001,0.0,0.2,3.6,0.165,-0.1,0.06666666666666643,0,19
4600,0.0,0.6666666666666666,3.0,0.13,0.0,0.4,4.2,0.14600000000000002,0.1,0.5,3.3,0.131,-0.16666666666666666,-0.2999999999999998,0,6
4601,0.0,0.3333333333333333,4.333333333333333,0.17,0.0,0.2,4.6,0.142,0.0,0.3,3.7,0.13899999999999998,-0.23333333333333334,0.6333333333333329,0,11
4602,0.3333333333333333,0.3333333333333333,4.333333333333333,0.12,0.2,0.2,4.4,0.126,0.1,0.2,3.8,0.132,0.033333333333333354,0.5333333333333332,0,1
4603,0.0,0.0,4.0,0.13333333333333333,0.0,0.0,4.0,0.14400000000000002,0.0,0.3,3.5,0.14899999999999997,-0.03333333333333333,0.5,0,22
4604,0.0,0.3333333333333333,4.0,0.17666666666666667,0.2,0.4,3.8,0.146,0.2,0.4,3.3,0.148,0.06666666666666668,0.7000000000000002,0,4
4605,0.3333333333333333,0.6666666666666666,2.3333333333333335,0.16,0.4,0.8,2.0,0.17,0.2,0.5,3.5,0.16899999999999998,0.13333333333333336,-1.1666666666666665,0,2
4606,0.0,0.3333333333333333,4.0,0.17333333333333334,0.2,0.4,3.6,0.184,0.3,0.4,3.1,0.176,-0.06666666666666665,0.8999999999999999,0,3
4607,0.0,0.0,4.666666666666667,0.13999999999999999,0.0,0.2,4.0,0.12400000000000003,0.1,0.3,3.4,0.12999999999999998,-0.23333333333333334,1.266666666666667,0,5
4608,0.6666666666666666,0.6666666666666666,2.0,0.11333333333333333,0.4,0.4,3.2,0.144,0.2,0.4,3.5,0.148,0.2,-1.5,1,0
4609,0.6666666666666666,0.6666666666666666,2.6666666666666665,0.12,0.4,0.4,3.2,0.142,0.3,0.5,3.1,0.15499999999999997,0.2666666666666667,-0.43333333333333357,1,0
4610,0.0,0.0,4.0,0.13999999999999999,0.0,0.4,3.2,0.132,0.1,0.5,3.1,0.135,-0.3,0.8999999999999999,0,6
4611,0.0,0.3333333333333333,4.0,0.13999999999999999,0.4,0.6,2.8,0.13799999999999998,0.3,0.5,3.1,0.128,0.13333333333333336,0.8999999999999999,0,3
4612,0.3333333333333333,0.3333333333333333,3.6666666666666665,0.15,0.2,0.2,3.8,0.144,0.1,0.1,4.5,0.156,0.06666666666666668,-0.8333333333333335,1,0
4613,0.0,0.0,3.0,0.14666666666666667,0.0,0.0,3.6,0.14800000000000002,0.1,0.2,3.1,0.16699999999999998,-0.23333333333333334,-0.10000000000000009,0,5
4614,0.0,0.0,5.333333333333333,0.11333333333333333,0.0,0.0,4.4,0.11399999999999999,0.0,0.0,4.7,0.134,-0.23333333333333334,0.6333333333333329,0,13
4615,0.0,0.6666666666666666,3.3333333333333335,0.15333333333333335,0.0,0.4,4.0,0.16,0.0,0.3,4.1,0.15,0.0,-0.7666666666666662,0,39
4616,0.3333333333333333,0.3333333333333333,3.3333333333333335,0.16666666666666666,0.2,0.2,3.4,0.16199999999999998,0.1,0.1,3.9,0.156,0.06666666666666668,-0.5666666666666664,0,2
4617,0.0,0.0,4.666666666666667,0.16666666666666666,0.0,0.0,4.2,0.16,0.0,0.2,3.4,0.16399999999999998,-0.03333333333333333,1.266666666666667,0,25
4618,0.3333333333333333,0.3333333333333333,2.3333333333333335,0.12333333333333334,0.2,0.2,3.2,0.156,0.1,0.2,3.2,0.157,-0.06666666666666665,-0.8666666666666667,0,1
4619,0.3333333333333333,0.3333333333333333,3.6666666666666665,0.20333333333333334,0.2,0.2,4.0,0.15999999999999998,0.2,0.2,4.2,0.149,0.06666666666666668,-0.5333333333333337,0,1
4620,0.3333333333333333,0.3333333333333333,2.6666666666666665,0.10666666666666667,0.2,0.4,3.0,0.13799999999999998,0.1,0.3,3.3,0.137,0.033333333333333354,-0.6333333333333333,1,0
4621,0.3333333333333333,0.3333333333333333,3.0,0.11,0.2,0.4,3.2,0.11000000000000001,0.2,0.3,3.6,0.12700000000000003,0.06666666666666668,-0.6000000000000001,1,0
4622,0.0,0.3333333333333333,4.333333333333333,0.12666666666666668,0.4,0.6,3.0,0.13599999999999998,0.3,0.4,3.1,0.15,0.16666666666666669,1.233333333333333,0,3
4623,0.0,0.0,5.666666666666667,0.12666666666666668,0.0,0.0,5.2,0.148,0.0,0.1,4.8,0.17600000000000002,-0.1,0.8666666666666671,0,11
4624,0.3333333333333333,0.3333333333333333,3.3333333333333335,0.13,0.2,0.4,3.2,0.128,0.2,0.3,3.8,0.164,0.0,-0.46666666666666634,1,0
4625,0.0,0.6666666666666666,2.6666666666666665,0.16,0.0,0.6,2.6,0.15,0.0,0.3,3.4,0.15699999999999997,-0.13333333333333333,-0.7333333333333334,0,13
4626,0.0,0.0,3.6666666666666665,0.21,0.0,0.0,3.8,0.21999999999999997,0.1,0.1,3.5,0.215,-0.2,0.16666666666666652,0,6
4627,0.0,0.0,4.333333333333333,0.18000000000000002,0.0,0.0,4.8,0.17600000000000002,0.0,0.3,4.2,0.162,-0.3,0.13333333333333286,0,11
4628,0.0,0.3333333333333333,3.3333333333333335,0.13333333333333333,0.2,0.4,3.0,0.138,0.1,0.3,3.5,0.135,0.0,-0.16666666666666652,0,3
4629,0.0,0.0,4.0,0.11666666666666665,0.0,0.0,3.8,0.142,0.0,0.1,4.5,0.14700000000000002,-0.06666666666666667,-0.5,0,11
4630,0.0,0.3333333333333333,3.6666666666666665,0.1433333333333333,0.2,0.4,3.2,0.15399999999999997,0.2,0.4,3.3,0.181,0.033333333333333354,0.3666666666666667,0,4
4631,0.0,0.3333333333333333,3.3333333333333335,0.18000000000000002,0.2,0.6,2.6,0.16800000000000004,0.1,0.3,3.6,0.14400000000000002,0.033333333333333354,-0.2666666666666666,0,4
4632,0.0,0.3333333333333333,4.333333333333333,0.19333333333333333,0.0,0.2,4.2,0.20800000000000002,0.0,0.2,3.8,0.203,-0.13333333333333333,0.5333333333333332,0,11
4633,0.3333333333333333,0.3333333333333333,3.6666666666666665,0.14,0.2,0.2,3.8,0.122,0.3,0.4,3.3,0.13800000000000004,0.0,0.3666666666666667,1,0
4634,0.0,0.6666666666666666,2.6666666666666665,0.17,0.0,0.4,3.4,0.148,0.0,0.3,3.8,0.14099999999999996,-0.1,-1.1333333333333333,0,15
4635,0.0,0.3333333333333333,3.6666666666666665,0.15,0.0,0.2,4.2,0.14600000000000002,0.2,0.4,3.2,0.144,-0.2,0.46666666666666634,0,5
4636,0.0,0.3333333333333333,3.0,0.12333333333333334,0.0,0.4,3.4,0.11200000000000002,0.0,0.2,3.8,0.139,-0.16666666666666666,-0.7999999999999998,0,17
4637,0.3333333333333333,0.3333333333333333,3.3333333333333335,0.13333333333333333,0.4,0.4,3.4,0.146,0.2,0.2,4.2,0.13899999999999998,0.23333333333333336,-0.8666666666666667,0,2
4638,0.6666666666666666,0.6666666666666666,1.6666666666666667,0.13,0.4,0.4,3.2,0.14200000000000002,0.2,0.3,3.5,0.175,0.23333333333333336,-1.8333333333333333,1,0
4639,0.0,0.0,3.0,0.10333333333333333,0.0,0.0,4.0,0.11199999999999999,0.2,0.2,3.9,0.135,-0.2,-0.8999999999999999,0,6
4640,0.6666666666666666,0.6666666666666666,1.6666666666666667,0.12333333333333334,0.6,0.6,1.8,0.122,0.4,0.4,2.4,0.13200000000000003,0.3333333333333333,-0.7333333333333332,0,1
4641,0.3333333333333333,0.3333333333333333,3.3333333333333335,0.14333333333333334,0.2,0.2,4.2,0.196,0.2,0.3,3.7,0.189,0.06666666666666668,-0.3666666666666667,0,2
4642,0.3333333333333333,0.3333333333333333,3.6666666666666665,0.11,0.2,0.2,3.8,0.122,0.3,0.3,3.3,0.14200000000000002,-0.06666666666666665,0.3666666666666667,1,0
4643,0.0,0.3333333333333333,3.3333333333333335,0.18666666666666668,0.2,0.4,2.8,0.16999999999999998,0.3,0.6,2.4,0.13200000000000003,-0.033333333333333326,0.9333333333333336,0,3
4644,0.3333333333333333,0.3333333333333333,3.3333333333333335,0.11,0.2,0.4,3.4,0.14400000000000002,0.2,0.3,3.7,0.14400000000000004,0.033333333333333354,-0.3666666666666667,1,0
4645,0.0,0.3333333333333333,3.6666666666666665,0.12,0.0,0.2,4.4,0.12000000000000002,0.1,0.4,3.5,0.11800000000000002,-0.13333333333333333,0.16666666666666652,0,6
4646,0.0,0.3333333333333333,3.6666666666666665,0.15333333333333335,0.0,0.2,4.4,0.134,0.1,0.2,4.0,0.13799999999999998,-0.13333333333333333,-0.3333333333333335,0,7
4647,0.0,0.3333333333333333,4.0,0.17666666666666667,0.0,0.2,4.0,0.184,0.0,0.1,3.8,0.16199999999999998,-0.13333333333333333,0.20000000000000018,0,10
4648,0.3333333333333333,0.3333333333333333,3.3333333333333335,0.13999999999999999,0.4,0.4,3.0,0.138,0.2,0.2,4.2,0.168,0.2666666666666667,-0.8666666666666667,1,0
4649,0.0,0.0,4.666666666666667,0.18000000000000002,0.0,0.0,4.6,0.16,0.1,0.1,3.9,0.125,-0.26666666666666666,0.766666666666667,0,9
4650,0.3333333333333333,0.6666666666666666,2.6666666666666665,0.1466666666666667,0.6,0.8,2.0,0.16,0.4,0.7,2.3,0.148,0.3,0.3666666666666667,0,1
4651,0.0,0.0,5.0,0.13333333333333333,0.0,0.0,5.4,0.174,0.2,0.3,4.1,0.174,-0.16666666666666666,0.9000000000000004,0,5
4652,0.0,0.0,4.333333333333333,0.14,0.0,0.2,3.8,0.152,0.1,0.4,3.4,0.16799999999999998,-0.06666666666666667,0.9333333333333331,0,9
4653,0.0,0.0,4.0,0.19000000000000003,0.0,0.2,3.8,0.178,0.2,0.3,3.2,0.15999999999999998,-0.3,0.7999999999999998,0,6
4654,0.3333333333333333,0.3333333333333333,3.3333333333333335,0.19666666666666668,0.4,0.6,2.6,0.194,0.4,0.7,2.3,0.16299999999999998,0.16666666666666669,1.0333333333333337,0,1
4655,0.0,0.3333333333333333,3.3333333333333335,0.16,0.0,0.2,4.0,0.128,0.2,0.4,3.1,0.14700000000000002,-0.23333333333333334,0.2333333333333334,0,5
4656,0.0,0.3333333333333333,3.3333333333333335,0.18000000000000002,0.2,0.4,3.0,0.182,0.2,0.5,2.8,0.187,0.033333333333333354,0.5333333333333337,0,4
4657,0.0,0.0,5.0,0.12666666666666668,0.2,0.2,4.2,0.152,0.2,0.4,3.6,0.152,-0.033333333333333326,1.4,0,3
4658,0.3333333333333333,0.3333333333333333,3.3333333333333335,0.14,0.2,0.2,3.6,0.136,0.3,0.3,3.3,0.148,0.0,0.03333333333333366,0,1
4659,0.0,0.0,3.0,0.19666666666666666,0.2,0.4,2.4,0.152,0.4,0.6,2.0,0.13999999999999999,-0.06666666666666665,1.0,0,4
4660,0.3333333333333333,0.3333333333333333,4.0,0.24333333333333332,0.2,0.2,4.2,0.20400000000000001,0.1,0.1,4.7,0.18,0.06666666666666668,-0.7000000000000002,1,0
4661,0.0,0.0,5.333333333333333,0.18000000000000002,0.2,0.2,4.2,0.156,0.1,0.3,3.8,0.15,0.13333333333333336,1.5333333333333332,0,3
4662,0.0,0.0,4.0,0.16666666666666666,0.2,0.2,3.4,0.16599999999999998,0.2,0.2,3.4,0.152,0.1,0.6000000000000001,0,4
4663,0.0,0.0,4.333333333333333,0.16,0.0,0.0,4.8,0.14400000000000002,0.0,0.1,4.5,0.13799999999999998,-0.1,-0.16666666666666696,0,13
4664,0.0,0.3333333333333333,3.6666666666666665,0.19333333333333336,0.0,0.2,4.2,0.2,0.0,0.2,4.1,0.199,-0.1,-0.4333333333333331,0,18
4665,0.0,0.0,5.333333333333333,0.14333333333333334,0.0,0.2,4.4,0.154,0.0,0.2,3.9,0.185,-0.06666666666666667,1.4333333333333331,0,10
4666,0.0,0.3333333333333333,3.6666666666666665,0.14666666666666667,0.0,0.2,3.6,0.15,0.3,0.5,2.6,0.14400000000000002,-0.2,1.0666666666666664,0,5
4667,0.0,0.3333333333333333,4.0,0.17,0.2,0.6,3.0,0.174,0.3,0.5,2.9,0.16499999999999998,-0.06666666666666665,1.1,0,3
4668,0.0,0.0,4.333333333333333,0.19333333333333336,0.0,0.0,4.8,0.17600000000000002,0.0,0.1,4.6,0.16699999999999998,-0.23333333333333334,-0.2666666666666666,0,11
4669,0.0,0.6666666666666666,3.0,0.16,0.0,0.4,3.4,0.144,0.0,0.4,3.7,0.152,-0.06666666666666667,-0.7000000000000002,0,24
4670,0.0,0.0,4.666666666666667,0.19333333333333336,0.0,0.0,4.8,0.166,0.1,0.1,4.1,0.16699999999999998,-0.13333333333333333,0.5666666666666673,0,8
4671,1.0,1.0,1.0,0.11,0.8,1.0,1.2,0.13599999999999998,0.5,0.7,2.2,0.14900000000000002,0.5666666666666667,-1.2000000000000002,3,0
4672,0.0,0.0,4.666666666666667,0.13333333333333333,0.0,0.2,4.4,0.15,0.0,0.1,4.2,0.179,-0.2,0.4666666666666668,0,16
4673,0.3333333333333333,0.3333333333333333,4.333333333333333,0.14333333333333334,0.2,0.2,4.0,0.148,0.1,0.1,3.8,0.143,0.1,0.5333333333333332,0,2
4674,0.0,0.3333333333333333,3.6666666666666665,0.17333333333333334,0.0,0.4,3.2,0.14600000000000002,0.0,0.2,3.9,0.139,-0.23333333333333334,-0.2333333333333334,0,10
4675,0.0,0.0,4.333333333333333,0.18000000000000002,0.0,0.0,5.0,0.166,0.2,0.2,3.8,0.13799999999999998,-0.2,0.5333333333333332,0,6
4676,0.3333333333333333,0.3333333333333333,2.3333333333333335,0.12666666666666668,0.2,0.4,2.4,0.14,0.1,0.3,2.7,0.165,-0.033333333333333326,-0.3666666666666667,0,2
4677,0.3333333333333333,0.6666666666666666,3.0,0.12666666666666668,0.2,0.4,3.6,0.118,0.1,0.3,3.2,0.11300000000000002,0.06666666666666668,-0.20000000000000018,0,1
4678,0.0,0.0,5.0,0.12,0.2,0.2,4.0,0.14600000000000002,0.3,0.3,3.1,0.148,-0.06666666666666665,1.9,0,3
4679,0.3333333333333333,0.3333333333333333,3.6666666666666665,0.17,0.2,0.4,3.6,0.148,0.3,0.5,3.1,0.14800000000000002,0.033333333333333354,0.5666666666666664,0,1
4680,0.0,0.3333333333333333,3.3333333333333335,0.18000000000000002,0.0,0.2,3.6,0.20400000000000001,0.1,0.4,3.1,0.178,-0.2,0.2333333333333334,0,6
4681,0.0,0.0,4.666666666666667,0.1366666666666667,0.0,0.2,4.4,0.136,0.0,0.3,4.4,0.14900000000000002,-0.13333333333333333,0.2666666666666666,0,12
4682,0.3333333333333333,0.3333333333333333,3.3333333333333335,0.16,0.4,0.4,2.8,0.152,0.2,0.3,3.4,0.16099999999999998,0.13333333333333336,-0.06666666666666643,0,1
4683,0.3333333333333333,0.3333333333333333,3.6666666666666665,0.16,0.2,0.4,3.6,0.12399999999999997,0.3,0.4,3.4,0.11200000000000002,0.033333333333333354,0.2666666666666666,0,1
4684,0.0,0.3333333333333333,3.0,0.15333333333333335,0.0,0.4,2.8,0.14800000000000002,0.0,0.3,3.3,0.15899999999999997,-0.16666666666666666,-0.2999999999999998,0,12
4685,0.0,0.0,5.0,0.15333333333333335,0.4,0.4,3.4,0.128,0.5,0.7,2.4,0.133,0.06666666666666671,2.6,0,3
4686,0.0,0.3333333333333333,4.0,0.17666666666666667,0.0,0.4,4.0,0.16799999999999998,0.1,0.6,3.2,0.13,-0.16666666666666666,0.7999999999999998,0,6
4687,0.0,0.3333333333333333,2.6666666666666665,0.17666666666666667,0.0,0.4,3.0,0.16399999999999998,0.0,0.4,3.1,0.16299999999999998,-0.06666666666666667,-0.43333333333333357,0,11
4688,0.0,0.0,4.0,0.14666666666666667,0.2,0.4,3.0,0.144,0.2,0.4,3.2,0.13899999999999998,-0.09999999999999998,0.7999999999999998,0,3
4689,0.0,0.0,4.0,0.16666666666666666,0.0,0.0,3.6,0.156,0.1,0.1,3.9,0.144,-0.2,0.10000000000000009,0,7
4690,0.3333333333333333,0.3333333333333333,3.3333333333333335,0.14666666666666664,0.2,0.4,3.6,0.148,0.2,0.3,3.7,0.151,0.06666666666666668,-0.3666666666666667,0,2
4691,0.0,0.3333333333333333,3.6666666666666665,0.14,0.2,0.4,3.6,0.15,0.2,0.5,3.0,0.146,0.1,0.6666666666666665,0,3
4692,0.6666666666666666,0.6666666666666666,2.0,0.14,0.4,0.4,3.0,0.166,0.2,0.5,2.9,0.16399999999999998,0.2666666666666667,-0.8999999999999999,1,0
4693,0.0,0.0,4.666666666666667,0.17333333333333334,0.0,0.4,3.6,0.16400000000000003,0.0,0.4,3.6,0.178,-0.03333333333333333,1.0666666666666669,0,22
4694,0.3333333333333333,0.3333333333333333,3.3333333333333335,0.09999999999999999,0.2,0.2,3.6,0.12000000000000002,0.3,0.5,2.7,0.151,-0.09999999999999998,0.6333333333333333,0,2
4695,0.0,0.3333333333333333,4.0,0.16,0.2,0.4,3.2,0.16599999999999998,0.1,0.3,3.5,0.156,0.033333333333333354,0.5,0,3
4696,0.0,0.0,5.0,0.11333333333333333,0.0,0.0,4.2,0.132,0.1,0.2,3.8,0.12400000000000003,-0.13333333333333333,1.2000000000000002,0,5
4697,0.3333333333333333,1.0,1.6666666666666667,0.1466666666666667,0.4,1.0,1.6,0.134,0.2,0.5,3.1,0.17099999999999999,0.23333333333333336,-1.4333333333333333,1,0
4698,0.0,0.0,4.666666666666667,0.20000000000000004,0.0,0.0,4.8,0.16,0.0,0.1,4.6,0.16699999999999998,-0.23333333333333334,0.06666666666666732,0,14
4699,0.0,0.3333333333333333,2.6666666666666665,0.18666666666666668,0.0,0.2,3.4,0.18,0.0,0.3,3.4,0.171,-0.1,-0.7333333333333334,0,14
4700,0.0,0.0,4.333333333333333,0.17,0.2,0.4,3.2,0.17600000000000002,0.2,0.4,2.8,0.15599999999999997,-0.033333333333333326,1.5333333333333332,0,4
4701,0.0,0.0,4.0,0.16333333333333333,0.0,0.4,3.2,0.148,0.0,0.2,3.8,0.15,-0.13333333333333333,0.20000000000000018,0,12
4702,0.3333333333333333,0.6666666666666666,2.3333333333333335,0.16666666666666666,0.2,0.8,2.2,0.186,0.3,0.8,2.1,0.16499999999999998,0.0,0.2333333333333334,1,0
4703,0.3333333333333333,0.3333333333333333,3.3333333333333335,0.16666666666666666,0.4,0.4,3.0,0.156,0.3,0.6,2.5,0.16999999999999998,0.2666666666666667,0.8333333333333335,0,1
4704,0.0,0.0,5.333333333333333,0.16,0.0,0.2,4.4,0.16999999999999998,0.3,0.5,3.0,0.151,-0.13333333333333333,2.333333333333333,0,5
4705,0.3333333333333333,0.6666666666666666,3.0,0.15,0.4,0.6,3.2,0.13799999999999998,0.2,0.5,3.4,0.131,0.30000000000000004,-0.3999999999999999,1,0
4706,0.0,0.3333333333333333,3.0,0.10666666666666667,0.0,0.4,3.0,0.11200000000000002,0.0,0.4,3.2,0.14100000000000001,-0.13333333333333333,-0.20000000000000018,0,12
4707,0.0,0.0,4.666666666666667,0.16,0.2,0.2,3.6,0.154,0.3,0.4,3.3,0.15299999999999997,0.1,1.3666666666666671,0,3
4708,0.0,0.0,4.333333333333333,0.16666666666666666,0.0,0.0,4.2,0.16399999999999998,0.0,0.0,4.5,0.149,-0.13333333333333333,-0.16666666666666696,0,20
4709,0.0,0.0,5.333333333333333,0.1366666666666667,0.0,0.0,4.6,0.15,0.1,0.1,4.4,0.177,-0.13333333333333333,0.9333333333333327,0,8
4710,0.3333333333333333,0.3333333333333333,4.0,0.17,0.2,0.2,4.0,0.16400000000000003,0.2,0.2,3.9,0.145,-0.06666666666666665,0.10000000000000009,0,1
4711,0.6666666666666666,0.6666666666666666,2.3333333333333335,0.12666666666666668,0.4,0.4,3.6,0.12200000000000003,0.3,0.3,3.1,0.17200000000000001,0.2,-0.7666666666666666,2,0
4712,0.0,0.0,3.6666666666666665,0.15666666666666668,0.2,0.2,3.4,0.158,0.1,0.1,4.0,0.146,0.06666666666666668,-0.3333333333333335,0,4
4713,0.0,0.3333333333333333,3.0,0.1466666666666667,0.0,0.2,3.6,0.14,0.2,0.4,3.0,0.123,-0.3333333333333333,0.0,0,5
4714,0.3333333333333333,0.3333333333333333,3.3333333333333335,0.17666666666666667,0.2,0.4,3.0,0.178,0.2,0.3,3.5,0.193,0.033333333333333354,-0.16666666666666652,1,0
4715,0.6666666666666666,0.6666666666666666,1.6666666666666667,0.11666666666666665,0.4,0.4,2.6,0.124,0.2,0.5,3.0,0.177,0.23333333333333336,-1.3333333333333333,0,1
4716,0.3333333333333333,0.3333333333333333,3.6666666666666665,0.16333333333333333,0.2,0.4,3.4,0.15600000000000003,0.2,0.4,3.2,0.152,0.0,0.46666666666666634,1,0
4717,0.0,0.3333333333333333,4.0,0.13,0.2,0.4,3.4,0.132,0.2,0.5,2.9,0.12199999999999997,0.1,1.1,0,3
4718,0.6666666666666666,0.6666666666666666,2.0,0.14666666666666667,0.4,0.4,3.0,0.142,0.2,0.5,2.9,0.161,0.16666666666666669,-0.8999999999999999,1,0
4719,0.0,0.3333333333333333,3.0,0.16333333333333333,0.4,0.6,2.2,0.14200000000000002,0.3,0.6,2.4,0.13299999999999998,0.2,0.6000000000000001,0,3
4720,0.3333333333333333,0.3333333333333333,4.333333333333333,0.14333333333333334,0.2,0.2,4.4,0.13399999999999998,0.1,0.1,4.2,0.156,-0.06666666666666665,0.13333333333333286,1,0
4721,0.3333333333333333,0.3333333333333333,3.0,0.15666666666666668,0.2,0.2,3.6,0.142,0.2,0.2,3.7,0.141,0.0,-0.7000000000000002,1,0
4722,0.0,0.3333333333333333,3.6666666666666665,0.10333333333333333,0.0,0.4,3.8,0.13199999999999998,0.0,0.2,4.2,0.14300000000000002,-0.13333333333333333,-0.5333333333333337,0,10
4723,0.0,0.0,4.666666666666667,0.15,0.0,0.0,4.4,0.134,0.1,0.3,3.4,0.14700000000000002,-0.26666666666666666,1.266666666666667,0,5
4724,0.0,0.3333333333333333,4.333333333333333,0.17666666666666667,0.0,0.2,4.6,0.194,0.0,0.1,4.8,0.187,-0.1,-0.4666666666666668,0,16
4725,0.3333333333333333,0.3333333333333333,3.6666666666666665,0.16,0.4,0.4,3.2,0.158,0.2,0.6,2.9,0.15899999999999997,0.2666666666666667,0.7666666666666666,0,1
4726,0.0,0.0,4.333333333333333,0.15333333333333332,0.0,0.2,4.2,0.15799999999999997,0.0,0.2,4.2,0.148,-0.1,0.13333333333333286,0,11
4727,0.6666666666666666,0.6666666666666666,2.6666666666666665,0.1366666666666667,0.4,0.4,3.0,0.134,0.2,0.2,3.9,0.156,0.2666666666666667,-1.2333333333333334,2,0
4728,0.0,0.6666666666666666,2.3333333333333335,0.18000000000000002,0.0,0.4,3.0,0.156,0.2,0.4,3.3,0.173,-0.1,-0.9666666666666663,0,5
4729,0.0,0.0,3.6666666666666665,0.10000000000000002,0.0,0.0,3.4,0.144,0.1,0.1,3.4,0.156,-0.23333333333333334,0.2666666666666666,0,6
4730,0.0,0.0,4.0,0.17333333333333334,0.0,0.0,4.8,0.16999999999999998,0.0,0.3,3.7,0.17099999999999999,-0.16666666666666666,0.2999999999999998,0,11
4731,0.0,0.3333333333333333,3.6666666666666665,0.13333333333333333,0.0,0.4,3.6,0.15,0.1,0.4,3.4,0.139,-0.16666666666666666,0.2666666666666666,0,9
4732,0.6666666666666666,0.6666666666666666,2.6666666666666665,0.16333333333333336,0.4,0.4,3.2,0.13399999999999998,0.3,0.3,3.7,0.147,0.16666666666666669,-1.0333333333333337,0,1
4733,0.0,0.0,5.666666666666667,0.14666666666666667,0.0,0.0,5.2,0.11599999999999999,0.0,0.0,5.0,0.14500000000000002,-0.06666666666666667,0.666666666666667,0,16
4734,0.0,0.0,5.666666666666667,0.15666666666666665,0.2,0.2,4.4,0.178,0.4,0.6,2.9,0.15000000000000002,-0.06666666666666665,2.766666666666667,0,4
4735,0.0,0.0,5.0,0.15333333333333332,0.2,0.2,4.0,0.172,0.1,0.1,4.2,0.161,0.13333333333333336,0.7999999999999998,0,3
4736,0.0,0.3333333333333333,3.3333333333333335,0.18999999999999997,0.0,0.2,3.8,0.184,0.1,0.3,3.7,0.163,-0.13333333333333333,-0.3666666666666667,0,8
4737,0.3333333333333333,0.3333333333333333,3.0,0.15,0.4,0.4,3.2,0.16199999999999998,0.4,0.5,2.8,0.16199999999999998,0.0,0.20000000000000018,0,2
4738,0.0,0.3333333333333333,3.6666666666666665,0.15,0.2,0.4,3.4,0.15599999999999997,0.3,0.4,3.2,0.142,-0.06666666666666665,0.46666666666666634,0,4
4739,0.0,0.0,5.0,0.13,0.2,0.2,4.0,0.168,0.2,0.4,3.5,0.17,0.1,1.5,0,3
4740,0.0,0.0,4.666666666666667,0.14333333333333334,0.0,0.2,4.4,0.14,0.0,0.2,4.2,0.125,-0.16666666666666666,0.4666666666666668,0,11
4741,0.0,0.0,4.666666666666667,0.13,0.2,0.4,3.4,0.166,0.1,0.3,3.3,0.157,0.033333333333333354,1.3666666666666671,0,3
4742,0.0,0.0,3.3333333333333335,0.16666666666666666,0.0,0.2,3.4,0.15999999999999998,0.1,0.2,3.7,0.16,-0.13333333333333333,-0.3666666666666667,0,5
4743,0.0,0.0,4.333333333333333,0.12,0.0,0.0,4.2,0.12,0.2,0.3,3.4,0.14700000000000002,-0.16666666666666666,0.9333333333333331,0,6
4744,0.3333333333333333,0.3333333333333333,3.6666666666666665,0.16666666666666666,0.2,0.4,3.2,0.154,0.1,0.2,3.7,0.179,0.16666666666666669,-0.03333333333333366,0,1
4745,0.0,0.6666666666666666,3.3333333333333335,0.17666666666666667,0.0,0.4,3.6,0.16999999999999998,0.0,0.3,3.9,0.175,-0.13333333333333333,-0.5666666666666664,0,18
4746,0.0,0.3333333333333333,3.0,0.15,0.0,0.2,3.4,0.16999999999999998,0.1,0.3,3.2,0.164,-0.13333333333333333,-0.20000000000000018,0,7
4747,0.0,0.0,4.666666666666667,0.16333333333333333,0.0,0.0,5.2,0.166,0.0,0.1,4.8,0.16099999999999998,0.0,-0.13333333333333286,0,36
4748,0.0,0.0,6.0,0.13,0.0,0.0,5.6,0.19,0.0,0.0,5.2,0.2,-0.06666666666666667,0.7999999999999998,0,11
4749,0.0,0.3333333333333333,3.6666666666666665,0.11666666666666665,0.0,0.4,3.6,0.10400000000000001,0.2,0.5,2.8,0.14600000000000002,-0.2,0.8666666666666667,0,6
4750,0.3333333333333333,0.3333333333333333,3.6666666666666665,0.13333333333333333,0.2,0.4,3.4,0.158,0.2,0.3,3.6,0.164,0.06666666666666668,0.06666666666666643,0,1
4751,0.0,0.0,4.0,0.14333333333333334,0.0,0.0,4.0,0.138,0.3,0.3,3.5,0.14199999999999996,-0.23333333333333334,0.5,0,5
4752,0.3333333333333333,0.3333333333333333,3.3333333333333335,0.17333333333333334,0.2,0.2,3.6,0.17400000000000002,0.1,0.1,3.6,0.16799999999999998,0.1,-0.2666666666666666,1,0
4753,0.3333333333333333,0.3333333333333333,3.3333333333333335,0.15666666666666668,0.2,0.6,2.8,0.14800000000000002,0.1,0.3,3.7,0.195,0.033333333333333354,-0.3666666666666667,1,0
4754,0.0,0.0,5.333333333333333,0.15666666666666665,0.0,0.2,4.2,0.15799999999999997,0.1,0.4,3.5,0.14200000000000002,-0.1,1.833333333333333,0,5
4755,0.6666666666666666,0.6666666666666666,2.3333333333333335,0.16666666666666666,0.4,0.6,3.0,0.152,0.3,0.5,3.1,0.159,0.30000000000000004,-0.7666666666666666,0,1
4756,0.3333333333333333,0.3333333333333333,3.0,0.16333333333333333,0.2,0.4,3.4,0.156,0.1,0.3,3.7,0.14899999999999997,0.033333333333333354,-0.7000000000000002,1,0
4757,0.0,0.0,4.333333333333333,0.13,0.4,0.4,3.0,0.12599999999999997,0.3,0.4,2.8,0.126,0.2,1.5333333333333332,0,3
4758,0.0,0.3333333333333333,3.6666666666666665,0.16666666666666666,0.0,0.6,3.0,0.154,0.1,0.5,3.0,0.15899999999999997,-0.23333333333333334,0.6666666666666665,0,5
4759,0.0,0.3333333333333333,4.0,0.12,0.2,0.4,3.6,0.138,0.2,0.4,3.5,0.154,0.033333333333333354,0.5,0,3
4760,0.0,0.0,3.6666666666666665,0.1366666666666667,0.2,0.2,3.2,0.164,0.1,0.2,3.5,0.16499999999999998,0.06666666666666668,0.16666666666666652,0,3
4761,0.0,0.0,4.0,0.16,0.0,0.4,3.2,0.176,0.2,0.4,3.1,0.16199999999999998,-0.06666666666666667,0.8999999999999999,0,5
4762,0.3333333333333333,0.3333333333333333,4.0,0.11666666666666665,0.6,0.6,2.8,0.11599999999999999,0.6,0.7,2.4,0.134,0.26666666666666666,1.6,0,2
4763,0.0,0.3333333333333333,4.333333333333333,0.16333333333333333,0.0,0.6,3.4,0.14,0.1,0.5,3.3,0.12799999999999997,-0.16666666666666666,1.0333333333333332,0,9
4764,0.3333333333333333,0.3333333333333333,3.3333333333333335,0.12333333333333334,0.4,0.4,2.8,0.15000000000000002,0.4,0.5,2.8,0.16099999999999998,0.2,0.5333333333333337,1,0
4765,0.3333333333333333,0.3333333333333333,3.6666666666666665,0.13,0.2,0.2,3.8,0.134,0.2,0.5,3.2,0.125,-0.033333333333333326,0.46666666666666634,1,0
4766,0.0,0.0,3.3333333333333335,0.13333333333333333,0.0,0.0,3.8,0.13799999999999998,0.0,0.0,4.8,0.144,-0.13333333333333333,-1.4666666666666663,0,11
4767,0.0,0.0,5.0,0.16666666666666666,0.0,0.2,4.2,0.17800000000000002,0.0,0.3,3.4,0.16599999999999998,-0.16666666666666666,1.6,0,17
4768,0.0,0.3333333333333333,3.3333333333333335,0.15666666666666665,0.2,0.4,3.0,0.14400000000000002,0.2,0.4,3.1,0.15,-0.033333333333333326,0.2333333333333334,0,3
4769,0.6666666666666666,1.0,1.3333333333333333,0.16,0.6,0.8,1.6,0.13999999999999999,0.4,0.5,2.4,0.11200000000000002,0.3333333333333333,-1.0666666666666667,0,1
4770,0.3333333333333333,0.3333333333333333,2.6666666666666665,0.13999999999999999,0.4,0.4,3.0,0.14599999999999996,0.3,0.4,3.1,0.135,0.2666666666666667,-0.43333333333333357,0,1
4771,0.3333333333333333,0.6666666666666666,2.6666666666666665,0.19666666666666668,0.4,0.6,2.6,0.178,0.5,0.6,2.4,0.147,0.06666666666666671,0.2666666666666666,0,1
4772,0.3333333333333333,0.3333333333333333,3.0,0.1466666666666667,0.2,0.2,3.2,0.134,0.1,0.3,3.3,0.121,-0.033333333333333326,-0.2999999999999998,1,0
4773,0.0,0.3333333333333333,3.6666666666666665,0.13333333333333333,0.0,0.2,4.0,0.128,0.0,0.3,3.7,0.133,-0.2,-0.03333333333333366,0,10
4774,0.0,0.0,4.333333333333333,0.18333333333333335,0.0,0.0,4.6,0.192,0.2,0.3,3.4,0.19,-0.13333333333333333,0.9333333333333331,0,5
4775,0.3333333333333333,0.3333333333333333,3.0,0.16333333333333333,0.2,0.4,3.2,0.162,0.2,0.5,2.8,0.16299999999999998,0.0,0.20000000000000018,0,2
4776,0.3333333333333333,1.0,1.6666666666666667,0.18333333333333335,0.4,0.8,2.4,0.182,0.2,0.5,3.0,0.181,0.23333333333333336,-1.3333333333333333,0,1
4777,0.0,0.6666666666666666,3.0,0.18000000000000002,0.0,0.4,3.6,0.188,0.1,0.4,3.5,0.16399999999999998,-0.3,-0.5,0,8
4778,0.0,0.0,4.333333333333333,0.15,0.2,0.4,3.2,0.14800000000000002,0.4,0.5,2.8,0.14899999999999997,0.0,1.5333333333333332,0,4
4779,0.0,0.3333333333333333,3.0,0.12666666666666668,0.0,0.2,3.4,0.142,0.1,0.2,3.5,0.158,-0.16666666666666666,-0.5,0,6
4780,0.0,0.3333333333333333,4.333333333333333,0.18000000000000002,0.0,0.4,3.8,0.15,0.1,0.4,3.6,0.13499999999999998,-0.1,0.733333333333333,0,5
4781,0.0,0.0,4.0,0.14333333333333334,0.2,0.2,3.6,0.13799999999999998,0.2,0.5,3.0,0.143,0.06666666666666668,1.0,0,3
4782,0.3333333333333333,0.6666666666666666,2.6666666666666665,0.10999999999999999,0.4,0.8,2.2,0.11599999999999999,0.2,0.4,3.7,0.15600000000000003,0.33333333333333337,-1.0333333333333337,1,0
4783,0.0,0.0,5.333333333333333,0.19333333333333336,0.0,0.0,4.4,0.184,0.1,0.2,3.8,0.18200000000000002,-0.3,1.5333333333333332,0,9
4784,0.0,0.3333333333333333,3.6666666666666665,0.14333333333333334,0.0,0.2,3.8,0.132,0.0,0.2,4.2,0.147,-0.06666666666666667,-0.5333333333333337,0,13
4785,0.0,0.0,4.333333333333333,0.15333333333333335,0.0,0.0,4.0,0.13799999999999998,0.1,0.3,3.2,0.146,-0.03333333333333333,1.1333333333333329,0,8
4786,0.3333333333333333,0.6666666666666666,2.0,0.11666666666666668,0.2,0.4,2.4,0.11200000000000002,0.1,0.5,2.9,0.11000000000000001,0.06666666666666668,-0.8999999999999999,1,0
4787,0.3333333333333333,0.3333333333333333,3.3333333333333335,0.15333333333333332,0.2,0.2,3.6,0.158,0.2,0.2,3.5,0.16199999999999998,0.0,-0.16666666666666652,1,0
4788,0.0,0.0,3.6666666666666665,0.16666666666666666,0.0,0.2,3.2,0.182,0.1,0.3,3.1,0.17600000000000002,-0.13333333333333333,0.5666666666666664,0,6
4789,0.0,0.3333333333333333,4.0,0.14666666666666667,0.2,0.6,3.0,0.14200000000000002,0.2,0.4,3.6,0.152,0.033333333333333354,0.3999999999999999,0,3
4790,0.0,0.0,4.666666666666667,0.16,0.2,0.2,4.2,0.144,0.2,0.4,3.5,0.153,-0.033333333333333326,1.166666666666667,0,4
4791,0.0,0.0,5.0,0.14666666666666667,0.0,0.2,4.2,0.16,0.0,0.3,4.1,0.15500000000000003,-0.2,0.9000000000000004,0,10
4792,0.0,0.3333333333333333,3.0,0.15333333333333335,0.0,0.4,3.4,0.186,0.1,0.4,3.3,0.147,-0.1,-0.2999999999999998,0,9
4793,0.3333333333333333,0.6666666666666666,2.3333333333333335,0.13666666666666666,0.2,0.6,2.8,0.122,0.3,0.5,2.7,0.12100000000000002,-0.033333333333333326,-0.3666666666666667,0,2
4794,0.3333333333333333,0.3333333333333333,3.3333333333333335,0.15000000000000002,0.4,0.4,2.8,0.152,0.4,0.5,3.0,0.15999999999999998,0.06666666666666671,0.3333333333333335,0,2
4795,0.0,0.0,4.0,0.15000000000000002,0.2,0.2,3.8,0.156,0.3,0.3,3.2,0.14600000000000005,0.06666666666666668,0.7999999999999998,0,3
4796,0.0,0.3333333333333333,3.3333333333333335,0.19333333333333336,0.0,0.2,3.6,0.184,0.1,0.4,3.2,0.153,-0.2,0.1333333333333333,0,6
4797,0.0,0.0,4.333333333333333,0.16666666666666666,0.0,0.2,3.8,0.138,0.1,0.4,3.0,0.13899999999999998,-0.1,1.333333333333333,0,7
4798,0.6666666666666666,0.6666666666666666,2.3333333333333335,0.14333333333333334,0.6,0.6,2.4,0.142,0.5,0.5,2.6,0.126,0.3333333333333333,-0.2666666666666666,0,1
4799,0.0,0.3333333333333333,3.0,0.14666666666666667,0.0,0.2,4.0,0.146,0.1,0.2,3.7,0.138,-0.23333333333333334,-0.7000000000000002,0,5
4800,0.0,0.0,3.0,0.17,0.0,0.0,3.8,0.16,0.0,0.2,3.6,0.148,-0.1,-0.6000000000000001,0,10
4801,0.0,0.3333333333333333,3.0,0.10999999999999999,0.2,0.4,3.2,0.12,0.3,0.5,3.0,0.147,0.06666666666666668,0.0,0,4
4802,0.0,0.3333333333333333,3.6666666666666665,0.18666666666666665,0.0,0.2,4.0,0.184,0.0,0.2,3.9,0.156,-0.16666666666666666,-0.2333333333333334,0,10
4803,0.6666666666666666,1.0,1.3333333333333333,0.15333333333333332,0.4,0.6,2.8,0.162,0.2,0.3,4.0,0.22199999999999998,0.2,-2.666666666666667,1,0
4804,0.6666666666666666,0.6666666666666666,1.6666666666666667,0.17,0.6,0.6,2.0,0.194,0.7,0.7,1.8,0.187,0.19999999999999996,-0.1333333333333333,0,1
4805,0.6666666666666666,1.0,1.3333333333333333,0.16333333333333336,0.4,0.8,1.8,0.166,0.3,0.5,2.8,0.152,0.2666666666666667,-1.4666666666666666,1,0
4806,0.6666666666666666,0.6666666666666666,2.0,0.13333333333333333,0.6,0.8,1.8,0.138,0.4,0.5,2.5,0.14400000000000002,0.39999999999999997,-0.5,2,0
4807,0.0,0.3333333333333333,4.0,0.15333333333333335,0.2,0.4,3.4,0.136,0.1,0.4,3.5,0.13199999999999998,-0.1333333333333333,0.5,0,3
4808,1.0,1.0,1.0,0.15333333333333332,0.6,0.6,2.4,0.16799999999999998,0.4,0.4,2.7,0.16899999999999998,0.43333333333333335,-1.7000000000000002,3,0
4809,0.0,0.0,5.0,0.11,0.0,0.4,3.8,0.128,0.1,0.3,3.6,0.14600000000000005,-0.23333333333333334,1.4,0,9
4810,0.0,0.0,4.666666666666667,0.13,0.0,0.0,5.0,0.13999999999999999,0.1,0.2,4.0,0.14900000000000002,-0.23333333333333334,0.666666666666667,0,9
4811,0.0,0.3333333333333333,3.6666666666666665,0.12666666666666668,0.0,0.2,4.4,0.13599999999999998,0.1,0.2,4.0,0.16400000000000003,-0.23333333333333334,-0.3333333333333335,0,5
4812,0.6666666666666666,0.6666666666666666,2.0,0.12666666666666668,0.4,0.4,2.6,0.13,0.4,0.4,2.4,0.13299999999999998,0.23333333333333336,-0.3999999999999999,1,0
4813,0.0,0.0,4.0,0.16333333333333333,0.0,0.0,4.6,0.18200000000000002,0.0,0.0,4.9,0.18,-0.03333333333333333,-0.9000000000000004,0,17
4814,0.0,0.3333333333333333,3.0,0.09666666666666668,0.0,0.4,3.2,0.13599999999999998,0.1,0.3,3.2,0.14500000000000002,-0.16666666666666666,-0.20000000000000018,0,7
4815,0.6666666666666666,0.6666666666666666,2.0,0.14666666666666664,0.4,0.4,3.0,0.18,0.2,0.5,3.1,0.187,0.2666666666666667,-1.1,0,1
4816,0.3333333333333333,0.6666666666666666,2.0,0.1466666666666667,0.4,0.6,2.6,0.134,0.3,0.4,2.9,0.188,0.2,-0.8999999999999999,0,2
4817,0.3333333333333333,0.6666666666666666,2.0,0.15,0.2,0.6,2.6,0.16999999999999998,0.1,0.4,3.5,0.16699999999999998,0.033333333333333354,-1.5,1,0
4818,0.0,0.3333333333333333,4.0,0.16666666666666666,0.2,0.4,3.2,0.158,0.2,0.3,3.4,0.15299999999999997,0.033333333333333354,0.6000000000000001,0,3
4819,0.0,0.0,5.333333333333333,0.1366666666666667,0.0,0.2,4.6,0.132,0.1,0.2,3.7,0.14100000000000001,-0.1,1.6333333333333329,0,6
4820,0.0,0.0,4.0,0.1366666666666667,0.0,0.2,4.0,0.164,0.2,0.4,3.6,0.15999999999999998,-0.23333333333333334,0.3999999999999999,0,7
4821,0.6666666666666666,0.6666666666666666,2.0,0.15,0.6,0.6,2.6,0.194,0.3,0.3,3.3,0.2,0.3333333333333333,-1.2999999999999998,1,0
4822,0.0,0.3333333333333333,4.333333333333333,0.19000000000000003,0.2,0.6,3.2,0.17200000000000001,0.1,0.4,3.6,0.174,0.033333333333333354,0.733333333333333,0,4
4823,0.0,0.0,3.6666666666666665,0.15,0.2,0.2,3.0,0.15399999999999997,0.2,0.3,3.2,0.12500000000000003,0.06666666666666668,0.46666666666666634,0,3
4824,0.3333333333333333,0.6666666666666666,3.0,0.16,0.2,0.4,3.0,0.156,0.1,0.2,3.4,0.147,0.16666666666666669,-0.3999999999999999,0,1
4825,0.0,0.0,5.333333333333333,0.15333333333333335,0.0,0.0,5.0,0.15000000000000002,0.0,0.1,4.0,0.133,-0.13333333333333333,1.333333333333333,0,14
4826,0.6666666666666666,0.6666666666666666,1.6666666666666667,0.16,0.6,0.6,2.0,0.156,0.4,0.4,2.8,0.156,0.3333333333333333,-1.133333333333333,0,1
4827,0.3333333333333333,0.3333333333333333,4.0,0.16333333333333333,0.2,0.2,4.2,0.15400000000000003,0.4,0.4,3.4,0.16099999999999998,-0.06666666666666665,0.6000000000000001,1,0
4828,0.0,0.3333333333333333,4.666666666666667,0.16666666666666666,0.2,0.6,3.4,0.178,0.2,0.4,3.4,0.13799999999999998,0.06666666666666668,1.266666666666667,0,4
4829,0.3333333333333333,0.3333333333333333,2.6666666666666665,0.13333333333333333,0.2,0.2,2.8,0.122,0.2,0.3,2.9,0.152,-0.033333333333333326,-0.2333333333333334,0,2
4830,0.0,0.0,4.333333333333333,0.15666666666666665,0.2,0.2,3.6,0.148,0.4,0.4,2.7,0.15499999999999997,-0.033333333333333326,1.6333333333333329,0,4
4831,0.0,0.0,5.333333333333333,0.14333333333333334,0.0,0.2,4.8,0.152,0.1,0.3,4.0,0.167,-0.2,1.333333333333333,0,6
4832,0.3333333333333333,0.6666666666666666,2.0,0.13333333333333333,0.2,0.6,2.4,0.128,0.2,0.6,2.7,0.13800000000000004,0.0,-0.7000000000000002,0,1
4833,1.0,1.0,1.0,0.15333333333333335,0.8,1.0,1.2,0.158,0.5,0.7,2.0,0.16099999999999998,0.6000000000000001,-1.0,3,0
4834,0.3333333333333333,0.3333333333333333,4.333333333333333,0.14666666666666667,0.2,0.2,4.0,0.132,0.3,0.3,3.5,0.15899999999999997,-0.09999999999999998,0.833333333333333,0,1
4835,0.0,0.6666666666666666,3.3333333333333335,0.13,0.0,0.4,3.2,0.16599999999999998,0.0,0.4,3.0,0.14800000000000002,-0.03333333333333333,0.3333333333333335,0,12
4836,0.3333333333333333,0.6666666666666666,2.0,0.14333333333333334,0.2,0.4,2.8,0.13,0.2,0.3,2.9,0.121,-0.06666666666666665,-0.8999999999999999,0,1
4837,0.0,0.0,5.0,0.19000000000000003,0.2,0.2,4.2,0.162,0.2,0.3,3.8,0.174,-0.033333333333333326,1.2000000000000002,0,3
4838,0.0,0.0,4.333333333333333,0.15,0.0,0.0,4.4,0.142,0.0,0.2,3.5,0.14500000000000005,-0.16666666666666666,0.833333333333333,0,13
4839,0.3333333333333333,0.6666666666666666,2.6666666666666665,0.12,0.4,0.6,2.4,0.132,0.3,0.5,3.2,0.14899999999999997,0.23333333333333336,-0.5333333333333337,0,1
4840,0.0,0.3333333333333333,3.6666666666666665,0.14666666666666664,0.0,0.2,4.0,0.124,0.0,0.1,4.5,0.142,-0.13333333333333333,-0.8333333333333335,0,10
4841,0.0,0.3333333333333333,3.6666666666666665,0.1366666666666667,0.0,0.4,3.4,0.152,0.2,0.6,2.7,0.14300000000000002,-0.26666666666666666,0.9666666666666663,0,5
4842,0.3333333333333333,0.6666666666666666,3.0,0.13333333333333333,0.4,0.8,2.4,0.132,0.3,0.5,3.0,0.142,0.13333333333333336,0.0,1,0
4843,0.0,0.0,3.3333333333333335,0.17333333333333334,0.2,0.2,3.4,0.18,0.2,0.2,3.4,0.178,0.033333333333333354,-0.06666666666666643,0,3
4844,0.0,0.3333333333333333,4.0,0.18000000000000002,0.0,0.4,3.6,0.16599999999999998,0.0,0.6,3.0,0.15199999999999997,-0.13333333333333333,1.0,0,14
4845,0.0,0.3333333333333333,3.3333333333333335,0.12000000000000001,0.4,0.6,2.4,0.10600000000000001,0.4,0.6,2.4,0.11000000000000001,0.2666666666666667,0.9333333333333336,0,3
4846,0.0,0.0,4.0,0.15333333333333332,0.0,0.0,4.6,0.14600000000000002,0.0,0.0,4.7,0.141,-0.16666666666666666,-0.7000000000000002,0,10
4847,0.3333333333333333,0.3333333333333333,3.3333333333333335,0.18666666666666668,0.2,0.4,3.2,0.16,0.2,0.3,3.2,0.152,0.06666666666666668,0.1333333333333333,0,1
4848,0.6666666666666666,1.0,1.3333333333333333,0.16333333333333333,0.4,0.8,2.0,0.162,0.2,0.5,2.9,0.158,0.23333333333333336,-1.5666666666666667,2,0
4849,0.6666666666666666,1.0,1.3333333333333333,0.14333333333333334,0.4,0.6,2.6,0.156,0.3,0.6,2.7,0.164,0.2,-1.366666666666667,1,0
4850,0.3333333333333333,0.3333333333333333,3.0,0.16333333333333333,0.6,0.6,2.2,0.16799999999999998,0.3,0.5,2.6,0.14600000000000002,0.36666666666666664,0.3999999999999999,1,0
4851,0.3333333333333333,0.3333333333333333,3.3333333333333335,0.13666666666666666,0.4,0.4,3.0,0.152,0.5,0.6,2.4,0.14200000000000002,0.2,0.9333333333333336,0,2
4852,0.3333333333333333,1.0,1.6666666666666667,0.12,0.2,0.6,2.8,0.136,0.4,0.6,2.6,0.127,-0.2,-0.9333333333333333,1,0
4853,0.3333333333333333,0.6666666666666666,2.6666666666666665,0.13333333333333333,0.4,0.8,2.2,0.148,0.2,0.4,3.4,0.181,0.2,-0.7333333333333334,0,1
4854,0.3333333333333333,0.3333333333333333,4.333333333333333,0.17333333333333334,0.2,0.2,4.6,0.174,0.2,0.3,3.9,0.181,0.0,0.4333333333333331,0,1
4855,0.0,0.3333333333333333,3.3333333333333335,0.13,0.0,0.6,2.8,0.138,0.0,0.3,3.5,0.146,-0.06666666666666667,-0.16666666666666652,0,19
4856,0.0,0.3333333333333333,4.0,0.12666666666666668,0.0,0.4,4.0,0.124,0.2,0.5,3.2,0.11899999999999997,-0.2,0.7999999999999998,0,5
4857,0.3333333333333333,0.3333333333333333,3.3333333333333335,0.12666666666666668,0.2,0.4,3.4,0.124,0.3,0.5,2.7,0.156,-0.1333333333333333,0.6333333333333333,0,2
4858,0.0,0.0,3.6666666666666665,0.15666666666666665,0.0,0.2,3.2,0.138,0.1,0.3,3.5,0.13599999999999998,-0.16666666666666666,0.16666666666666652,0,5
4859,0.3333333333333333,0.3333333333333333,2.3333333333333335,0.15333333333333335,0.2,0.2,3.4,0.17,0.3,0.5,2.8,0.155,0.0,-0.46666666666666634,0,1
4860,0.0,0.3333333333333333,3.6666666666666665,0.21,0.0,0.2,4.6,0.21200000000000002,0.2,0.3,3.5,0.182,-0.13333333333333333,0.16666666666666652,0,7
4861,0.0,0.3333333333333333,4.666666666666667,0.17333333333333334,0.0,0.6,3.6,0.148,0.2,0.6,2.9,0.14500000000000002,-0.2,1.766666666666667,0,8
4862,0.0,0.3333333333333333,3.3333333333333335,0.16666666666666666,0.0,0.2,3.8,0.13799999999999998,0.0,0.1,4.1,0.141,-0.13333333333333333,-0.7666666666666662,0,12
4863,0.0,0.0,3.6666666666666665,0.16333333333333333,0.0,0.0,4.0,0.16799999999999998,0.1,0.1,4.0,0.16199999999999998,-0.1,-0.3333333333333335,0,7
4864,0.3333333333333333,0.3333333333333333,4.333333333333333,0.1366666666666667,0.2,0.4,3.8,0.13999999999999999,0.1,0.2,4.5,0.163,0.0,-0.16666666666666696,0,1
4865,0.0,0.3333333333333333,2.6666666666666665,0.12,0.0,0.2,3.6,0.154,0.2,0.3,3.4,0.14600000000000002,-0.2,-0.7333333333333334,0,5
4866,0.3333333333333333,0.3333333333333333,2.6666666666666665,0.17333333333333334,0.2,0.2,3.6,0.146,0.1,0.1,4.2,0.15299999999999997,0.033333333333333354,-1.5333333333333337,1,0
4867,0.0,0.3333333333333333,4.333333333333333,0.17666666666666667,0.0,0.4,4.2,0.162,0.3,0.6,3.1,0.15,-0.2,1.233333333333333,0,6
4868,0.3333333333333333,0.3333333333333333,3.0,0.15666666666666665,0.4,0.4,3.0,0.178,0.2,0.3,3.9,0.15999999999999998,0.30000000000000004,-0.8999999999999999,1,0
4869,0.3333333333333333,0.3333333333333333,3.3333333333333335,0.1566666666666667,0.2,0.4,3.6,0.15000000000000002,0.2,0.5,3.5,0.17200000000000001,0.033333333333333354,-0.16666666666666652,0,1
4870,0.0,0.0,5.0,0.12666666666666668,0.0,0.2,4.6,0.13999999999999999,0.0,0.2,4.4,0.13699999999999998,-0.1,0.5999999999999996,0,15
4871,0.0,0.0,4.666666666666667,0.16333333333333333,0.0,0.0,4.8,0.164,0.1,0.1,4.4,0.14999999999999997,-0.1,0.2666666666666666,0,7
4872,0.6666666666666666,0.6666666666666666,2.3333333333333335,0.13999999999999999,0.4,0.4,3.0,0.16399999999999998,0.2,0.2,4.2,0.18,0.2,-1.8666666666666667,1,0
4873,0.0,0.3333333333333333,4.0,0.11666666666666665,0.2,0.4,3.2,0.098,0.1,0.2,4.3,0.16099999999999998,0.16666666666666669,-0.2999999999999998,0,4
4874,0.0,0.3333333333333333,4.0,0.14333333333333334,0.2,0.4,3.6,0.14200000000000002,0.1,0.4,3.7,0.13800000000000004,0.0,0.2999999999999998,0,4
4875,0.0,0.3333333333333333,2.6666666666666665,0.21,0.0,0.2,3.0,0.176,0.0,0.1,4.0,0.163,-0.06666666666666667,-1.3333333333333335,0,18
4876,0.0,0.6666666666666666,3.0,0.16,0.0,0.4,3.4,0.14400000000000002,0.0,0.2,4.5,0.162,-0.06666666666666667,-1.5,0,16
4877,0.0,0.0,5.333333333333333,0.12,0.0,0.2,4.4,0.124,0.0,0.3,3.8,0.142,-0.16666666666666666,1.5333333333333332,0,13
4878,0.0,0.6666666666666666,3.0,0.15333333333333332,0.2,0.6,2.8,0.15400000000000003,0.2,0.4,3.8,0.15800000000000003,0.06666666666666668,-0.7999999999999998,0,3
4879,0.0,0.3333333333333333,4.333333333333333,0.17,0.0,0.4,3.6,0.19599999999999998,0.1,0.4,3.3,0.18899999999999997,-0.2,1.0333333333333332,0,8
4880,0.3333333333333333,0.6666666666666666,3.0,0.16666666666666666,0.2,0.4,4.0,0.16999999999999998,0.1,0.2,4.8,0.193,0.1,-1.7999999999999998,0,2
4881,0.0,0.3333333333333333,4.0,0.18000000000000002,0.0,0.4,3.4,0.182,0.0,0.3,3.6,0.16299999999999998,-0.2,0.3999999999999999,0,11
4882,0.0,0.0,3.6666666666666665,0.1366666666666667,0.0,0.2,3.8,0.156,0.0,0.2,3.8,0.141,-0.1,-0.1333333333333333,0,15
4883,0.0,0.0,4.666666666666667,0.15333333333333332,0.2,0.2,3.6,0.118,0.2,0.2,3.7,0.13,0.1,0.9666666666666668,0,4
4884,0.0,0.3333333333333333,3.6666666666666665,0.12000000000000001,0.0,0.2,4.4,0.152,0.2,0.3,3.8,0.15099999999999997,-0.23333333333333334,-0.1333333333333333,0,6
4885,0.3333333333333333,0.3333333333333333,4.333333333333333,0.12,0.2,0.4,3.6,0.13,0.3,0.7,2.6,0.133,0.0,1.733333333333333,0,2
4886,0.3333333333333333,0.6666666666666666,2.0,0.16666666666666666,0.2,0.6,2.6,0.166,0.1,0.4,3.4,0.175,0.1,-1.4,0,1
4887,0.3333333333333333,0.3333333333333333,3.3333333333333335,0.14,0.4,0.6,2.6,0.10600000000000001,0.2,0.5,3.1,0.132,0.2666666666666667,0.2333333333333334,0,1
4888,0.0,0.3333333333333333,4.0,0.16666666666666666,0.0,0.2,4.8,0.15999999999999998,0.0,0.2,4.7,0.188,-0.16666666666666666,-0.7000000000000002,0,13
4889,0.0,0.3333333333333333,4.666666666666667,0.12666666666666668,0.2,0.4,3.8,0.10600000000000001,0.3,0.4,3.3,0.11000000000000001,-0.06666666666666665,1.3666666666666671,0,4
4890,0.3333333333333333,0.6666666666666666,3.0,0.16333333333333333,0.4,0.6,2.8,0.15,0.2,0.4,3.0,0.14899999999999997,0.16666666666666669,0.0,0,2
4891,0.0,0.3333333333333333,3.6666666666666665,0.19333333333333336,0.2,0.4,3.2,0.154,0.2,0.4,3.3,0.11699999999999999,-0.06666666666666665,0.3666666666666667,0,3
4892,0.0,0.0,3.6666666666666665,0.12666666666666668,0.0,0.0,4.6,0.13599999999999998,0.0,0.2,4.2,0.14400000000000002,-0.1,-0.5333333333333337,0,21
4893,0.3333333333333333,0.6666666666666666,2.6666666666666665,0.16,0.2,0.6,2.8,0.156,0.3,0.5,2.8,0.144,0.033333333333333354,-0.1333333333333333,0,2
4894,0.6666666666666666,0.6666666666666666,2.6666666666666665,0.11666666666666665,0.4,0.4,3.8,0.118,0.2,0.2,4.3,0.139,0.23333333333333336,-1.6333333333333333,2,0
4895,0.3333333333333333,0.3333333333333333,3.6666666666666665,0.18666666666666668,0.4,0.4,3.6,0.148,0.2,0.2,4.1,0.15999999999999998,0.23333333333333336,-0.4333333333333331,1,0
4896,0.0,0.6666666666666666,3.0,0.1366666666666667,0.4,0.8,2.2,0.166,0.3,0.5,3.4,0.16999999999999998,0.2,-0.3999999999999999,0,3
4897,0.0,0.0,3.6666666666666665,0.13333333333333333,0.0,0.0,4.0,0.20800000000000002,0.0,0.0,3.8,0.221,-0.13333333333333333,-0.1333333333333333,0,12
4898,0.3333333333333333,0.6666666666666666,2.0,0.15,0.2,0.4,3.4,0.156,0.1,0.3,3.7,0.16,0.0,-1.7000000000000002,0,2
4899,0.3333333333333333,0.3333333333333333,3.3333333333333335,0.15666666666666668,0.2,0.4,3.0,0.156,0.1,0.3,3.5,0.16899999999999998,0.033333333333333354,-0.16666666666666652,0,1
4900,0.3333333333333333,0.3333333333333333,3.0,0.10666666666666667,0.2,0.2,4.0,0.162,0.1,0.1,3.9,0.202,-0.033333333333333326,-0.8999999999999999,1,0
4901,0.3333333333333333,0.3333333333333333,3.3333333333333335,0.1366666666666667,0.4,0.4,3.2,0.138,0.3,0.3,3.5,0.143,0.23333333333333336,-0.16666666666666652,0,2
4902,0.0,0.0,4.666666666666667,0.15333333333333335,0.0,0.0,4.6,0.162,0.2,0.4,3.2,0.155,-0.13333333333333333,1.4666666666666668,0,5
4903,0.3333333333333333,0.3333333333333333,2.6666666666666665,0.16666666666666666,0.2,0.2,3.8,0.168,0.1,0.2,4.2,0.172,0.033333333333333354,-1.5333333333333337,1,0
4904,0.0,0.0,4.666666666666667,0.18000000000000002,0.0,0.0,4.4,0.166,0.1,0.2,4.0,0.15299999999999997,-0.23333333333333334,0.666666666666667,0,9
4905,0.0,0.3333333333333333,4.0,0.12,0.0,0.2,4.6,0.146,0.1,0.2,4.2,0.217,-0.16666666666666666,-0.20000000000000018,0,5
4906,0.3333333333333333,0.6666666666666666,2.3333333333333335,0.15666666666666665,0.2,0.4,2.6,0.16799999999999998,0.1,0.2,3.5,0.154,0.0,-1.1666666666666665,1,0
4907,0.0,0.3333333333333333,4.333333333333333,0.15666666666666665,0.0,0.2,4.2,0.16399999999999998,0.1,0.4,3.8,0.135,-0.16666666666666666,0.5333333333333332,0,6
4908,0.0,0.3333333333333333,4.333333333333333,0.15,0.0,0.4,4.2,0.15,0.1,0.5,3.5,0.156,-0.23333333333333334,0.833333333333333,0,8
4909,0.0,0.0,5.0,0.15666666666666665,0.0,0.0,5.2,0.152,0.2,0.2,4.2,0.152,-0.23333333333333334,0.7999999999999998,0,7
4910,0.0,0.3333333333333333,3.6666666666666665,0.11666666666666665,0.2,0.6,2.8,0.13,0.2,0.6,2.7,0.15099999999999997,0.06666666666666668,0.9666666666666663,0,4
4911,0.6666666666666666,1.0,1.3333333333333333,0.14,0.6,0.8,1.8,0.15,0.3,0.4,2.9,0.15000000000000002,0.43333333333333335,-1.5666666666666667,2,0
4912,0.3333333333333333,0.3333333333333333,3.6666666666666665,0.17,0.2,0.6,3.0,0.16599999999999998,0.4,0.6,2.4,0.157,-0.06666666666666665,1.2666666666666666,0,1
4913,0.0,0.0,4.666666666666667,0.15333333333333335,0.0,0.0,5.0,0.15200000000000002,0.0,0.2,3.9,0.15500000000000003,-0.03333333333333333,0.766666666666667,0,29
4914,0.0,0.3333333333333333,3.3333333333333335,0.23,0.0,0.4,3.0,0.20800000000000002,0.1,0.5,2.9,0.16499999999999998,-0.16666666666666666,0.43333333333333357,0,6
4915,0.3333333333333333,0.6666666666666666,2.0,0.1466666666666667,0.2,0.6,2.2,0.136,0.3,0.5,3.1,0.12799999999999997,-0.06666666666666665,-1.1,0,2
4916,0.3333333333333333,0.3333333333333333,3.0,0.18000000000000002,0.2,0.2,4.0,0.19200000000000003,0.1,0.3,3.9,0.16399999999999998,0.06666666666666668,-0.8999999999999999,0,1
4917,0.0,0.0,4.333333333333333,0.16333333333333333,0.2,0.4,3.2,0.14200000000000002,0.1,0.2,3.9,0.15100000000000002,0.0,0.4333333333333331,0,3
4918,0.0,0.3333333333333333,3.0,0.1366666666666667,0.2,0.4,3.0,0.14400000000000002,0.2,0.4,3.4,0.15599999999999997,0.0,-0.3999999999999999,0,3
4919,0.3333333333333333,0.3333333333333333,2.3333333333333335,0.16333333333333333,0.2,0.2,3.2,0.142,0.2,0.3,3.3,0.14300000000000002,0.033333333333333354,-0.9666666666666663,0,2
4920,0.6666666666666666,0.6666666666666666,1.6666666666666667,0.15666666666666665,0.4,0.4,3.0,0.15000000000000002,0.3,0.3,3.4,0.148,0.2666666666666667,-1.7333333333333332,0,1
4921,0.6666666666666666,0.6666666666666666,1.6666666666666667,0.1366666666666667,0.4,0.4,2.6,0.15,0.3,0.4,3.2,0.15900000000000003,0.13333333333333336,-1.5333333333333334,1,0
4922,0.0,0.3333333333333333,3.0,0.16333333333333336,0.4,0.6,2.2,0.164,0.4,0.5,2.7,0.163,0.16666666666666669,0.2999999999999998,0,3
4923,0.3333333333333333,0.3333333333333333,3.0,0.17333333333333334,0.4,0.6,2.4,0.154,0.3,0.5,2.8,0.161,0.23333333333333336,0.20000000000000018,0,2
4924,0.6666666666666666,0.6666666666666666,2.0,0.19666666666666666,0.4,0.6,2.8,0.166,0.3,0.4,3.5,0.183,0.16666666666666669,-1.5,2,0
4925,0.0,0.0,4.666666666666667,0.16,0.0,0.0,4.4,0.142,0.0,0.0,4.1,0.151,-0.1,0.5666666666666673,0,13
4926,0.3333333333333333,0.6666666666666666,2.6666666666666665,0.20000000000000004,0.2,0.6,2.8,0.2,0.2,0.5,2.7,0.16699999999999998,-0.033333333333333326,-0.03333333333333366,0,1
4927,0.0,0.0,4.333333333333333,0.1466666666666667,0.0,0.0,4.4,0.14200000000000002,0.0,0.2,3.8,0.14299999999999996,-0.1,0.5333333333333332,0,10
4928,0.0,0.0,3.3333333333333335,0.18000000000000002,0.0,0.0,3.8,0.20400000000000001,0.1,0.3,3.1,0.16799999999999998,-0.16666666666666666,0.2333333333333334,0,5
4929,0.6666666666666666,0.6666666666666666,1.6666666666666667,0.18666666666666665,0.4,0.4,3.0,0.17200000000000001,0.2,0.3,3.6,0.178,0.30000000000000004,-1.9333333333333333,1,0
4930,0.0,0.3333333333333333,3.0,0.16,0.0,0.4,3.0,0.13,0.2,0.4,3.4,0.16699999999999998,-0.16666666666666666,-0.3999999999999999,0,5
4931,0.0,0.6666666666666666,3.3333333333333335,0.1366666666666667,0.2,0.6,3.2,0.134,0.2,0.5,3.0,0.125,0.0,0.3333333333333335,0,4
4932,0.6666666666666666,0.6666666666666666,2.6666666666666665,0.09999999999999999,0.4,0.6,2.6,0.13399999999999998,0.3,0.4,3.0,0.14100000000000004,0.10000000000000003,-0.3333333333333335,2,0
4933,0.3333333333333333,0.3333333333333333,3.0,0.14666666666666667,0.2,0.2,3.4,0.16,0.2,0.4,2.8,0.16399999999999998,-0.09999999999999998,0.20000000000000018,0,2
4934,0.0,0.3333333333333333,4.333333333333333,0.16333333333333333,0.0,0.4,4.0,0.21200000000000002,0.2,0.5,3.2,0.201,-0.13333333333333333,1.1333333333333329,0,5
4935,0.0,0.0,5.666666666666667,0.12333333333333334,0.0,0.0,5.0,0.13999999999999999,0.3,0.3,3.9,0.13499999999999998,-0.16666666666666666,1.766666666666667,0,7
4936,0.0,0.0,5.333333333333333,0.16666666666666666,0.0,0.0,4.8,0.16199999999999998,0.2,0.3,3.8,0.178,-0.23333333333333334,1.5333333333333332,0,5
4937,0.0,0.3333333333333333,3.3333333333333335,0.18333333333333335,0.2,0.6,2.6,0.178,0.3,0.6,2.5,0.153,0.033333333333333354,0.8333333333333335,0,4
4938,0.3333333333333333,0.6666666666666666,2.3333333333333335,0.15666666666666668,0.2,0.4,3.2,0.12400000000000003,0.3,0.5,2.7,0.151,-0.09999999999999998,-0.3666666666666667,0,1
4939,0.0,0.0,4.666666666666667,0.15333333333333332,0.2,0.2,4.0,0.132,0.2,0.3,4.0,0.168,-0.033333333333333326,0.666666666666667,0,3
4940,0.0,0.3333333333333333,3.3333333333333335,0.16,0.2,0.4,3.0,0.16799999999999998,0.1,0.2,3.7,0.145,0.13333333333333336,-0.3666666666666667,0,3
4941,0.3333333333333333,0.6666666666666666,3.0,0.13333333333333333,0.2,0.4,3.2,0.134,0.1,0.4,3.5,0.18,0.1,-0.5,1,0
4942,0.0,0.0,4.666666666666667,0.15,0.0,0.0,4.8,0.15399999999999997,0.0,0.2,4.4,0.147,-0.1,0.2666666666666666,0,22
4943,0.0,0.0,5.0,0.19000000000000003,0.0,0.2,4.2,0.154,0.2,0.3,3.9,0.17099999999999999,-0.16666666666666666,1.1,0,7
4944,0.0,0.0,3.6666666666666665,0.16333333333333333,0.2,0.4,2.8,0.196,0.1,0.4,3.2,0.19899999999999998,0.06666666666666668,0.46666666666666634,0,3
4945,0.0,0.3333333333333333,4.666666666666667,0.11666666666666665,0.0,0.4,4.0,0.122,0.0,0.4,3.6,0.15800000000000003,-0.06666666666666667,1.0666666666666669,0,12
4946,0.0,0.0,4.0,0.1466666666666667,0.0,0.4,3.2,0.156,0.1,0.4,3.3,0.15599999999999997,-0.2,0.7000000000000002,0,6
4947,0.3333333333333333,0.3333333333333333,4.333333333333333,0.11,0.2,0.2,4.8,0.11600000000000002,0.2,0.2,4.7,0.13399999999999998,0.0,-0.36666666666666714,0,1
4948,0.3333333333333333,0.3333333333333333,3.6666666666666665,0.18666666666666665,0.4,0.4,3.6,0.178,0.2,0.2,3.8,0.16899999999999998,0.23333333333333336,-0.1333333333333333,1,0
4949,0.0,0.3333333333333333,3.6666666666666665,0.14,0.2,0.4,3.2,0.15000000000000002,0.5,0.6,2.4,0.159,0.0,1.2666666666666666,0,3
4950,0.0,0.0,5.666666666666667,0.15333333333333332,0.2,0.2,4.4,0.15000000000000002,0.4,0.4,3.1,0.16999999999999998,-0.2,2.566666666666667,0,4
4951,0.0,0.3333333333333333,3.6666666666666665,0.14333333333333334,0.2,0.4,3.0,0.126,0.1,0.4,3.1,0.13599999999999998,0.1,0.5666666666666664,0,4
4952,0.0,0.3333333333333333,4.333333333333333,0.15,0.0,0.2,4.4,0.16199999999999998,0.0,0.2,3.9,0.155,-0.06666666666666667,0.4333333333333331,0,16
4953,0.0,0.3333333333333333,3.3333333333333335,0.15333333333333335,0.0,0.6,2.8,0.156,0.1,0.5,2.8,0.16899999999999998,-0.16666666666666666,0.5333333333333337,0,5
4954,0.0,0.3333333333333333,3.6666666666666665,0.13333333333333333,0.0,0.2,4.0,0.16,0.0,0.3,3.9,0.16599999999999998,-0.13333333333333333,-0.2333333333333334,0,12
4955,0.3333333333333333,0.6666666666666666,3.0,0.16,0.2,0.6,3.2,0.14600000000000002,0.1,0.3,4.2,0.144,0.13333333333333336,-1.2000000000000002,0,1
4956,0.0,0.0,4.333333333333333,0.16,0.0,0.2,4.2,0.148,0.0,0.1,5.1,0.175,-0.06666666666666667,-0.7666666666666666,0,19
4957,0.3333333333333333,0.3333333333333333,3.6666666666666665,0.15666666666666668,0.4,0.4,3.2,0.146,0.2,0.2,3.2,0.159,0.2666666666666667,0.46666666666666634,0,2
4958,0.6666666666666666,1.0,1.3333333333333333,0.10666666666666667,0.6,1.0,1.4,0.13199999999999998,0.4,0.6,3.0,0.13,0.26666666666666666,-1.6666666666666667,2,0
4959,0.3333333333333333,0.3333333333333333,3.3333333333333335,0.15666666666666665,0.2,0.2,3.6,0.14400000000000002,0.1,0.2,3.4,0.16899999999999998,0.1,-0.06666666666666643,0,2
4960,0.0,0.6666666666666666,3.0,0.13999999999999999,0.0,0.6,3.4,0.158,0.3,0.7,2.5,0.153,-0.3333333333333333,0.5,0,5
4961,0.3333333333333333,0.3333333333333333,4.0,0.1466666666666667,0.2,0.2,4.4,0.134,0.1,0.3,4.1,0.158,0.06666666666666668,-0.09999999999999964,0,1
4962,0.3333333333333333,0.6666666666666666,2.3333333333333335,0.16,0.2,0.4,3.2,0.15600000000000003,0.3,0.4,3.2,0.15599999999999997,-0.06666666666666665,-0.8666666666666667,1,0
4963,0.0,0.0,5.333333333333333,0.16666666666666666,0.2,0.2,4.4,0.15400000000000003,0.2,0.3,4.0,0.175,-0.06666666666666665,1.333333333333333,0,3
4964,0.0,0.3333333333333333,4.0,0.12333333333333334,0.0,0.2,4.0,0.136,0.0,0.1,4.7,0.125,-0.13333333333333333,-0.7000000000000002,0,15
4965,0.0,0.0,4.333333333333333,0.13,0.2,0.2,3.8,0.132,0.2,0.3,3.6,0.13400000000000004,0.0,0.733333333333333,0,3
4966,0.3333333333333333,1.0,1.6666666666666667,0.15333333333333335,0.2,0.8,2.6,0.14800000000000002,0.2,0.5,3.5,0.16299999999999998,0.06666666666666668,-1.8333333333333333,1,0
4967,0.0,0.0,4.666666666666667,0.16333333333333333,0.0,0.0,4.8,0.154,0.2,0.5,3.2,0.154,-0.3,1.4666666666666668,0,8
4968,0.3333333333333333,0.3333333333333333,3.0,0.10333333333333333,0.4,0.6,2.4,0.128,0.3,0.6,2.3,0.14300000000000002,0.2,0.7000000000000002,0,1
4969,0.0,0.0,4.333333333333333,0.15666666666666665,0.0,0.2,3.6,0.182,0.1,0.2,3.7,0.17600000000000002,-0.13333333333333333,0.6333333333333329,0,8
4970,0.0,0.0,4.0,0.17,0.0,0.0,4.0,0.172,0.0,0.0,4.3,0.163,-0.03333333333333333,-0.2999999999999998,0,15
4971,0.3333333333333333,0.3333333333333333,3.6666666666666665,0.16666666666666666,0.4,0.4,3.0,0.14200000000000002,0.3,0.4,3.4,0.14700000000000002,0.23333333333333336,0.2666666666666666,1,0
4972,0.0,0.3333333333333333,2.6666666666666665,0.17333333333333334,0.2,0.6,2.2,0.16999999999999998,0.3,0.5,2.7,0.178,0.0,-0.03333333333333366,0,3
4973,0.6666666666666666,0.6666666666666666,2.0,0.1366666666666667,0.6,0.6,2.2,0.16,0.3,0.4,3.2,0.166,0.43333333333333335,-1.2000000000000002,1,0
4974,0.3333333333333333,0.6666666666666666,2.3333333333333335,0.17,0.2,0.4,3.2,0.168,0.2,0.4,3.4,0.164,0.1,-1.0666666666666664,1,0
4975,0.3333333333333333,0.6666666666666666,2.3333333333333335,0.14333333333333334,0.4,0.6,2.2,0.13199999999999998,0.3,0.4,2.9,0.133,0.16666666666666669,-0.5666666666666664,1,0
4976,0.3333333333333333,0.3333333333333333,3.6666666666666665,0.16,0.2,0.6,3.0,0.144,0.2,0.5,3.0,0.12899999999999998,0.06666666666666668,0.6666666666666665,0,2
4977,0.3333333333333333,0.3333333333333333,3.0,0.16666666666666666,0.2,0.2,3.8,0.166,0.2,0.2,3.9,0.15599999999999997,0.0,-0.8999999999999999,0,2
4978,0.0,0.3333333333333333,4.333333333333333,0.14,0.0,0.2,4.4,0.134,0.1,0.2,3.5,0.16599999999999998,-0.1,0.833333333333333,0,6
4979,0.3333333333333333,0.3333333333333333,4.333333333333333,0.15,0.2,0.6,3.4,0.134,0.1,0.3,3.8,0.146,-0.033333333333333326,0.5333333333333332,0,2
4980,0.3333333333333333,0.6666666666666666,3.0,0.14,0.2,0.4,3.6,0.12999999999999998,0.3,0.5,2.8,0.17099999999999999,0.033333333333333354,0.20000000000000018,0,2
4981,0.0,0.0,4.666666666666667,0.16,0.2,0.2,3.8,0.176,0.1,0.2,4.0,0.15699999999999997,0.1,0.666666666666667,0,4
4982,0.0,0.0,3.3333333333333335,0.15333333333333335,0.0,0.0,3.6,0.156,0.0,0.2,4.0,0.15099999999999997,-0.1,-0.6666666666666665,0,12
4983,0.0,0.0,5.0,0.16666666666666666,0.0,0.0,5.4,0.168,0.1,0.2,4.2,0.162,-0.16666666666666666,0.7999999999999998,0,9
4984,0.0,0.0,4.333333333333333,0.16,0.0,0.0,4.4,0.164,0.1,0.1,4.2,0.193,-0.23333333333333334,0.13333333333333286,0,6
4985,0.0,0.3333333333333333,2.6666666666666665,0.13,0.2,0.4,3.0,0.136,0.2,0.4,3.0,0.127,0.0,-0.3333333333333335,0,3
4986,0.0,0.0,5.666666666666667,0.14333333333333334,0.0,0.2,4.6,0.15,0.1,0.4,3.6,0.154,-0.13333333333333333,2.066666666666667,0,9
4987,0.6666666666666666,0.6666666666666666,2.3333333333333335,0.20333333333333334,0.4,0.4,2.8,0.18,0.3,0.4,3.0,0.175,0.2666666666666667,-0.6666666666666665,0,1
4988,0.0,0.0,4.666666666666667,0.14333333333333334,0.2,0.4,3.4,0.16,0.1,0.5,3.4,0.153,0.1,1.266666666666667,0,3
4989,0.0,0.0,4.333333333333333,0.14333333333333334,0.2,0.2,3.6,0.144,0.2,0.4,3.1,0.14700000000000002,0.1,1.233333333333333,0,4
4990,0.0,0.3333333333333333,3.0,0.1466666666666667,0.0,0.4,3.0,0.14200000000000002,0.1,0.3,3.1,0.183,-0.13333333333333333,-0.10000000000000009,0,7
4991,0.0,0.0,5.0,0.13333333333333333,0.0,0.2,4.4,0.15999999999999998,0.1,0.2,3.8,0.169,-0.2,1.2000000000000002,0,6
4992,0.3333333333333333,0.3333333333333333,3.6666666666666665,0.15,0.2,0.2,3.8,0.13799999999999998,0.3,0.5,2.9,0.15499999999999997,0.0,0.7666666666666666,0,1
4993,0.0,0.0,6.0,0.16,0.0,0.2,5.2,0.17800000000000002,0.0,0.1,4.5,0.14899999999999997,-0.1,1.5,0,24
4994,0.3333333333333333,0.6666666666666666,2.0,0.16333333333333333,0.2,0.6,2.8,0.14600000000000002,0.1,0.4,3.4,0.15399999999999997,-0.06666666666666665,-1.4,0,1
4995,0.0,0.3333333333333333,3.3333333333333335,0.14666666666666667,0.0,0.4,3.4,0.144,0.2,0.4,2.9,0.13499999999999998,-0.1,0.43333333333333357,0,5
4996,0.0,0.6666666666666666,2.3333333333333335,0.15,0.2,0.6,2.6,0.15999999999999998,0.1,0.4,3.1,0.16499999999999998,0.0,-0.7666666666666666,0,3
4997,0.0,0.3333333333333333,4.0,0.13,0.0,0.2,4.2,0.152,0.1,0.2,4.2,0.142,-0.06666666666666667,-0.20000000000000018,0,8
4998,0.3333333333333333,0.3333333333333333,3.3333333333333335,0.11,0.2,0.4,3.2,0.12200000000000003,0.3,0.4,3.0,0.125,0.0,0.3333333333333335,1,0
4999,0.0,0.0,3.6666666666666665,0.12333333333333334,0.0,0.0,4.0,0.11200000000000002,0.2,0.2,3.4,0.121,-0.13333333333333333,0.2666666666666666,0,6
5000,0.0,0.3333333333333333,3.3333333333333335,0.13333333333333333,0.0,0.2,3.8,0.144,0.1,0.3,3.5,0.10600000000000001,-0.17647058823529413,-0.16666666666666652,0,5
5002,0.0,0.0,5.0,0.26666666666666666,0.2,0.2,4.4,0.2,0.3,0.4,3.4,0.185,-0.15294117647058825,1.6,0,3
5003,0.6666666666666666,1.0,1.3333333333333333,0.15333333333333335,0.6,0.8,2.0,0.176,0.4,0.7,2.5,0.137,0.24285714285714283,-1.1666666666666667,0,1
5004,0.3333333333333333,0.6666666666666666,3.0,0.12666666666666668,0.2,0.4,3.2,0.136,0.3,0.6,2.6,0.12999999999999998,-0.06666666666666665,0.3999999999999999,0,2
5005,0.3333333333333333,0.6666666666666666,2.0,0.16,0.6,0.8,1.6,0.136,0.7,0.9,1.4,0.174,-0.04705882352941182,0.6000000000000001,0,2
5006,0.0,0.0,5.0,0.21000000000000005,0.0,0.0,4.8,0.18000000000000002,0.0,0.0,4.8,0.176,-0.06666666666666667,0.20000000000000018,0,14
5007,0.0,0.3333333333333333,4.0,0.18333333333333335,0.2,0.4,3.2,0.194,0.2,0.3,3.3,0.188,0.11666666666666668,0.7000000000000002,0,4
5008,0.0,0.0,5.0,0.15666666666666665,0.0,0.4,3.8,0.146,0.0,0.3,4.1,0.177,0.0,0.9000000000000004,0,21
5009,0.0,0.3333333333333333,3.6666666666666665,0.18999999999999997,0.0,0.2,4.0,0.198,0.1,0.3,3.7,0.24,-0.08333333333333333,-0.03333333333333366,0,6
5010,0.0,0.6666666666666666,3.0,0.17333333333333334,0.2,0.6,3.2,0.148,0.1,0.3,3.5,0.158,0.1523809523809524,-0.5,0,4
5011,0.0,0.0,4.666666666666667,0.17333333333333334,0.0,0.2,4.0,0.14200000000000002,0.1,0.2,4.0,0.142,-0.09090909090909091,0.666666666666667,0,8
5012,0.0,0.3333333333333333,2.6666666666666665,0.13333333333333333,0.0,0.2,3.6,0.138,0.1,0.4,3.2,0.138,-0.0625,-0.5333333333333337,0,8
5013,0.0,0.3333333333333333,3.3333333333333335,0.12666666666666668,0.2,0.4,2.8,0.11400000000000002,0.3,0.4,3.0,0.15899999999999997,-0.0222222222222222,0.3333333333333335,0,3
5014,0.0,0.6666666666666666,2.6666666666666665,0.10333333333333333,0.2,0.6,2.4,0.10600000000000001,0.2,0.5,3.1,0.124,0.0,-0.43333333333333357,0,3
5015,0.3333333333333333,0.3333333333333333,3.3333333333333335,0.13,0.2,0.4,3.2,0.14,0.4,0.6,2.6,0.148,-0.1333333333333333,0.7333333333333334,0,1
5016,0.3333333333333333,0.6666666666666666,2.6666666666666665,0.18999999999999997,0.2,0.4,3.2,0.18,0.3,0.4,3.2,0.17099999999999999,-0.04999999999999999,-0.5333333333333337,0,1
5017,0.0,0.0,4.333333333333333,0.12,0.0,0.0,4.6,0.122,0.1,0.2,4.0,0.125,-0.14285714285714285,0.33333333333333304,0,6
5018,0.0,0.0,3.3333333333333335,0.09999999999999999,0.0,0.0,3.6,0.1,0.3,0.3,3.0,0.12100000000000002,-0.2631578947368421,0.3333333333333335,0,6
5019,0.0,0.3333333333333333,3.3333333333333335,0.12333333333333334,0.0,0.2,4.0,0.16999999999999998,0.1,0.2,3.8,0.12800000000000003,-0.15384615384615385,-0.46666666666666634,0,6
5020,0.0,0.0,3.6666666666666665,0.15333333333333335,0.0,0.0,4.0,0.158,0.0,0.14285714285714285,3.7142857142857144,0.1842857142857143,0.0,-0.047619047619047894,0,7
5022,0.0,1.0,2.0,0.15000000000000002,0.0,0.8,2.4,0.164,0.1,0.7,2.7,0.18999999999999997,-0.1875,-0.7000000000000002,0,8
5023,0.0,0.0,5.0,0.23333333333333336,0.0,0.0,4.4,0.22000000000000003,0.1,0.2,3.6,0.22400000000000003,-0.15384615384615385,1.4,0,9
5026,0.0,0.3333333333333333,4.0,0.1433333333333333,0.0,0.5,3.5,0.15,0.0,0.5,3.5,0.15,0.0,0.5,0,4
5027,0.0,0.0,4.0,0.16666666666666666,0.0,0.0,4.2,0.17200000000000001,0.0,0.0,4.4,0.173,0.0,-0.40000000000000036,0,13
5028,0.3333333333333333,0.6666666666666666,2.0,0.14666666666666664,0.2,0.6,2.2,0.16399999999999998,0.2,0.5,2.6,0.17600000000000002,0.0,-0.6000000000000001,0,2
5029,0.3333333333333333,0.3333333333333333,3.0,0.13,0.2,0.4,2.8,0.11599999999999999,0.3333333333333333,0.4444444444444444,2.6666666666666665,0.11555555555555556,-0.1333333333333333,0.3333333333333335,0,1
5031,0.0,0.3333333333333333,3.6666666666666665,0.14,0.0,0.6,3.0,0.15,0.2,0.5,3.3,0.174,-0.2,0.3666666666666667,0,5
5032,0.0,0.0,3.3333333333333335,0.19666666666666668,0.0,0.0,3.4,0.19,0.0,0.1,4.0,0.19,0.0,-0.6666666666666665,0,12
5033,0.0,0.3333333333333333,4.333333333333333,0.3133333333333333,0.2,0.4,3.4,0.24,0.2,0.3,3.7,0.192,0.0,0.6333333333333329,0,4
5034,0.6666666666666666,0.6666666666666666,1.6666666666666667,0.15333333333333335,0.6,0.8,1.6,0.126,0.5,0.7,1.9,0.11499999999999999,0.17142857142857143,-0.23333333333333317,2,0
5035,0.3333333333333333,0.6666666666666666,2.0,0.14,0.4,0.6,2.0,0.16,0.4,0.8,1.8,0.151,0.13333333333333336,0.19999999999999996,0,1
5036,0.0,0.3333333333333333,4.0,0.15,0.0,0.6,3.2,0.14400000000000002,0.2,0.5,3.2,0.17,-0.26666666666666666,0.7999999999999998,0,7
5037,0.0,0.6666666666666666,2.3333333333333335,0.12333333333333334,0.2,0.6,2.8,0.15600000000000003,0.3,0.5,2.8,0.13299999999999998,-0.09411764705882353,-0.46666666666666634,0,4
5038,0.0,0.3333333333333333,3.6666666666666665,0.17333333333333334,0.0,0.4,3.2,0.16,0.2,0.5,3.0,0.16299999999999998,-0.2,0.6666666666666665,0,5
5042,0.0,0.3333333333333333,3.0,0.10333333333333333,0.2,0.4,3.0,0.1,0.1,0.2,3.7,0.11800000000000002,-0.010526315789473661,-0.7000000000000002,0,4
5043,0.0,0.0,4.333333333333333,0.12333333333333334,0.0,0.4,3.4,0.154,0.0,0.2,3.9,0.14500000000000002,-0.0625,0.4333333333333331,0,11
5044,0.3333333333333333,0.3333333333333333,3.0,0.07666666666666667,0.2,0.2,4.0,0.10400000000000001,0.3,0.4,3.4,0.11100000000000002,-0.16363636363636364,-0.3999999999999999,1,0
5045,0.3333333333333333,0.3333333333333333,3.0,0.14333333333333334,0.2,0.2,3.6,0.186,0.2,0.2,3.5,0.16,0.009523809523809545,-0.5,1,0
5046,0.0,0.0,4.333333333333333,0.16,0.0,0.0,4.4,0.194,0.0,0.0,4.2,0.181,-0.05555555555555555,0.13333333333333286,0,17
5047,0.3333333333333333,0.6666666666666666,2.6666666666666665,0.08,0.2,0.6,2.6,0.11400000000000002,0.3,0.6,2.6,0.11800000000000002,-0.03076923076923077,0.06666666666666643,0,2
5048,0.0,0.0,5.0,0.3233333333333333,0.0,0.0,5.2,0.284,0.0,0.2,4.3,0.227,0.0,0.7000000000000002,0,11
5049,0.3333333333333333,0.3333333333333333,3.3333333333333335,0.24333333333333332,0.4,0.6,2.6,0.23600000000000004,0.4,0.7,2.2,0.195,0.06666666666666671,1.1333333333333333,1,0
5050,0.0,0.0,5.0,0.235,0.0,0.0,5.0,0.235,0.0,0.0,5.0,0.235,0.0,0.0,0,2
5051,0.3333333333333333,0.3333333333333333,3.6666666666666665,0.15666666666666665,0.4,0.6,2.8,0.156,0.3,0.5,3.0,0.13199999999999998,0.15000000000000002,0.6666666666666665,0,2
5052,0.3333333333333333,0.3333333333333333,3.0,0.27,0.2,0.2,3.2,0.22400000000000003,0.14285714285714285,0.2857142857142857,3.0,0.1871428571428571,0.05714285714285716,0.0,0,2
5053,0.0,0.3333333333333333,4.0,0.1366666666666667,0.0,0.2,4.6,0.182,0.0,0.1,4.7,0.198,0.0,-0.7000000000000002,0,12
5054,0.3333333333333333,0.3333333333333333,2.6666666666666665,0.14333333333333334,0.2,0.4,2.8,0.11200000000000002,0.2,0.5,2.6,0.129,0.04210526315789476,0.06666666666666643,1,0
5055,0.3333333333333333,0.6666666666666666,2.3333333333333335,0.19000000000000003,0.6,0.8,1.8,0.196,0.4,0.6,2.2,0.197,0.24285714285714283,0.1333333333333333,0,1
5057,0.0,0.0,5.666666666666667,0.27,0.0,0.2,4.8,0.248,0.1,0.2,4.1,0.189,-0.07142857142857142,1.5666666666666673,0,5
5058,0.3333333333333333,1.0,1.6666666666666667,0.13999999999999999,0.25,0.75,2.5,0.1225,0.25,0.75,2.5,0.1225,0.0,-0.8333333333333333,1,0
5060,0.0,0.0,4.666666666666667,0.17333333333333334,0.2,0.2,3.8,0.16999999999999998,0.2,0.2,3.7,0.193,0.0823529411764706,0.9666666666666668,0,3
5061,0.0,0.0,5.333333333333333,0.1466666666666667,0.0,0.2,4.4,0.17400000000000002,0.0,0.1,4.8,0.18000000000000002,0.0,0.5333333333333332,0,14
5063,0.3333333333333333,0.3333333333333333,3.6666666666666665,0.21666666666666667,0.2,0.4,3.8,0.256,0.2,0.4,3.8,0.256,0.0,-0.1333333333333333,1,0
5064,0.0,0.6666666666666666,3.3333333333333335,0.17333333333333334,0.0,0.4,3.6,0.162,0.1,0.3,3.6,0.14499999999999996,-0.15789473684210525,-0.2666666666666666,0,8
5065,0.3333333333333333,0.3333333333333333,2.6666666666666665,0.08666666666666667,0.4,0.4,2.8,0.14400000000000002,0.2,0.5,2.6,0.123,0.2571428571428572,0.06666666666666643,1,0
5066,0.0,0.0,4.0,0.2366666666666667,0.0,0.0,4.0,0.20400000000000001,0.0,0.1,4.0,0.185,-0.13333333333333333,0.0,0,13
5067,0.0,0.0,5.0,0.16333333333333333,0.0,0.2,4.6,0.142,0.2,0.3,3.9,0.15299999999999997,-0.2727272727272727,1.1,0,8
5068,0.0,0.3333333333333333,3.0,0.19333333333333333,0.0,0.2,3.4,0.186,0.1,0.2,3.7,0.181,-0.2777777777777778,-0.7000000000000002,0,6
5069,0.0,0.0,6.0,0.16,0.2,0.2,5.0,0.124,0.1,0.3,4.1,0.13299999999999998,0.1090909090909091,1.9000000000000004,0,4
5070,0.0,0.0,5.333333333333333,0.19666666666666666,0.0,0.0,5.4,0.194,0.0,0.125,4.625,0.20625,0.0,0.708333333333333,0,8
5071,0.3333333333333333,0.3333333333333333,3.0,0.06,0.2,0.6,2.6,0.09800000000000002,0.2,0.5,3.2,0.10900000000000001,-0.03529411764705881,-0.20000000000000018,0,1
5072,0.0,0.0,5.0,0.22999999999999998,0.0,0.0,5.0,0.2025,0.0,0.0,5.0,0.2025,0.0,0.0,0,4
5073,0.3333333333333333,0.6666666666666666,2.0,0.20666666666666667,0.4,0.6,2.4,0.24,0.2,0.4,3.5,0.21200000000000002,0.21250000000000002,-1.5,0,2
5074,0.0,0.0,4.666666666666667,0.15333333333333332,0.0,0.0,4.2,0.15,0.1,0.2,3.6,0.16099999999999998,-0.15789473684210525,1.0666666666666669,0,6
5075,0.3333333333333333,0.3333333333333333,3.3333333333333335,0.09666666666666668,0.2,0.4,3.4,0.13600000000000004,0.1,0.2,4.0,0.153,-0.0222222222222222,-0.6666666666666665,1,0
5076,0.0,0.0,3.6666666666666665,0.16,0.0,0.0,3.4,0.16999999999999998,0.2,0.2,3.2,0.163,-0.15384615384615385,0.46666666666666634,0,6
5077,0.0,0.3333333333333333,4.666666666666667,0.12666666666666668,0.0,0.2,4.8,0.11400000000000002,0.0,0.1111111111111111,4.444444444444445,0.13444444444444445,0.0,0.22222222222222232,0,9
5078,0.0,0.3333333333333333,4.333333333333333,0.19000000000000003,0.0,0.4,3.8,0.162,0.1,0.4,3.3,0.15799999999999997,-0.13333333333333333,1.0333333333333332,0,7
5079,0.0,0.0,5.0,0.17333333333333334,0.0,0.0,4.6,0.178,0.1,0.2,4.3,0.176,-0.16666666666666666,0.7000000000000002,0,5
5081,0.3333333333333333,1.0,1.6666666666666667,0.14666666666666664,0.2,0.6,2.8,0.132,0.2,0.4,2.9,0.148,-0.0222222222222222,-1.2333333333333332,0,2
5082,0.0,0.0,5.0,0.13333333333333333,0.0,0.0,5.2,0.146,0.0,0.0,4.2,0.17,-0.15,0.7999999999999998,0,10
5084,0.3333333333333333,0.3333333333333333,3.6666666666666665,0.13333333333333333,0.2,0.2,3.4,0.164,0.1,0.2,3.6,0.152,-0.03076923076923077,0.06666666666666643,0,1
5086,0.0,0.3333333333333333,4.333333333333333,0.19000000000000003,0.2,0.4,3.8,0.18,0.1,0.2,4.7,0.15,0.0888888888888889,-0.36666666666666714,0,3
5087,0.3333333333333333,1.0,1.6666666666666667,0.14666666666666667,0.6,1.0,1.4,0.12200000000000003,0.6,0.9,1.6,0.139,0.16249999999999998,0.06666666666666665,0,2
5088,0.3333333333333333,0.6666666666666666,2.3333333333333335,0.13666666666666666,0.2,0.4,3.0,0.13799999999999998,0.4,0.6,2.4,0.13200000000000003,-0.09411764705882353,-0.06666666666666643,1,0
5089,0.0,0.0,4.333333333333333,0.20666666666666667,0.2,0.2,3.4,0.16799999999999998,0.1,0.3,3.0,0.16699999999999998,0.018181818181818188,1.333333333333333,0,3
5090,0.0,0.3333333333333333,3.3333333333333335,0.12333333333333334,0.0,0.2,3.6,0.11199999999999999,0.2,0.3,3.7,0.142,-0.2,-0.3666666666666667,0,6
5091,0.6666666666666666,1.0,1.3333333333333333,0.12999999999999998,0.6,0.8,2.2,0.13999999999999999,0.6,0.8,2.2,0.13999999999999999,0.0,-0.8666666666666669,1,0
5092,0.6666666666666666,0.6666666666666666,2.0,0.07,0.4,0.4,2.8,0.074,0.3,0.6,2.5,0.096,0.036363636363636376,-0.5,2,0
5093,0.0,0.6666666666666666,2.6666666666666665,0.17,0.2,0.6,2.8,0.138,0.1,0.5,3.5,0.16299999999999998,0.1411764705882353,-0.8333333333333335,0,4
5095,0.6666666666666666,0.6666666666666666,2.6666666666666665,0.14666666666666667,0.6,0.6,2.4,0.142,0.4,0.4,3.4,0.151,0.29565217391304344,-0.7333333333333334,1,0
5096,0.3333333333333333,0.3333333333333333,3.3333333333333335,0.10999999999999999,0.4,0.4,3.0,0.12000000000000002,0.2857142857142857,0.2857142857142857,3.2857142857142856,0.12714285714285714,0.11428571428571432,0.047619047619047894,1,0
5098,0.0,0.0,3.6666666666666665,0.12666666666666668,0.2,0.2,3.0,0.11600000000000002,0.1111111111111111,0.3333333333333333,2.888888888888889,0.1211111111111111,0.0888888888888889,0.7777777777777777,0,4
5100,0.0,0.0,4.666666666666667,0.14,0.0,0.0,4.4,0.176,0.0,0.0,4.4,0.176,0.0,0.2666666666666666,0,5
5101,0.0,0.0,3.6666666666666665,0.18666666666666665,0.0,0.2,3.8,0.192,0.0,0.125,4.125,0.20124999999999998,0.0,-0.4583333333333335,0,8
5102,0.0,0.0,5.333333333333333,0.12,0.0,0.0,5.2,0.13799999999999998,0.0,0.0,5.428571428571429,0.20857142857142857,0.0,-0.09523809523809579,0,7
5103,0.0,0.3333333333333333,3.6666666666666665,0.16666666666666666,0.0,0.2,3.6,0.19199999999999998,0.14285714285714285,0.2857142857142857,3.2857142857142856,0.18,-0.14285714285714285,0.38095238095238093,0,6
5105,0.0,0.0,4.0,0.115,0.0,0.0,4.0,0.115,0.0,0.0,4.0,0.115,0.0,0.0,0,2
5106,0.0,0.6666666666666666,3.0,0.12999999999999998,0.0,0.8,2.6,0.16799999999999998,0.25,0.75,2.375,0.195,-0.25,0.625,0,6
5107,0.3333333333333333,0.6666666666666666,3.0,0.18999999999999997,0.2,0.6,3.2,0.184,0.1,0.4,3.8,0.172,0.1090909090909091,-0.7999999999999998,0,1
5108,0.0,0.0,4.666666666666667,0.25,0.0,0.0,4.4,0.22200000000000003,0.0,0.1,4.2,0.213,0.0,0.4666666666666668,0,10
5109,0.0,0.3333333333333333,2.6666666666666665,0.13999999999999999,0.2,0.4,2.6,0.14,0.2,0.4,2.7,0.14500000000000002,0.033333333333333354,-0.03333333333333366,0,4
5110,0.3333333333333333,0.3333333333333333,3.6666666666666665,0.12000000000000001,0.2,0.2,3.4,0.132,0.1,0.2,3.7,0.168,0.046153846153846156,-0.03333333333333366,0,2
5111,0.3333333333333333,0.6666666666666666,2.6666666666666665,0.08333333333333333,0.2,0.4,3.4,0.088,0.2,0.5,2.8,0.12000000000000002,0.0,-0.1333333333333333,1,0
5112,0.3333333333333333,0.3333333333333333,2.6666666666666665,0.18000000000000002,0.2,0.2,3.2,0.16799999999999998,0.2,0.2,3.3,0.178,-0.22105263157894733,-0.6333333333333333,1,0
5113,0.3333333333333333,0.3333333333333333,4.333333333333333,0.18000000000000002,0.2,0.4,4.2,0.16399999999999998,0.125,0.25,4.25,0.1825,0.07500000000000001,0.08333333333333304,0,2
5114,0.0,0.3333333333333333,3.3333333333333335,0.15333333333333335,0.0,0.2,3.6,0.168,0.1,0.2,3.7,0.175,-0.058823529411764705,-0.3666666666666667,0,7
5115,0.3333333333333333,0.6666666666666666,2.3333333333333335,0.1466666666666667,0.2,0.6,2.8,0.152,0.125,0.5,2.875,0.135,0.07500000000000001,-0.5416666666666665,0,1
5117,0.0,0.6666666666666666,3.3333333333333335,0.15,0.0,0.4,4.4,0.186,0.0,0.3,4.6,0.198,0.0,-1.2666666666666662,0,14
5118,0.6666666666666666,0.6666666666666666,1.6666666666666667,0.15000000000000002,0.4,0.6,2.2,0.15799999999999997,0.42857142857142855,0.5714285714285714,2.142857142857143,0.16428571428571428,-0.028571428571428525,-0.47619047619047605,1,0
5120,0.0,0.0,4.333333333333333,0.15,0.0,0.0,4.8,0.142,0.2,0.2,4.0,0.164,-0.2,0.33333333333333304,0,6
5121,0.3333333333333333,0.6666666666666666,2.0,0.14666666666666667,0.4,0.8,1.8,0.126,0.4,0.6,2.9,0.10800000000000001,-0.0444444444444444,-0.8999999999999999,0,1
5122,0.0,0.0,4.666666666666667,0.25333333333333335,0.0,0.2,4.4,0.25,0.0,0.3333333333333333,4.0,0.19111111111111112,0.0,0.666666666666667,0,9
5123,0.3333333333333333,0.3333333333333333,3.6666666666666665,0.19666666666666666,0.2,0.2,3.4,0.152,0.2,0.2,3.3,0.18000000000000002,-0.06666666666666665,0.3666666666666667,0,1
5124,0.0,0.3333333333333333,3.6666666666666665,0.25666666666666665,0.0,0.2,3.8,0.20800000000000002,0.0,0.125,4.0,0.18375000000000002,0.0,-0.3333333333333335,0,8
5125,0.3333333333333333,0.6666666666666666,2.3333333333333335,0.14333333333333334,0.4,0.6,2.2,0.18,0.4,0.6,2.4,0.174,0.0,-0.06666666666666643,0,2
5126,0.6666666666666666,1.0,1.3333333333333333,0.15,0.6,0.8,1.6,0.15799999999999997,0.6,0.8,1.7,0.15299999999999997,0.21111111111111108,-0.3666666666666667,1,0
5127,0.3333333333333333,0.3333333333333333,2.3333333333333335,0.18666666666666668,0.3333333333333333,0.3333333333333333,2.3333333333333335,0.18666666666666668,0.3333333333333333,0.3333333333333333,2.3333333333333335,0.18666666666666668,0.0,0.0,1,0
5128,0.3333333333333333,0.3333333333333333,4.0,0.17666666666666667,0.4,0.6,3.0,0.162,0.25,0.375,3.75,0.18,0.15000000000000002,0.25,0,2
5129,0.0,0.3333333333333333,3.3333333333333335,0.09666666666666668,0.0,0.2,3.6,0.12999999999999998,0.0,0.1111111111111111,3.7777777777777777,0.14,0.0,-0.4444444444444442,0,9
5130,0.3333333333333333,0.3333333333333333,3.3333333333333335,0.17,0.2,0.4,3.6,0.16999999999999998,0.1,0.3,3.6,0.16799999999999998,0.12307692307692308,-0.2666666666666666,1,0
5131,0.0,0.0,5.0,0.14,0.0,0.0,5.0,0.14,0.0,0.0,5.0,0.14,0.0,0.0,0,3
5132,0.0,0.0,5.333333333333333,0.10333333333333333,0.0,0.2,4.8,0.142,0.0,0.3,4.2,0.128,0.0,1.1333333333333329,0,10
5133,0.0,0.0,3.6666666666666665,0.22333333333333336,0.0,0.0,4.4,0.24,0.1,0.2,3.6,0.24200000000000005,-0.07692307692307693,0.06666666666666643,0,9
5134,0.0,0.3333333333333333,4.666666666666667,0.19666666666666666,0.0,0.4,4.2,0.20000000000000004,0.2,0.4,3.5,0.178,-0.2631578947368421,1.166666666666667,0,6
5135,0.0,0.0,5.666666666666667,0.36333333333333334,0.0,0.0,5.8,0.33,0.0,0.0,5.4,0.308,0.0,0.2666666666666666,0,13
5136,0.3333333333333333,0.3333333333333333,2.3333333333333335,0.17666666666666667,0.2,0.2,2.6,0.18400000000000002,0.5,0.5,2.2,0.16199999999999998,-0.1157894736842105,0.1333333333333333,0,1
5137,0.0,0.3333333333333333,3.6666666666666665,0.15666666666666665,0.2,0.4,3.0,0.134,0.1,0.4,3.5,0.142,0.023529411764705882,0.16666666666666652,0,3
5138,0.0,0.0,5.0,0.21,0.0,0.0,4.6,0.166,0.0,0.0,4.714285714285714,0.20142857142857146,0.0,0.2857142857142856,0,7
5139,0.6666666666666666,0.6666666666666666,2.0,0.14333333333333334,0.6,0.6,2.4,0.126,0.5,0.6,2.4,0.135,0.21111111111111108,-0.3999999999999999,2,0
5140,0.0,0.6666666666666666,2.3333333333333335,0.11666666666666665,0.0,0.4,3.2,0.11200000000000002,0.0,0.2,4.0,0.161,0.0,-1.6666666666666665,0,12
5141,0.0,0.6666666666666666,2.3333333333333335,0.14333333333333334,0.2,0.6,2.4,0.14,0.4,0.6,2.1,0.135,-0.2,0.2333333333333334,0,4
5142,0.3333333333333333,0.6666666666666666,2.3333333333333335,0.13333333333333333,0.25,0.5,2.5,0.14,0.25,0.5,2.5,0.14,0.0,-0.16666666666666652,0,1
5143,0.0,0.0,6.0,0.2233333333333333,0.0,0.0,5.4,0.202,0.0,0.0,5.0,0.175,-0.15384615384615385,1.0,0,10
5144,0.0,0.3333333333333333,3.3333333333333335,0.16,0.2,0.6,2.6,0.144,0.4,0.7,2.1,0.14899999999999997,-0.16363636363636364,1.2333333333333334,0,3
5145,0.0,0.0,5.333333333333333,0.17333333333333334,0.0,0.0,5.2,0.184,0.2,0.3,3.8,0.16599999999999998,-0.16666666666666666,1.5333333333333332,0,6
5146,0.3333333333333333,0.3333333333333333,2.6666666666666665,0.15333333333333332,0.4,0.4,2.6,0.144,0.3,0.4,2.9,0.15200000000000002,0.13333333333333336,-0.2333333333333334,0,2
5147,0.6666666666666666,0.6666666666666666,1.6666666666666667,0.12666666666666668,0.4,0.4,3.0,0.156,0.2857142857142857,0.2857142857142857,3.2857142857142856,0.15857142857142859,0.11428571428571432,-1.6190476190476188,0,1
5148,0.3333333333333333,0.3333333333333333,2.6666666666666665,0.15333333333333332,0.4,0.4,2.6,0.16599999999999998,0.2,0.4,3.0,0.188,0.2,-0.3333333333333335,1,0
5150,0.3333333333333333,0.6666666666666666,2.6666666666666665,0.14666666666666667,0.4,0.8,2.2,0.152,0.5,0.8,2.1,0.149,0.04285714285714287,0.5666666666666664,1,0
5151,0.0,0.0,3.6666666666666665,0.27,0.2,0.2,3.4,0.274,0.1,0.3,3.5,0.233,0.05714285714285716,0.16666666666666652,0,4
5152,0.0,0.3333333333333333,3.0,0.26333333333333336,0.0,0.3333333333333333,3.0,0.26333333333333336,0.0,0.3333333333333333,3.0,0.26333333333333336,0.0,0.0,0,3
5153,0.0,0.3333333333333333,3.3333333333333335,0.13333333333333333,0.0,0.4,3.4,0.128,0.0,0.2222222222222222,3.888888888888889,0.1388888888888889,0.0,-0.5555555555555554,0,9
5154,0.0,0.3333333333333333,4.0,0.22999999999999998,0.0,0.6,3.2,0.22200000000000003,0.0,0.3,4.0,0.199,-0.07692307692307693,0.0,0,11
5155,0.3333333333333333,0.3333333333333333,3.3333333333333335,0.15000000000000002,0.2,0.2,3.8,0.17800000000000002,0.2,0.3,3.2,0.15199999999999997,0.06666666666666668,0.1333333333333333,0,1
5156,0.0,0.0,4.0,0.18000000000000002,0.0,0.0,4.0,0.134,0.1,0.3,3.7,0.12399999999999997,-0.08333333333333333,0.2999999999999998,0,6
5157,0.0,0.0,4.0,0.29,0.2,0.2,3.4,0.22800000000000004,0.1111111111111111,0.1111111111111111,4.0,0.20444444444444443,0.0888888888888889,0.0,0,4
5158,0.6666666666666666,1.0,1.3333333333333333,0.12333333333333334,0.8,1.0,1.2,0.092,0.6,0.9,1.5,0.10600000000000001,0.20000000000000007,-0.16666666666666674,0,1
5160,0.0,0.3333333333333333,3.6666666666666665,0.13,0.0,0.4,3.8,0.13,0.1,0.5,3.3,0.155,-0.2222222222222222,0.3666666666666667,0,7
5161,0.0,0.0,4.666666666666667,0.14,0.0,0.0,5.0,0.13199999999999998,0.2222222222222222,0.2222222222222222,3.888888888888889,0.12777777777777777,-0.2222222222222222,0.7777777777777781,0,5
5162,0.0,0.3333333333333333,3.3333333333333335,0.2233333333333333,0.0,0.2,4.4,0.202,0.0,0.1111111111111111,4.555555555555555,0.1933333333333333,0.0,-1.2222222222222219,0,9
5163,0.3333333333333333,0.3333333333333333,2.6666666666666665,0.14666666666666667,0.2,0.2,4.0,0.13000000000000003,0.2,0.2,3.9,0.146,0.046153846153846156,-1.2333333333333334,1,0
5164,0.0,0.0,5.333333333333333,0.18666666666666668,0.2,0.2,4.6,0.19,0.16666666666666666,0.16666666666666666,4.666666666666667,0.20333333333333334,0.033333333333333354,0.6666666666666661,0,4
5165,0.0,0.0,5.333333333333333,0.15666666666666668,0.0,0.0,5.2,0.154,0.2,0.2,4.1,0.13799999999999998,-0.2,1.2333333333333334,0,8
5166,0.0,0.0,3.6666666666666665,0.23666666666666666,0.4,0.4,2.6,0.196,0.4,0.4,2.9,0.176,-0.06153846153846154,0.7666666666666666,0,3
5167,0.3333333333333333,1.0,1.6666666666666667,0.15333333333333335,0.2,0.6,2.4,0.158,0.1,0.5,3.0,0.17099999999999999,0.1375,-1.3333333333333333,0,2
5170,0.0,0.3333333333333333,3.6666666666666665,0.15333333333333335,0.2,0.4,3.0,0.12999999999999998,0.2,0.3,3.1,0.14700000000000002,0.06666666666666668,0.5666666666666664,0,3
5172,0.0,0.0,3.3333333333333335,0.22666666666666666,0.0,0.0,4.0,0.242,0.0,0.1,4.0,0.23200000000000004,0.0,-0.6666666666666665,0,10
5173,0.3333333333333333,0.3333333333333333,3.3333333333333335,0.18666666666666668,0.2,0.2,4.0,0.164,0.2,0.3,3.3,0.158,-0.08571428571428569,0.03333333333333366,0,1
5174,0.0,0.0,4.0,0.20333333333333334,0.0,0.0,4.2,0.174,0.2222222222222222,0.2222222222222222,3.4444444444444446,0.18222222222222223,-0.2222222222222222,0.5555555555555554,0,6
5175,0.0,0.0,4.333333333333333,0.18000000000000002,0.0,0.0,4.75,0.19,0.0,0.0,4.75,0.19,0.0,-0.41666666666666696,0,4
5176,0.0,0.0,5.333333333333333,0.16333333333333333,0.0,0.0,5.6,0.14400000000000002,0.0,0.0,5.7,0.16999999999999998,0.0,-0.36666666666666714,0,10
5177,0.0,0.0,4.666666666666667,0.20666666666666667,0.2,0.2,3.6,0.174,0.1,0.1,4.2,0.19599999999999998,0.1375,0.4666666666666668,0,4
5178,0.0,0.3333333333333333,4.0,0.19000000000000003,0.0,0.2,4.0,0.192,0.0,0.3,3.6,0.172,-0.0625,0.3999999999999999,0,10
5179,0.0,0.3333333333333333,4.333333333333333,0.26666666666666666,0.0,0.4,4.0,0.21200000000000002,0.0,0.4,3.8,0.21800000000000003,0.0,0.5333333333333332,0,11
5180,0.0,0.0,5.0,0.16666666666666666,0.0,0.0,5.4,0.16399999999999998,0.1,0.3,4.3,0.199,-0.06666666666666667,0.7000000000000002,0,8
5181,0.0,0.0,3.3333333333333335,0.14666666666666667,0.0,0.0,3.6,0.136,0.0,0.1,3.4,0.148,0.0,-0.06666666666666643,0,13
5182,0.0,0.0,5.333333333333333,0.13666666666666666,0.0,0.2,4.2,0.11400000000000002,0.0,0.2,3.8,0.11200000000000002,0.0,1.5333333333333332,0,14
5183,0.3333333333333333,1.0,1.6666666666666667,0.05333333333333334,0.2,0.6,2.8,0.11199999999999999,0.2,0.6,2.8,0.11199999999999999,0.0,-1.133333333333333,0,1
5184,0.0,0.0,6.0,0.4,0.0,0.0,6.0,0.4,0.0,0.0,6.0,0.4,0.0,0.0,0,1
5185,0.0,0.0,6.0,0.15333333333333332,0.0,0.0,5.4,0.138,0.0,0.0,5.2,0.13,-0.13333333333333333,0.7999999999999998,0,12
5188,0.0,0.3333333333333333,4.0,0.12,0.2,0.4,3.2,0.11600000000000002,0.2,0.4,3.2,0.11600000000000002,0.0,0.7999999999999998,0,4
5189,0.3333333333333333,0.3333333333333333,3.3333333333333335,0.24333333333333332,0.2,0.2,3.4,0.21799999999999997,0.2,0.2,3.4,0.196,-0.01739130434782607,-0.06666666666666643,0,1
5190,0.3333333333333333,0.3333333333333333,3.3333333333333335,0.14333333333333334,0.4,0.4,3.0,0.174,0.2,0.3,3.5,0.16299999999999998,0.13333333333333336,-0.16666666666666652,1,0
5191,0.3333333333333333,0.3333333333333333,4.333333333333333,0.11,0.2,0.2,4.6,0.126,0.2,0.3,4.0,0.13199999999999998,-0.04999999999999999,0.33333333333333304,1,0
5192,0.6666666666666666,0.6666666666666666,2.6666666666666665,0.16666666666666666,0.4,0.6,2.6,0.192,0.3,0.4,3.5,0.194,0.11428571428571432,-0.8333333333333335,2,0
5193,0.3333333333333333,0.3333333333333333,2.6666666666666665,0.13333333333333333,0.2,0.2,3.0,0.11400000000000002,0.3,0.4,2.8,0.14900000000000002,-0.04999999999999999,-0.1333333333333333,0,1
5194,0.6666666666666666,0.6666666666666666,2.6666666666666665,0.09333333333333334,0.4,0.4,3.2,0.11400000000000002,0.3,0.3,4.0,0.15099999999999997,0.21250000000000002,-1.3333333333333335,1,0
5195,0.0,0.6666666666666666,3.0,0.14666666666666664,0.0,0.4,3.6,0.16399999999999998,0.0,0.4,3.4,0.14100000000000001,0.0,-0.3999999999999999,0,16
5196,0.3333333333333333,0.3333333333333333,3.3333333333333335,0.18666666666666668,0.2,0.2,3.2,0.182,0.4,0.4,2.5,0.15500000000000003,-0.16363636363636364,0.8333333333333335,1,0
5198,0.0,0.0,3.3333333333333335,0.16666666666666666,0.2,0.2,3.0,0.158,0.1,0.2,3.9,0.173,0.15454545454545454,-0.5666666666666664,0,3
5199,0.3333333333333333,0.6666666666666666,2.6666666666666665,0.07333333333333335,0.2,0.4,3.6,0.12000000000000002,0.2,0.3,3.7,0.11100000000000002,0.012500000000000011,-1.0333333333333337,0,2
5200,0.0,0.0,5.666666666666667,0.3133333333333334,0.0,0.0,5.4,0.268,0.0,0.0,5.111111111111111,0.2455555555555556,0.0,0.5555555555555562,0,9
5203,0.0,0.0,4.0,0.17,0.0,0.2,4.0,0.13799999999999998,0.1,0.2,4.0,0.142,-0.14285714285714285,0.0,0,9
5204,0.0,0.0,5.333333333333333,0.11333333333333334,0.0,0.0,5.2,0.124,0.0,0.0,5.0,0.1525,0.0,0.33333333333333304,0,8
5205,0.0,0.3333333333333333,3.0,0.15,0.0,0.4,2.8,0.17,0.0,0.5,3.0,0.202,-0.1111111111111111,0.0,0,15
5206,0.0,0.0,5.666666666666667,0.16,0.0,0.0,5.0,0.14200000000000002,0.0,0.1,4.9,0.15099999999999997,0.0,0.7666666666666666,0,18
5207,0.3333333333333333,0.6666666666666666,2.3333333333333335,0.19666666666666668,0.2,0.6,2.8,0.188,0.25,0.5,2.75,0.20875000000000002,-0.04999999999999999,-0.4166666666666665,0,2
5208,0.0,0.0,4.666666666666667,0.14666666666666667,0.0,0.0,4.2,0.12599999999999997,0.1,0.2,3.9,0.13,-0.08333333333333333,0.766666666666667,0,8
5209,0.3333333333333333,0.3333333333333333,3.0,0.15,0.2,0.2,3.6,0.16399999999999998,0.1111111111111111,0.1111111111111111,3.888888888888889,0.1633333333333333,0.0888888888888889,-0.8888888888888888,1,0
5210,0.0,0.3333333333333333,3.0,0.17666666666666667,0.0,0.2,3.4,0.172,0.1,0.3,3.1,0.15,-0.11764705882352941,-0.10000000000000009,0,5
5211,0.0,0.6666666666666666,2.6666666666666665,0.15,0.0,0.6,2.6,0.15,0.0,0.3,3.7,0.148,-0.07142857142857142,-1.0333333333333337,0,13
5212,0.0,0.3333333333333333,3.3333333333333335,0.16,0.4,0.6,2.4,0.156,0.4444444444444444,0.6666666666666666,2.111111111111111,0.16444444444444445,-0.0444444444444444,1.2222222222222223,0,3
5213,0.0,0.3333333333333333,3.0,0.21666666666666667,0.0,0.2,3.6,0.24,0.1,0.2,3.5,0.211,-0.1111111111111111,-0.5,0,9
5214,0.0,0.3333333333333333,3.6666666666666665,0.14333333333333334,0.0,0.2,4.0,0.20999999999999996,0.1,0.3,3.7,0.217,-0.1,-0.03333333333333366,0,8
5216,0.3333333333333333,0.3333333333333333,3.6666666666666665,0.20333333333333337,0.2,0.2,4.0,0.18000000000000002,0.1,0.2,3.7,0.197,0.023529411764705882,-0.03333333333333366,1,0
5217,0.0,0.3333333333333333,3.6666666666666665,0.1366666666666667,0.0,0.2,4.0,0.148,0.2,0.3,3.6,0.142,-0.2857142857142857,0.06666666666666643,0,8
5218,0.0,0.3333333333333333,3.6666666666666665,0.12666666666666668,0.2,0.4,3.2,0.152,0.2,0.5,2.8,0.146,-0.027272727272727254,0.8666666666666667,0,3
5220,0.3333333333333333,0.3333333333333333,3.0,0.11,0.2,0.4,3.4,0.12000000000000002,0.3,0.4,3.1,0.086,-0.03809523809523807,-0.10000000000000009,0,1
5221,0.3333333333333333,0.6666666666666666,2.3333333333333335,0.11666666666666668,0.4,0.8,2.0,0.12000000000000002,0.3,0.7,2.3,0.122,0.11428571428571432,0.03333333333333366,0,1
5222,0.0,0.3333333333333333,2.6666666666666665,0.10666666666666667,0.0,0.2,3.4,0.156,0.0,0.125,3.375,0.1975,0.0,-0.7083333333333335,0,8
5223,0.6666666666666666,0.6666666666666666,2.0,0.13333333333333333,0.4,0.6,2.2,0.188,0.2,0.6,2.7,0.175,0.26956521739130435,-0.7000000000000002,1,0
5224,0.6666666666666666,0.6666666666666666,2.0,0.13,0.4,0.4,3.0,0.166,0.4,0.6,2.5,0.144,0.025000000000000022,-0.5,0,1
5226,0.0,0.3333333333333333,2.6666666666666665,0.14333333333333334,0.2,0.6,2.2,0.166,0.1,0.3,3.3,0.16799999999999998,0.1,-0.6333333333333333,0,3
5228,0.3333333333333333,0.6666666666666666,2.0,0.1466666666666667,0.2,0.4,3.2,0.17600000000000002,0.2,0.3,3.4,0.177,-0.03076923076923077,-1.4,0,1
5229,0.6666666666666666,0.6666666666666666,2.3333333333333335,0.09666666666666668,0.4,0.6,2.6,0.13599999999999998,0.375,0.5,2.875,0.1575,0.025000000000000022,-0.5416666666666665,0,1
5230,0.0,0.3333333333333333,3.0,0.19000000000000003,0.0,0.2,3.8,0.186,0.0,0.4,3.2,0.21700000000000003,0.0,-0.20000000000000018,0,11
5231,0.3333333333333333,0.3333333333333333,2.6666666666666665,0.19000000000000003,0.2,0.4,2.6,0.182,0.2222222222222222,0.3333333333333333,3.0,0.17555555555555558,-0.0222222222222222,-0.3333333333333335,0,1
5232,0.0,0.3333333333333333,3.0,0.19666666666666668,0.0,0.4,2.8,0.20600000000000002,0.0,0.3333333333333333,2.8333333333333335,0.23166666666666666,0.0,0.16666666666666652,0,6
5234,0.3333333333333333,0.6666666666666666,2.0,0.09999999999999999,0.2,0.4,3.0,0.08199999999999999,0.1,0.3,3.4,0.13300000000000003,-0.06315789473684208,-1.4,0,2
5235,0.0,0.0,5.666666666666667,0.17333333333333334,0.0,0.0,5.2,0.164,0.0,0.0,5.0,0.15500000000000003,0.0,0.666666666666667,0,8
5236,0.0,0.0,4.333333333333333,0.21,0.0,0.2,4.0,0.174,0.0,0.3,3.8,0.16499999999999998,0.0,0.5333333333333332,0,10
5237,0.0,0.0,5.0,0.21333333333333335,0.0,0.0,5.25,0.21749999999999997,0.0,0.0,5.25,0.21749999999999997,0.0,-0.25,0,4
5238,0.3333333333333333,0.6666666666666666,2.0,0.1366666666666667,0.2,0.6,2.6,0.14600000000000002,0.1,0.4,3.3,0.187,0.04210526315789476,-1.2999999999999998,1,0
5239,0.0,0.6666666666666666,2.6666666666666665,0.14333333333333334,0.0,0.4,3.2,0.148,0.0,0.3,3.7,0.15899999999999997,-0.13636363636363635,-1.0333333333333337,0,10
5240,0.3333333333333333,0.3333333333333333,3.3333333333333335,0.16333333333333333,0.4,0.4,3.4,0.128,0.2,0.5,3.1,0.123,0.18571428571428575,0.2333333333333334,1,0
5241,0.3333333333333333,0.3333333333333333,3.3333333333333335,0.15333333333333332,0.2,0.2,3.6,0.192,0.2,0.2,3.7,0.17400000000000002,0.04210526315789476,-0.3666666666666667,0,2
5242,0.0,0.0,5.333333333333333,0.12666666666666668,0.0,0.0,5.4,0.192,0.0,0.1,4.7,0.183,0.0,0.6333333333333329,0,14
5243,0.0,0.6666666666666666,2.3333333333333335,0.15000000000000002,0.0,0.4,3.0,0.16,0.0,0.2,3.6,0.174,-0.17391304347826086,-1.2666666666666666,0,12
5244,0.0,0.3333333333333333,4.0,0.32333333333333336,0.0,0.4,4.0,0.25799999999999995,0.0,0.2,4.2,0.203,0.0,-0.20000000000000018,0,10
5245,0.3333333333333333,0.3333333333333333,3.0,0.16666666666666666,0.4,0.4,3.0,0.16599999999999998,0.2,0.3,3.7,0.192,0.18571428571428575,-0.7000000000000002,0,2
5246,0.0,0.0,4.333333333333333,0.15666666666666665,0.0,0.2,4.0,0.15399999999999997,0.0,0.3,3.8,0.134,0.0,0.5333333333333332,0,17
5247,0.0,0.3333333333333333,3.3333333333333335,0.16,0.0,0.2,4.0,0.194,0.2,0.5,3.0,0.173,-0.125,0.3333333333333335,0,6
5248,0.0,0.3333333333333333,3.3333333333333335,0.11333333333333334,0.0,0.2,3.8,0.17,0.0,0.16666666666666666,3.6666666666666665,0.16166666666666665,0.0,-0.33333333333333304,0,6
5249,0.0,0.3333333333333333,3.3333333333333335,0.17,0.0,0.4,3.4,0.18,0.0,0.5,2.9,0.14600000000000002,0.0,0.43333333333333357,0,11
5250,0.0,0.0,5.0,0.16333333333333333,0.0,0.2,4.2,0.186,0.1,0.2,4.0,0.178,-0.06666666666666667,1.0,0,7
5251,0.0,0.0,5.333333333333333,0.13,0.0,0.0,5.0,0.15,0.0,0.0,5.0,0.15,0.0,0.33333333333333304,0,5
5252,0.3333333333333333,0.6666666666666666,3.0,0.12666666666666668,0.2,0.4,3.6,0.138,0.1,0.4,3.7,0.139,0.10476190476190478,-0.7000000000000002,1,0
5254,0.0,0.0,4.666666666666667,0.15333333333333332,0.0,0.0,4.6,0.184,0.0,0.1,4.2,0.16799999999999998,-0.13333333333333333,0.4666666666666668,0,11
5255,0.3333333333333333,0.6666666666666666,2.0,0.13333333333333333,0.2,0.4,2.4,0.122,0.2,0.4,2.7,0.152,-0.010526315789473661,-0.7000000000000002,0,2
5256,0.3333333333333333,0.3333333333333333,2.6666666666666665,0.13,0.2,0.4,2.8,0.132,0.25,0.375,2.875,0.12625,-0.04999999999999999,-0.20833333333333348,1,0
5257,0.3333333333333333,0.6666666666666666,2.3333333333333335,0.20333333333333334,0.2,0.4,3.2,0.20400000000000001,0.1,0.4,3.1,0.16499999999999998,-0.08571428571428569,-0.7666666666666666,0,1
5258,0.6666666666666666,0.6666666666666666,2.3333333333333335,0.10666666666666667,0.4,0.6,2.4,0.15599999999999997,0.3,0.5,2.9,0.167,0.2,-0.5666666666666664,0,1
5259,0.0,0.0,4.333333333333333,0.19000000000000003,0.0,0.0,4.8,0.20199999999999996,0.0,0.0,4.833333333333333,0.22833333333333336,0.0,-0.5,0,6
5261,0.3333333333333333,0.3333333333333333,3.0,0.09666666666666668,0.2,0.2,3.6,0.13399999999999998,0.2222222222222222,0.3333333333333333,3.2222222222222223,0.1366666666666667,-0.0222222222222222,-0.22222222222222232,0,1
5262,0.0,0.0,4.666666666666667,0.15,0.0,0.2,3.8,0.16399999999999998,0.125,0.25,3.5,0.155,-0.125,1.166666666666667,0,6
5263,0.0,0.0,4.0,0.17,0.0,0.2,3.8,0.17600000000000002,0.0,0.1,4.2,0.19,0.0,-0.20000000000000018,0,11
5264,0.0,0.0,3.6666666666666665,0.11,0.0,0.0,3.4,0.142,0.1,0.2,3.1,0.14200000000000002,-0.08333333333333333,0.5666666666666664,0,9
5265,0.0,0.0,4.666666666666667,0.14333333333333334,0.0,0.0,4.8,0.15,0.1,0.1,4.5,0.164,-0.08333333333333333,0.16666666666666696,0,9
5266,0.0,0.0,4.0,0.13666666666666666,0.2,0.2,3.8,0.17400000000000002,0.1111111111111111,0.3333333333333333,3.5555555555555554,0.17555555555555558,0.0888888888888889,0.44444444444444464,0,4
5267,1.0,1.0,1.0,0.10666666666666667,0.8,0.8,1.4,0.12,0.5,0.7,2.1,0.125,0.46666666666666673,-1.1,3,0
5268,0.3333333333333333,0.3333333333333333,3.6666666666666665,0.16666666666666666,0.2,0.4,3.8,0.144,0.125,0.5,3.5,0.15625,0.07500000000000001,0.16666666666666652,0,1
5269,0.0,0.3333333333333333,3.3333333333333335,0.14,0.0,0.2,3.8,0.14400000000000002,0.1,0.2,3.7,0.144,-0.21428571428571427,-0.3666666666666667,0,5
5270,0.3333333333333333,0.3333333333333333,2.3333333333333335,0.08333333333333333,0.2,0.2,3.6,0.21400000000000002,0.1,0.1,4.3,0.23099999999999996,0.1090909090909091,-1.9666666666666663,0,1
5272,0.0,0.3333333333333333,3.0,0.23666666666666666,0.0,0.4,2.8,0.21400000000000002,0.0,0.2,4.0,0.184,0.0,-1.0,0,15
5273,0.0,0.0,4.0,0.20333333333333334,0.0,0.0,4.4,0.16999999999999998,0.0,0.0,5.0,0.177,-0.07692307692307693,-1.0,0,11
5274,0.0,0.6666666666666666,3.0,0.18999999999999997,0.2,0.6,3.0,0.20400000000000001,0.2,0.4,2.9,0.175,0.0,0.10000000000000009,0,3
5275,0.0,0.0,4.333333333333333,0.14333333333333334,0.2,0.2,3.6,0.148,0.2,0.4,3.2,0.132,0.023529411764705882,1.1333333333333329,0,3
5276,0.3333333333333333,0.3333333333333333,3.0,0.12000000000000001,0.4,0.4,2.8,0.13799999999999998,0.2,0.3,3.1,0.178,0.2571428571428572,-0.10000000000000009,1,0
5277,0.0,0.0,5.0,0.13,0.0,0.0,4.4,0.118,0.2,0.2,3.6,0.11500000000000002,-0.25,1.4,0,5
5278,0.0,0.6666666666666666,2.3333333333333335,0.1366666666666667,0.2,0.8,2.0,0.13,0.5,0.9,1.6,0.14100000000000001,-0.18095238095238092,0.7333333333333334,0,4
5279,0.0,0.3333333333333333,4.0,0.16,0.0,0.3333333333333333,4.0,0.16,0.0,0.3333333333333333,4.0,0.16,0.0,0.0,0,3
5280,0.6666666666666666,0.6666666666666666,1.6666666666666667,0.17,0.6,0.6,1.8,0.14200000000000002,0.4,0.5,2.2,0.16099999999999998,0.1925925925925926,-0.5333333333333334,0,1
5281,0.0,0.6666666666666666,3.0,0.15000000000000002,0.2,0.6,3.2,0.14200000000000002,0.3,0.5,3.4,0.165,-0.10434782608695653,-0.3999999999999999,0,4
5282,0.3333333333333333,1.0,1.6666666666666667,0.09999999999999999,0.2,0.6,2.6,0.128,0.2,0.4,2.9,0.16,0.023529411764705882,-1.2333333333333332,0,1
5283,0.3333333333333333,0.3333333333333333,4.0,0.20333333333333337,0.25,0.25,4.25,0.21500000000000002,0.25,0.25,4.25,0.21500000000000002,0.0,-0.25,1,0
5284,0.0,0.0,5.0,0.21333333333333335,0.0,0.0,4.6,0.192,0.0,0.0,4.875,0.2,0.0,0.125,0,8
5285,0.0,0.6666666666666666,2.6666666666666665,0.16,0.2,0.6,2.6,0.154,0.1,0.3,3.8,0.15799999999999997,0.13333333333333336,-1.1333333333333333,0,3
5286,0.3333333333333333,0.3333333333333333,3.0,0.11666666666666665,0.2,0.2,3.6,0.132,0.14285714285714285,0.2857142857142857,3.2857142857142856,0.1457142857142857,0.05714285714285716,-0.2857142857142856,0,2
5287,0.0,0.0,5.0,0.14666666666666667,0.0,0.0,4.8,0.13399999999999998,0.0,0.0,4.6,0.155,0.0,0.40000000000000036,0,13
5288,0.0,0.0,4.333333333333333,0.15666666666666668,0.2,0.2,3.6,0.14800000000000002,0.16666666666666666,0.3333333333333333,3.3333333333333335,0.15333333333333335,0.033333333333333354,0.9999999999999996,0,4
5289,0.0,0.6666666666666666,2.3333333333333335,0.11666666666666665,0.2,0.6,2.2,0.098,0.2,0.5,2.8,0.156,0.0,-0.46666666666666634,0,3
5290,0.0,0.0,5.0,0.18000000000000002,0.0,0.0,5.0,0.184,0.1,0.2,4.4,0.159,-0.0625,0.5999999999999996,0,6
5291,0.0,0.0,5.0,0.27,0.0,0.2,4.6,0.246,0.1,0.2,4.7,0.22600000000000003,-0.05263157894736842,0.2999999999999998,0,8
5292,0.0,0.0,5.0,0.22333333333333336,0.0,0.4,3.8,0.186,0.0,0.3,3.7,0.16099999999999998,0.0,1.2999999999999998,0,12
5293,0.0,0.0,5.0,0.225,0.0,0.0,5.0,0.225,0.0,0.0,5.0,0.225,0.0,0.0,0,2
5294,0.0,0.0,4.666666666666667,0.13000000000000003,0.2,0.2,3.6,0.10800000000000001,0.2,0.4,3.1,0.13600000000000004,0.0,1.5666666666666669,0,3
5295,0.0,0.3333333333333333,3.3333333333333335,0.10333333333333333,0.0,0.2,3.8,0.144,0.0,0.1,4.0,0.16300000000000003,0.0,-0.6666666666666665,0,11
5296,0.0,0.0,5.333333333333333,0.2233333333333333,0.0,0.0,5.6,0.22399999999999998,0.0,0.0,5.4,0.233,-0.0625,-0.06666666666666732,0,11
5297,0.0,0.0,5.666666666666667,0.19000000000000003,0.0,0.0,5.8,0.178,0.0,0.0,5.5,0.19699999999999998,0.0,0.16666666666666696,0,10
5298,0.0,0.0,4.333333333333333,0.1466666666666667,0.2,0.2,3.6,0.14400000000000002,0.3,0.4,2.8,0.154,-0.04999999999999999,1.5333333333333332,0,3
5299,0.3333333333333333,0.6666666666666666,2.3333333333333335,0.16,0.2,0.6,3.0,0.16999999999999998,0.2,0.4,3.2,0.187,-0.04999999999999999,-0.8666666666666667,0,2
5300,0.0,0.0,5.333333333333333,0.16333333333333333,0.0,0.0,5.2,0.156,0.0,0.0,5.2,0.16099999999999998,0.0,0.13333333333333286,0,10
5301,0.3333333333333333,0.6666666666666666,2.3333333333333335,0.12333333333333334,0.4,0.6,2.6,0.142,0.3,0.4,3.1,0.15800000000000003,0.036363636363636376,-0.7666666666666666,0,2
5302,0.0,0.0,5.333333333333333,0.30333333333333334,0.0,0.0,5.2,0.256,0.0,0.0,4.8,0.20400000000000001,0.0,0.5333333333333332,0,11
5304,0.0,0.0,6.0,0.18666666666666668,0.0,0.0,5.6,0.174,0.0,0.0,5.8,0.203,0.0,0.20000000000000018,0,14
5305,0.0,0.0,5.333333333333333,0.18000000000000002,0.0,0.0,5.4,0.20400000000000001,0.0,0.0,5.1,0.182,0.0,0.2333333333333334,0,11
5306,0.0,0.0,4.666666666666667,0.18000000000000002,0.0,0.0,4.8,0.14200000000000002,0.0,0.1,4.9,0.16799999999999998,0.0,-0.2333333333333334,0,11
5307,0.3333333333333333,0.3333333333333333,4.0,0.17666666666666667,0.2,0.2,4.2,0.172,0.1,0.3,3.9,0.16799999999999998,0.1375,0.10000000000000009,1,0
5308,0.0,0.0,4.333333333333333,0.20000000000000004,0.0,0.2,4.2,0.22600000000000003,0.0,0.1,4.3,0.213,0.0,0.033333333333333215,0,10
5309,0.0,0.3333333333333333,4.333333333333333,0.15666666666666665,0.0,0.2,5.0,0.142,0.0,0.1111111111111111,5.333333333333333,0.18333333333333332,0.0,-1.0,0,9
5310,0.0,0.3333333333333333,4.0,0.16333333333333333,0.2,0.4,3.2,0.156,0.2,0.3,3.7,0.16899999999999998,0.018181818181818188,0.2999999999999998,0,4
5311,0.3333333333333333,0.3333333333333333,3.3333333333333335,0.20333333333333334,0.2,0.4,3.0,0.158,0.3,0.4,2.7,0.128,-0.04999999999999999,0.6333333333333333,0,2
5312,0.0,0.0,4.666666666666667,0.14,0.0,0.2,4.0,0.11800000000000002,0.0,0.1,4.0,0.11800000000000002,-0.07692307692307693,0.666666666666667,0,10
5313,0.0,0.3333333333333333,4.0,0.09333333333333334,0.0,0.2,4.2,0.12999999999999998,0.1,0.2,3.7,0.14400000000000002,-0.16666666666666666,0.2999999999999998,0,6
5314,0.0,0.0,4.666666666666667,0.19333333333333336,0.0,0.0,4.8,0.172,0.1,0.1,4.4,0.15799999999999997,-0.1,0.2666666666666666,0,9
5315,0.3333333333333333,0.3333333333333333,4.0,0.11666666666666665,0.2,0.2,4.4,0.154,0.125,0.125,4.625,0.1575,0.07500000000000001,-0.625,0,2
5316,0.0,0.0,4.0,0.15333333333333335,0.0,0.0,4.2,0.11000000000000001,0.0,0.1,4.1,0.11300000000000002,0.0,-0.09999999999999964,0,16
5317,0.3333333333333333,0.6666666666666666,3.0,0.10666666666666667,0.2,0.4,3.2,0.128,0.1,0.3,3.4,0.135,0.1375,-0.3999999999999999,0,1
5318,0.0,0.3333333333333333,4.333333333333333,0.20333333333333334,0.0,0.2,4.4,0.172,0.1,0.2,4.6,0.16599999999999998,-0.07142857142857142,-0.2666666666666666,0,8
5319,0.3333333333333333,0.3333333333333333,4.0,0.18666666666666668,0.2,0.4,3.6,0.152,0.1,0.3,3.7,0.13799999999999998,0.046153846153846156,0.2999999999999998,1,0
5320,0.0,0.0,5.0,0.10666666666666667,0.0,0.0,5.0,0.13799999999999998,0.0,0.0,5.0,0.162,0.0,0.0,0,14
5321,0.0,0.6666666666666666,3.3333333333333335,0.15333333333333332,0.2,0.8,2.6,0.148,0.14285714285714285,0.7142857142857143,2.857142857142857,0.15999999999999998,0.05714285714285716,0.4761904761904763,0,4
5322,0.0,0.0,5.333333333333333,0.13,0.0,0.0,5.6,0.146,0.0,0.1,4.7,0.174,0.0,0.6333333333333329,0,12
5323,0.0,0.0,4.333333333333333,0.22999999999999998,0.0,0.0,4.2,0.22800000000000004,0.0,0.0,4.2,0.20400000000000001,0.0,0.13333333333333286,0,13
5324,0.0,0.0,5.0,0.19666666666666666,0.0,0.0,5.2,0.188,0.0,0.0,5.142857142857143,0.19,0.0,-0.14285714285714324,0,7
5325,0.3333333333333333,0.3333333333333333,2.6666666666666665,0.14333333333333334,0.4,0.4,2.4,0.12800000000000003,0.2,0.3,3.1,0.16299999999999998,0.23333333333333336,-0.43333333333333357,0,2
5326,0.0,0.0,5.0,0.12333333333333334,0.0,0.0,4.6,0.15,0.1,0.2,4.0,0.176,-0.15384615384615385,1.0,0,7
5327,0.0,0.0,5.666666666666667,0.2333333333333333,0.0,0.0,5.6,0.22799999999999998,0.0,0.0,5.222222222222222,0.1822222222222222,0.0,0.44444444444444464,0,9
5328,0.3333333333333333,0.6666666666666666,2.3333333333333335,0.21333333333333335,0.2,0.4,2.6,0.22200000000000003,0.1,0.3,3.2,0.21100000000000002,0.1,-0.8666666666666667,0,1
5329,0.0,0.3333333333333333,4.0,0.15333333333333332,0.4,0.6,2.8,0.15799999999999997,0.2,0.4,3.5,0.16,0.24615384615384617,0.5,0,3
5330,0.6666666666666666,1.0,1.3333333333333333,0.07666666666666667,0.4,0.8,2.2,0.11200000000000002,0.3,0.6,2.6,0.14,0.12222222222222223,-1.2666666666666668,2,0
5331,0.0,0.0,4.333333333333333,0.20666666666666667,0.2,0.2,3.4,0.156,0.1,0.2,3.6,0.162,0.1375,0.733333333333333,0,3
5332,0.0,0.0,4.666666666666667,0.15000000000000002,0.2,0.2,4.2,0.158,0.1,0.5,3.4,0.15700000000000003,0.06666666666666668,1.266666666666667,0,4
5334,0.0,0.0,5.333333333333333,0.09000000000000001,0.0,0.0,5.4,0.12600000000000003,0.0,0.1,4.5,0.12500000000000003,0.0,0.833333333333333,0,16
5335,0.3333333333333333,0.3333333333333333,4.333333333333333,0.10333333333333333,0.2,0.2,5.0,0.13599999999999998,0.125,0.125,5.25,0.1925,0.07500000000000001,-0.916666666666667,1,0
5336,0.0,0.0,5.0,0.19000000000000003,0.0,0.0,5.2,0.21000000000000002,0.0,0.1,5.1,0.185,0.0,-0.09999999999999964,0,10
5337,0.0,0.0,5.0,0.19000000000000003,0.0,0.0,4.2,0.17600000000000002,0.0,0.1,4.1,0.198,0.0,0.9000000000000004,0,13
5338,0.3333333333333333,0.3333333333333333,3.0,0.14333333333333334,0.4,0.4,3.2,0.11800000000000002,0.3,0.3,3.7,0.12999999999999998,0.2,-0.7000000000000002,1,0
5339,0.0,0.0,4.0,0.22,0.0,0.0,3.6,0.196,0.14285714285714285,0.14285714285714285,3.142857142857143,0.18,-0.14285714285714285,0.8571428571428572,0,6
5340,0.0,0.0,4.666666666666667,0.17666666666666667,0.0,0.0,4.4,0.158,0.0,0.0,4.25,0.1425,0.0,0.41666666666666696,0,8
5341,0.0,0.0,6.0,0.20333333333333334,0.0,0.0,5.6,0.19,0.0,0.0,5.714285714285714,0.18142857142857144,0.0,0.2857142857142856,0,7
5342,0.0,0.0,5.666666666666667,0.26333333333333336,0.0,0.0,5.8,0.22399999999999998,0.0,0.0,5.714285714285714,0.18,0.0,-0.04761904761904745,0,7
5343,0.0,0.0,5.0,0.14,0.0,0.0,4.6,0.11000000000000001,0.0,0.0,4.7,0.124,0.0,0.2999999999999998,0,15
5344,0.0,0.3333333333333333,3.6666666666666665,0.07666666666666666,0.0,0.4,3.2,0.06999999999999999,0.1,0.4,3.3,0.096,-0.16666666666666666,0.3666666666666667,0,7
5345,0.0,0.0,6.0,0.18333333333333335,0.0,0.0,5.6,0.22600000000000003,0.0,0.0,5.222222222222222,0.2188888888888889,0.0,0.7777777777777777,0,9
5346,0.0,0.0,5.333333333333333,0.26,0.0,0.0,5.2,0.256,0.0,0.0,5.4,0.23700000000000002,0.0,-0.06666666666666732,0,10
5347,0.0,0.0,6.0,0.21666666666666667,0.0,0.0,5.8,0.22999999999999998,0.0,0.0,5.75,0.22250000000000003,0.0,0.25,0,8
5348,0.0,0.3333333333333333,3.3333333333333335,0.09999999999999999,0.0,0.2,3.8,0.11400000000000002,0.0,0.16666666666666666,4.166666666666667,0.13166666666666668,0.0,-0.8333333333333335,0,6
5349,0.0,0.0,5.666666666666667,0.2233333333333333,0.0,0.0,5.8,0.184,0.0,0.0,5.6,0.17500000000000002,0.0,0.06666666666666732,0,13
5350,0.0,0.0,4.333333333333333,0.12,0.2,0.4,3.2,0.146,0.1,0.3,3.3,0.12600000000000003,0.1411764705882353,1.0333333333333332,0,3
5351,0.3333333333333333,0.3333333333333333,3.3333333333333335,0.32,0.2,0.6,2.8,0.29799999999999993,0.1,0.4,3.3,0.209,0.07500000000000001,0.03333333333333366,0,2
5352,0.6666666666666666,0.6666666666666666,1.6666666666666667,0.10333333333333335,0.4,0.6,2.2,0.134,0.3333333333333333,0.6666666666666666,2.111111111111111,0.1388888888888889,0.06666666666666671,-0.4444444444444444,1,0
5353,0.0,0.0,4.666666666666667,0.27999999999999997,0.0,0.2,4.2,0.21599999999999997,0.0,0.1,4.7,0.2,-0.0625,-0.033333333333333215,0,13
5354,0.3333333333333333,0.3333333333333333,3.6666666666666665,0.19666666666666666,0.2,0.2,4.2,0.21799999999999997,0.125,0.25,3.875,0.20249999999999999,0.07500000000000001,-0.20833333333333348,1,0
5355,0.0,0.3333333333333333,4.333333333333333,0.06,0.0,0.2,5.0,0.09,0.0,0.1,5.2,0.11800000000000002,0.0,-0.8666666666666671,0,19
5356,0.0,0.0,3.6666666666666665,0.16333333333333333,0.2,0.2,3.4,0.16599999999999998,0.1111111111111111,0.1111111111111111,4.0,0.1933333333333333,0.0888888888888889,-0.3333333333333335,0,3
5357,0.0,0.3333333333333333,4.0,0.1366666666666667,0.0,0.2,4.6,0.152,0.0,0.16666666666666666,4.833333333333333,0.14,0.0,-0.833333333333333,0,6
5359,0.0,0.0,4.0,0.23666666666666666,0.0,0.0,4.4,0.20800000000000002,0.0,0.0,4.4,0.20800000000000002,0.0,-0.40000000000000036,0,5
5360,0.0,0.0,4.0,0.12,0.0,0.2,3.8,0.148,0.0,0.1,4.1,0.14,0.0,-0.09999999999999964,0,17
5361,0.0,0.0,4.666666666666667,0.18000000000000002,0.0,0.0,5.0,0.168,0.0,0.0,5.0,0.178,0.0,-0.33333333333333304,0,15
5362,0.0,0.0,4.666666666666667,0.19999999999999998,0.0,0.0,5.0,0.20999999999999996,0.0,0.0,4.857142857142857,0.20857142857142857,0.0,-0.1904761904761898,0,7
5363,0.0,0.0,6.0,0.16333333333333333,0.0,0.0,6.0,0.144,0.0,0.0,6.0,0.155,0.0,0.0,0,8
5364,0.0,0.0,4.333333333333333,0.12333333333333334,0.0,0.0,4.6,0.11200000000000002,0.0,0.0,4.5,0.13799999999999998,0.0,-0.16666666666666696,0,13
5365,0.0,0.0,5.666666666666667,0.26,0.0,0.0,5.0,0.23199999999999998,0.0,0.0,4.9,0.191,0.0,0.7666666666666666,0,11
5366,0.0,0.0,5.0,0.22,0.0,0.0,5.0,0.22,0.0,0.0,5.0,0.22,0.0,0.0,0,1
5367,0.0,0.0,5.0,0.2066666666666667,0.0,0.0,5.0,0.196,0.0,0.0,5.375,0.1925,0.0,-0.375,0,8
5368,0.3333333333333333,0.6666666666666666,2.0,0.16666666666666666,0.2,0.4,3.4,0.182,0.2,0.4,3.5,0.14900000000000002,0.0,-1.5,1,0
5369,0.0,0.0,3.6666666666666665,0.19999999999999998,0.0,0.2,3.6,0.16999999999999998,0.125,0.25,3.625,0.15125,-0.125,0.04166666666666652,0,5
5370,0.0,0.0,6.0,0.22333333333333336,0.0,0.0,6.0,0.21399999999999997,0.0,0.0,6.0,0.21399999999999997,0.0,0.0,0,5
5371,0.0,0.0,5.666666666666667,0.28,0.0,0.0,5.8,0.30400000000000005,0.0,0.0,5.857142857142857,0.27285714285714285,0.0,-0.1904761904761898,0,7
5372,0.0,0.0,5.0,0.14333333333333334,0.0,0.0,5.25,0.1375,0.0,0.0,5.25,0.1375,0.0,-0.25,0,4
5373,0.0,0.0,5.666666666666667,0.19666666666666668,0.0,0.0,5.8,0.17400000000000002,0.0,0.0,5.6,0.167,0.0,0.06666666666666732,0,14
5374,0.0,0.0,4.0,0.13,0.0,0.0,4.6,0.11400000000000002,0.0,0.0,4.666666666666667,0.12555555555555556,0.0,-0.666666666666667,0,9
5375,0.3333333333333333,0.3333333333333333,3.3333333333333335,0.27,0.2,0.4,3.4,0.21600000000000003,0.1,0.3,3.6,0.195,0.1,-0.2666666666666666,0,2
5376,0.0,0.0,4.0,0.14333333333333334,0.0,0.0,4.0,0.144,0.1,0.2,3.9,0.16999999999999998,-0.07692307692307693,0.10000000000000009,0,5
5377,0.0,0.0,5.666666666666667,0.19999999999999998,0.0,0.0,5.4,0.16199999999999998,0.0,0.1,4.7,0.14899999999999997,0.0,0.9666666666666668,0,17
5378,0.0,0.0,5.333333333333333,0.22,0.0,0.0,5.2,0.178,0.0,0.0,5.2,0.189,0.0,0.13333333333333286,0,12
5379,0.0,0.0,4.0,0.29,0.0,0.0,4.2,0.27399999999999997,0.0,0.0,4.5,0.215,0.0,-0.5,0,12
5380,0.0,0.0,6.0,0.29000000000000004,0.0,0.0,6.0,0.3,0.0,0.0,6.0,0.29000000000000004,0.0,0.0,0,13
5381,0.0,0.0,4.0,0.12666666666666668,0.0,0.0,4.8,0.156,0.0,0.0,4.833333333333333,0.15666666666666668,0.0,-0.833333333333333,0,6
5382,0.0,0.0,4.666666666666667,0.14,0.0,0.0,4.2,0.128,0.0,0.0,4.625,0.14500000000000002,0.0,0.04166666666666696,0,8
5383,0.0,0.0,5.333333333333333,0.16333333333333336,0.0,0.0,4.8,0.196,0.0,0.0,5.1,0.186,0.0,0.2333333333333334,0,15
5385,0.0,0.0,5.333333333333333,0.1466666666666667,0.0,0.0,4.8,0.15,0.0,0.0,4.9,0.15699999999999997,0.0,0.4333333333333327,0,16
5386,0.0,0.0,5.333333333333333,0.21,0.0,0.0,5.0,0.16,0.0,0.0,5.0,0.179,0.0,0.33333333333333304,0,17
5387,0.0,0.0,6.0,0.22,0.0,0.0,5.6,0.20400000000000001,0.0,0.0,5.7,0.213,0.0,0.2999999999999998,0,13
5388,0.3333333333333333,0.6666666666666666,2.6666666666666665,0.1433333333333333,0.2,0.4,3.6,0.11400000000000002,0.1,0.3,3.8,0.10800000000000001,0.1090909090909091,-1.1333333333333333,1,0
5389,0.0,0.0,4.666666666666667,0.23666666666666666,0.0,0.0,4.4,0.21800000000000003,0.0,0.0,4.4,0.21800000000000003,0.0,0.2666666666666666,0,5
5390,0.0,0.0,5.0,0.12666666666666668,0.0,0.0,4.8,0.13999999999999999,0.0,0.14285714285714285,4.571428571428571,0.13285714285714287,0.0,0.4285714285714288,0,7
5391,0.0,0.0,5.0,0.32,0.0,0.0,4.6,0.26,0.0,0.0,5.1,0.265,0.0,-0.09999999999999964,0,15
5392,0.0,0.0,5.666666666666667,0.2233333333333333,0.0,0.0,5.8,0.20600000000000002,0.0,0.0,5.857142857142857,0.18857142857142858,0.0,-0.1904761904761898,0,7
5393,0.0,0.0,5.333333333333333,0.26,0.0,0.0,5.4,0.22200000000000003,0.0,0.0,5.5,0.194,0.0,-0.16666666666666696,0,17
5394,0.0,0.0,4.0,0.07666666666666667,0.0,0.0,4.4,0.09800000000000002,0.0,0.0,4.5,0.15,0.0,-0.5,0,17
5395,0.0,0.0,6.0,0.2733333333333334,0.0,0.0,5.6,0.23000000000000004,0.0,0.0,5.7,0.202,0.0,0.2999999999999998,0,13
5396,0.0,0.0,5.666666666666667,0.2233333333333333,0.0,0.0,5.6,0.196,0.0,0.0,5.6,0.185,0.0,0.06666666666666732,0,13
5397,0.0,0.0,6.0,0.19666666666666668,0.0,0.0,6.0,0.22800000000000004,0.0,0.0,6.0,0.2416666666666667,0.0,0.0,0,6
5398,0.0,0.0,4.666666666666667,0.18333333333333335,0.0,0.0,4.2,0.18,0.0,0.0,4.6,0.181,0.0,0.06666666666666732,0,18
5399,0.0,0.0,5.0,0.2933333333333334,0.0,0.0,5.0,0.268,0.0,0.0,5.2,0.258,0.0,-0.20000000000000018,0,12
5400,0.0,0.0,4.666666666666667,0.17333333333333334,0.0,0.0,5.0,0.166,0.0,0.0,5.2,0.16199999999999998,0.0,-0.5333333333333332,0,15
5401,0.0,0.0,4.0,0.17,0.0,0.0,4.6,0.22400000000000003,0.0,0.125,4.5,0.26,0.0,-0.5,0,8
5403,0.0,0.0,4.333333333333333,0.24666666666666667,0.0,0.0,4.2,0.21600000000000003,0.0,0.0,4.0,0.24285714285714283,0.0,0.33333333333333304,0,7
5404,0.0,0.0,4.666666666666667,0.17,0.0,0.0,5.2,0.18,0.0,0.0,5.125,0.1975,0.0,-0.45833333333333304,0,8
5405,0.0,0.0,5.666666666666667,0.19000000000000003,0.0,0.0,5.8,0.172,0.1,0.1,5.0,0.159,-0.06666666666666667,0.666666666666667,0,8
5406,0.0,0.0,5.0,0.18666666666666668,0.0,0.0,5.4,0.21600000000000003,0.0,0.0,5.333333333333333,0.21999999999999997,0.0,-0.33333333333333304,0,6
5407,0.0,0.0,4.333333333333333,0.12666666666666668,0.0,0.0,4.0,0.11800000000000002,0.0,0.0,4.2,0.16799999999999998,0.0,0.13333333333333286,0,15
5409,0.0,0.0,6.0,0.4566666666666667,0.0,0.0,5.8,0.38800000000000007,0.0,0.0,5.444444444444445,0.28555555555555556,0.0,0.5555555555555554,0,9
5410,0.0,0.0,5.333333333333333,0.21,0.0,0.0,5.6,0.16999999999999998,0.0,0.0,5.6,0.181,0.0,-0.2666666666666666,0,16
5411,0.0,0.0,4.666666666666667,0.15,0.0,0.0,5.0,0.174,0.0,0.0,5.2,0.151,0.0,-0.5333333333333332,0,11
5412,0.0,0.0,5.333333333333333,0.16,0.0,0.0,5.4,0.162,0.0,0.0,5.3,0.152,0.0,0.033333333333333215,0,10
5413,0.0,0.0,5.666666666666667,0.15,0.0,0.0,5.8,0.148,0.0,0.0,5.9,0.158,0.0,-0.2333333333333334,0,11
5415,0.0,0.0,5.333333333333333,0.14333333333333334,0.0,0.0,5.6,0.192,0.0,0.0,5.8,0.189,0.0,-0.4666666666666668,0,10
5416,0.0,0.0,4.666666666666667,0.09666666666666668,0.0,0.0,4.6,0.10200000000000001,0.0,0.1,4.5,0.13000000000000003,-0.0625,0.16666666666666696,0,14
5417,0.0,0.0,5.333333333333333,0.21,0.0,0.0,5.2,0.202,0.0,0.0,5.125,0.2025,0.0,0.20833333333333304,0,8
5418,0.0,0.0,5.666666666666667,0.18333333333333335,0.0,0.0,5.8,0.21200000000000002,0.0,0.0,5.875,0.19125,0.0,-0.20833333333333304,0,8
5419,0.0,0.0,5.333333333333333,0.27,0.0,0.0,5.4,0.35,0.0,0.0,5.4,0.35,0.0,-0.06666666666666732,0,5
5420,0.0,0.0,6.0,0.265,0.0,0.0,6.0,0.265,0.0,0.0,6.0,0.265,0.0,0.0,0,2
5421,0.0,0.0,5.333333333333333,0.16333333333333333,0.0,0.0,5.4,0.16199999999999998,0.0,0.0,5.5,0.19166666666666674,0.0,-0.16666666666666696,0,6
5422,0.0,0.0,5.666666666666667,0.056666666666666664,0.0,0.0,5.8,0.06799999999999999,0.0,0.0,5.7,0.11600000000000002,0.0,-0.033333333333333215,0,12
5423,0.0,0.0,6.0,0.14333333333333334,0.0,0.0,6.0,0.29599999999999993,0.0,0.0,6.0,0.2642857142857143,0.0,0.0,0,7
5424,0.0,0.0,5.666666666666667,0.2333333333333333,0.0,0.0,5.8,0.196,0.0,0.0,5.9,0.26,0.0,-0.2333333333333334,0,12
5425,0.0,0.0,5.666666666666667,0.34,0.0,0.0,5.8,0.294,0.0,0.0,5.777777777777778,0.29222222222222227,0.0,-0.11111111111111072,0,9
5426,0.0,0.0,6.0,0.15333333333333335,0.0,0.0,6.0,0.21200000000000002,0.0,0.0,5.9,0.183,0.0,0.09999999999999964,0,11
5427,0.0,0.0,4.666666666666667,0.23666666666666666,0.0,0.0,4.6,0.21799999999999997,0.0,0.0,5.0,0.223,0.0,-0.33333333333333304,0,15
5428,0.0,0.0,6.0,0.10999999999999999,0.0,0.0,6.0,0.126,0.0,0.0,5.9,0.184,0.0,0.09999999999999964,0,10
5429,0.0,0.0,5.666666666666667,0.15666666666666665,0.0,0.0,5.6,0.16799999999999998,0.0,0.0,5.75,0.22875,0.0,-0.08333333333333304,0,8
5430,0.0,0.0,5.0,0.24666666666666667,0.0,0.0,5.2,0.18,0.0,0.0,5.375,0.18,0.0,-0.375,0,8
5431,0.0,0.0,6.0,0.11666666666666665,0.0,0.0,6.0,0.126,0.0,0.0,6.0,0.15,0.0,0.0,0,7
5432,0.0,0.0,5.666666666666667,0.14333333333333334,0.0,0.0,5.6,0.14200000000000002,0.0,0.0,5.3,0.172,0.0,0.36666666666666714,0,12
5433,0.0,0.0,5.333333333333333,0.33,0.0,0.0,5.6,0.31399999999999995,0.0,0.125,5.25,0.28875,0.0,0.08333333333333304,0,8
5435,0.0,0.0,5.666666666666667,0.27999999999999997,0.0,0.0,5.4,0.23399999999999999,0.0,0.0,5.5,0.24000000000000002,0.0,0.16666666666666696,0,6
5436,0.0,0.0,6.0,0.27666666666666667,0.0,0.0,6.0,0.26399999999999996,0.0,0.0,6.0,0.26111111111111107,0.0,0.0,0,9
5437,0.0,0.0,5.333333333333333,0.22333333333333336,0.0,0.0,5.6,0.268,0.0,0.0,5.666666666666667,0.29,0.0,-0.3333333333333339,0,6
5438,0.0,0.0,6.0,0.16,0.0,0.0,6.0,0.188,0.0,0.0,6.0,0.19500000000000003,0.0,0.0,0,6
5439,0.0,0.0,6.0,0.23666666666666666,0.0,0.0,6.0,0.22000000000000003,0.0,0.0,5.888888888888889,0.19444444444444445,0.0,0.11111111111111072,0,9
5440,0.0,0.0,6.0,0.09000000000000001,0.0,0.0,6.0,0.118,0.0,0.0,5.75,0.12375,0.0,0.25,0,8
5441,0.0,0.0,4.333333333333333,0.26,0.0,0.2,3.8,0.242,0.1,0.2,4.2,0.24500000000000002,-0.14285714285714285,0.13333333333333286,0,5
5442,0.0,0.0,5.666666666666667,0.22666666666666666,0.0,0.0,5.6,0.21200000000000002,0.0,0.0,5.714285714285714,0.23571428571428574,0.0,-0.04761904761904745,0,7
5443,0.0,0.0,6.0,0.29,0.0,0.0,6.0,0.34199999999999997,0.0,0.0,5.857142857142857,0.3285714285714286,0.0,0.14285714285714324,0,7
5444,0.0,0.0,5.666666666666667,0.22999999999999998,0.0,0.0,5.8,0.238,0.0,0.0,5.777777777777778,0.21555555555555556,0.0,-0.11111111111111072,0,9
