date,jyo_cd,jyo_name,race_no,course,racer_id,motor_no,boat_no,st,tenji_time,race_time,rank,kimarite,race_type,weather,wind_speed,wave,boat
2025-01-01,24,大村,1,1,3527,57,59,0.13,6.87,1.48.5,1,逃げ,予選,晴,2,1,1
2025-01-01,24,大村,1,2,4603,29,53,0.1,6.82,1.49.1,2,,予選,晴,2,1,2
2025-01-01,24,大村,1,5,5048,40,51,0.16,6.86,1.50.7,3,,予選,晴,2,1,4
2025-01-01,24,大村,1,3,3843,43,48,0.14,6.9,1.52.0,4,,予選,晴,2,1,3
2025-01-01,24,大村,1,4,3906,75,75,0.18,6.88,,5,,予選,晴,2,1,6
2025-01-01,24,大村,1,6,5335,65,65,0.27,6.91,,6,,予選,晴,2,1,5
2025-01-01,24,大村,2,2,4315,62,27,0.11,6.75,1.49.0,1,差し,予選,晴,2,1,2
2025-01-01,24,大村,2,1,4004,60,73,0.07,6.84,1.50.5,2,,予選,晴,2,1,1
2025-01-01,24,大村,2,3,5129,58,64,0.11,6.95,1.50.9,3,,予選,晴,2,1,3
2025-01-01,24,大村,2,5,4705,73,69,0.09,6.96,1.53.0,4,,予選,晴,2,1,5
2025-01-01,24,大村,2,6,4094,52,37,0.07,6.85,,5,,予選,晴,2,1,6
2025-01-01,24,大村,2,4,3722,19,30,0.17,6.89,,6,,予選,晴,2,1,4
2025-01-01,24,大村,3,1,4213,23,29,0.1,6.83,1.49.1,1,逃げ,予選,晴,2,1,1
2025-01-01,24,大村,3,6,4497,55,68,0.17,6.81,1.49.6,2,,予選,晴,2,1,6
2025-01-01,24,大村,3,2,3777,34,58,0.07,6.86,1.51.0,3,,予選,晴,2,1,2
2025-01-01,24,大村,3,3,4919,49,72,0.11,6.9,1.52.5,4,,予選,晴,2,1,3
2025-01-01,24,大村,3,5,4990,28,15,0.21,6.82,,5,,予選,晴,2,1,5
2025-01-01,24,大村,3,4,5223,35,11,0.21,6.82,,6,,予選,晴,2,1,4
2025-01-01,24,大村,4,3,5086,11,23,0.06,6.85,1.48.9,1,まくり,予選,晴,2,1,3
2025-01-01,24,大村,4,4,4861,44,57,0.13,6.81,1.50.1,2,,予選,晴,2,1,4
2025-01-01,24,大村,4,5,3779,46,71,0.09,6.88,1.50.9,3,,予選,晴,2,1,5
2025-01-01,24,大村,4,2,4248,64,16,0.24,6.9,1.53.5,4,,予選,晴,2,1,2
2025-01-01,24,大村,4,6,3773,36,32,0.58,6.85,,5,,予選,晴,2,1,6
2025-01-01,24,大村,4,1,4060,24,36,0.16,6.87,,6,,予選,晴,2,1,1
2025-01-01,24,大村,5,3,4352,20,66,0.11,6.82,1.47.7,1,まくり差し,予選,晴,1,1,3
2025-01-01,24,大村,5,1,3964,31,60,0.15,6.81,1.49.3,2,,予選,晴,1,1,1
2025-01-01,24,大村,5,4,4171,21,34,0.18,6.83,1.50.4,3,,予選,晴,1,1,4
2025-01-01,24,大村,5,6,4299,54,76,0.19,6.86,1.52.0,4,,予選,晴,1,1,6
2025-01-01,24,大村,5,2,5117,32,31,0.17,6.78,,5,,予選,晴,1,1,2
2025-01-01,24,大村,5,5,4803,50,24,0.2,6.83,,6,,予選,晴,1,1,5
2025-01-01,24,大村,6,5,4096,22,38,0.05,6.82,1.48.8,1,まくり差し,予選,晴,1,1,5
2025-01-01,24,大村,6,3,4241,15,50,0.05,6.84,1.49.5,2,,予選,晴,1,1,3
2025-01-01,24,大村,6,2,4100,74,56,0.06,6.83,1.51.2,3,,予選,晴,1,1,2
2025-01-01,24,大村,6,1,4705,73,69,0.06,6.87,1.52.7,4,,予選,晴,1,1,1
2025-01-01,24,大村,6,4,5261,27,39,0.06,6.91,,5,,予選,晴,1,1,4
2025-01-01,24,大村,6,6,5227,71,47,0.1,6.83,,6,,予選,晴,1,1,6
2025-01-01,24,大村,7,3,4553,53,61,0.07,6.85,1.48.2,1,まくり差し,予選,晴,1,1,3
2025-01-01,24,大村,7,1,4259,26,41,0.05,6.84,1.49.5,2,,予選,晴,1,1,1
2025-01-01,24,大村,7,5,4603,29,53,0.11,6.82,1.51.1,3,,予選,晴,1,1,5
2025-01-01,24,大村,7,4,4213,23,29,0.09,6.83,1.52.9,4,,予選,晴,1,1,4
2025-01-01,24,大村,7,6,5271,51,63,0.1,6.81,,5,,予選,晴,1,1,6
2025-01-01,24,大村,7,2,4094,52,37,0.12,6.87,,6,,予選,晴,1,1,2
2025-01-01,24,大村,8,1,3742,13,22,0.12,6.89,1.49.1,1,逃げ,予選,晴,1,1,1
2025-01-01,24,大村,8,2,4966,68,44,0.14,6.9,1.50.7,2,,予選,晴,1,1,2
2025-01-01,24,大村,8,4,4715,66,55,0.22,6.85,1.51.7,3,,予選,晴,1,1,4
2025-01-01,24,大村,8,3,4004,60,73,0.15,6.87,1.52.7,4,,予選,晴,1,1,3
2025-01-01,24,大村,8,6,5048,40,51,0.25,6.84,,5,,予選,晴,1,1,6
2025-01-01,24,大村,8,5,4060,24,36,0.27,6.91,,6,,予選,晴,1,1,5
2025-01-01,24,大村,9,1,3944,67,19,0.12,6.84,1.48.4,1,逃げ,予選,晴,1,1,1
2025-01-01,24,大村,9,4,5102,14,49,0.19,6.78,1.49.6,2,,予選,晴,1,1,4
2025-01-01,24,大村,9,5,3964,31,60,0.19,6.82,1.51.1,3,,予選,晴,1,1,5
2025-01-01,24,大村,9,2,3773,36,32,0.18,6.83,1.52.1,4,,予選,晴,1,1,2
2025-01-01,24,大村,9,3,4695,56,28,0.21,6.87,,5,,予選,晴,1,1,3
2025-01-01,24,大村,9,6,4919,49,72,0.17,6.85,,6,,予選,晴,1,1,6
2025-01-01,24,大村,10,1,5129,58,64,0.23,6.9,1.46.8,1,抜き,予選,晴,1,1,1
2025-01-01,24,大村,10,2,3871,69,13,0.22,6.84,1.49.3,2,,予選,晴,1,1,2
2025-01-01,24,大村,10,6,5117,32,31,0.26,6.79,1.51.1,3,,予選,晴,1,1,6
2025-01-01,24,大村,10,4,5335,65,65,0.21,6.87,1.52.0,4,,予選,晴,1,1,4
2025-01-01,24,大村,10,3,5195,17,52,0.18,6.85,,5,,予選,晴,1,1,3
2025-01-01,24,大村,10,5,5227,71,47,0.23,6.85,,6,,予選,晴,1,1,5
2025-01-01,24,大村,11,1,4171,21,34,0.14,6.84,1.48.2,1,逃げ,予選特選,晴,1,1,1
2025-01-01,24,大村,11,2,4241,15,50,0.18,6.83,1.49.7,2,,予選特選,晴,1,1,2
2025-01-01,24,大村,11,4,4259,26,41,0.17,6.84,1.51.1,3,,予選特選,晴,1,1,4
2025-01-01,24,大村,11,5,3777,34,58,0.2,6.87,1.52.2,4,,予選特選,晴,1,1,5
2025-01-01,24,大村,11,6,4315,62,27,0.21,6.74,,5,,予選特選,晴,1,1,6
2025-01-01,24,大村,11,3,3527,57,59,0.15,6.87,,6,,予選特選,晴,1,1,3
2025-01-01,24,大村,12,3,4497,55,68,0.09,6.8,1.48.0,1,まくり差し,発祥地選抜,晴,1,1,3
2025-01-01,24,大村,12,1,3779,46,71,0.1,6.8,1.48.5,2,,発祥地選抜,晴,1,1,1
2025-01-01,24,大村,12,6,4553,53,61,0.12,6.83,1.49.9,3,,発祥地選抜,晴,1,1,6
2025-01-01,24,大村,12,4,4352,20,66,0.09,6.84,1.50.9,4,,発祥地選抜,晴,1,1,4
2025-01-01,24,大村,12,5,4715,66,55,0.08,6.84,,5,,発祥地選抜,晴,1,1,5
2025-01-01,24,大村,12,2,4096,22,38,0.11,6.82,,6,,発祥地選抜,晴,1,1,2
2025-01-01,23,唐津,1,1,4503,19,45,0.17,6.72,1.48.7,1,逃げ,朝１戦予選,晴,2,2,1
2025-01-01,23,唐津,1,2,4092,17,43,0.16,6.7,1.49.9,2,,朝１戦予選,晴,2,2,2
2025-01-01,23,唐津,1,3,5276,37,81,0.21,6.71,1.51.0,3,,朝１戦予選,晴,2,2,3
2025-01-01,23,唐津,1,4,3471,50,36,0.14,6.76,1.51.9,4,,朝１戦予選,晴,2,2,4
2025-01-01,23,唐津,1,6,5351,69,61,0.06,6.7,1.54.3,5,,朝１戦予選,晴,2,2,6
2025-01-01,23,唐津,1,5,4724,68,78,0.11,6.74,1.56.3,6,,朝１戦予選,晴,2,2,5
2025-01-01,23,唐津,2,3,4027,53,54,0.19,6.67,1.48.3,1,まくり,モー２ング,晴,3,3,3
2025-01-01,23,唐津,2,1,5142,11,58,0.31,6.62,1.49.9,2,,モー２ング,晴,3,3,1
2025-01-01,23,唐津,2,4,4873,54,52,0.35,6.75,1.52.2,3,,モー２ング,晴,3,3,4
2025-01-01,23,唐津,2,6,5338,25,37,0.29,6.69,1.53.3,4,,モー２ング,晴,3,3,6
2025-01-01,23,唐津,2,2,4112,12,62,0.33,6.73,1.54.8,5,,モー２ング,晴,3,3,2
2025-01-01,23,唐津,2,5,3211,18,34,0.36,6.82,1.56.2,6,,モー２ング,晴,3,3,5
2025-01-01,23,唐津,3,1,4515,60,86,0.27,6.66,1.56.0,1,逃げ,３ライズ戦,晴,3,3,1
2025-01-01,23,唐津,3,3,4661,62,55,0.3,6.7,1.59.0,2,,３ライズ戦,晴,3,3,3
2025-01-01,23,唐津,3,6,3459,55,47,0.34,6.73,2.01.2,3,,３ライズ戦,晴,3,3,6
2025-01-01,23,唐津,3,4,4753,67,64,0.26,6.75,2.03.0,4,,３ライズ戦,晴,3,3,4
2025-01-01,23,唐津,3,2,5307,48,72,0.27,6.76,2.05.3,5,,３ライズ戦,晴,3,3,2
2025-01-01,23,唐津,4,4,4445,20,79,0.14,6.66,1.48.7,1,まくり差し,予選,晴,3,3,4
2025-01-01,23,唐津,4,1,3998,43,84,0.17,6.69,1.50.2,2,,予選,晴,3,3,1
2025-01-01,23,唐津,4,3,4892,51,87,0.23,6.66,1.52.0,3,,予選,晴,3,3,3
2025-01-01,23,唐津,4,5,4652,39,88,0.19,6.71,1.52.8,4,,予選,晴,3,3,5
2025-01-01,23,唐津,4,2,4252,58,39,0.23,6.74,1.54.4,5,,予選,晴,3,3,2
2025-01-01,23,唐津,4,6,5382,66,44,0.21,6.71,1.54.5,6,,予選,晴,3,3,6
2025-01-01,23,唐津,5,1,4552,31,49,0.22,6.68,1.50.1,1,逃げ,予選,晴,3,3,1
2025-01-01,23,唐津,5,2,4718,47,53,0.25,6.75,1.50.8,2,,予選,晴,3,3,2
2025-01-01,23,唐津,5,5,3974,32,73,0.32,6.69,1.52.8,3,,予選,晴,3,3,6
2025-01-01,23,唐津,5,3,4879,40,67,0.23,6.73,1.54.9,4,,予選,晴,3,3,3
2025-01-01,23,唐津,5,6,5351,69,61,0.12,6.75,1.55.3,5,,予選,晴,3,3,5
2025-01-01,23,唐津,5,4,4301,30,46,0.29,6.76,1.57.2,6,,予選,晴,3,3,4
2025-01-01,23,唐津,6,1,4873,54,52,0.15,6.69,1.48.3,1,逃げ,予選,晴,2,2,1
2025-01-01,23,唐津,6,2,4734,41,51,0.11,6.64,1.50.9,2,,予選,晴,2,2,2
2025-01-01,23,唐津,6,3,5124,36,90,0.15,6.66,1.51.5,3,,予選,晴,2,2,3
2025-01-01,23,唐津,6,4,3953,26,83,0.09,6.72,1.52.4,4,,予選,晴,2,2,4
2025-01-01,23,唐津,6,6,4866,23,76,0.06,6.71,1.54.4,5,,予選,晴,2,2,6
2025-01-01,23,唐津,6,5,5014,22,31,0.05,6.72,1.55.1,6,,予選,晴,2,2,5
2025-01-01,23,唐津,7,3,4320,56,89,0.12,6.79,1.48.9,1,まくり差し,予選,晴,2,2,3
2025-01-01,23,唐津,7,4,3617,16,80,0.11,6.74,1.49.5,2,,予選,晴,2,2,5
2025-01-01,23,唐津,7,1,4006,46,70,0.12,6.66,1.51.4,3,,予選,晴,2,2,1
2025-01-01,23,唐津,7,2,3459,55,47,0.12,6.74,1.53.5,4,,予選,晴,2,2,2
2025-01-01,23,唐津,7,5,5338,25,37,0.12,6.74,1.55.1,5,,予選,晴,2,2,4
2025-01-01,23,唐津,7,6,3752,64,77,0.09,6.8,1.57.2,6,,予選,晴,2,2,6
2025-01-01,23,唐津,8,1,4027,53,54,0.21,6.64,1.49.5,1,逃げ,予選,晴,1,1,1
2025-01-01,23,唐津,8,4,4092,17,43,0.15,6.75,1.50.4,2,,予選,晴,1,1,6
2025-01-01,23,唐津,8,2,4661,62,55,0.21,6.73,1.52.4,3,,予選,晴,1,1,2
2025-01-01,23,唐津,8,3,3211,18,34,0.17,6.76,1.53.7,4,,予選,晴,1,1,3
2025-01-01,23,唐津,8,5,3714,28,69,0.18,6.73,1.55.5,5,,予選,晴,1,1,4
2025-01-01,23,唐津,8,6,4252,58,39,0.18,6.73,2.05.6,6,,予選,晴,1,1,5
2025-01-01,23,唐津,9,1,4879,40,67,0.07,6.75,1.48.3,1,逃げ,予選,晴,1,1,1
2025-01-01,23,唐津,9,4,5142,11,58,0.09,6.72,1.49.8,2,,予選,晴,1,1,4
2025-01-01,23,唐津,9,2,4301,30,46,0.1,6.86,1.51.2,3,,予選,晴,1,1,2
2025-01-01,23,唐津,9,5,5307,48,72,0.14,6.8,1.52.2,4,,予選,晴,1,1,5
2025-01-01,23,唐津,9,6,3892,21,32,0.16,6.79,1.54.1,5,,予選,晴,1,1,6
2025-01-01,23,唐津,9,3,3471,50,36,0.16,6.85,1.58.0,6,,予選,晴,1,1,3
2025-01-01,23,唐津,10,1,4652,39,88,0.03,6.75,1.48.9,1,逃げ,予選特賞,晴,1,1,1
2025-01-01,23,唐津,10,2,5276,37,81,0.03,6.8,1.50.0,2,,予選特賞,晴,1,1,2
2025-01-01,23,唐津,10,4,5084,42,41,0.06,6.81,1.51.4,3,,予選特賞,晴,1,1,4
2025-01-01,23,唐津,10,5,4892,51,87,0.13,6.75,1.52.7,4,,予選特賞,晴,1,1,6
2025-01-01,23,唐津,10,3,4753,67,64,0.03,6.79,1.53.0,5,,予選特賞,晴,1,1,3
2025-01-01,23,唐津,10,6,3953,26,83,0.11,6.88,1.55.8,6,,予選特賞,晴,1,1,5
2025-01-01,23,唐津,11,1,4445,20,79,0.05,6.66,1.48.3,1,逃げ,予選特選,晴,2,2,1
2025-01-01,23,唐津,11,6,5124,36,90,0.03,6.71,1.50.6,2,,予選特選,晴,2,2,6
2025-01-01,23,唐津,11,3,4866,23,76,0.08,6.84,1.51.7,3,,予選特選,晴,2,2,3
2025-01-01,23,唐津,11,2,4196,61,38,0.09,6.72,1.53.0,4,,予選特選,晴,2,2,2
2025-01-01,23,唐津,11,4,4006,46,70,0.17,6.75,1.53.9,5,,予選特選,晴,2,2,4
2025-01-01,23,唐津,11,5,4112,12,62,0.13,6.78,1.55.4,6,,予選特選,晴,2,2,5
2025-01-01,23,唐津,12,1,4320,56,89,0.08,6.73,1.48.3,1,逃げ,選抜戦（Ａ,晴,1,1,1
2025-01-01,23,唐津,12,3,4503,19,45,0.07,6.84,1.50.2,2,,選抜戦（Ａ,晴,1,1,3
2025-01-01,23,唐津,12,4,4718,47,53,0.08,6.79,1.51.7,3,,選抜戦（Ａ,晴,1,1,4
2025-01-01,23,唐津,12,2,5014,22,50,0.06,6.79,1.52.4,4,,選抜戦（Ａ,晴,1,1,2
2025-01-01,23,唐津,12,6,4515,60,86,0.11,6.82,1.53.9,5,,選抜戦（Ａ,晴,1,1,6
2025-01-01,23,唐津,12,5,3998,43,84,0.12,6.82,1.55.9,6,,選抜戦（Ａ,晴,1,1,5
2025-01-01,21,芦屋,1,1,4932,45,25,0.13,6.7,1.45.3,1,逃げ,サンライズ,晴,1,1,1
2025-01-01,21,芦屋,1,3,4709,55,68,0.13,6.77,1.49.3,2,,サンライズ,晴,1,1,3
2025-01-01,21,芦屋,1,6,5105,11,22,0.21,6.83,1.51.0,3,,サンライズ,晴,1,1,6
2025-01-01,21,芦屋,1,4,3444,42,53,0.15,6.77,1.52.8,4,,サンライズ,晴,1,1,4
2025-01-01,21,芦屋,1,5,3928,7,38,0.24,6.81,,5,,サンライズ,晴,1,1,5
2025-01-01,21,芦屋,1,2,5330,16,64,0.12,6.75,,6,,サンライズ,晴,1,1,2
2025-01-01,21,芦屋,2,4,3783,56,19,0.14,6.74,1.46.4,1,まくり,サンライズ,晴,1,1,4
2025-01-01,21,芦屋,2,5,4669,13,14,0.17,6.78,1.48.1,2,,サンライズ,晴,1,1,5
2025-01-01,21,芦屋,2,6,5093,35,18,0.16,6.81,1.48.5,3,,サンライズ,晴,1,1,6
2025-01-01,21,芦屋,2,1,4363,41,54,0.24,6.72,1.50.2,4,,サンライズ,晴,1,1,1
2025-01-01,21,芦屋,2,2,5008,27,60,0.15,6.79,,5,,サンライズ,晴,1,1,2
2025-01-01,21,芦屋,2,3,4874,14,52,0.13,6.85,,6,,サンライズ,晴,1,1,3
2025-01-01,21,芦屋,3,3,4848,47,48,0.09,6.78,1.51.9,1,まくり,サンライズ,晴,1,1,3
2025-01-01,21,芦屋,3,4,3986,40,51,0.12,6.79,1.54.0,2,,サンライズ,晴,1,1,4
2025-01-01,21,芦屋,3,5,4463,25,46,0.11,6.73,1.58.5,3,,サンライズ,晴,1,1,5
2025-01-01,21,芦屋,3,1,4588,30,30,0.15,6.76,1.59.7,4,,サンライズ,晴,1,1,1
2025-01-01,21,芦屋,3,2,4947,21,45,0.19,6.75,,5,,サンライズ,晴,1,1,2
2025-01-01,21,芦屋,4,1,4189,49,24,0.16,6.73,1.48.2,1,逃げ,サンライズ,晴,1,1,1
2025-01-01,21,芦屋,4,2,5203,9,67,0.18,6.73,1.48.5,2,,サンライズ,晴,1,1,2
2025-01-01,21,芦屋,4,3,4406,23,20,0.19,6.69,1.50.4,3,,サンライズ,晴,1,1,3
2025-01-01,21,芦屋,4,5,4268,59,42,0.21,6.76,1.52.0,4,,サンライズ,晴,1,1,5
2025-01-01,21,芦屋,4,6,4513,15,21,0.19,6.72,,5,,サンライズ,晴,1,1,6
2025-01-01,21,芦屋,4,4,5162,29,65,0.23,6.75,,6,,サンライズ,晴,1,1,4
2025-01-01,21,芦屋,5,1,4544,26,17,0.19,6.68,1.47.5,1,逃げ,サンライズ,晴,1,1,1
2025-01-01,21,芦屋,5,3,4936,60,37,0.24,6.75,1.49.1,2,,サンライズ,晴,1,1,3
2025-01-01,21,芦屋,5,5,4674,31,57,0.22,6.75,1.50.1,3,,サンライズ,晴,1,1,5
2025-01-01,21,芦屋,5,2,4394,8,66,0.24,6.79,1.51.2,4,,サンライズ,晴,1,1,2
2025-01-01,21,芦屋,5,4,4474,44,56,0.21,6.76,,5,,サンライズ,晴,1,1,4
2025-01-01,21,芦屋,5,6,4155,5,35,0.21,6.7,,6,,サンライズ,晴,1,1,6
2025-01-01,21,芦屋,6,1,4346,2,31,0.07,6.74,1.47.8,1,逃げ,予選,晴,1,1,1
2025-01-01,21,芦屋,6,3,4193,1,32,0.19,6.71,1.49.7,2,,予選,晴,1,1,2
2025-01-01,21,芦屋,6,2,4874,14,52,0.13,6.83,1.50.9,3,,予選,晴,1,1,5
2025-01-01,21,芦屋,6,4,4403,4,69,0.14,6.72,1.51.1,4,,予選,晴,1,1,3
2025-01-01,21,芦屋,6,6,5193,6,16,0.11,6.73,,5,,予選,晴,1,1,6
2025-01-01,21,芦屋,6,5,5105,11,22,0.13,6.8,,6,,予選,晴,1,1,4
2025-01-01,21,芦屋,7,1,3825,3,34,0.06,6.75,1.49.9,1,逃げ,予選,晴,1,1,1
2025-01-01,21,芦屋,7,4,5177,17,49,0.14,6.8,1.50.5,2,,予選,晴,1,1,4
2025-01-01,21,芦屋,7,3,4947,21,45,0.08,6.71,1.50.9,3,,予選,晴,1,1,3
2025-01-01,21,芦屋,7,2,3928,7,38,0.11,6.82,1.52.5,4,,予選,晴,1,1,2
2025-01-01,21,芦屋,7,5,5008,27,60,0.12,6.77,,5,,予選,晴,1,1,5
2025-01-01,21,芦屋,7,6,4764,43,47,0.15,6.73,,6,,予選,晴,1,1,6
2025-01-01,21,芦屋,8,4,4287,39,29,0.11,6.83,1.48.5,1,差し,予選,晴,2,2,4
2025-01-01,21,芦屋,8,6,3853,38,61,0.12,6.77,1.49.8,2,,予選,晴,2,2,6
2025-01-01,21,芦屋,8,1,3986,40,51,0.17,6.79,1.50.4,3,,予選,晴,2,2,1
2025-01-01,21,芦屋,8,2,4513,15,21,0.14,6.8,1.52.1,4,,予選,晴,2,2,2
2025-01-01,21,芦屋,8,3,5330,16,64,0.15,6.86,,5,,予選,晴,2,2,3
2025-01-01,21,芦屋,8,5,5158,33,26,0.11,6.81,,6,,予選,晴,2,2,5
2025-01-01,21,芦屋,9,1,3523,51,28,0.11,6.76,1.48.0,1,逃げ,予選,晴,2,2,1
2025-01-01,21,芦屋,9,2,4669,13,14,0.11,6.82,1.49.1,2,,予選,晴,2,2,2
2025-01-01,21,芦屋,9,4,4709,55,68,0.17,6.79,1.49.5,3,,予選,晴,2,2,4
2025-01-01,21,芦屋,9,3,4189,49,24,0.13,6.79,1.51.8,4,,予選,晴,2,2,3
2025-01-01,21,芦屋,9,5,5203,9,67,0.14,6.78,,5,,予選,晴,2,2,5
2025-01-01,21,芦屋,9,6,4674,31,57,0.21,6.82,,6,,予選,晴,2,2,6
2025-01-01,21,芦屋,10,5,4932,45,25,0.17,6.86,1.47.1,1,まくり差し,予選,晴,2,2,5
2025-01-01,21,芦屋,10,4,4346,2,31,0.12,6.8,1.50.2,2,,予選,晴,2,2,4
2025-01-01,21,芦屋,10,3,4544,26,17,0.22,6.79,1.51.9,3,,予選,晴,2,2,3
2025-01-01,21,芦屋,10,1,4463,25,46,0.25,6.8,1.53.1,4,,予選,晴,2,2,1
2025-01-01,21,芦屋,10,6,3444,42,53,0.12,6.8,,5,,予選,晴,2,2,6
2025-01-01,21,芦屋,10,2,4936,60,37,0.25,6.83,,6,,予選,晴,2,2,2
2025-01-01,21,芦屋,11,3,4364,54,62,0.14,6.79,1.48.1,1,まくり差し,予選特選,晴,1,1,3
2025-01-01,21,芦屋,11,1,4424,37,55,0.17,6.65,1.49.1,2,,予選特選,晴,1,1,1
2025-01-01,21,芦屋,11,4,4193,1,32,0.09,6.75,1.49.7,3,,予選特選,晴,1,1,6
2025-01-01,21,芦屋,11,5,5093,35,18,0.05,6.82,1.50.2,4,,予選特選,晴,1,1,4
2025-01-01,21,芦屋,11,2,4588,30,30,0.16,6.79,,5,,予選特選,晴,1,1,2
2025-01-01,21,芦屋,11,6,4406,23,20,0.09,6.7,,6,,予選特選,晴,1,1,5
2025-01-01,21,芦屋,12,1,4848,47,48,0.14,6.77,1.47.0,1,逃げ,あしや特選,晴,2,2,1
2025-01-01,21,芦屋,12,5,3783,56,19,0.19,6.75,1.49.3,2,,あしや特選,晴,2,2,5
2025-01-01,21,芦屋,12,2,3853,38,61,0.19,6.8,1.50.0,3,,あしや特選,晴,2,2,2
2025-01-01,21,芦屋,12,3,4363,41,54,0.14,6.84,1.50.5,4,,あしや特選,晴,2,2,3
2025-01-01,21,芦屋,12,4,5193,6,16,0.15,6.78,,5,,あしや特選,晴,2,2,4
2025-01-01,21,芦屋,12,6,4287,39,29,0.15,6.82,,6,,あしや特選,晴,2,2,6
2025-01-01,20,若松,1,1,5210,54,32,0.11,6.74,1.49.1,1,逃げ,予選,晴,3,3,1
2025-01-01,20,若松,1,5,3869,27,30,0.24,6.83,1.51.1,2,,予選,晴,3,3,5
2025-01-01,20,若松,1,4,3726,39,12,0.17,6.78,1.53.1,3,,予選,晴,3,3,4
2025-01-01,20,若松,1,3,4204,30,65,0.25,6.67,1.53.6,4,,予選,晴,3,3,3
2025-01-01,20,若松,1,6,5358,25,34,0.28,6.79,,5,,予選,晴,3,3,6
2025-01-01,20,若松,1,2,5131,26,50,0.22,6.79,,6,,予選,晴,3,3,2
2025-01-01,20,若松,2,1,5148,9,24,0.14,6.84,1.49.7,1,逃げ,予選,晴,2,2,1
2025-01-01,20,若松,2,3,4545,7,69,0.12,6.77,1.50.2,2,,予選,晴,2,2,3
2025-01-01,20,若松,2,6,4234,52,72,0.13,6.94,1.52.2,3,,予選,晴,2,2,6
2025-01-01,20,若松,2,2,4942,60,43,0.15,6.77,1.52.4,4,,予選,晴,2,2,2
2025-01-01,20,若松,2,4,3566,59,45,0.16,6.94,,5,,予選,晴,2,2,4
2025-01-01,20,若松,2,5,4487,43,58,0.13,6.88,,6,,予選,晴,2,2,5
2025-01-01,20,若松,3,6,5032,1,36,0.13,6.82,1.48.7,1,抜き,予選,晴,1,1,6
2025-01-01,20,若松,3,4,3662,5,68,0.1,6.86,1.51.0,2,,予選,晴,1,1,4
2025-01-01,20,若松,3,2,4549,34,44,0.23,6.78,1.52.3,3,,予選,晴,1,1,2
2025-01-01,20,若松,3,1,4393,58,27,0.14,6.85,1.53.5,4,,予選,晴,1,1,1
2025-01-01,20,若松,3,5,4296,36,55,0.13,6.86,,5,,予選,晴,1,1,5
2025-01-01,20,若松,3,3,5277,32,18,0.21,6.82,,6,,予選,晴,1,1,3
2025-01-01,20,若松,4,5,4504,46,25,0.11,6.75,1.48.2,1,まくり,予選,晴,2,2,5
2025-01-01,20,若松,4,4,4351,48,26,0.22,6.77,1.50.0,2,,予選,晴,2,2,4
2025-01-01,20,若松,4,2,4034,24,49,0.21,6.86,1.52.2,3,,予選,晴,2,2,2
2025-01-01,20,若松,4,1,4232,18,23,0.17,6.86,1.54.8,4,,予選,晴,2,2,1
2025-01-01,20,若松,4,3,5198,62,64,0.17,6.8,,5,,予選,晴,2,2,3
2025-01-01,20,若松,4,6,5370,23,28,0.41,6.81,,6,,予選,晴,2,2,6
2025-01-01,20,若松,5,1,5104,15,54,0.07,6.81,1.50.2,1,逃げ,進入固定戦,晴,1,1,1
2025-01-01,20,若松,5,2,4413,61,11,0.11,6.82,1.51.1,2,,進入固定戦,晴,1,1,2
2025-01-01,20,若松,5,4,4336,56,56,0.08,6.9,1.52.9,3,,進入固定戦,晴,1,1,4
2025-01-01,20,若松,5,5,5131,26,50,0.12,6.86,1.54.3,4,,進入固定戦,晴,1,1,5
2025-01-01,20,若松,5,6,4789,42,22,0.15,6.92,,5,,進入固定戦,晴,1,1,6
2025-01-01,20,若松,6,6,4288,4,53,0.13,6.8,1.48.6,1,まくり,予選,晴,1,1,6
2025-01-01,20,若松,6,2,3726,39,12,0.23,6.79,1.51.4,2,,予選,晴,1,1,2
2025-01-01,20,若松,6,3,4023,35,16,0.22,6.85,1.52.8,3,,予選,晴,1,1,3
2025-01-01,20,若松,6,5,5148,9,24,0.22,6.88,1.53.5,4,,予選,晴,1,1,5
2025-01-01,20,若松,6,4,5258,40,38,0.22,6.84,,5,,予選,晴,1,1,4
2025-01-01,20,若松,6,1,4151,8,17,0.21,6.77,,6,,予選,晴,1,1,1
2025-01-01,20,若松,7,1,4296,36,55,0.09,6.82,1.49.2,1,逃げ,予選,晴,1,1,1
2025-01-01,20,若松,7,3,3898,16,74,0.06,6.8,1.49.8,2,,予選,晴,1,1,3
2025-01-01,20,若松,7,2,3715,31,42,0.07,6.85,1.50.2,3,,予選,晴,1,1,2
2025-01-01,20,若松,7,4,5160,20,40,0.11,6.83,1.52.4,4,,予選,晴,1,1,4
2025-01-01,20,若松,7,6,4180,3,62,0.13,6.86,,5,,予選,晴,1,1,6
2025-01-01,20,若松,7,5,4942,60,43,0.11,6.87,,6,,予選,晴,1,1,5
2025-01-01,20,若松,8,1,5028,38,63,0.21,6.79,1.49.4,1,逃げ,エイトビー,晴,1,1,1
2025-01-01,20,若松,8,3,4402,10,60,0.2,6.79,1.50.5,2,,エイトビー,晴,1,1,3
2025-01-01,20,若松,8,2,4640,55,75,0.23,6.86,1.51.5,3,,エイトビー,晴,1,1,2
2025-01-01,20,若松,8,4,4034,24,49,0.24,6.88,1.53.5,4,,エイトビー,晴,1,1,4
2025-01-01,20,若松,8,5,5358,25,34,0.19,6.84,,5,,エイトビー,晴,1,1,5
2025-01-01,20,若松,8,6,4487,43,58,0.2,6.84,,6,,エイトビー,晴,1,1,6
2025-01-01,20,若松,9,1,4314,2,20,0.09,6.83,1.49.0,1,逃げ,予選,晴,1,1,1
2025-01-01,20,若松,9,3,4958,45,47,0.11,6.8,1.51.0,2,,予選,晴,1,1,3
2025-01-01,20,若松,9,4,4371,28,41,0.14,6.87,1.52.3,3,,予選,晴,1,1,6
2025-01-01,20,若松,9,5,4204,30,65,0.19,6.73,1.53.3,4,,予選,晴,1,1,4
2025-01-01,20,若松,9,2,5009,51,59,0.07,6.85,,5,,予選,晴,1,1,2
2025-01-01,20,若松,9,6,5370,23,28,0.21,6.77,,6,,予選,晴,1,1,5
2025-01-01,20,若松,10,1,3662,5,68,0.17,6.88,1.50.2,1,逃げ,予選特賞,晴,1,1,1
2025-01-01,20,若松,10,2,4336,56,56,0.17,6.9,1.51.0,2,,予選特賞,晴,1,1,2
2025-01-01,20,若松,10,3,5210,54,32,0.12,6.84,1.52.6,3,,予選特賞,晴,1,1,3
2025-01-01,20,若松,10,4,4023,35,16,0.13,6.86,1.53.8,4,,予選特賞,晴,1,1,4
2025-01-01,20,若松,10,5,4232,18,23,0.17,6.85,,5,,予選特賞,晴,1,1,5
2025-01-01,20,若松,10,6,4545,7,69,0.18,6.82,,6,,予選特賞,晴,1,1,6
2025-01-01,20,若松,11,1,4351,48,26,0.14,6.74,1.49.0,1,逃げ,予選特選,晴,1,1,1
2025-01-01,20,若松,11,4,3715,31,42,0.17,6.81,1.51.2,2,,予選特選,晴,1,1,4
2025-01-01,20,若松,11,3,4288,4,53,0.14,6.82,1.52.5,3,,予選特選,晴,1,1,3
2025-01-01,20,若松,11,5,4393,58,27,0.16,6.84,1.52.8,4,,予選特選,晴,1,1,5
2025-01-01,20,若松,11,6,4413,61,11,0.13,6.8,,5,,予選特選,晴,1,1,6
2025-01-01,20,若松,11,2,3869,27,30,0.17,6.83,,6,,予選特選,晴,1,1,2
2025-01-01,20,若松,12,1,4504,46,25,0.16,6.8,1.48.0,1,逃げ,予選特選,晴,1,1,1
2025-01-01,20,若松,12,5,4402,10,60,0.13,6.78,1.50.1,2,,予選特選,晴,1,1,5
2025-01-01,20,若松,12,4,4549,34,44,0.16,6.78,1.51.7,3,,予選特選,晴,1,1,4
2025-01-01,20,若松,12,3,4151,8,17,0.13,6.9,1.52.5,4,,予選特選,晴,1,1,3
2025-01-01,20,若松,12,2,5104,15,54,0.12,6.8,,5,,予選特選,晴,1,1,2
2025-01-01,20,若松,12,6,3898,16,74,0.13,6.77,,6,,予選特選,晴,1,1,6
2025-01-01,19,下関,1,1,3901,36,19,0.11,6.85,1.49.8,1,逃げ,一般,晴,1,1,1
2025-01-01,19,下関,1,3,4747,45,73,0.09,6.88,1.51.2,2,,一般,晴,1,1,3
2025-01-01,19,下関,1,4,5106,71,21,0.18,6.87,1.52.9,3,,一般,晴,1,1,4
2025-01-01,19,下関,1,5,3454,75,18,0.16,6.95,1.54.0,4,,一般,晴,1,1,5
2025-01-01,19,下関,1,2,3305,69,39,0.11,6.89,,5,,一般,晴,1,1,2
2025-01-01,19,下関,1,6,5123,52,36,0.2,6.92,,6,,一般,晴,1,1,6
2025-01-01,19,下関,2,1,5146,59,13,0.09,6.88,1.49.6,1,逃げ,一般,晴,3,3,1
2025-01-01,19,下関,2,2,4014,35,27,0.17,6.81,1.50.8,2,,一般,晴,3,3,2
2025-01-01,19,下関,2,4,5231,66,69,0.22,6.86,1.51.4,3,,一般,晴,3,3,4
2025-01-01,19,下関,2,5,3930,67,14,0.21,6.86,1.53.3,4,,一般,晴,3,3,5
2025-01-01,19,下関,2,6,3989,18,66,0.26,6.94,,5,,一般,晴,3,3,6
2025-01-01,19,下関,2,3,3233,24,42,0.18,6.88,,6,,一般,晴,3,3,3
2025-01-01,19,下関,3,1,4656,56,23,0.15,6.8,1.49.7,1,逃げ,一般,晴,3,3,1
2025-01-01,19,下関,3,3,4506,64,62,0.11,6.81,1.50.6,2,,一般,晴,3,3,3
2025-01-01,19,下関,3,2,5067,20,15,0.13,6.82,1.52.5,3,,一般,晴,3,3,2
2025-01-01,19,下関,3,4,4890,57,51,0.24,6.88,1.52.8,4,,一般,晴,3,3,4
2025-01-01,19,下関,3,6,5336,19,33,0.17,6.97,,5,,一般,晴,3,3,6
2025-01-01,19,下関,3,5,4846,31,60,0.15,6.91,,6,,一般,晴,3,3,5
2025-01-01,19,下関,4,1,4332,55,61,0.03,6.77,1.49.0,1,逃げ,一般,晴,2,2,1
2025-01-01,19,下関,4,5,4479,47,67,0.06,6.82,1.50.5,2,,一般,晴,2,2,5
2025-01-01,19,下関,4,4,4361,48,44,0.05,6.86,1.51.5,3,,一般,晴,2,2,4
2025-01-01,19,下関,4,2,3680,16,28,0.21,6.86,1.53.6,4,,一般,晴,2,2,2
2025-01-01,19,下関,4,3,5214,32,64,0.07,6.81,,5,,一般,晴,2,2,3
2025-01-01,19,下関,4,6,4985,50,24,0.09,6.88,,6,,一般,晴,2,2,6
2025-01-01,19,下関,5,1,4817,68,74,0.18,6.8,1.48.6,1,逃げ,長州ファ,晴,1,1,1
2025-01-01,19,下関,5,3,4425,14,56,0.14,6.86,1.49.9,2,,長州ファ,晴,1,1,3
2025-01-01,19,下関,5,5,4251,46,72,0.24,6.84,1.50.9,3,,長州ファ,晴,1,1,4
2025-01-01,19,下関,5,2,5000,23,49,0.14,6.78,1.52.6,4,,長州ファ,晴,1,1,2
2025-01-01,19,下関,5,4,3942,49,75,0.21,6.87,,5,,長州ファ,晴,1,1,6
2025-01-01,19,下関,5,6,4567,51,59,0.31,6.83,,6,,長州ファ,晴,1,1,5
2025-01-01,19,下関,6,2,4045,28,35,0.15,6.74,1.48.5,1,まくり,一般,晴,1,1,2
2025-01-01,19,下関,6,4,4064,17,31,0.12,6.91,1.50.4,2,,一般,晴,1,1,4
2025-01-01,19,下関,6,5,4014,35,27,0.14,6.82,1.51.8,3,,一般,晴,1,1,5
2025-01-01,19,下関,6,6,4009,54,53,0.14,6.81,1.52.4,4,,一般,晴,1,1,6
2025-01-01,19,下関,6,1,4747,45,73,0.24,6.86,,5,,一般,晴,1,1,1
2025-01-01,19,下関,6,3,3631,53,12,0.49,6.82,,6,,一般,晴,1,1,3
2025-01-01,19,下関,7,1,4950,65,11,0.16,6.85,1.49.5,1,逃げ,ふく～る,晴,2,2,1
2025-01-01,19,下関,7,6,4263,22,45,0.17,6.93,1.51.3,2,,ふく～る,晴,2,2,6
2025-01-01,19,下関,7,3,5145,73,70,0.1,6.77,1.52.4,3,,ふく～る,晴,2,2,3
2025-01-01,19,下関,7,2,3454,75,18,0.16,6.9,1.53.3,4,,ふく～る,晴,2,2,2
2025-01-01,19,下関,7,5,5067,20,15,0.17,6.88,,5,,ふく～る,晴,2,2,5
2025-01-01,19,下関,7,4,4324,38,25,0.17,6.88,,6,,ふく～る,晴,2,2,4
2025-01-01,19,下関,8,1,4985,50,24,0.11,6.76,1.48.6,1,逃げ,準優進出戦,晴,3,3,1
2025-01-01,19,下関,8,2,3930,67,14,0.15,6.83,1.50.4,2,,準優進出戦,晴,3,3,2
2025-01-01,19,下関,8,6,4871,41,32,0.11,6.77,1.52.3,3,,準優進出戦,晴,3,3,6
2025-01-01,19,下関,8,3,4890,57,51,0.18,6.85,1.52.3,4,,準優進出戦,晴,3,3,3
2025-01-01,19,下関,8,4,5214,32,64,0.13,6.81,,5,,準優進出戦,晴,3,3,4
2025-01-01,19,下関,8,5,4656,56,23,0.14,6.86,,6,,準優進出戦,晴,3,3,5
2025-01-01,19,下関,9,2,4817,68,74,0.21,6.77,1.48.4,1,差し,準優進出戦,晴,2,2,2
2025-01-01,19,下関,9,1,4361,48,44,0.16,6.85,1.49.7,2,,準優進出戦,晴,2,2,1
2025-01-01,19,下関,9,4,5163,21,40,0.24,6.85,1.51.2,3,,準優進出戦,晴,2,2,4
2025-01-01,19,下関,9,3,5231,66,69,0.24,6.82,1.52.3,4,,準優進出戦,晴,2,2,3
2025-01-01,19,下関,9,5,3680,16,28,0.33,6.84,,5,,準優進出戦,晴,2,2,5
2025-01-01,19,下関,9,6,4017,11,63,0.22,6.89,,6,,準優進出戦,晴,2,2,6
2025-01-01,19,下関,10,1,3942,49,75,0.14,6.79,1.48.7,1,逃げ,準優進出戦,晴,3,3,1
2025-01-01,19,下関,10,2,4064,17,31,0.11,6.81,1.50.0,2,,準優進出戦,晴,3,3,2
2025-01-01,19,下関,10,6,4105,25,17,0.14,6.83,1.51.4,3,,準優進出戦,晴,3,3,6
2025-01-01,19,下関,10,3,4251,46,72,0.11,6.82,1.52.5,4,,準優進出戦,晴,3,3,3
2025-01-01,19,下関,10,4,4729,30,65,0.11,6.8,,5,,準優進出戦,晴,3,3,4
2025-01-01,19,下関,10,5,4158,44,52,0.19,6.87,,6,,準優進出戦,晴,3,3,5
2025-01-01,19,下関,11,1,4324,38,25,0.14,6.87,1.49.6,1,逃げ,準優進出戦,晴,3,3,1
2025-01-01,19,下関,11,2,4263,22,45,0.13,6.88,1.50.1,2,,準優進出戦,晴,3,3,2
2025-01-01,19,下関,11,4,3901,36,19,0.16,6.83,1.51.6,3,,準優進出戦,晴,3,3,4
2025-01-01,19,下関,11,3,4009,54,53,0.13,6.84,1.52.3,4,,準優進出戦,晴,3,3,3
2025-01-01,19,下関,11,5,5146,59,13,0.17,6.9,,5,,準優進出戦,晴,3,3,5
2025-01-01,19,下関,11,6,3427,70,30,0.15,6.9,,6,,準優進出戦,晴,3,3,6
2025-01-01,19,下関,12,1,5106,71,21,0.23,6.8,2.03.3,1,逃げ,一般,晴,2,2,1
2025-01-01,19,下関,12,2,4846,31,60,0.19,6.88,2.05.8,2,,一般,晴,2,2,2
2025-01-01,19,下関,12,6,4506,64,62,0.2,6.84,2.07.3,3,,一般,晴,2,2,6
2025-01-01,19,下関,12,4,4950,65,11,0.17,6.84,2.11.2,4,,一般,晴,2,2,4
2025-01-01,19,下関,12,3,4332,55,61,0.15,6.83,,5,,一般,晴,2,2,3
2025-01-01,18,徳山,1,1,4475,69,64,0.05,6.82,1.50.6,1,逃げ,朝トク一般,晴,1,1,1
2025-01-01,18,徳山,1,2,3539,33,43,0.07,6.84,1.51.6,2,,朝トク一般,晴,1,1,2
2025-01-01,18,徳山,1,5,3581,32,73,0.02,6.87,1.53.1,3,,朝トク一般,晴,1,1,5
2025-01-01,18,徳山,1,4,4896,13,65,0.05,6.94,1.53.1,4,,朝トク一般,晴,1,1,4
2025-01-01,18,徳山,1,3,5176,66,71,0.05,6.92,,5,,朝トク一般,晴,1,1,3
2025-01-01,18,徳山,1,6,3350,60,67,0.13,6.97,,6,,朝トク一般,晴,1,1,6
2025-01-01,18,徳山,2,1,4264,14,44,0.1,6.94,1.50.0,1,逃げ,決めトク一,晴,1,1,1
2025-01-01,18,徳山,2,3,5308,40,20,0.16,6.86,1.51.0,2,,決めトク一,晴,1,1,3
2025-01-01,18,徳山,2,4,3458,55,56,0.21,6.97,1.53.0,3,,決めトク一,晴,1,1,4
2025-01-01,18,徳山,2,2,5240,63,72,0.14,6.88,1.54.4,4,,決めトク一,晴,1,1,2
2025-01-01,18,徳山,2,6,5053,52,50,0.32,6.91,,5,,決めトク一,晴,1,1,6
2025-01-01,18,徳山,2,5,5311,65,68,0.33,6.84,,6,,決めトク一,晴,1,1,5
2025-01-01,18,徳山,3,1,3684,58,38,0.09,6.89,1.49.8,1,逃げ,ガチトク一,晴,1,1,1
2025-01-01,18,徳山,3,4,4396,16,47,0.16,6.93,1.51.4,2,,ガチトク一,晴,1,1,4
2025-01-01,18,徳山,3,3,4368,34,11,0.13,6.95,1.53.1,3,,ガチトク一,晴,1,1,3
2025-01-01,18,徳山,3,5,4489,71,42,0.13,6.95,1.54.1,4,,ガチトク一,晴,1,1,5
2025-01-01,18,徳山,3,2,3866,15,18,0.13,6.96,,5,,ガチトク一,晴,1,1,2
2025-01-01,18,徳山,3,6,5237,44,23,0.15,6.96,,6,,ガチトク一,晴,1,1,6
2025-01-01,18,徳山,4,1,3711,30,75,0.17,6.93,1.51.2,1,逃げ,買っトク一,晴,1,1,1
2025-01-01,18,徳山,4,5,4558,21,54,0.19,6.95,1.52.0,2,,買っトク一,晴,1,1,5
2025-01-01,18,徳山,4,3,5064,18,70,0.2,6.88,1.52.9,3,,買っトク一,晴,1,1,3
2025-01-01,18,徳山,4,6,3587,50,59,0.2,6.93,1.54.2,4,,買っトク一,晴,1,1,6
2025-01-01,18,徳山,4,4,4041,22,46,0.23,6.85,,5,,買っトク一,晴,1,1,4
2025-01-01,18,徳山,4,2,5083,68,26,0.21,6.88,,6,,買っトク一,晴,1,1,2
2025-01-01,18,徳山,5,4,4237,53,45,0.13,6.99,1.50.7,1,まくり差し,一般,晴,2,2,6
2025-01-01,18,徳山,5,6,3462,36,13,0.22,6.89,1.52.1,2,,一般,晴,2,2,5
2025-01-01,18,徳山,5,1,4167,19,29,0.11,6.88,1.53.6,3,,一般,晴,2,2,1
2025-01-01,18,徳山,5,2,4005,11,39,0.1,6.93,1.54.7,4,,一般,晴,2,2,2
2025-01-01,18,徳山,5,3,5109,43,31,0.13,6.91,,5,,一般,晴,2,2,3
2025-01-01,18,徳山,5,5,4899,26,58,0.13,6.93,,6,,一般,晴,2,2,4
2025-01-01,18,徳山,6,1,4179,31,21,0.11,6.93,1.53.9,1,逃げ,一般,晴,2,2,1
2025-01-01,18,徳山,6,6,5308,40,20,0.14,6.91,1.55.9,2,,一般,晴,2,2,5
2025-01-01,18,徳山,6,3,3458,55,56,0.09,6.98,1.57.8,3,,一般,晴,2,2,3
2025-01-01,18,徳山,6,4,3507,62,33,0.16,6.95,2.01.0,4,,一般,晴,2,2,6
2025-01-01,18,徳山,6,5,4355,72,27,0.13,6.94,,5,,一般,晴,2,2,4
2025-01-01,18,徳山,7,1,5027,39,61,0.12,6.9,1.50.8,1,逃げ,一般,晴,2,2,1
2025-01-01,18,徳山,7,2,4896,13,65,0.15,6.91,1.52.3,2,,一般,晴,2,2,2
2025-01-01,18,徳山,7,4,3350,60,67,0.04,6.99,1.53.6,3,,一般,晴,2,2,4
2025-01-01,18,徳山,7,5,3866,15,18,0.03,6.98,1.54.7,4,,一般,晴,2,2,5
2025-01-01,18,徳山,7,6,5240,63,72,0.04,6.91,,5,,一般,晴,2,2,6
2025-01-01,18,徳山,7,3,5237,44,23,0.05,6.93,,6,,一般,晴,2,2,3
2025-01-01,18,徳山,8,4,5064,18,70,0.1,6.91,1.56.7,1,まくり,一般,晴,3,3,4
2025-01-01,18,徳山,8,5,4368,34,11,0.15,6.98,1.58.5,2,,一般,晴,3,3,5
2025-01-01,18,徳山,8,1,3539,33,43,0.2,6.9,2.01.8,3,,一般,晴,3,3,1
2025-01-01,18,徳山,8,3,4558,21,54,0.17,6.94,2.05.1,4,,一般,晴,3,3,3
2025-01-01,18,徳山,8,2,5176,66,71,0.21,6.96,,5,,一般,晴,3,3,2
2025-01-01,18,徳山,9,5,5083,68,36,0.16,6.91,1.51.5,1,まくり差し,トクっちゃ,晴,2,2,5
2025-01-01,18,徳山,9,6,5311,65,68,0.2,6.83,1.52.5,2,,トクっちゃ,晴,2,2,6
2025-01-01,18,徳山,9,1,4396,16,47,0.27,6.86,1.54.1,3,,トクっちゃ,晴,2,2,1
2025-01-01,18,徳山,9,4,4005,11,39,0.17,6.93,1.54.5,4,,トクっちゃ,晴,2,2,4
2025-01-01,18,徳山,9,2,4041,22,46,0.32,6.81,,5,,トクっちゃ,晴,2,2,2
2025-01-01,18,徳山,9,3,3581,32,73,0.29,6.92,,6,,トクっちゃ,晴,2,2,3
2025-01-01,18,徳山,10,1,5053,52,50,0.16,6.92,1.49.7,1,逃げ,特別選抜Ｂ,晴,2,2,1
2025-01-01,18,徳山,10,5,4264,14,44,0.17,7.0,1.52.2,2,,特別選抜Ｂ,晴,2,2,5
2025-01-01,18,徳山,10,3,4179,31,21,0.19,6.96,1.53.6,3,,特別選抜Ｂ,晴,2,2,3
2025-01-01,18,徳山,10,6,4167,19,29,0.21,6.96,1.53.8,4,,特別選抜Ｂ,晴,2,2,6
2025-01-01,18,徳山,10,2,5109,43,31,0.17,6.93,,5,,特別選抜Ｂ,晴,2,2,2
2025-01-01,18,徳山,10,4,5238,23,25,0.15,6.97,,6,,特別選抜Ｂ,晴,2,2,4
2025-01-01,18,徳山,11,1,4237,53,45,0.25,6.76,1.50.4,1,逃げ,特別選抜Ａ,晴,2,2,1
2025-01-01,18,徳山,11,5,4475,69,64,0.09,6.83,1.51.4,2,,特別選抜Ａ,晴,2,2,5
2025-01-01,18,徳山,11,4,3711,30,75,0.13,6.93,1.52.4,3,,特別選抜Ａ,晴,2,2,4
2025-01-01,18,徳山,11,6,3684,58,38,0.16,6.91,1.54.0,4,,特別選抜Ａ,晴,2,2,6
2025-01-01,18,徳山,11,3,4489,71,42,0.33,6.97,,5,,特別選抜Ａ,晴,2,2,3
2025-01-01,18,徳山,11,2,5027,39,61,0.21,6.86,,6,,特別選抜Ａ,晴,2,2,2
2025-01-01,18,徳山,12,1,4703,48,40,0.09,6.9,1.49.9,1,逃げ,優勝戦,晴,3,3,1
2025-01-01,18,徳山,12,3,3717,61,66,0.15,6.91,1.51.6,2,,優勝戦,晴,3,3,3
2025-01-01,18,徳山,12,4,4601,64,49,0.16,6.89,1.52.5,3,,優勝戦,晴,3,3,4
2025-01-01,18,徳山,12,6,4980,42,16,0.24,6.88,1.54.0,4,,優勝戦,晴,3,3,6
2025-01-01,18,徳山,12,2,3961,51,69,0.16,6.94,,5,,優勝戦,晴,3,3,2
2025-01-01,18,徳山,12,5,3661,17,62,0.2,6.89,,6,,優勝戦,晴,3,3,5
2025-01-01,17,宮島,1,1,5222,23,74,0.14,6.67,1.49.5,1,逃げ,ファースト,晴,1,1,1
2025-01-01,17,宮島,1,2,4784,62,59,0.1,6.7,1.51.0,2,,ファースト,晴,1,1,2
2025-01-01,17,宮島,1,6,4564,64,64,0.15,6.76,1.52.2,3,,ファースト,晴,1,1,6
2025-01-01,17,宮島,1,3,4835,25,71,0.11,6.8,1.53.2,4,,ファースト,晴,1,1,3
2025-01-01,17,宮島,1,5,4429,81,77,0.12,6.81,1.53.9,5,,ファースト,晴,1,1,5
2025-01-01,17,宮島,1,4,3430,24,34,0.11,6.74,1.55.9,6,,ファースト,晴,1,1,4
2025-01-01,17,宮島,2,4,4682,34,78,0.1,6.74,1.49.5,1,差し,予選,晴,1,1,4
2025-01-01,17,宮島,2,2,4458,56,37,0.11,6.71,1.50.9,2,,予選,晴,1,1,2
2025-01-01,17,宮島,2,3,4471,65,76,0.12,6.67,1.52.3,3,,予選,晴,1,1,3
2025-01-01,17,宮島,2,6,4811,80,52,0.14,6.73,1.53.3,4,,予選,晴,1,1,6
2025-01-01,17,宮島,2,1,4219,33,60,0.08,6.73,1.53.8,5,,予選,晴,1,1,1
2025-01-01,17,宮島,2,5,4416,16,27,0.11,6.7,1.54.2,6,,予選,晴,1,1,5
2025-01-01,17,宮島,3,2,4302,22,36,0.0,6.75,1.50.7,1,恵まれ,予選,晴,2,2,6
2025-01-01,17,宮島,3,5,4271,53,79,0.12,6.76,1.51.4,2,,予選,晴,2,2,4
2025-01-01,17,宮島,3,4,4951,68,56,0.06,6.69,1.53.0,3,,予選,晴,2,2,3
2025-01-01,17,宮島,3,6,3615,51,81,0.15,6.85,1.55.4,4,,予選,晴,2,2,5
2025-01-01,17,宮島,3,1,3584,82,53,0.08,6.75,1.58.3,5,,予選,晴,2,2,1
2025-01-01,17,宮島,4,3,4205,66,33,0.13,6.73,1.49.2,1,まくり,予選,晴,1,1,5
2025-01-01,17,宮島,4,2,4434,54,32,0.13,6.76,1.51.3,2,,予選,晴,1,1,2
2025-01-01,17,宮島,4,4,5243,12,14,0.17,6.77,1.52.9,3,,予選,晴,1,1,3
2025-01-01,17,宮島,4,1,4872,77,28,0.19,6.76,1.54.5,4,,予選,晴,1,1,1
2025-01-01,17,宮島,4,5,4882,37,17,0.2,6.68,1.54.8,5,,予選,晴,1,1,4
2025-01-01,17,宮島,4,6,5363,19,61,0.23,6.76,1.59.0,6,,予選,晴,1,1,6
2025-01-01,17,宮島,5,4,3719,35,13,0.13,6.73,1.49.6,1,差し,予選,晴,2,2,4
2025-01-01,17,宮島,5,1,4429,81,77,0.1,6.79,1.51.4,2,,予選,晴,2,2,1
2025-01-01,17,宮島,5,6,5015,74,73,0.21,6.7,1.52.8,3,,予選,晴,2,2,6
2025-01-01,17,宮島,5,3,4708,50,51,0.15,6.76,1.53.5,4,,予選,晴,2,2,3
2025-01-01,17,宮島,5,5,5154,14,23,0.18,6.79,1.55.0,5,,予選,晴,2,2,5
2025-01-01,17,宮島,5,2,3273,29,30,0.15,6.79,1.56.2,6,,予選,晴,2,2,2
2025-01-01,17,宮島,6,1,3024,21,31,0.05,6.75,1.49.2,1,逃げ,ランチタイ,晴,2,2,1
2025-01-01,17,宮島,6,2,4219,33,60,0.06,6.78,1.51.5,2,,ランチタイ,晴,2,2,2
2025-01-01,17,宮島,6,5,4771,28,82,0.2,6.73,1.52.4,3,,ランチタイ,晴,2,2,5
2025-01-01,17,宮島,6,3,5134,18,15,0.09,6.76,1.53.5,4,,ランチタイ,晴,2,2,3
2025-01-01,17,宮島,6,6,3614,67,58,0.19,6.74,1.53.6,5,,ランチタイ,晴,2,2,6
2025-01-01,17,宮島,6,4,4784,62,59,0.16,6.76,1.55.8,6,,ランチタイ,晴,2,2,4
2025-01-01,17,宮島,7,1,4173,58,69,0.22,6.75,1.50.8,1,逃げ,予選,晴,3,3,1
2025-01-01,17,宮島,7,2,4564,64,64,0.23,6.84,1.51.5,2,,予選,晴,3,3,3
2025-01-01,17,宮島,7,5,4271,53,79,0.3,6.8,1.53.1,3,,予選,晴,3,3,6
2025-01-01,17,宮島,7,3,4471,65,76,0.23,6.72,1.53.5,4,,予選,晴,3,3,4
2025-01-01,17,宮島,7,4,3282,31,55,0.25,6.83,1.54.1,5,,予選,晴,3,3,5
2025-01-01,17,宮島,8,2,3663,38,26,0.18,6.81,1.49.6,1,差し,予選,晴,1,1,2
2025-01-01,17,宮島,8,1,3430,24,34,0.22,6.74,1.50.9,2,,予選,晴,1,1,1
2025-01-01,17,宮島,8,6,4292,11,25,0.15,6.79,1.52.0,3,,予選,晴,1,1,6
2025-01-01,17,宮島,8,3,4798,73,20,0.2,6.77,1.53.4,4,,予選,晴,1,1,3
2025-01-01,17,宮島,8,5,5243,12,14,0.17,6.77,1.54.7,5,,予選,晴,1,1,5
2025-01-01,17,宮島,8,4,3584,82,53,0.21,6.85,1.55.9,6,,予選,晴,1,1,4
2025-01-01,17,宮島,9,2,4835,25,71,0.08,6.76,1.49.2,1,差し,ティータイ,晴,1,1,2
2025-01-01,17,宮島,9,1,4163,71,67,0.08,6.65,1.51.1,2,,ティータイ,晴,1,1,1
2025-01-01,17,宮島,9,3,4416,16,27,0.09,6.74,1.52.1,3,,ティータイ,晴,1,1,3
2025-01-01,17,宮島,9,4,4600,63,19,0.1,6.74,1.52.3,4,,ティータイ,晴,1,1,4
2025-01-01,17,宮島,9,6,5154,14,23,0.14,6.72,1.54.4,5,,ティータイ,晴,1,1,6
2025-01-01,17,宮島,9,5,4872,77,28,0.13,6.79,1.55.0,6,,ティータイ,晴,1,1,5
2025-01-01,17,宮島,10,1,4816,72,39,0.01,6.73,1.49.4,1,逃げ,予選,晴,2,2,1
2025-01-01,17,宮島,10,2,5134,18,15,0.04,6.73,1.51.0,2,,予選,晴,2,2,2
2025-01-01,17,宮島,10,5,4398,60,18,0.09,6.76,1.51.6,3,,予選,晴,2,2,6
2025-01-01,17,宮島,10,4,4811,80,52,0.09,6.74,1.53.0,4,,予選,晴,2,2,4
2025-01-01,17,宮島,10,3,4844,17,70,0.07,6.75,1.54.2,5,,予選,晴,2,2,3
2025-01-01,17,宮島,10,6,5363,19,61,0.15,6.75,1.58.3,6,,予選,晴,2,2,5
2025-01-01,17,宮島,11,3,5222,23,74,0.15,6.68,1.58.4,1,まくり,特選,晴,1,1,2
2025-01-01,17,宮島,11,1,4682,34,78,0.17,6.76,2.03.5,2,,特選,晴,1,1,1
2025-01-01,17,宮島,11,4,3615,51,81,0.23,6.87,2.08.1,3,,特選,晴,1,1,4
2025-01-01,17,宮島,12,1,3719,35,13,0.23,6.69,1.48.9,1,逃げ,ニッカン特,晴,1,1,1
2025-01-01,17,宮島,12,2,4771,28,82,0.24,6.72,1.50.5,2,,ニッカン特,晴,1,1,2
2025-01-01,17,宮島,12,4,4173,58,69,0.35,6.82,1.52.3,3,,ニッカン特,晴,1,1,4
2025-01-01,17,宮島,12,3,4302,22,36,0.27,6.76,1.52.9,4,,ニッカン特,晴,1,1,3
2025-01-01,17,宮島,12,5,4458,56,37,0.31,6.72,1.53.4,5,,ニッカン特,晴,1,1,5
2025-01-01,17,宮島,12,6,4798,73,20,0.33,6.74,1.55.0,6,,ニッカン特,晴,1,1,6
2025-01-01,16,児島,1,1,3802,47,32,0.25,6.85,1.48.6,1,逃げ,一般,晴,4,3,1
2025-01-01,16,児島,1,2,3357,35,38,0.2,6.89,1.50.6,2,,一般,晴,4,3,2
2025-01-01,16,児島,1,4,5317,64,21,0.33,6.96,1.52.2,3,,一般,晴,4,3,4
2025-01-01,16,児島,1,3,5113,12,70,0.25,6.93,1.53.7,4,,一般,晴,4,3,3
2025-01-01,16,児島,1,5,4098,30,72,0.38,6.92,,5,,一般,晴,4,3,5
2025-01-01,16,児島,1,6,5373,57,49,0.62,6.95,,6,,一般,晴,4,3,6
2025-01-01,16,児島,2,1,3600,59,54,0.23,6.86,1.49.1,1,逃げ,一般,晴,5,5,1
2025-01-01,16,児島,2,3,4202,28,64,0.15,6.94,1.50.7,2,,一般,晴,5,5,3
2025-01-01,16,児島,2,4,5165,45,59,0.16,6.9,1.51.4,3,,一般,晴,5,5,4
2025-01-01,16,児島,2,5,4842,43,52,0.11,6.88,1.53.0,4,,一般,晴,5,5,5
2025-01-01,16,児島,2,2,3982,61,48,0.24,6.92,,5,,一般,晴,5,5,2
2025-01-01,16,児島,2,6,3436,13,12,0.08,6.97,,6,,一般,晴,5,5,6
2025-01-01,16,児島,3,1,3746,23,29,0.19,6.91,1.49.8,1,逃げ,一般,晴,2,3,1
2025-01-01,16,児島,3,2,4423,63,18,0.22,6.96,1.50.5,2,,一般,晴,2,3,2
2025-01-01,16,児島,3,3,4584,62,50,0.14,6.9,1.51.2,3,,一般,晴,2,3,3
2025-01-01,16,児島,3,4,3300,37,58,0.15,7.06,1.52.7,4,,一般,晴,2,3,4
2025-01-01,16,児島,3,5,5206,53,17,0.2,6.95,,5,,一般,晴,2,3,5
2025-01-01,16,児島,3,6,5236,55,30,0.26,6.94,,6,,一般,晴,2,3,6
2025-01-01,16,児島,4,1,5058,40,74,0.21,6.88,1.47.3,1,逃げ,一般,晴,2,3,1
2025-01-01,16,児島,4,3,3933,39,37,0.16,7.01,1.50.1,2,,一般,晴,2,3,3
2025-01-01,16,児島,4,2,5170,22,68,0.16,6.9,1.51.8,3,,一般,晴,2,3,2
2025-01-01,16,児島,4,4,4054,38,13,0.17,6.96,1.52.1,4,,一般,晴,2,3,4
2025-01-01,16,児島,4,5,4166,66,66,0.15,6.94,,5,,一般,晴,2,3,5
2025-01-01,16,児島,4,6,4410,65,75,0.15,6.99,,6,,一般,晴,2,3,6
2025-01-01,16,児島,5,2,4172,58,73,0.12,6.92,1.49.0,1,差し,一般,晴,3,3,2
2025-01-01,16,児島,5,1,4441,68,33,0.17,6.84,1.49.8,2,,一般,晴,3,3,1
2025-01-01,16,児島,5,4,3802,47,32,0.07,7.03,1.51.3,3,,一般,晴,3,3,4
2025-01-01,16,児島,5,6,5111,56,26,0.16,6.93,1.51.5,4,,一般,晴,3,3,6
2025-01-01,16,児島,5,5,4762,17,20,0.08,6.99,,5,,一般,晴,3,3,5
2025-01-01,16,児島,5,3,4533,46,53,0.1,6.86,,6,,一般,晴,3,3,3
2025-01-01,16,児島,6,1,4713,25,65,0.13,6.84,1.48.8,1,逃げ,一般,晴,5,5,1
2025-01-01,16,児島,6,6,3874,31,40,0.14,6.91,1.50.5,2,,一般,晴,5,5,6
2025-01-01,16,児島,6,2,4974,41,61,0.14,6.96,1.52.3,3,,一般,晴,5,5,2
2025-01-01,16,児島,6,3,3822,27,11,0.14,6.86,1.53.1,4,,一般,晴,5,5,3
2025-01-01,16,児島,6,5,5113,12,70,0.14,7.04,,5,,一般,晴,5,5,5
2025-01-01,16,児島,6,4,4202,28,64,0.16,6.96,,6,,一般,晴,5,5,4
2025-01-01,16,児島,7,1,4089,70,62,0.17,6.92,1.48.7,1,逃げ,一般,晴,2,3,1
2025-01-01,16,児島,7,6,5217,14,63,0.12,6.86,1.49.9,2,,一般,晴,2,3,6
2025-01-01,16,児島,7,4,4214,24,71,0.13,6.97,1.51.1,3,,一般,晴,2,3,4
2025-01-01,16,児島,7,2,4842,43,52,0.23,6.94,1.51.6,4,,一般,晴,2,3,2
2025-01-01,16,児島,7,5,4423,63,18,0.16,7.05,,5,,一般,晴,2,3,5
2025-01-01,16,児島,7,3,3357,35,38,0.18,7.04,,6,,一般,晴,2,3,3
2025-01-01,16,児島,8,1,4069,48,39,0.21,6.76,1.47.4,1,逃げ,一般,晴,3,3,1
2025-01-01,16,児島,8,3,4580,33,25,0.2,6.86,1.49.9,2,,一般,晴,3,3,3
2025-01-01,16,児島,8,5,5170,22,68,0.12,6.9,1.51.5,3,,一般,晴,3,3,5
2025-01-01,16,児島,8,2,5206,53,17,0.35,6.88,1.51.9,4,,一般,晴,3,3,2
2025-01-01,16,児島,8,6,4370,67,15,0.13,6.82,,5,,一般,晴,3,3,6
2025-01-01,16,児島,8,4,3982,61,48,0.17,6.89,,6,,一般,晴,3,3,4
2025-01-01,16,児島,9,4,4584,62,50,0.01,6.86,1.47.4,1,まくり,一般,晴,2,3,4
2025-01-01,16,児島,9,6,3685,20,69,0.03,6.91,1.50.0,2,,一般,晴,2,3,6
2025-01-01,16,児島,9,1,4782,34,67,0.18,6.86,1.50.8,3,,一般,晴,2,3,1
2025-01-01,16,児島,9,3,3775,69,60,0.13,6.83,1.51.1,4,,一般,晴,2,3,3
2025-01-01,16,児島,9,2,4098,30,72,0.19,6.86,,5,,一般,晴,2,3,2
2025-01-01,16,児島,10,3,4762,17,20,0.12,6.89,1.48.0,1,まくり差し,準優勝戦,晴,2,3,2
2025-01-01,16,児島,10,1,3874,31,40,0.12,6.89,1.49.2,2,,準優勝戦,晴,2,3,1
2025-01-01,16,児島,10,4,3300,37,58,0.11,6.96,1.50.3,3,,準優勝戦,晴,2,3,3
2025-01-01,16,児島,10,5,4974,41,61,0.15,6.89,1.52.1,4,,準優勝戦,晴,2,3,5
2025-01-01,16,児島,10,2,3933,39,37,0.19,6.85,,5,,準優勝戦,晴,2,3,4
2025-01-01,16,児島,10,6,3600,59,54,0.21,6.93,,6,,準優勝戦,晴,2,3,6
2025-01-01,16,児島,11,1,5217,14,63,0.16,6.88,1.47.6,1,逃げ,準優勝戦,晴,2,3,1
2025-01-01,16,児島,11,4,5058,40,74,0.08,6.86,1.48.5,2,,準優勝戦,晴,2,3,4
2025-01-01,16,児島,11,5,4089,70,62,0.09,6.92,1.50.4,3,,準優勝戦,晴,2,3,5
2025-01-01,16,児島,11,6,3746,23,29,0.12,6.95,1.51.4,4,,準優勝戦,晴,2,3,6
2025-01-01,16,児島,11,2,4713,25,65,0.12,6.94,,5,,準優勝戦,晴,2,3,2
2025-01-01,16,児島,11,3,4441,68,33,0.06,6.88,,6,,準優勝戦,晴,2,3,3
2025-01-01,16,児島,12,1,4370,67,15,0.15,6.81,1.47.9,1,逃げ,準優勝戦,晴,3,3,1
2025-01-01,16,児島,12,2,4166,66,66,0.16,6.86,1.48.4,2,,準優勝戦,晴,3,3,2
2025-01-01,16,児島,12,4,3822,27,11,0.21,6.89,1.49.7,3,,準優勝戦,晴,3,3,4
2025-01-01,16,児島,12,3,4214,24,71,0.17,6.86,1.52.2,4,,準優勝戦,晴,3,3,3
2025-01-01,16,児島,12,5,4069,48,39,0.26,6.95,,5,,準優勝戦,晴,3,3,5
2025-01-01,16,児島,12,6,4172,58,73,0.2,6.97,,6,,準優勝戦,晴,3,3,6
2025-01-01,15,丸亀,1,1,5043,13,14,0.17,6.89,1.48.4,1,逃げ,予選,晴,3,3,1
2025-01-01,15,丸亀,1,2,5224,54,34,0.15,6.93,1.49.6,2,,予選,晴,3,3,2
2025-01-01,15,丸亀,1,4,5218,25,32,0.21,6.85,1.51.8,3,,予選,晴,3,3,4
2025-01-01,15,丸亀,1,3,5173,63,44,0.2,6.9,1.54.2,4,,予選,晴,3,3,3
2025-01-01,15,丸亀,1,6,3910,9,35,0.23,6.87,1.54.3,5,,予選,晴,3,3,6
2025-01-01,15,丸亀,1,5,4020,26,37,0.22,6.86,1.56.2,6,,予選,晴,3,3,5
2025-01-01,15,丸亀,2,2,5215,31,15,0.11,6.8,1.58.1,1,差し,予選,晴,3,3,2
2025-01-01,15,丸亀,2,4,4437,52,18,0.14,6.84,2.00.2,2,,予選,晴,3,3,4
2025-01-01,15,丸亀,2,3,3855,11,51,0.15,6.85,2.01.4,3,,予選,晴,3,3,3
2025-01-01,15,丸亀,2,5,4154,60,7,0.2,6.87,2.03.6,4,,予選,晴,3,3,5
2025-01-01,15,丸亀,3,1,3401,65,60,0.05,6.86,1.49.2,1,逃げ,予選,晴,3,3,1
2025-01-01,15,丸亀,3,2,3907,40,58,0.12,6.9,1.50.9,2,,予選,晴,3,3,2
2025-01-01,15,丸亀,3,3,3660,8,4,0.11,6.93,1.52.1,3,,予選,晴,3,3,3
2025-01-01,15,丸亀,3,4,4529,3,3,0.12,6.9,1.52.3,4,,予選,晴,3,3,4
2025-01-01,15,丸亀,3,5,4739,6,9,0.11,6.91,1.54.0,5,,予選,晴,3,3,5
2025-01-01,15,丸亀,3,6,5326,10,5,0.17,6.83,1.55.8,6,,予選,晴,3,3,6
2025-01-01,15,丸亀,4,1,3478,61,48,0.06,6.84,1.48.7,1,逃げ,予選,晴,3,3,1
2025-01-01,15,丸亀,4,5,4776,23,64,0.12,6.95,1.50.5,2,,予選,晴,3,3,5
2025-01-01,15,丸亀,4,6,4931,21,28,0.13,6.86,1.51.1,3,,予選,晴,3,3,6
2025-01-01,15,丸亀,4,4,3568,36,50,0.1,6.85,1.53.5,4,,予選,晴,3,3,4
2025-01-01,15,丸亀,4,2,4220,43,6,0.12,6.81,1.56.1,5,,予選,晴,3,3,2
2025-01-01,15,丸亀,4,3,4772,58,31,0.08,6.88,1.59.7,6,,予選,晴,3,3,3
2025-01-01,15,丸亀,5,1,3832,41,53,0.2,6.81,1.49.1,1,逃げ,予選,晴,2,2,1
2025-01-01,15,丸亀,5,4,4459,27,22,0.09,6.88,1.50.4,2,,予選,晴,2,2,4
2025-01-01,15,丸亀,5,3,3442,18,43,0.17,6.85,1.52.1,3,,予選,晴,2,2,3
2025-01-01,15,丸亀,5,6,5298,33,11,0.24,6.87,1.53.7,4,,予選,晴,2,2,6
2025-01-01,15,丸亀,5,2,5265,47,61,0.25,6.83,1.54.9,5,,予選,晴,2,2,2
2025-01-01,15,丸亀,5,5,5037,46,47,0.14,6.82,1.56.9,6,,予選,晴,2,2,5
2025-01-01,15,丸亀,6,1,3975,35,33,0.11,6.83,1.49.3,1,逃げ,カチ勝ち６,晴,2,2,1
2025-01-01,15,丸亀,6,4,3908,34,21,0.13,6.85,1.50.0,2,,カチ勝ち６,晴,2,2,4
2025-01-01,15,丸亀,6,5,4894,29,12,0.21,6.87,1.51.4,3,,カチ勝ち６,晴,2,2,6
2025-01-01,15,丸亀,6,3,4452,49,52,0.1,6.92,1.52.3,4,,カチ勝ち６,晴,2,2,3
2025-01-01,15,丸亀,6,6,5352,4,19,0.15,6.86,1.53.4,5,,カチ勝ち６,晴,2,2,5
2025-01-01,15,丸亀,6,2,4020,26,37,0.16,6.94,1.54.8,6,,カチ勝ち６,晴,2,2,2
2025-01-01,15,丸亀,7,2,4348,66,23,0.16,6.9,1.48.2,1,差し,穴ガチ７,晴,1,1,2
2025-01-01,15,丸亀,7,5,4030,53,26,0.15,6.93,1.49.3,2,,穴ガチ７,晴,1,1,5
2025-01-01,15,丸亀,7,3,3910,9,35,0.13,6.96,1.52.5,3,,穴ガチ７,晴,1,1,3
2025-01-01,15,丸亀,7,1,4852,28,57,0.15,6.85,1.53.7,4,,穴ガチ７,晴,1,1,1
2025-01-01,15,丸亀,7,6,3710,32,66,0.19,6.88,1.54.1,5,,穴ガチ７,晴,1,1,6
2025-01-01,15,丸亀,7,4,5215,31,15,0.14,6.78,1.56.6,6,,穴ガチ７,晴,1,1,4
2025-01-01,15,丸亀,8,1,5136,16,55,0.11,6.81,1.48.8,1,逃げ,ガチ勝゛ち,晴,3,3,1
2025-01-01,15,丸亀,8,5,4821,57,20,0.19,6.87,1.50.1,2,,ガチ勝゛ち,晴,3,3,5
2025-01-01,15,丸亀,8,3,5218,25,32,0.11,6.82,1.50.8,3,,ガチ勝゛ち,晴,3,3,3
2025-01-01,15,丸亀,8,2,4529,3,3,0.15,6.94,1.52.6,4,,ガチ勝゛ち,晴,3,3,2
2025-01-01,15,丸亀,8,4,4583,45,25,0.14,6.92,1.53.2,5,,ガチ勝゛ち,晴,3,3,4
2025-01-01,15,丸亀,8,6,4220,43,6,0.16,6.87,1.53.4,6,,ガチ勝゛ち,晴,3,3,6
2025-01-01,15,丸亀,9,2,4437,52,18,0.09,6.93,1.48.5,1,差し,予選,晴,2,2,2
2025-01-01,15,丸亀,9,1,3442,18,43,0.1,6.82,1.50.4,2,,予選,晴,2,2,1
2025-01-01,15,丸亀,9,4,3478,61,48,0.1,6.89,1.51.7,3,,予選,晴,2,2,4
2025-01-01,15,丸亀,9,3,4739,6,9,0.08,6.86,1.52.3,4,,予選,晴,2,2,3
2025-01-01,15,丸亀,9,5,5224,54,34,0.1,6.83,1.52.7,5,,予選,晴,2,2,5
2025-01-01,15,丸亀,9,6,3509,19,54,0.07,6.82,1.54.8,6,,予選,晴,2,2,6
2025-01-01,15,丸亀,10,1,3908,34,21,0.22,6.88,1.48.5,1,逃げ,予選選抜,晴,1,1,1
2025-01-01,15,丸亀,10,2,4776,23,64,0.24,6.9,1.50.3,2,,予選選抜,晴,1,1,2
2025-01-01,15,丸亀,10,3,5037,46,47,0.25,6.84,1.51.1,3,,予選選抜,晴,1,1,3
2025-01-01,15,丸亀,10,5,4260,51,49,0.16,7.01,1.52.4,4,,予選選抜,晴,1,1,5
2025-01-01,15,丸亀,10,6,3578,39,17,0.15,6.92,1.52.8,5,,予選選抜,晴,1,1,6
2025-01-01,15,丸亀,10,4,3855,11,51,0.21,6.91,1.56.4,6,,予選選抜,晴,1,1,4
2025-01-01,15,丸亀,11,2,5043,13,14,0.14,6.9,1.47.8,1,差し,一般選抜,晴,3,3,2
2025-01-01,15,丸亀,11,1,4030,53,26,0.12,6.89,1.49.5,2,,一般選抜,晴,3,3,1
2025-01-01,15,丸亀,11,4,4931,21,28,0.24,6.92,1.50.6,3,,一般選抜,晴,3,3,5
2025-01-01,15,丸亀,11,5,4452,49,52,0.29,6.96,1.51.6,4,,一般選抜,晴,3,3,6
2025-01-01,15,丸亀,11,3,3907,40,58,0.17,6.9,1.53.4,5,,一般選抜,晴,3,3,4
2025-01-01,15,丸亀,12,2,4772,58,31,0.06,6.91,1.47.6,1,差し,一般選抜,晴,2,2,2
2025-01-01,15,丸亀,12,1,4459,27,22,0.03,6.89,1.48.7,2,,一般選抜,晴,2,2,1
2025-01-01,15,丸亀,12,3,3975,35,33,0.08,6.88,1.51.4,3,,一般選抜,晴,2,2,3
2025-01-01,15,丸亀,12,5,5136,16,55,0.11,6.82,1.51.4,4,,一般選抜,晴,2,2,5
2025-01-01,15,丸亀,12,4,3401,65,60,0.16,6.94,1.52.5,5,,一般選抜,晴,2,2,4
2025-01-01,15,丸亀,12,6,4348,66,23,0.11,6.87,1.54.7,6,,一般選抜,晴,2,2,6
2025-01-01,14,鳴門,1,4,3516,70,78,0.13,6.95,1.48.0,1,まくり差し,とるならな,晴,4,4,4
2025-01-01,14,鳴門,1,1,4685,20,52,0.11,6.84,1.48.2,2,,とるならな,晴,4,4,1
2025-01-01,14,鳴門,1,5,4691,59,57,0.12,6.94,1.51.4,3,,とるならな,晴,4,4,5
2025-01-01,14,鳴門,1,3,5143,10,65,0.18,6.95,1.52.8,4,,とるならな,晴,4,4,3
2025-01-01,14,鳴門,1,6,5333,50,38,0.12,6.84,,5,,とるならな,晴,4,4,6
2025-01-01,14,鳴門,1,2,4111,56,79,0.2,6.93,,6,,とるならな,晴,4,4,2
2025-01-01,14,鳴門,2,4,4357,22,75,0.05,7.03,1.48.4,1,まくり,どーなるな,晴,4,4,4
2025-01-01,14,鳴門,2,5,4839,35,10,0.04,6.98,1.50.0,2,,どーなるな,晴,4,4,5
2025-01-01,14,鳴門,2,1,4596,82,68,0.16,7.03,1.51.8,3,,どーなるな,晴,4,4,1
2025-01-01,14,鳴門,2,2,4648,12,82,0.21,6.97,1.52.8,4,,どーなるな,晴,4,4,2
2025-01-01,14,鳴門,2,6,5348,30,31,0.02,6.88,,5,,どーなるな,晴,4,4,6
2025-01-01,14,鳴門,2,3,5249,66,37,0.33,6.96,,6,,どーなるな,晴,4,4,3
2025-01-01,14,鳴門,3,2,4359,53,70,0.17,7.03,1.49.6,1,差し,どきどきな,晴,5,5,2
2025-01-01,14,鳴門,3,1,4732,58,58,0.18,6.91,1.49.6,2,,どきどきな,晴,5,5,1
2025-01-01,14,鳴門,3,6,3333,62,18,0.17,7.01,1.52.4,3,,どきどきな,晴,5,5,6
2025-01-01,14,鳴門,3,5,5339,24,14,0.15,6.94,1.53.5,4,,どきどきな,晴,5,5,5
2025-01-01,14,鳴門,3,4,5179,25,64,0.21,6.92,,5,,どきどきな,晴,5,5,4
2025-01-01,14,鳴門,3,3,4636,33,19,0.18,6.88,,6,,どきどきな,晴,5,5,3
2025-01-01,14,鳴門,4,1,4704,11,51,0.03,6.98,1.48.5,1,逃げ,とにかくな,晴,5,5,1
2025-01-01,14,鳴門,4,2,4162,77,59,0.11,6.97,1.51.2,2,,とにかくな,晴,5,5,2
2025-01-01,14,鳴門,4,6,4864,36,26,0.1,7.04,1.51.9,3,,とにかくな,晴,5,5,6
2025-01-01,14,鳴門,4,4,3361,74,67,0.08,7.05,1.52.1,4,,とにかくな,晴,5,5,4
2025-01-01,14,鳴門,4,3,3564,51,32,0.1,6.91,,5,,とにかくな,晴,5,5,3
2025-01-01,14,鳴門,4,5,4063,37,20,0.08,6.98,,6,,とにかくな,晴,5,5,5
2025-01-01,14,鳴門,5,1,4521,69,76,0.09,7.07,1.55.3,1,逃げ,予選,晴,8,8,1
2025-01-01,14,鳴門,5,2,3841,18,12,0.15,6.96,1.59.0,2,,予選,晴,8,8,2
2025-01-01,14,鳴門,5,5,4571,80,23,0.16,6.8,2.02.3,3,,予選,晴,8,8,5
2025-01-01,14,鳴門,5,3,3516,70,78,0.2,6.92,2.04.4,4,,予選,晴,8,8,3
2025-01-01,14,鳴門,5,4,3562,60,29,0.2,7.06,,5,,予選,晴,8,8,4
2025-01-01,14,鳴門,6,1,5143,10,65,0.15,6.94,1.48.5,1,逃げ,予選,晴,6,6,1
2025-01-01,14,鳴門,6,4,4116,17,55,0.16,7.06,1.50.8,2,,予選,晴,6,6,4
2025-01-01,14,鳴門,6,3,3788,68,11,0.14,6.97,1.51.6,3,,予選,晴,6,6,3
2025-01-01,14,鳴門,6,2,4757,75,54,0.16,6.99,1.53.5,4,,予選,晴,6,6,2
2025-01-01,14,鳴門,6,6,4666,21,30,0.27,6.93,,5,,予選,晴,6,6,6
2025-01-01,14,鳴門,6,5,3797,73,77,0.3,7.08,,6,,予選,晴,6,6,5
2025-01-01,14,鳴門,7,3,4794,55,36,0.12,6.96,1.48.5,1,まくり,予選,晴,3,3,3
2025-01-01,14,鳴門,7,4,4111,56,79,0.12,6.99,1.50.9,2,,予選,晴,3,3,4
2025-01-01,14,鳴門,7,6,4383,23,50,0.15,6.99,1.51.7,3,,予選,晴,3,3,6
2025-01-01,14,鳴門,7,5,5249,66,37,0.15,6.95,1.52.9,4,,予選,晴,3,3,5
2025-01-01,14,鳴門,7,2,4028,28,63,0.09,6.98,,5,,予選,晴,3,3,2
2025-01-01,14,鳴門,7,1,4636,33,19,0.27,7.07,,6,,予選,晴,3,3,1
2025-01-01,14,鳴門,8,2,3304,31,22,0.08,6.93,1.48.8,1,まくり,予選,晴,3,3,2
2025-01-01,14,鳴門,8,4,3743,61,39,0.11,6.97,1.49.6,2,,予選,晴,3,3,5
2025-01-01,14,鳴門,8,5,4247,79,56,0.06,7.05,1.50.4,3,,予選,晴,3,3,6
2025-01-01,14,鳴門,8,6,5333,50,38,0.02,6.93,1.50.6,4,,予選,晴,3,3,4
2025-01-01,14,鳴門,8,1,4839,35,10,0.15,6.96,,5,,予選,晴,3,3,1
2025-01-01,14,鳴門,8,3,5179,25,64,0.11,6.99,,6,,予選,晴,3,3,3
2025-01-01,14,鳴門,9,3,4052,32,25,0.25,6.88,1.47.0,1,まくり,予選,晴,2,2,4
2025-01-01,14,鳴門,9,4,4648,12,82,0.31,7.04,1.49.3,2,,予選,晴,2,2,5
2025-01-01,14,鳴門,9,2,3333,62,18,0.2,7.0,1.51.0,3,,予選,晴,2,2,3
2025-01-01,14,鳴門,9,1,3361,74,67,0.13,7.01,1.52.7,4,,予選,晴,2,2,1
2025-01-01,14,鳴門,9,5,5372,52,27,0.31,7.02,,5,,予選,晴,2,2,6
2025-01-01,14,鳴門,10,2,4063,37,20,0.09,6.94,1.48.0,1,抜き,なるちゃん,晴,4,4,2
2025-01-01,14,鳴門,10,4,3477,54,60,0.09,6.88,1.49.3,2,,なるちゃん,晴,4,4,4
2025-01-01,14,鳴門,10,3,4596,82,68,0.06,7.03,1.50.7,3,,なるちゃん,晴,4,4,3
2025-01-01,14,鳴門,10,1,4691,59,57,0.12,7.01,1.51.4,4,,なるちゃん,晴,4,4,1
2025-01-01,14,鳴門,10,6,4359,53,70,0.07,7.04,,5,,なるちゃん,晴,4,4,6
2025-01-01,14,鳴門,10,5,3841,18,12,0.08,6.98,,6,,なるちゃん,晴,4,4,5
2025-01-01,14,鳴門,11,5,4685,20,52,0.11,6.89,1.47.8,1,まくり差し,特選,晴,4,4,5
2025-01-01,14,鳴門,11,1,4357,22,75,0.06,6.9,1.49.5,2,,特選,晴,4,4,1
2025-01-01,14,鳴門,11,2,4383,23,50,0.12,7.05,1.50.4,3,,特選,晴,4,4,2
2025-01-01,14,鳴門,11,4,4521,69,76,0.14,6.97,1.50.6,4,,特選,晴,4,4,4
2025-01-01,14,鳴門,11,6,3788,68,11,0.16,7.09,,5,,特選,晴,4,4,6
2025-01-01,14,鳴門,11,3,4162,77,59,0.14,7.06,,6,,特選,晴,4,4,3
2025-01-01,14,鳴門,12,1,4571,80,23,0.14,6.85,1.48.1,1,逃げ,特選,晴,4,4,1
2025-01-01,14,鳴門,12,4,4704,11,51,0.09,7.13,1.49.1,2,,特選,晴,4,4,4
2025-01-01,14,鳴門,12,3,3304,31,22,0.13,7.03,1.50.7,3,,特選,晴,4,4,3
2025-01-01,14,鳴門,12,6,4794,55,36,0.1,6.96,1.52.3,4,,特選,晴,4,4,6
2025-01-01,14,鳴門,12,5,4732,58,58,0.08,6.98,,5,,特選,晴,4,4,5
2025-01-01,14,鳴門,12,2,4666,21,30,0.12,7.07,,6,,特選,晴,4,4,2
2025-01-01,09,津,1,1,3772,58,57,0.15,6.77,1.50.1,1,逃げ,ツッキーレ,晴,4,2,1
2025-01-01,09,津,1,4,4837,50,66,0.11,6.74,1.51.5,2,,ツッキーレ,晴,4,2,4
2025-01-01,09,津,1,3,4031,48,37,0.16,6.73,1.52.6,3,,ツッキーレ,晴,4,2,3
2025-01-01,09,津,1,2,3455,51,26,0.22,6.72,1.53.9,4,,ツッキーレ,晴,4,2,2
2025-01-01,09,津,1,5,4035,57,62,0.19,6.8,,5,,ツッキーレ,晴,4,2,5
2025-01-01,09,津,1,6,5378,19,11,0.12,6.8,,6,,ツッキーレ,晴,4,2,6
2025-01-01,09,津,2,1,4181,73,71,0.16,6.71,1.50.8,1,逃げ,予選,晴,3,2,1
2025-01-01,09,津,2,5,3984,70,72,0.27,6.69,1.51.7,2,,予選,晴,3,2,5
2025-01-01,09,津,2,3,4209,39,13,0.2,6.71,1.53.6,3,,予選,晴,3,2,3
2025-01-01,09,津,2,4,4752,40,64,0.31,6.66,1.54.6,4,,予選,晴,3,2,4
2025-01-01,09,津,2,6,5316,15,45,0.26,6.71,,5,,予選,晴,3,2,6
2025-01-01,09,津,2,2,4270,16,28,0.18,6.82,,6,,予選,晴,3,2,2
2025-01-01,09,津,3,1,3934,33,59,0.29,6.75,1.50.6,1,逃げ,予選,晴,3,2,1
2025-01-01,09,津,3,6,4417,35,18,0.31,6.74,1.51.9,2,,予選,晴,3,2,5
2025-01-01,09,津,3,5,4470,25,41,0.24,6.72,1.52.8,3,,予選,晴,3,2,4
2025-01-01,09,津,3,4,4049,30,17,0.34,6.74,1.53.6,4,,予選,晴,3,2,6
2025-01-01,09,津,3,3,4926,31,20,0.49,6.5,,5,,予選,晴,3,2,3
2025-01-01,09,津,3,2,4129,49,74,0.32,6.78,,6,,予選,晴,3,2,2
2025-01-01,09,津,4,2,5256,53,50,0.1,6.63,1.49.6,1,差し,予選,晴,4,2,2
2025-01-01,09,津,4,5,4344,11,14,0.15,6.72,1.50.5,2,,予選,晴,4,2,6
2025-01-01,09,津,4,3,4618,38,24,0.13,6.68,1.52.5,3,,予選,晴,4,2,3
2025-01-01,09,津,4,6,4431,26,69,0.15,6.59,1.53.8,4,,予選,晴,4,2,4
2025-01-01,09,津,4,1,4527,41,34,0.15,6.59,,5,,予選,晴,4,2,1
2025-01-01,09,津,4,4,5345,55,58,0.22,6.77,,6,,予選,晴,4,2,5
2025-01-01,09,津,5,1,4808,54,67,0.22,6.62,2.04.1,1,逃げ,５ールドレ,晴,4,2,1
2025-01-01,09,津,5,2,4058,56,43,0.28,6.6,2.06.2,2,,５ールドレ,晴,4,2,2
2025-01-01,09,津,5,4,3392,59,30,0.22,6.73,2.09.0,3,,５ールドレ,晴,4,2,4
2025-01-01,09,津,5,3,4327,61,27,0.23,6.68,2.12.5,4,,５ールドレ,晴,4,2,3
2025-01-01,09,津,5,6,5275,75,23,0.25,6.67,,5,,５ールドレ,晴,4,2,6
2025-01-01,09,津,6,4,4856,69,33,0.09,6.75,1.48.8,1,まくり,予選,晴,4,2,4
2025-01-01,09,津,6,5,4754,24,51,0.13,6.69,1.50.8,2,,予選,晴,4,2,5
2025-01-01,09,津,6,6,4209,39,13,0.15,6.75,1.52.4,3,,予選,晴,4,2,6
2025-01-01,09,津,6,2,3519,72,12,0.23,6.73,1.54.4,4,,予選,晴,4,2,2
2025-01-01,09,津,6,1,4031,48,37,0.17,6.75,,5,,予選,晴,4,2,1
2025-01-01,09,津,6,3,4358,29,22,0.14,6.73,,6,,予選,晴,4,2,3
2025-01-01,09,津,7,1,5020,76,29,0.09,6.66,1.49.4,1,恵まれ,予選,晴,4,2,1
2025-01-01,09,津,7,4,4024,37,60,0.08,6.7,1.49.7,2,,予選,晴,4,2,4
2025-01-01,09,津,7,2,3327,36,46,0.05,6.78,1.54.9,3,,予選,晴,4,2,2
2025-01-01,09,津,7,5,5316,15,45,0.1,6.67,1.55.5,4,,予選,晴,4,2,5
2025-01-01,09,津,8,6,5130,71,16,0.18,6.67,1.59.3,1,恵まれ,予選,晴,3,2,6
2025-01-01,09,津,8,2,4227,28,47,0.31,6.74,2.09.6,2,,予選,晴,3,2,2
2025-01-01,09,津,8,3,4035,57,62,0.4,6.76,2.12.5,3,,予選,晴,3,2,3
2025-01-01,09,津,9,2,4049,30,17,0.11,6.73,2.00.9,1,差し,予選,晴,4,2,2
2025-01-01,09,津,9,1,3852,32,35,0.18,6.79,2.02.5,2,,予選,晴,4,2,1
2025-01-01,09,津,9,4,4962,12,25,0.16,6.68,2.06.5,3,,予選,晴,4,2,4
2025-01-01,09,津,9,3,4181,73,71,0.21,6.8,2.12.9,4,,予選,晴,4,2,3
2025-01-01,09,津,10,3,4344,11,14,0.14,6.78,1.48.2,1,まくり差し,予選,晴,3,2,4
2025-01-01,09,津,10,1,4754,24,51,0.11,6.64,1.51.0,2,,予選,晴,3,2,1
2025-01-01,09,津,10,2,3596,74,21,0.12,6.67,1.52.2,3,,予選,晴,3,2,2
2025-01-01,09,津,10,5,3984,70,72,0.19,6.66,1.53.8,4,,予選,晴,3,2,6
2025-01-01,09,津,10,4,5275,75,23,0.15,6.7,,5,,予選,晴,3,2,3
2025-01-01,09,津,10,6,4129,49,74,0.24,6.73,,6,,予選,晴,3,2,5
2025-01-01,09,津,11,1,4856,69,33,0.18,6.6,1.48.0,1,逃げ,新春特選,晴,4,2,1
2025-01-01,09,津,11,2,4431,26,69,0.2,6.67,1.51.0,2,,新春特選,晴,4,2,2
2025-01-01,09,津,11,5,4796,60,68,0.27,6.96,1.54.6,3,,新春特選,晴,4,2,5
2025-01-01,09,津,11,6,5010,68,63,0.27,6.64,1.55.7,4,,新春特選,晴,4,2,6
2025-01-01,09,津,11,3,4417,35,18,0.25,6.77,,5,,新春特選,晴,4,2,3
2025-01-01,09,津,11,4,3772,58,57,0.39,6.77,,6,,新春特選,晴,4,2,4
2025-01-01,09,津,12,1,4024,37,60,0.14,6.56,1.47.4,1,逃げ,ツッキー選,晴,3,2,1
2025-01-01,09,津,12,5,4227,28,39,0.17,6.82,1.51.9,2,,ツッキー選,晴,3,2,5
2025-01-01,09,津,12,2,4808,54,67,0.15,6.63,1.53.2,3,,ツッキー選,晴,3,2,2
2025-01-01,09,津,12,4,5256,53,50,0.13,6.64,1.54.4,4,,ツッキー選,晴,3,2,4
2025-01-01,09,津,12,3,4470,25,41,0.13,6.65,,5,,ツッキー選,晴,3,2,3
2025-01-01,09,津,12,6,4358,29,22,0.21,6.76,,6,,ツッキー選,晴,3,2,6
2025-01-01,08,常滑,1,3,3848,38,39,0.11,6.74,1.49.2,1,抜き,予選,晴,3,1,3
2025-01-01,08,常滑,1,1,4570,25,65,0.12,6.68,1.51.5,2,,予選,晴,3,1,1
2025-01-01,08,常滑,1,6,5305,3,14,0.11,6.72,1.52.2,3,,予選,晴,3,1,5
2025-01-01,08,常滑,1,2,3637,13,12,0.16,6.73,1.53.5,4,,予選,晴,3,1,2
2025-01-01,08,常滑,1,5,5252,37,25,0.1,6.66,,5,,予選,晴,3,1,6
2025-01-01,08,常滑,1,4,5318,27,73,0.13,6.69,,6,,予選,晴,3,1,4
2025-01-01,08,常滑,2,1,3536,60,69,0.08,6.68,1.49.9,1,逃げ,予選,晴,3,1,1
2025-01-01,08,常滑,2,2,3713,48,48,0.1,6.71,1.51.3,2,,予選,晴,3,1,2
2025-01-01,08,常滑,2,3,3945,28,40,0.13,6.63,1.53.1,3,,予選,晴,3,1,3
2025-01-01,08,常滑,2,5,4074,44,50,0.16,6.76,1.53.6,4,,予選,晴,3,1,6
2025-01-01,08,常滑,2,6,4681,10,22,0.16,6.73,,5,,予選,晴,3,1,4
2025-01-01,08,常滑,2,4,5296,29,61,0.26,6.67,,6,,予選,晴,3,1,5
2025-01-01,08,常滑,3,4,4960,39,42,0.09,6.71,1.48.7,1,まくり差し,予選,晴,3,1,3
2025-01-01,08,常滑,3,1,4785,32,35,0.07,6.71,1.51.5,2,,予選,晴,3,1,1
2025-01-01,08,常滑,3,3,5197,58,44,0.07,6.74,1.52.5,3,,予選,晴,3,1,2
2025-01-01,08,常滑,3,5,4586,18,28,0.13,6.66,1.53.5,4,,予選,晴,3,1,5
2025-01-01,08,常滑,3,6,5340,55,60,0.13,6.67,,5,,予選,晴,3,1,6
2025-01-01,08,常滑,3,2,3542,21,26,0.23,6.64,,6,,予選,晴,3,1,4
2025-01-01,08,常滑,4,4,5196,16,21,0.18,6.66,1.49.4,1,まくり,予選,晴,3,1,4
2025-01-01,08,常滑,4,2,4604,2,46,0.19,6.7,1.51.5,2,,予選,晴,3,1,2
2025-01-01,08,常滑,4,5,3895,34,59,0.16,6.73,1.52.0,3,,予選,晴,3,1,5
2025-01-01,08,常滑,4,1,4016,15,38,0.14,6.74,1.54.3,4,,予選,晴,3,1,1
2025-01-01,08,常滑,4,3,5230,59,13,0.22,6.71,,5,,予選,晴,3,1,3
2025-01-01,08,常滑,4,6,5346,12,71,0.14,6.73,,6,,予選,晴,3,1,6
2025-01-01,08,常滑,5,4,4650,11,29,0.18,6.68,1.48.7,1,まくり,予選,晴,2,1,3
2025-01-01,08,常滑,5,5,5068,17,30,0.19,6.66,1.50.8,2,,予選,晴,2,1,4
2025-01-01,08,常滑,5,6,5252,37,25,0.21,6.7,1.52.9,3,,予選,晴,2,1,5
2025-01-01,08,常滑,5,1,5272,53,17,0.13,6.71,1.53.1,4,,予選,晴,2,1,1
2025-01-01,08,常滑,5,2,3554,19,49,0.2,6.71,,5,,予選,晴,2,1,6
2025-01-01,08,常滑,5,3,4467,46,54,0.22,6.75,,6,,予選,晴,2,1,2
2025-01-01,08,常滑,6,1,4630,51,74,0.27,6.58,1.49.1,1,逃げ,予選,晴,2,1,1
2025-01-01,08,常滑,6,2,5002,62,15,0.3,6.62,1.50.1,2,,予選,晴,2,1,2
2025-01-01,08,常滑,6,3,3967,61,57,0.25,6.73,1.51.6,3,,予選,晴,2,1,3
2025-01-01,08,常滑,6,5,4903,22,62,0.22,6.68,1.52.1,4,,予選,晴,2,1,6
2025-01-01,08,常滑,6,4,5254,31,24,0.22,6.71,,5,,予選,晴,2,1,4
2025-01-01,08,常滑,6,6,3637,13,12,0.27,6.75,,6,,予選,晴,2,1,5
2025-01-01,08,常滑,7,1,3713,48,48,0.06,6.76,1.49.4,1,逃げ,予選,晴,3,1,1
2025-01-01,08,常滑,7,2,3542,21,26,0.08,6.71,1.51.0,2,,予選,晴,3,1,3
2025-01-01,08,常滑,7,5,3941,1,19,0.09,6.76,1.52.2,3,,予選,晴,3,1,5
2025-01-01,08,常滑,7,3,5098,5,53,0.06,6.69,1.53.1,4,,予選,晴,3,1,2
2025-01-01,08,常滑,7,6,5347,26,67,0.12,6.74,,5,,予選,晴,3,1,6
2025-01-01,08,常滑,8,1,5125,35,58,0.15,6.75,1.48.9,1,逃げ,予選,晴,1,0,1
2025-01-01,08,常滑,8,3,4016,15,38,0.08,6.77,1.50.7,2,,予選,晴,1,0,3
2025-01-01,08,常滑,8,2,3848,38,39,0.04,6.76,1.52.7,3,,予選,晴,1,0,2
2025-01-01,08,常滑,8,6,4509,56,32,0.17,6.73,1.53.1,4,,予選,晴,1,0,6
2025-01-01,08,常滑,8,4,4074,44,50,0.11,6.77,,5,,予選,晴,1,0,4
2025-01-01,08,常滑,8,5,5340,55,60,0.15,6.71,,6,,予選,晴,1,0,5
2025-01-01,08,常滑,9,1,4518,47,41,0.1,6.68,1.49.7,1,逃げ,予選,晴,2,1,1
2025-01-01,08,常滑,9,4,4586,18,28,0.1,6.74,1.50.2,2,,予選,晴,2,1,4
2025-01-01,08,常滑,9,2,5245,49,56,0.13,6.75,1.53.7,3,,予選,晴,2,1,2
2025-01-01,08,常滑,9,6,5318,27,73,0.17,6.77,1.54.7,4,,予選,晴,2,1,6
2025-01-01,08,常滑,9,3,3536,60,69,0.12,6.76,,5,,予選,晴,2,1,3
2025-01-01,08,常滑,9,5,5272,53,17,0.17,6.72,,6,,予選,晴,2,1,5
2025-01-01,08,常滑,10,1,5068,17,30,0.09,6.68,1.48.8,1,逃げ,予選,晴,2,1,1
2025-01-01,08,常滑,10,3,4570,25,65,0.15,6.72,1.50.4,2,,予選,晴,2,1,3
2025-01-01,08,常滑,10,5,4630,51,74,0.15,6.68,1.52.1,3,,予選,晴,2,1,5
2025-01-01,08,常滑,10,2,3687,6,36,0.14,6.73,1.53.3,4,,予選,晴,2,1,2
2025-01-01,08,常滑,10,4,4785,32,35,0.25,6.71,,5,,予選,晴,2,1,4
2025-01-01,08,常滑,10,6,3945,28,40,0.13,6.68,,6,,予選,晴,2,1,6
2025-01-01,08,常滑,11,1,4604,2,46,0.08,6.72,1.49.0,1,逃げ,予選,晴,2,1,1
2025-01-01,08,常滑,11,3,3554,19,49,0.11,6.74,1.50.4,2,,予選,晴,2,1,3
2025-01-01,08,常滑,11,6,4960,39,42,0.15,6.73,1.51.7,3,,予選,晴,2,1,6
2025-01-01,08,常滑,11,2,5074,42,11,0.1,6.74,1.53.1,4,,予選,晴,2,1,2
2025-01-01,08,常滑,11,5,5098,5,53,0.15,6.71,,5,,予選,晴,2,1,5
2025-01-01,08,常滑,11,4,5296,29,61,0.15,6.72,,6,,予選,晴,2,1,4
2025-01-01,08,常滑,12,1,3941,1,19,0.1,6.77,1.48.2,1,逃げ,予選初夢,晴,2,1,1
2025-01-01,08,常滑,12,3,4903,22,62,0.1,6.72,1.49.1,2,,予選初夢,晴,2,1,3
2025-01-01,08,常滑,12,4,5197,58,44,0.09,6.8,1.51.8,3,,予選初夢,晴,2,1,4
2025-01-01,08,常滑,12,5,4650,11,29,0.12,6.65,1.51.9,4,,予選初夢,晴,2,1,5
2025-01-01,08,常滑,12,2,4509,56,32,0.1,6.69,,5,,予選初夢,晴,2,1,2
2025-01-01,08,常滑,12,6,5196,16,21,0.17,6.69,,6,,予選初夢,晴,2,1,6
2025-01-01,06,浜名湖,1,2,3156,1,56,0.07,6.81,1.50.8,1,差し,予選,晴,2,1,4
2025-01-01,06,浜名湖,1,6,4073,5,64,0.16,6.78,1.51.1,2,,予選,晴,2,1,6
2025-01-01,06,浜名湖,1,3,5293,32,60,0.07,6.77,1.52.6,3,,予選,晴,2,1,2
2025-01-01,06,浜名湖,1,5,4131,60,18,0.14,6.72,1.53.7,4,,予選,晴,2,1,5
2025-01-01,06,浜名湖,1,1,5269,31,52,0.01,6.74,,5,,予選,晴,2,1,1
2025-01-01,06,浜名湖,1,4,5079,25,26,0.15,6.79,,6,,予選,晴,2,1,3
2025-01-01,06,浜名湖,2,1,5248,15,51,0.17,6.82,1.48.8,1,逃げ,予選,晴,2,1,1
2025-01-01,06,浜名湖,2,5,4494,47,38,0.19,6.75,1.49.5,2,,予選,晴,2,1,5
2025-01-01,06,浜名湖,2,3,4150,7,62,0.18,6.78,1.51.7,3,,予選,晴,2,1,3
2025-01-01,06,浜名湖,2,2,4793,51,63,0.17,6.78,1.52.5,4,,予選,晴,2,1,2
2025-01-01,06,浜名湖,2,6,5385,22,15,0.23,6.84,,5,,予選,晴,2,1,6
2025-01-01,06,浜名湖,2,4,5294,17,24,0.24,6.8,,6,,予選,晴,2,1,4
2025-01-01,06,浜名湖,3,1,4984,27,76,0.14,6.7,1.50.1,1,逃げ,予選,晴,2,1,1
2025-01-01,06,浜名湖,3,2,4033,37,12,0.21,6.64,1.51.7,2,,予選,晴,2,1,2
2025-01-01,06,浜名湖,3,3,3909,66,55,0.2,6.75,1.53.2,3,,予選,晴,2,1,3
2025-01-01,06,浜名湖,3,4,3987,53,25,0.22,6.71,1.54.1,4,,予選,晴,2,1,4
2025-01-01,06,浜名湖,3,5,4207,13,61,0.17,6.72,,5,,予選,晴,2,1,6
2025-01-01,06,浜名湖,3,6,5349,62,75,0.16,6.73,,6,,予選,晴,2,1,5
2025-01-01,06,浜名湖,4,1,5110,23,73,0.14,6.75,1.49.0,1,逃げ,予選,晴,2,1,1
2025-01-01,06,浜名湖,4,3,3811,33,17,0.2,6.71,1.50.4,2,,予選,晴,2,1,3
2025-01-01,06,浜名湖,4,5,4342,57,37,0.21,6.8,1.52.2,3,,予選,晴,2,1,4
2025-01-01,06,浜名湖,4,6,3796,20,53,0.18,6.72,1.53.3,4,,予選,晴,2,1,6
2025-01-01,06,浜名湖,4,2,5034,58,54,0.22,6.7,,5,,予選,晴,2,1,2
2025-01-01,06,浜名湖,4,4,5019,40,68,0.21,6.7,,6,,予選,晴,2,1,5
2025-01-01,06,浜名湖,5,1,3956,49,39,0.2,6.73,1.50.3,1,抜き,予選,晴,3,1,1
2025-01-01,06,浜名湖,5,2,3294,28,58,0.21,6.79,1.51.0,2,,予選,晴,3,1,2
2025-01-01,06,浜名湖,5,4,4131,60,18,0.25,6.72,1.53.4,3,,予選,晴,3,1,4
2025-01-01,06,浜名湖,5,6,4068,3,41,0.23,6.83,1.54.6,4,,予選,晴,3,1,6
2025-01-01,06,浜名湖,5,3,5076,63,36,0.25,6.79,,5,,予選,晴,3,1,3
2025-01-01,06,浜名湖,5,5,3422,34,19,0.25,6.8,,6,,予選,晴,3,1,5
2025-01-01,06,浜名湖,6,1,3959,39,71,0.06,6.67,1.49.6,1,逃げ,ランチタイ,晴,3,1,1
2025-01-01,06,浜名湖,6,2,5269,31,52,0.09,6.68,1.51.3,2,,ランチタイ,晴,3,1,2
2025-01-01,06,浜名湖,6,3,3990,59,32,0.1,6.77,1.52.7,3,,ランチタイ,晴,3,1,3
2025-01-01,06,浜名湖,6,5,4740,65,48,0.19,6.85,1.54.5,4,,ランチタイ,晴,3,1,6
2025-01-01,06,浜名湖,6,4,4840,18,66,0.17,6.8,,5,,ランチタイ,晴,3,1,4
2025-01-01,06,浜名湖,6,6,5385,22,15,0.21,6.76,,6,,ランチタイ,晴,3,1,5
2025-01-01,06,浜名湖,7,1,4124,48,47,0.04,6.75,1.49.0,1,逃げ,予選,晴,2,1,1
2025-01-01,06,浜名湖,7,3,4207,13,61,0.08,6.81,1.51.1,2,,予選,晴,2,1,3
2025-01-01,06,浜名湖,7,2,4989,19,65,0.09,6.78,1.52.1,3,,予選,晴,2,1,2
2025-01-01,06,浜名湖,7,6,4793,51,63,0.12,6.77,1.53.4,4,,予選,晴,2,1,6
2025-01-01,06,浜名湖,7,5,4625,54,40,0.08,6.83,,5,,予選,晴,2,1,5
2025-01-01,06,浜名湖,7,4,5293,32,60,0.19,6.81,,6,,予選,晴,2,1,4
2025-01-01,06,浜名湖,8,2,3987,53,25,0.12,6.81,1.48.9,1,差し,予選,晴,2,1,2
2025-01-01,06,浜名湖,8,5,3960,29,16,0.06,6.78,1.49.1,2,,予選,晴,2,1,5
2025-01-01,06,浜名湖,8,4,5079,25,26,0.14,6.82,1.51.8,3,,予選,晴,2,1,4
2025-01-01,06,浜名湖,8,6,4076,21,29,0.09,6.78,1.52.6,4,,予選,晴,2,1,6
2025-01-01,06,浜名湖,8,1,4581,35,30,0.07,6.79,,5,,予選,晴,2,1,1
2025-01-01,06,浜名湖,8,3,5294,17,24,0.14,6.75,,6,,予選,晴,2,1,3
2025-01-01,06,浜名湖,9,1,3422,34,19,0.17,6.85,1.50.1,1,抜き,予選,晴,3,1,1
2025-01-01,06,浜名湖,9,2,3796,20,53,0.18,6.82,1.51.0,2,,予選,晴,3,1,2
2025-01-01,06,浜名湖,9,3,4216,12,45,0.13,6.89,1.52.3,3,,予選,晴,3,1,3
2025-01-01,06,浜名湖,9,4,4494,47,38,0.17,6.79,1.52.6,4,,予選,晴,3,1,4
2025-01-01,06,浜名湖,9,5,3489,16,23,0.22,6.81,,5,,予選,晴,3,1,5
2025-01-01,06,浜名湖,9,6,5349,62,75,0.32,6.8,,6,,予選,晴,3,1,6
2025-01-01,06,浜名湖,10,1,3909,66,55,0.04,6.76,1.49.8,1,逃げ,ブレイクタ,晴,2,1,1
2025-01-01,06,浜名湖,10,2,5110,23,73,0.03,6.85,1.50.4,2,,ブレイクタ,晴,2,1,2
2025-01-01,06,浜名湖,10,4,3294,28,58,0.03,6.8,1.51.9,3,,ブレイクタ,晴,2,1,3
2025-01-01,06,浜名湖,10,5,4073,5,64,0.11,6.75,1.53.2,4,,ブレイクタ,晴,2,1,4
2025-01-01,06,浜名湖,10,3,3563,64,11,0.02,6.74,,5,,ブレイクタ,晴,2,1,5
2025-01-01,06,浜名湖,10,6,5362,38,20,0.12,6.84,,6,,ブレイクタ,晴,2,1,6
2025-01-01,06,浜名湖,11,1,4524,2,35,0.09,6.77,1.47.9,1,逃げ,静岡新聞社,晴,3,1,1
2025-01-01,06,浜名湖,11,6,4150,7,62,0.05,6.81,1.49.9,2,,静岡新聞社,晴,3,1,6
2025-01-01,06,浜名湖,11,2,4124,48,47,0.16,6.78,1.51.9,3,,静岡新聞社,晴,3,1,2
2025-01-01,06,浜名湖,11,3,5019,40,68,0.13,6.71,1.53.0,4,,静岡新聞社,晴,3,1,3
2025-01-01,06,浜名湖,11,4,3959,39,71,0.14,6.73,,5,,静岡新聞社,晴,3,1,4
2025-01-01,06,浜名湖,11,5,4984,27,76,0.17,6.75,,6,,静岡新聞社,晴,3,1,5
2025-01-01,06,浜名湖,12,4,3956,49,39,0.06,6.78,1.49.0,1,まくり差し,新春特選,晴,2,1,4
2025-01-01,06,浜名湖,12,3,4033,37,12,0.03,6.7,1.50.1,2,,新春特選,晴,2,1,3
2025-01-01,06,浜名湖,12,6,3811,33,17,0.12,6.81,1.51.6,3,,新春特選,晴,2,1,6
2025-01-01,06,浜名湖,12,5,3990,59,32,0.08,6.85,1.51.9,4,,新春特選,晴,2,1,5
2025-01-01,06,浜名湖,12,1,3960,29,16,0.08,6.76,,5,,新春特選,晴,2,1,1
2025-01-01,06,浜名湖,12,2,4625,54,40,0.1,6.86,,6,,新春特選,晴,2,1,2
2025-01-01,01,桐生,1,1,4078,25,65,0.13,6.98,1.51.0,1,逃げ,予選,晴,6,5,1
2025-01-01,01,桐生,1,3,3655,44,58,0.25,6.92,1.52.1,2,,予選,晴,6,5,3
2025-01-01,01,桐生,1,4,3448,22,59,0.36,6.87,1.54.1,3,,予選,晴,6,5,5
2025-01-01,01,桐生,1,6,3619,48,19,0.31,7.0,1.55.0,4,,予選,晴,6,5,6
2025-01-01,01,桐生,1,2,4766,28,66,0.14,6.89,1.56.2,5,,予選,晴,6,5,2
2025-01-01,01,桐生,1,5,5320,17,49,0.32,6.98,1.58.2,6,,予選,晴,6,5,4
2025-01-01,01,桐生,2,1,4888,14,45,0.09,6.93,1.50.9,1,逃げ,予選,晴,6,5,2
2025-01-01,01,桐生,2,4,3659,47,50,0.17,6.92,1.52.7,2,,予選,晴,6,5,6
2025-01-01,01,桐生,2,3,4645,32,37,0.1,6.9,1.53.6,3,,予選,晴,6,5,3
2025-01-01,01,桐生,2,5,5301,11,33,0.15,6.88,1.55.2,4,,予選,晴,6,5,4
2025-01-01,01,桐生,2,2,3652,42,62,0.12,6.9,1.56.2,5,,予選,晴,6,5,1
2025-01-01,01,桐生,2,6,5390,26,71,0.25,6.99,1.58.5,6,,予選,晴,6,5,5
2025-01-01,01,桐生,3,2,4539,34,26,0.11,6.87,1.50.9,1,差し,予選,晴,6,5,2
2025-01-01,01,桐生,3,1,3419,55,60,0.07,6.96,1.52.2,2,,予選,晴,6,5,1
2025-01-01,01,桐生,3,4,3686,40,47,0.08,6.89,1.54.0,3,,予選,晴,6,5,4
2025-01-01,01,桐生,3,3,5253,39,46,0.07,6.92,1.54.7,4,,予選,晴,6,5,3
2025-01-01,01,桐生,3,5,5306,43,30,0.07,6.88,1.56.8,5,,予選,晴,6,5,5
2025-01-01,01,桐生,3,6,4362,30,56,0.15,6.79,2.01.2,6,,予選,晴,6,5,6
2025-01-01,01,桐生,4,3,5141,19,25,0.12,7.02,1.50.6,1,差し,予選,晴,5,4,3
2025-01-01,01,桐生,4,1,3827,36,18,0.17,6.94,1.51.4,2,,予選,晴,5,4,1
2025-01-01,01,桐生,4,2,4225,54,40,0.18,6.88,1.53.0,3,,予選,晴,5,4,2
2025-01-01,01,桐生,4,5,5006,56,75,0.12,6.87,1.53.5,4,,予選,晴,5,4,5
2025-01-01,01,桐生,4,6,3406,29,61,0.15,7.0,1.54.9,5,,予選,晴,5,4,6
2025-01-01,01,桐生,4,4,4889,50,21,0.06,6.94,1.56.3,6,,予選,晴,5,4,4
2025-01-01,01,桐生,5,1,3889,27,28,0.14,6.87,1.50.5,1,逃げ,予選,晴,5,4,1
2025-01-01,01,桐生,5,2,4420,18,31,0.12,7.0,1.51.7,2,,予選,晴,5,4,2
2025-01-01,01,桐生,5,5,4766,28,66,0.1,6.81,1.53.3,3,,予選,晴,5,4,5
2025-01-01,01,桐生,5,6,4233,16,35,0.16,6.76,1.53.9,4,,予選,晴,5,4,6
2025-01-01,01,桐生,5,3,3482,37,13,0.17,6.9,1.55.2,5,,予選,晴,5,4,3
2025-01-01,01,桐生,5,4,4769,31,39,0.15,6.91,1.56.7,6,,予選,晴,5,4,4
2025-01-01,01,桐生,6,1,4188,20,68,0.15,6.92,1.50.0,1,逃げ,ドラドキ目,晴,4,3,1
2025-01-01,01,桐生,6,3,4491,45,55,0.24,6.95,1.51.7,2,,ドラドキ目,晴,4,3,3
2025-01-01,01,桐生,6,4,3947,21,11,0.23,6.96,1.53.2,3,,ドラドキ目,晴,4,3,4
2025-01-01,01,桐生,6,2,5213,24,53,0.22,6.81,1.55.3,4,,ドラドキ目,晴,4,3,2
2025-01-01,01,桐生,6,5,4078,25,65,0.17,6.94,1.57.7,5,,ドラドキ目,晴,4,3,5
2025-01-01,01,桐生,6,6,5390,26,71,0.24,6.92,1.57.7,6,,ドラドキ目,晴,4,3,6
2025-01-01,01,桐生,7,1,3475,52,14,0.17,6.82,1.48.4,1,逃げ,ドラドキ３,晴,3,3,1
2025-01-01,01,桐生,7,3,4851,38,41,0.15,6.85,1.49.4,2,,ドラドキ３,晴,3,3,3
2025-01-01,01,桐生,7,4,3441,35,23,0.18,6.83,1.51.7,3,,ドラドキ３,晴,3,3,4
2025-01-01,01,桐生,7,2,5301,11,33,0.16,6.83,1.53.7,4,,ドラドキ３,晴,3,3,2
2025-01-01,01,桐生,7,5,3419,55,60,0.23,6.89,1.55.8,5,,ドラドキ３,晴,3,3,5
2025-01-01,01,桐生,7,6,5320,17,49,0.13,6.8,1.57.2,6,,ドラドキ３,晴,3,3,6
2025-01-01,01,桐生,8,3,4238,12,72,0.2,6.75,1.48.4,1,抜き,ドラドキ５,晴,2,2,5
2025-01-01,01,桐生,8,1,3686,40,47,0.11,6.81,1.49.2,2,,ドラドキ５,晴,2,2,1
2025-01-01,01,桐生,8,2,5065,23,51,0.2,6.82,1.52.3,3,,ドラドキ５,晴,2,2,2
2025-01-01,01,桐生,8,6,3652,42,62,0.47,6.91,1.53.9,4,,ドラドキ５,晴,2,2,4
2025-01-01,01,桐生,8,5,3448,22,59,0.3,6.84,1.55.2,5,,ドラドキ５,晴,2,2,6
2025-01-01,01,桐生,8,4,5006,56,75,0.34,6.86,1.55.6,6,,ドラドキ５,晴,2,2,3
2025-01-01,01,桐生,9,1,5216,51,29,0.18,6.78,1.49.1,1,逃げ,予選,晴,2,1,1
2025-01-01,01,桐生,9,2,3159,33,32,0.19,6.76,1.50.4,2,,予選,晴,2,1,5
2025-01-01,01,桐生,9,3,3827,36,18,0.17,6.89,1.52.3,3,,予選,晴,2,1,2
2025-01-01,01,桐生,9,4,3889,27,28,0.15,6.84,1.53.0,4,,予選,晴,2,1,3
2025-01-01,01,桐生,9,6,5253,39,46,0.08,6.83,1.53.7,5,,予選,晴,2,1,6
2025-01-01,01,桐生,9,5,4645,32,37,0.1,6.79,1.55.0,6,,予選,晴,2,1,4
2025-01-01,01,桐生,10,4,5234,41,38,0.12,6.81,1.48.9,1,差し,予選特別,晴,3,3,5
2025-01-01,01,桐生,10,1,3655,44,58,0.17,6.86,1.51.3,2,,予選特別,晴,3,3,1
2025-01-01,01,桐生,10,3,4233,16,35,0.09,6.68,1.52.7,3,,予選特別,晴,3,3,3
2025-01-01,01,桐生,10,2,4362,30,56,0.11,6.82,1.53.8,4,,予選特別,晴,3,3,2
2025-01-01,01,桐生,10,5,4887,46,63,0.06,6.71,1.54.7,5,,予選特別,晴,3,3,6
2025-01-01,01,桐生,10,6,4987,15,36,0.26,6.96,1.55.8,6,,予選特別,晴,3,3,4
2025-01-01,01,桐生,11,4,3475,52,14,0.18,6.84,1.48.3,1,まくり差し,予選特別,晴,2,1,4
2025-01-01,01,桐生,11,3,5090,49,67,0.18,6.87,1.50.1,2,,予選特別,晴,2,1,3
2025-01-01,01,桐生,11,5,4420,18,31,0.29,6.9,1.51.6,3,,予選特別,晴,2,1,5
2025-01-01,01,桐生,11,2,3538,13,27,0.16,6.91,1.52.3,4,,予選特別,晴,2,1,2
2025-01-01,01,桐生,11,1,5141,19,25,0.13,6.85,1.53.1,5,,予選特別,晴,2,1,1
2025-01-01,01,桐生,11,6,3653,53,24,0.25,6.91,1.54.6,6,,予選特別,晴,2,1,6
2025-01-01,01,桐生,12,1,4851,38,41,0.14,6.74,1.47.2,1,逃げ,桐生特選,晴,0,0,1
2025-01-01,01,桐生,12,2,4188,20,68,0.12,6.75,1.49.7,2,,桐生特選,晴,0,0,2
2025-01-01,01,桐生,12,3,4769,31,39,0.11,6.89,1.51.6,3,,桐生特選,晴,0,0,3
2025-01-01,01,桐生,12,4,4888,14,45,0.24,6.75,1.52.3,4,,桐生特選,晴,0,0,4
2025-01-01,01,桐生,12,5,4539,34,26,0.22,6.85,1.53.5,5,,桐生特選,晴,0,0,5
2025-01-01,01,桐生,12,6,4889,50,21,0.16,6.9,1.54.4,6,,桐生特選,晴,0,0,6
2025-01-02,24,大村,1,1,3906,75,75,0.07,6.9,1.49.3,1,逃げ,予選,晴,3,2,1
2025-01-02,24,大村,1,4,4299,54,76,0.14,6.93,1.49.7,2,,予選,晴,3,2,4
2025-01-02,24,大村,1,2,4705,73,69,0.05,6.95,1.52.2,3,,予選,晴,3,2,2
2025-01-02,24,大村,1,5,3773,36,32,0.18,6.88,1.53.2,4,,予選,晴,3,2,5
2025-01-02,24,大村,1,6,4004,60,73,0.13,6.92,,5,,予選,晴,3,2,6
2025-01-02,24,大村,1,3,5048,40,51,0.23,6.92,,6,,予選,晴,3,2,3
2025-01-02,24,大村,2,2,3779,46,71,0.1,6.79,1.48.5,1,抜き,予選,晴,3,2,2
2025-01-02,24,大村,2,3,4803,50,24,0.11,6.87,1.50.1,2,,予選,晴,3,2,3
2025-01-02,24,大村,2,5,3871,69,13,0.11,6.86,1.52.2,3,,予選,晴,3,2,5
2025-01-02,24,大村,2,4,3527,57,59,0.13,6.85,1.53.9,4,,予選,晴,3,2,4
2025-01-02,24,大村,2,1,3722,19,30,0.14,6.9,,5,,予選,晴,3,2,1
2025-01-02,24,大村,2,6,3742,13,22,0.05,6.83,,6,,予選,晴,3,2,6
2025-01-02,24,大村,3,1,4603,29,53,0.18,6.81,1.48.5,1,逃げ,予選,晴,3,2,1
2025-01-02,24,大村,3,4,4315,62,27,0.19,6.78,1.50.1,2,,予選,晴,3,2,4
2025-01-02,24,大村,3,2,4715,66,55,0.14,6.77,1.50.3,3,,予選,晴,3,2,2
2025-01-02,24,大村,3,3,5261,27,39,0.21,6.86,1.51.4,4,,予選,晴,3,2,3
2025-01-02,24,大村,3,5,5195,17,52,0.19,6.82,,5,,予選,晴,3,2,5
2025-01-02,24,大村,3,6,3843,43,48,0.22,6.83,,6,,予選,晴,3,2,6
2025-01-02,24,大村,4,3,4171,21,34,0.2,6.81,1.48.1,1,まくり差し,予選,晴,2,1,3
2025-01-02,24,大村,4,4,4553,53,61,0.21,6.8,1.49.9,2,,予選,晴,2,1,4
2025-01-02,24,大村,4,1,5086,11,23,0.19,6.8,1.51.4,3,,予選,晴,2,1,1
2025-01-02,24,大村,4,5,4094,52,37,0.21,6.84,1.53.2,4,,予選,晴,2,1,5
2025-01-02,24,大村,4,6,4060,24,36,0.26,6.85,,5,,予選,晴,2,1,6
2025-01-02,24,大村,4,2,4990,28,15,0.28,6.76,,6,,予選,晴,2,1,2
2025-01-02,24,大村,5,2,4497,55,68,0.11,6.84,1.48.1,1,差し,予選,晴,1,1,2
2025-01-02,24,大村,5,1,4919,49,72,0.08,6.82,1.49.3,2,,予選,晴,1,1,1
2025-01-02,24,大村,5,4,3906,75,75,0.13,6.75,1.51.3,3,,予選,晴,1,1,4
2025-01-02,24,大村,5,3,3944,67,19,0.21,6.85,1.51.3,4,,予選,晴,1,1,3
2025-01-02,24,大村,5,5,4248,64,16,0.13,6.87,,5,,予選,晴,1,1,5
2025-01-02,24,大村,5,6,4100,74,56,0.08,6.82,,6,,予選,晴,1,1,6
2025-01-02,24,大村,6,1,3773,36,32,0.12,6.81,1.49.0,1,逃げ,予選,晴,0,1,1
2025-01-02,24,大村,6,2,3964,31,60,0.21,6.84,1.49.8,2,,予選,晴,0,1,2
2025-01-02,24,大村,6,3,4966,68,44,0.13,6.92,1.51.9,3,,予選,晴,0,1,3
2025-01-02,24,大村,6,6,4213,23,29,0.16,6.83,1.52.8,4,,予選,晴,0,1,6
2025-01-02,24,大村,6,5,4352,20,66,0.13,6.86,,5,,予選,晴,0,1,5
2025-01-02,24,大村,6,4,5271,51,63,0.17,6.83,,6,,予選,晴,0,1,4
2025-01-02,24,大村,7,5,5102,14,49,0.15,6.82,1.48.3,1,まくり差し,予選,晴,1,1,5
2025-01-02,24,大村,7,1,4695,56,28,0.13,6.85,1.49.8,2,,予選,晴,1,1,1
2025-01-02,24,大村,7,4,4096,22,38,0.15,6.87,1.51.4,3,,予選,晴,1,1,4
2025-01-02,24,大村,7,3,4315,62,27,0.12,6.78,1.53.0,4,,予選,晴,1,1,3
2025-01-02,24,大村,7,2,4803,50,24,0.14,6.83,,5,,予選,晴,1,1,2
2025-01-02,24,大村,7,6,5223,35,11,0.16,6.85,,6,,予選,晴,1,1,6
2025-01-02,24,大村,8,1,3871,69,13,0.05,6.89,1.48.1,1,逃げ,予選,晴,1,1,1
2025-01-02,24,大村,8,5,5129,58,64,0.11,6.9,1.49.9,2,,予選,晴,1,1,5
2025-01-02,24,大村,8,2,5195,17,52,0.08,6.9,1.51.1,3,,予選,晴,1,1,2
2025-01-02,24,大村,8,4,4990,28,15,0.13,6.87,1.52.4,4,,予選,晴,1,1,4
2025-01-02,24,大村,8,6,5335,65,65,0.16,6.87,,5,,予選,晴,1,1,6
2025-01-02,24,大村,8,3,5227,71,47,0.11,6.88,,6,,予選,晴,1,1,3
2025-01-02,24,大村,9,1,3777,34,58,0.14,6.89,1.49.3,1,逃げ,予選,晴,0,1,1
2025-01-02,24,大村,9,2,4553,53,61,0.18,6.85,1.50.3,2,,予選,晴,0,1,2
2025-01-02,24,大村,9,3,3722,19,30,0.19,6.92,1.52.0,3,,予選,晴,0,1,3
2025-01-02,24,大村,9,6,4259,26,41,0.26,6.89,1.52.7,4,,予選,晴,0,1,6
2025-01-02,24,大村,9,4,3843,43,48,0.21,6.91,,5,,予選,晴,0,1,4
2025-01-02,24,大村,9,5,5117,32,31,0.24,6.81,,6,,予選,晴,0,1,5
2025-01-02,24,大村,10,1,4241,15,50,0.2,6.82,1.49.0,1,逃げ,予選,晴,1,1,1
2025-01-02,24,大村,10,4,4497,55,68,0.18,6.84,1.49.5,2,,予選,晴,1,1,4
2025-01-02,24,大村,10,5,3742,13,22,0.24,6.87,1.51.9,3,,予選,晴,1,1,5
2025-01-02,24,大村,10,6,4171,21,34,0.24,6.88,1.53.6,4,,予選,晴,1,1,6
2025-01-02,24,大村,10,3,4299,54,76,0.19,6.87,,5,,予選,晴,1,1,3
2025-01-02,24,大村,10,2,4861,44,57,0.23,6.76,,6,,予選,晴,1,1,2
2025-01-02,24,大村,11,1,4096,22,38,0.08,6.84,1.48.2,1,逃げ,予選特選,晴,1,1,1
2025-01-02,24,大村,11,4,3779,46,71,0.12,6.82,1.49.0,2,,予選特選,晴,1,1,4
2025-01-02,24,大村,11,2,4004,60,73,0.11,6.86,1.50.8,3,,予選特選,晴,1,1,2
2025-01-02,24,大村,11,5,3944,67,19,0.19,6.82,1.52.0,4,,予選特選,晴,1,1,5
2025-01-02,24,大村,11,6,4966,68,44,0.21,6.91,,5,,予選特選,晴,1,1,6
2025-01-02,24,大村,11,3,4603,29,53,0.08,6.86,,6,,予選特選,晴,1,1,3
2025-01-02,24,大村,12,3,4715,66,55,0.07,6.81,1.46.8,1,差し,予選特選,晴,1,1,3
2025-01-02,24,大村,12,1,4352,20,66,0.13,6.81,1.47.8,2,,予選特選,晴,1,1,1
2025-01-02,24,大村,12,2,5129,58,64,0.14,6.89,1.51.1,3,,予選特選,晴,1,1,2
2025-01-02,24,大村,12,4,5086,11,23,0.12,6.78,1.51.8,4,,予選特選,晴,1,1,4
2025-01-02,24,大村,12,5,4695,56,28,0.19,6.84,,5,,予選特選,晴,1,1,5
2025-01-02,24,大村,12,6,4248,64,16,0.19,6.84,,6,,予選特選,晴,1,1,6
2025-01-02,23,唐津,1,1,5142,11,58,0.09,6.67,1.48.3,1,逃げ,朝１戦一般,晴,3,3,1
2025-01-02,23,唐津,1,5,5014,22,50,0.09,6.67,1.50.2,2,,朝１戦一般,晴,3,3,5
2025-01-02,23,唐津,1,3,5307,48,72,0.16,6.75,1.51.7,3,,朝１戦一般,晴,3,3,3
2025-01-02,23,唐津,1,2,4892,51,87,0.13,6.73,1.52.5,4,,朝１戦一般,晴,3,3,2
2025-01-02,23,唐津,1,6,5351,69,61,0.08,6.73,1.54.1,5,,朝１戦一般,晴,3,3,6
2025-01-02,23,唐津,1,4,3459,55,47,0.18,6.71,1.54.9,6,,朝１戦一般,晴,3,3,4
2025-01-02,23,唐津,2,1,4718,47,53,0.27,6.72,1.49.4,1,逃げ,モー２ング,晴,3,3,1
2025-01-02,23,唐津,2,2,4515,60,86,0.28,6.66,1.50.6,2,,モー２ング,晴,3,3,2
2025-01-02,23,唐津,2,5,3953,26,83,0.22,6.73,1.52.3,3,,モー２ング,晴,3,3,5
2025-01-02,23,唐津,2,4,4006,46,70,0.23,6.73,1.53.3,4,,モー２ング,晴,3,3,4
2025-01-02,23,唐津,2,6,5284,34,33,0.24,6.67,1.54.8,5,,モー２ング,晴,3,3,6
2025-01-02,23,唐津,2,3,4724,68,78,0.21,6.79,1.57.3,6,,モー２ング,晴,3,3,3
2025-01-02,23,唐津,3,1,5084,42,41,0.09,6.68,1.48.6,1,逃げ,３ライズ戦,晴,3,3,1
2025-01-02,23,唐津,3,6,4879,40,67,0.14,6.73,1.50.3,2,,３ライズ戦,晴,3,3,6
2025-01-02,23,唐津,3,4,3752,64,77,0.15,6.71,1.52.1,3,,３ライズ戦,晴,3,3,4
2025-01-02,23,唐津,3,3,4661,62,55,0.15,6.73,1.53.6,4,,３ライズ戦,晴,3,3,3
2025-01-02,23,唐津,3,5,3974,32,73,0.12,6.73,1.54.3,5,,３ライズ戦,晴,3,3,5
2025-01-02,23,唐津,3,2,4092,17,43,0.14,6.72,1.57.0,6,,３ライズ戦,晴,3,3,2
2025-01-02,23,唐津,4,1,4196,61,38,0.12,6.65,1.49.9,1,逃げ,おは４戦一,晴,3,3,1
2025-01-02,23,唐津,4,4,4503,19,45,0.13,6.74,1.50.4,2,,おは４戦一,晴,3,3,4
2025-01-02,23,唐津,4,3,4301,30,46,0.11,6.75,1.52.2,3,,おは４戦一,晴,3,3,3
2025-01-02,23,唐津,4,5,4112,12,62,0.12,6.75,1.52.8,4,,おは４戦一,晴,3,3,5
2025-01-02,23,唐津,4,6,4652,39,88,0.15,6.71,1.53.1,5,,おは４戦一,晴,3,3,6
2025-01-02,23,唐津,4,2,4753,67,64,0.11,6.73,1.55.1,6,,おは４戦一,晴,3,3,2
2025-01-02,23,唐津,5,1,4027,53,54,0.17,6.66,1.49.5,1,逃げ,一般,晴,2,2,1
2025-01-02,23,唐津,5,2,3892,21,32,0.17,6.7,1.51.3,2,,一般,晴,2,2,2
2025-01-02,23,唐津,5,6,4734,41,51,0.18,6.7,1.52.0,3,,一般,晴,2,2,6
2025-01-02,23,唐津,5,3,3998,43,84,0.14,6.74,1.53.1,4,,一般,晴,2,2,4
2025-01-02,23,唐津,5,4,3471,50,36,0.29,6.76,1.54.6,5,,一般,晴,2,2,3
2025-01-02,23,唐津,5,5,5276,37,81,0.19,6.74,1.54.6,6,,一般,晴,2,2,5
2025-01-02,23,唐津,6,1,4866,23,76,0.14,6.78,1.48.6,1,逃げ,一般,晴,2,2,1
2025-01-02,23,唐津,6,3,4873,54,52,0.11,6.77,1.49.5,2,,一般,晴,2,2,3
2025-01-02,23,唐津,6,5,4445,20,79,0.13,6.62,1.51.1,3,,一般,晴,2,2,6
2025-01-02,23,唐津,6,6,5338,25,37,0.13,6.74,1.52.3,4,,一般,晴,2,2,5
2025-01-02,23,唐津,6,4,4552,31,49,0.13,6.75,1.54.6,5,,一般,晴,2,2,4
2025-01-02,23,唐津,6,2,3617,16,80,0.33,6.71,1.57.1,6,,一般,晴,2,2,2
2025-01-02,23,唐津,7,1,5124,36,90,0.15,6.64,1.48.2,1,逃げ,一般,晴,2,2,1
2025-01-02,23,唐津,7,4,4320,56,89,0.13,6.73,1.49.8,2,,一般,晴,2,2,6
2025-01-02,23,唐津,7,6,5351,69,61,0.06,6.79,1.51.9,3,,一般,晴,2,2,5
2025-01-02,23,唐津,7,3,3974,32,73,0.17,6.74,1.52.8,4,,一般,晴,2,2,3
2025-01-02,23,唐津,7,5,4892,51,87,0.23,6.72,1.53.3,5,,一般,晴,2,2,4
2025-01-02,23,唐津,7,2,3714,28,69,0.15,6.75,1.53.6,6,,一般,晴,2,2,2
2025-01-02,23,唐津,8,2,4879,40,67,0.14,6.8,1.48.6,1,まくり,一般,晴,2,2,2
2025-01-02,23,唐津,8,3,3459,55,47,0.07,6.82,1.50.1,2,,一般,晴,2,2,3
2025-01-02,23,唐津,8,6,5382,66,44,0.09,6.75,1.52.2,3,,一般,晴,2,2,6
2025-01-02,23,唐津,8,5,3211,18,34,0.11,6.87,1.52.2,4,,一般,晴,2,2,5
2025-01-02,23,唐津,8,4,4724,68,78,0.12,6.86,1.53.9,5,,一般,晴,2,2,4
2025-01-02,23,唐津,8,1,5307,48,72,0.13,6.74,1.54.8,6,,一般,晴,2,2,1
2025-01-02,23,唐津,9,1,5014,22,50,0.02,6.8,1.49.5,1,逃げ,一般,晴,3,3,1
2025-01-02,23,唐津,9,2,5276,37,81,0.12,6.8,1.50.5,2,,一般,晴,3,3,2
2025-01-02,23,唐津,9,6,4661,62,55,0.15,6.82,1.51.8,3,,一般,晴,3,3,6
2025-01-02,23,唐津,9,3,4006,46,70,0.08,6.8,1.52.3,4,,一般,晴,3,3,3
2025-01-02,23,唐津,9,5,4301,30,46,0.04,6.92,1.53.9,5,,一般,晴,3,3,5
2025-01-02,23,唐津,9,4,5284,34,33,0.06,6.81,1.55.8,6,,一般,晴,3,3,4
2025-01-02,23,唐津,10,2,4503,19,45,0.14,6.77,1.48.3,1,差し,準優勝戦,晴,3,3,2
2025-01-02,23,唐津,10,1,4734,41,51,0.15,6.79,1.50.0,2,,準優勝戦,晴,3,3,1
2025-01-02,23,唐津,10,4,4873,54,52,0.14,6.83,1.51.6,3,,準優勝戦,晴,3,3,4
2025-01-02,23,唐津,10,5,4092,17,43,0.13,6.81,1.51.6,4,,準優勝戦,晴,3,3,5
2025-01-02,23,唐津,10,3,3998,43,84,0.13,6.79,1.53.3,5,,準優勝戦,晴,3,3,3
2025-01-02,23,唐津,10,6,4196,61,38,0.14,6.87,1.56.3,6,,準優勝戦,晴,3,3,6
2025-01-02,23,唐津,11,1,4320,56,89,0.11,6.76,1.48.9,1,逃げ,準優勝戦,晴,3,3,1
2025-01-02,23,唐津,11,2,5084,42,41,0.11,6.83,1.49.8,2,,準優勝戦,晴,3,3,2
2025-01-02,23,唐津,11,4,4515,60,86,0.15,6.86,1.51.6,3,,準優勝戦,晴,3,3,4
2025-01-02,23,唐津,11,5,4027,53,54,0.09,6.75,1.52.9,4,,準優勝戦,晴,3,3,5
2025-01-02,23,唐津,11,3,3617,16,80,0.21,6.82,1.55.0,5,,準優勝戦,晴,3,3,3
2025-01-02,23,唐津,11,6,4866,23,76,0.14,6.82,1.56.3,6,,準優勝戦,晴,3,3,6
2025-01-02,23,唐津,12,1,4445,20,79,0.05,6.72,1.48.1,1,逃げ,準優勝戦,晴,3,3,1
2025-01-02,23,唐津,12,2,5142,11,58,0.05,6.74,1.50.1,2,,準優勝戦,晴,3,3,2
2025-01-02,23,唐津,12,6,5124,36,90,0.09,6.75,1.51.9,3,,準優勝戦,晴,3,3,6
2025-01-02,23,唐津,12,4,4718,47,53,0.14,6.81,1.52.3,4,,準優勝戦,晴,3,3,4
2025-01-02,23,唐津,12,3,4552,31,49,0.07,6.85,1.54.4,5,,準優勝戦,晴,3,3,3
2025-01-02,23,唐津,12,5,3892,21,32,0.17,6.75,1.56.4,6,,準優勝戦,晴,3,3,5
2025-01-02,21,芦屋,1,1,3853,38,61,0.1,6.73,1.47.6,1,逃げ,サンライズ,晴,1,1,1
2025-01-02,21,芦屋,1,4,4268,59,42,0.05,6.73,1.48.9,2,,サンライズ,晴,1,1,4
2025-01-02,21,芦屋,1,2,5203,9,67,0.11,6.78,1.49.7,3,,サンライズ,晴,1,1,2
2025-01-02,21,芦屋,1,6,5008,27,60,0.09,6.8,1.51.5,4,,サンライズ,晴,1,1,6
2025-01-02,21,芦屋,1,3,3928,7,38,0.09,6.76,,5,,サンライズ,晴,1,1,3
2025-01-02,21,芦屋,1,5,3986,40,51,0.07,6.77,,6,,サンライズ,晴,1,1,5
2025-01-02,21,芦屋,2,6,5158,33,26,0.12,6.78,1.47.3,1,まくり差し,サンライズ,晴,1,1,6
2025-01-02,21,芦屋,2,2,4346,2,31,0.22,6.75,1.50.0,2,,サンライズ,晴,1,1,2
2025-01-02,21,芦屋,2,5,4936,60,37,0.16,6.76,1.51.4,3,,サンライズ,晴,1,1,5
2025-01-02,21,芦屋,2,3,4669,13,14,0.24,6.77,1.52.0,4,,サンライズ,晴,1,1,3
2025-01-02,21,芦屋,2,4,4155,5,35,0.16,6.7,,5,,サンライズ,晴,1,1,4
2025-01-02,21,芦屋,2,1,4424,37,55,0.21,6.63,,6,,サンライズ,晴,1,1,1
2025-01-02,21,芦屋,3,4,4394,8,66,0.14,6.76,1.47.1,1,まくり差し,サンライズ,晴,1,1,4
2025-01-02,21,芦屋,3,1,4193,1,32,0.18,6.74,1.48.3,2,,サンライズ,晴,1,1,1
2025-01-02,21,芦屋,3,5,4287,39,29,0.14,6.86,1.50.2,3,,サンライズ,晴,1,1,5
2025-01-02,21,芦屋,3,3,3523,51,28,0.25,6.76,1.51.0,4,,サンライズ,晴,1,1,3
2025-01-02,21,芦屋,3,2,4709,55,68,0.23,6.79,,5,,サンライズ,晴,1,1,2
2025-01-02,21,芦屋,3,6,5389,28,12,0.22,6.81,,6,,サンライズ,晴,1,1,6
2025-01-02,21,芦屋,4,1,4932,45,25,0.16,6.69,1.45.9,1,逃げ,サンライズ,晴,1,1,1
2025-01-02,21,芦屋,4,3,5105,11,22,0.15,6.8,1.48.2,2,,サンライズ,晴,1,1,3
2025-01-02,21,芦屋,4,4,4403,4,69,0.15,6.78,1.50.0,3,,サンライズ,晴,1,1,4
2025-01-02,21,芦屋,4,5,4764,43,47,0.19,6.77,1.51.5,4,,サンライズ,晴,1,1,5
2025-01-02,21,芦屋,4,6,4588,30,30,0.18,6.78,,5,,サンライズ,晴,1,1,6
2025-01-02,21,芦屋,4,2,3825,3,34,0.13,6.79,,6,,サンライズ,晴,1,1,2
2025-01-02,21,芦屋,5,1,3783,56,19,0.1,6.7,1.47.3,1,抜き,サンライズ,晴,1,1,1
2025-01-02,21,芦屋,5,3,4406,23,20,0.13,6.71,1.47.8,2,,サンライズ,晴,1,1,3
2025-01-02,21,芦屋,5,2,5193,6,16,0.12,6.75,1.49.8,3,,サンライズ,晴,1,1,2
2025-01-02,21,芦屋,5,6,4544,26,17,0.15,6.72,1.51.7,4,,サンライズ,晴,1,1,6
2025-01-02,21,芦屋,5,5,5177,17,49,0.19,6.8,,5,,サンライズ,晴,1,1,5
2025-01-02,21,芦屋,5,4,3444,42,53,0.1,6.73,,6,,サンライズ,晴,1,1,4
2025-01-02,21,芦屋,6,1,4268,59,42,0.11,6.72,1.48.3,1,抜き,一般,晴,1,1,1
2025-01-02,21,芦屋,6,2,4189,49,24,0.11,6.73,1.49.8,2,,一般,晴,1,1,2
2025-01-02,21,芦屋,6,5,4947,21,45,0.31,6.74,1.51.2,3,,一般,晴,1,1,5
2025-01-02,21,芦屋,6,4,4674,31,57,0.13,6.78,1.51.3,4,,一般,晴,1,1,4
2025-01-02,21,芦屋,6,3,5093,35,18,0.11,6.77,,5,,一般,晴,1,1,3
2025-01-02,21,芦屋,6,6,4848,47,48,0.16,6.77,,6,,一般,晴,1,1,6
2025-01-02,21,芦屋,7,1,3928,7,38,0.13,6.79,1.49.4,1,逃げ,一般,晴,1,1,1
2025-01-02,21,芦屋,7,2,4474,44,56,0.11,6.75,1.50.3,2,,一般,晴,1,1,2
2025-01-02,21,芦屋,7,3,5203,9,67,0.08,6.75,1.51.7,3,,一般,晴,1,1,3
2025-01-02,21,芦屋,7,5,5330,16,64,0.21,6.79,1.52.1,4,,一般,晴,1,1,5
2025-01-02,21,芦屋,7,4,5158,33,26,0.07,6.79,,5,,一般,晴,1,1,4
2025-01-02,21,芦屋,7,6,5389,28,12,0.21,6.79,,6,,一般,晴,1,1,6
2025-01-02,21,芦屋,8,4,4764,43,47,0.07,6.79,1.47.7,1,まくり,一般,晴,3,3,4
2025-01-02,21,芦屋,8,5,4394,8,66,0.08,6.74,1.49.9,2,,一般,晴,3,3,5
2025-01-02,21,芦屋,8,6,4364,54,62,0.07,6.82,1.51.1,3,,一般,晴,3,3,6
2025-01-02,21,芦屋,8,2,4513,15,21,0.11,6.78,1.52.2,4,,一般,晴,3,3,2
2025-01-02,21,芦屋,8,1,4669,13,14,0.05,6.81,,5,,一般,晴,3,3,1
2025-01-02,21,芦屋,8,3,3986,40,51,0.14,6.82,,6,,一般,晴,3,3,3
2025-01-02,21,芦屋,9,1,4363,41,54,0.13,6.8,1.47.8,1,逃げ,一般,晴,2,2,1
2025-01-02,21,芦屋,9,3,4936,60,13,0.21,6.81,1.48.7,2,,一般,晴,2,2,3
2025-01-02,21,芦屋,9,5,5105,11,22,0.19,6.79,1.51.1,3,,一般,晴,2,2,5
2025-01-02,21,芦屋,9,4,4463,25,46,0.18,6.87,1.52.7,4,,一般,晴,2,2,4
2025-01-02,21,芦屋,9,2,5177,17,49,0.24,6.88,,5,,一般,晴,2,2,2
2025-01-02,21,芦屋,9,6,3523,51,28,0.54,6.83,,6,,一般,晴,2,2,6
2025-01-02,21,芦屋,10,2,4932,45,25,0.02,6.71,1.47.4,1,恵まれ,準優勝戦,晴,3,3,2
2025-01-02,21,芦屋,10,5,4406,23,20,0.14,6.72,1.49.0,2,,準優勝戦,晴,3,3,5
2025-01-02,21,芦屋,10,6,4709,55,68,0.14,6.81,1.50.4,3,,準優勝戦,晴,3,3,6
2025-01-02,21,芦屋,10,4,5093,35,18,0.08,6.85,1.51.7,4,,準優勝戦,晴,3,3,4
2025-01-02,21,芦屋,11,1,4848,47,48,0.24,6.78,1.47.4,1,抜き,準優勝戦,晴,2,2,1
2025-01-02,21,芦屋,11,6,4346,2,31,0.25,6.77,1.49.5,2,,準優勝戦,晴,2,2,6
2025-01-02,21,芦屋,11,4,4287,39,29,0.17,6.81,1.50.4,3,,準優勝戦,晴,2,2,4
2025-01-02,21,芦屋,11,2,4193,1,32,0.2,6.77,1.51.2,4,,準優勝戦,晴,2,2,2
2025-01-02,21,芦屋,11,5,5193,6,16,0.18,6.75,,5,,準優勝戦,晴,2,2,5
2025-01-02,21,芦屋,11,3,4189,49,24,0.25,6.79,,6,,準優勝戦,晴,2,2,3
2025-01-02,21,芦屋,12,1,4364,54,62,0.18,6.77,1.47.6,1,逃げ,準優勝戦,晴,3,3,1
2025-01-02,21,芦屋,12,3,3853,38,61,0.16,6.76,1.48.9,2,,準優勝戦,晴,3,3,3
2025-01-02,21,芦屋,12,4,4513,15,21,0.19,6.73,1.50.7,3,,準優勝戦,晴,3,3,4
2025-01-02,21,芦屋,12,2,3783,56,19,0.32,6.71,1.51.1,4,,準優勝戦,晴,3,3,2
2025-01-02,21,芦屋,12,6,4424,37,55,0.18,6.73,,5,,準優勝戦,晴,3,3,6
2025-01-02,21,芦屋,12,5,3825,3,34,0.14,6.86,,6,,準優勝戦,晴,3,3,5
2025-01-02,20,若松,1,1,3726,39,12,0.2,6.81,1.50.0,1,逃げ,予選,晴,2,2,1
2025-01-02,20,若松,1,5,4023,35,16,0.22,6.84,1.51.4,2,,予選,晴,2,2,5
2025-01-02,20,若松,1,2,4204,30,65,0.28,6.69,1.52.2,3,,予選,晴,2,2,2
2025-01-02,20,若松,1,3,5160,20,40,0.26,6.87,1.53.0,4,,予選,晴,2,2,3
2025-01-02,20,若松,1,6,5009,51,59,0.25,6.86,,5,,予選,晴,2,2,6
2025-01-02,20,若松,1,4,4232,18,23,0.23,6.82,,6,,予選,晴,2,2,4
2025-01-02,20,若松,2,1,5258,40,38,0.08,6.81,1.49.3,1,逃げ,予選,晴,2,2,1
2025-01-02,20,若松,2,5,4351,48,26,0.14,6.79,1.50.0,2,,予選,晴,2,2,5
2025-01-02,20,若松,2,2,4393,58,27,0.09,6.84,1.51.8,3,,予選,晴,2,2,2
2025-01-02,20,若松,2,3,5131,26,50,0.12,6.81,1.53.1,4,,予選,晴,2,2,3
2025-01-02,20,若松,2,6,5104,15,54,0.18,6.82,,5,,予選,晴,2,2,6
2025-01-02,20,若松,2,4,5358,25,34,0.17,6.83,,6,,予選,晴,2,2,4
2025-01-02,20,若松,3,5,5210,54,32,0.08,6.83,1.48.8,1,まくり差し,予選,晴,1,1,5
2025-01-02,20,若松,3,6,4402,10,60,0.14,6.73,1.50.0,2,,予選,晴,1,1,6
2025-01-02,20,若松,3,1,3566,59,45,0.09,6.87,1.52.4,3,,予選,晴,1,1,1
2025-01-02,20,若松,3,2,4314,2,20,0.11,6.85,1.53.3,4,,予選,晴,1,1,2
2025-01-02,20,若松,3,4,5277,32,18,0.06,6.86,,5,,予選,晴,1,1,4
2025-01-02,20,若松,3,3,4034,24,49,0.11,6.84,,6,,予選,晴,1,1,3
2025-01-02,20,若松,4,1,4942,60,43,0.17,6.83,1.48.9,1,逃げ,予選,晴,1,1,1
2025-01-02,20,若松,4,5,4504,46,25,0.15,6.78,1.50.1,2,,予選,晴,1,1,6
2025-01-02,20,若松,4,3,5032,1,36,0.19,6.84,1.51.5,3,,予選,晴,1,1,3
2025-01-02,20,若松,4,2,4234,52,72,0.18,6.89,1.52.7,4,,予選,晴,1,1,2
2025-01-02,20,若松,4,4,4151,8,17,0.18,6.87,,5,,予選,晴,1,1,5
2025-01-02,20,若松,4,6,5370,23,28,0.21,6.83,,6,,予選,晴,1,1,4
2025-01-02,20,若松,5,1,4549,34,44,0.16,6.8,1.49.3,1,逃げ,進入固定戦,晴,1,1,1
2025-01-02,20,若松,5,3,3726,39,12,0.11,6.85,1.50.3,2,,進入固定戦,晴,1,1,3
2025-01-02,20,若松,5,2,4545,7,69,0.13,6.81,1.51.1,3,,進入固定戦,晴,1,1,2
2025-01-02,20,若松,5,4,4958,45,47,0.15,6.8,1.53.6,4,,進入固定戦,晴,1,1,4
2025-01-02,20,若松,5,5,4180,3,62,0.21,6.85,,5,,進入固定戦,晴,1,1,5
2025-01-02,20,若松,5,6,5144,21,33,0.2,6.81,,6,,進入固定戦,晴,1,1,6
2025-01-02,20,若松,6,1,3869,27,30,0.01,6.83,1.49.1,1,逃げ,予選,晴,1,1,1
2025-01-02,20,若松,6,4,5028,38,63,0.09,6.81,1.50.5,2,,予選,晴,1,1,4
2025-01-02,20,若松,6,2,5198,62,64,0.08,6.8,1.52.9,3,,予選,晴,1,1,2
2025-01-02,20,若松,6,5,4789,42,22,0.13,6.89,1.53.9,4,,予選,晴,1,1,5
2025-01-02,20,若松,6,3,4640,55,75,0.06,6.83,,5,,予選,晴,1,1,3
2025-01-02,20,若松,6,6,4232,18,23,0.11,6.86,,6,,予選,晴,1,1,6
2025-01-02,20,若松,7,1,4413,61,11,0.19,6.8,1.49.8,1,逃げ,予選,晴,1,1,1
2025-01-02,20,若松,7,4,4371,28,41,0.13,6.9,1.50.6,2,,予選,晴,1,1,4
2025-01-02,20,若松,7,5,3898,16,74,0.11,6.83,1.52.2,3,,予選,晴,1,1,5
2025-01-02,20,若松,7,3,4487,43,58,0.21,6.88,1.53.0,4,,予選,晴,1,1,3
2025-01-02,20,若松,7,6,5131,26,50,0.13,6.79,,5,,予選,晴,1,1,6
2025-01-02,20,若松,7,2,3566,59,45,0.23,6.89,,6,,予選,晴,1,1,2
2025-01-02,20,若松,8,1,4288,4,53,0.05,6.77,1.49.4,1,逃げ,エイトビー,晴,1,1,1
2025-01-02,20,若松,8,4,5009,51,59,0.07,6.86,1.51.6,2,,エイトビー,晴,1,1,4
2025-01-02,20,若松,8,5,4234,52,72,0.12,6.84,1.52.5,3,,エイトビー,晴,1,1,5
2025-01-02,20,若松,8,6,3715,31,42,0.2,6.75,1.52.6,4,,エイトビー,晴,1,1,6
2025-01-02,20,若松,8,3,5258,40,38,0.04,6.87,,5,,エイトビー,晴,1,1,3
2025-01-02,20,若松,8,2,3662,5,68,0.04,6.87,,6,,エイトビー,晴,1,1,2
2025-01-02,20,若松,9,1,4336,56,56,0.12,6.82,1.49.3,1,逃げ,予選,晴,1,1,1
2025-01-02,20,若松,9,2,4504,46,25,0.11,6.74,1.50.3,2,,予選,晴,1,1,2
2025-01-02,20,若松,9,3,4180,3,62,0.18,6.83,1.52.4,3,,予選,晴,1,1,3
2025-01-02,20,若松,9,6,5148,9,24,0.16,6.82,1.52.8,4,,予選,晴,1,1,6
2025-01-02,20,若松,9,4,5210,54,32,0.57,6.79,,5,,予選,晴,1,1,4
2025-01-02,20,若松,9,5,4204,30,65,0.24,6.72,,6,,予選,晴,1,1,5
2025-01-02,20,若松,10,1,4958,45,47,0.11,6.78,1.49.6,1,逃げ,予選特賞,晴,1,1,1
2025-01-02,20,若松,10,5,5028,38,63,0.15,6.8,1.50.4,2,,予選特賞,晴,1,1,5
2025-01-02,20,若松,10,4,4314,2,20,0.07,6.83,1.52.0,3,,予選特賞,晴,1,1,4
2025-01-02,20,若松,10,6,4393,58,27,0.19,6.86,1.53.5,4,,予選特賞,晴,1,1,6
2025-01-02,20,若松,10,3,4151,8,17,0.15,6.85,,5,,予選特賞,晴,1,1,3
2025-01-02,20,若松,10,2,5160,20,40,0.15,6.86,,6,,予選特賞,晴,1,1,2
2025-01-02,20,若松,11,1,4545,7,69,0.18,6.8,1.48.4,1,逃げ,予選特選,晴,1,1,1
2025-01-02,20,若松,11,4,5032,1,36,0.12,6.79,1.50.6,2,,予選特選,晴,1,1,4
2025-01-02,20,若松,11,5,4640,55,75,0.16,6.82,1.52.3,3,,予選特選,晴,1,1,5
2025-01-02,20,若松,11,3,5104,15,54,0.27,6.85,1.53.3,4,,予選特選,晴,1,1,3
2025-01-02,20,若松,11,6,4023,35,16,0.18,6.84,,5,,予選特選,晴,1,1,6
2025-01-02,20,若松,11,2,3898,16,74,0.26,6.76,,6,,予選特選,晴,1,1,2
2025-01-02,20,若松,12,1,4371,28,41,0.12,6.86,1.49.1,1,逃げ,予選特選,晴,1,1,1
2025-01-02,20,若松,12,5,4034,24,49,0.15,6.87,1.49.9,2,,予選特選,晴,1,1,5
2025-01-02,20,若松,12,3,4549,34,44,0.21,6.79,1.50.5,3,,予選特選,晴,1,1,3
2025-01-02,20,若松,12,2,4351,48,26,0.13,6.76,1.52.0,4,,予選特選,晴,1,1,2
2025-01-02,20,若松,12,6,3662,5,68,0.13,6.82,,5,,予選特選,晴,1,1,6
2025-01-02,20,若松,12,4,3869,27,30,0.16,6.86,,6,,予選特選,晴,1,1,4
2025-01-02,19,下関,1,1,5214,32,64,0.15,6.79,1.50.1,1,逃げ,一般,晴,2,2,1
2025-01-02,19,下関,1,2,5123,52,36,0.14,6.78,1.51.4,2,,一般,晴,2,2,2
2025-01-02,19,下関,1,3,4009,54,53,0.12,6.81,1.51.8,3,,一般,晴,2,2,3
2025-01-02,19,下関,1,5,3305,69,39,0.31,6.88,1.53.4,4,,一般,晴,2,2,5
2025-01-02,19,下関,1,4,5000,23,49,0.22,6.81,,5,,一般,晴,2,2,4
2025-01-02,19,下関,1,6,5336,19,33,0.28,6.83,,6,,一般,晴,2,2,6
2025-01-02,19,下関,2,1,4871,41,32,0.21,6.79,1.49.6,1,逃げ,一般,晴,2,2,1
2025-01-02,19,下関,2,3,4251,46,72,0.16,6.83,1.50.0,2,,一般,晴,2,2,3
2025-01-02,19,下関,2,5,4567,51,59,0.15,6.83,1.52.0,3,,一般,晴,2,2,5
2025-01-02,19,下関,2,6,3233,24,42,0.09,6.87,1.53.0,4,,一般,晴,2,2,6
2025-01-02,19,下関,2,2,4729,30,65,0.19,6.81,,5,,一般,晴,2,2,2
2025-01-02,19,下関,2,4,5067,20,15,0.15,6.84,,6,,一般,晴,2,2,4
2025-01-02,19,下関,3,1,4105,25,17,0.18,6.83,1.49.5,1,逃げ,一般,晴,2,2,1
2025-01-02,19,下関,3,4,4656,56,23,0.15,6.82,1.50.7,2,,一般,晴,2,2,4
2025-01-02,19,下関,3,5,4361,48,44,0.18,6.8,1.51.1,3,,一般,晴,2,2,5
2025-01-02,19,下関,3,6,4817,68,74,0.28,6.77,1.52.0,4,,一般,晴,2,2,6
2025-01-02,19,下関,3,3,3901,36,19,0.15,6.86,,5,,一般,晴,2,2,3
2025-01-02,19,下関,3,2,3631,53,12,0.17,6.76,,6,,一般,晴,2,2,2
2025-01-02,19,下関,4,1,3930,67,14,0.09,6.81,1.49.0,1,逃げ,一般,晴,2,2,1
2025-01-02,19,下関,4,2,5231,66,69,0.11,6.81,1.50.5,2,,一般,晴,2,2,2
2025-01-02,19,下関,4,4,3454,75,18,0.2,6.94,1.51.8,3,,一般,晴,2,2,4
2025-01-02,19,下関,4,5,4985,50,24,0.19,6.82,1.52.6,4,,一般,晴,2,2,5
2025-01-02,19,下関,4,6,5106,71,21,0.21,6.84,,5,,一般,晴,2,2,6
2025-01-02,19,下関,4,3,4017,11,63,0.13,6.85,,6,,一般,晴,2,2,3
2025-01-02,19,下関,5,1,4890,57,51,0.13,6.79,1.49.2,1,逃げ,長州ファ,晴,2,2,1
2025-01-02,19,下関,5,5,3942,49,75,0.21,6.83,1.50.1,2,,長州ファ,晴,2,2,5
2025-01-02,19,下関,5,3,4846,31,60,0.17,6.82,1.51.6,3,,長州ファ,晴,2,2,3
2025-01-02,19,下関,5,2,4479,47,67,0.16,6.83,1.52.2,4,,長州ファ,晴,2,2,2
2025-01-02,19,下関,5,4,5163,21,40,0.23,6.8,,5,,長州ファ,晴,2,2,4
2025-01-02,19,下関,5,6,4950,65,11,0.28,6.84,,6,,長州ファ,晴,2,2,6
2025-01-02,19,下関,6,5,4263,22,45,0.19,6.84,1.49.5,1,まくり差し,一般,晴,1,1,5
2025-01-02,19,下関,6,1,3427,70,30,0.21,6.85,1.50.9,2,,一般,晴,1,1,1
2025-01-02,19,下関,6,4,4064,17,31,0.18,6.85,1.52.0,3,,一般,晴,1,1,4
2025-01-02,19,下関,6,3,3680,16,28,0.22,6.86,1.52.8,4,,一般,晴,1,1,3
2025-01-02,19,下関,6,6,5145,73,70,0.21,6.82,,5,,一般,晴,1,1,6
2025-01-02,19,下関,6,2,4425,14,56,0.2,6.86,,6,,一般,晴,1,1,2
2025-01-02,19,下関,7,1,4506,64,62,0.06,6.76,1.48.9,1,逃げ,ふく～る,晴,1,1,1
2025-01-02,19,下関,7,3,4045,28,35,0.09,6.72,1.49.7,2,,ふく～る,晴,1,1,3
2025-01-02,19,下関,7,5,4324,38,25,0.17,6.82,1.52.0,3,,ふく～る,晴,1,1,5
2025-01-02,19,下関,7,4,5146,59,13,0.18,6.81,1.52.4,4,,ふく～る,晴,1,1,4
2025-01-02,19,下関,7,2,3233,24,42,0.11,6.8,,5,,ふく～る,晴,1,1,2
2025-01-02,19,下関,7,6,3631,53,12,0.26,6.78,,6,,ふく～る,晴,1,1,6
2025-01-02,19,下関,8,1,4017,11,63,0.06,6.84,1.48.4,1,逃げ,一般,晴,1,1,1
2025-01-02,19,下関,8,2,3989,18,66,0.15,6.9,1.51.4,2,,一般,晴,1,1,2
2025-01-02,19,下関,8,3,4158,44,52,0.15,6.83,1.52.8,3,,一般,晴,1,1,3
2025-01-02,19,下関,8,5,4332,55,61,0.03,6.89,1.53.3,4,,一般,晴,1,1,5
2025-01-02,19,下関,8,4,4014,35,27,0.12,6.77,,5,,一般,晴,1,1,4
2025-01-02,19,下関,9,1,4985,50,24,0.14,6.78,1.48.8,1,逃げ,準優勝戦,晴,1,1,1
2025-01-02,19,下関,9,2,4817,68,74,0.15,6.8,1.50.0,2,,準優勝戦,晴,1,1,2
2025-01-02,19,下関,9,4,3901,36,19,0.09,6.85,1.52.2,3,,準優勝戦,晴,1,1,4
2025-01-02,19,下関,9,6,4890,57,51,0.12,6.81,1.53.0,4,,準優勝戦,晴,1,1,6
2025-01-02,19,下関,9,5,5231,66,69,0.08,6.8,,5,,準優勝戦,晴,1,1,5
2025-01-02,19,下関,9,3,5163,21,40,0.16,6.82,,6,,準優勝戦,晴,1,1,3
2025-01-02,19,下関,10,1,3942,49,75,0.13,6.8,1.48.8,1,逃げ,準優勝戦,晴,1,1,1
2025-01-02,19,下関,10,2,4361,48,44,0.08,6.79,1.50.3,2,,準優勝戦,晴,1,1,2
2025-01-02,19,下関,10,3,4263,22,45,0.08,6.84,1.51.2,3,,準優勝戦,晴,1,1,3
2025-01-02,19,下関,10,4,4871,41,32,0.11,6.82,1.51.9,4,,準優勝戦,晴,1,1,4
2025-01-02,19,下関,10,5,4251,46,72,0.09,6.8,,5,,準優勝戦,晴,1,1,5
2025-01-02,19,下関,11,1,4324,38,25,0.12,6.84,1.49.3,1,逃げ,準優勝戦,晴,1,1,1
2025-01-02,19,下関,11,2,3930,67,14,0.17,6.85,1.49.8,2,,準優勝戦,晴,1,1,2
2025-01-02,19,下関,11,3,4064,17,31,0.13,6.9,1.51.4,3,,準優勝戦,晴,1,1,3
2025-01-02,19,下関,11,5,4009,54,53,0.15,6.8,1.52.7,4,,準優勝戦,晴,1,1,5
2025-01-02,19,下関,11,4,4105,25,17,0.08,6.84,,5,,準優勝戦,晴,1,1,4
2025-01-02,19,下関,11,6,4729,30,65,0.23,6.83,,6,,準優勝戦,晴,1,1,6
2025-01-02,19,下関,12,4,4479,47,67,0.09,6.83,1.49.6,1,まくり,一般,晴,2,2,4
2025-01-02,19,下関,12,2,4567,51,59,0.19,6.76,1.51.2,2,,一般,晴,2,2,2
2025-01-02,19,下関,12,6,4425,14,56,0.12,6.84,1.51.5,3,,一般,晴,2,2,6
2025-01-02,19,下関,12,1,4045,28,35,0.13,6.74,1.52.5,4,,一般,晴,2,2,1
2025-01-02,19,下関,12,5,5123,52,36,0.11,6.77,,5,,一般,晴,2,2,5
2025-01-02,19,下関,12,3,3989,18,66,0.17,6.84,,6,,一般,晴,2,2,3
2025-01-02,17,宮島,1,1,4434,54,32,0.12,6.77,1.57.1,1,逃げ,ファースト,晴,2,2,1
2025-01-02,17,宮島,1,2,5154,14,23,0.11,6.73,2.02.4,2,,ファースト,晴,2,2,2
2025-01-02,17,宮島,1,3,3430,24,34,0.08,6.76,2.05.1,3,,ファースト,晴,2,2,3
2025-01-02,17,宮島,1,5,4429,81,77,0.09,6.83,2.07.9,4,,ファースト,晴,2,2,5
2025-01-02,17,宮島,1,6,4416,16,27,0.09,6.74,2.09.5,5,,ファースト,晴,2,2,6
2025-01-02,17,宮島,2,1,4708,50,51,0.15,6.78,1.50.1,1,逃げ,予選,晴,1,1,1
2025-01-02,17,宮島,2,3,4872,77,28,0.18,6.75,1.50.8,2,,予選,晴,1,1,3
2025-01-02,17,宮島,2,4,4163,71,67,0.14,6.67,1.53.3,3,,予選,晴,1,1,4
2025-01-02,17,宮島,2,6,4458,56,37,0.12,6.73,1.54.7,4,,予選,晴,1,1,6
2025-01-02,17,宮島,2,5,3614,67,58,0.12,6.7,1.56.1,5,,予選,晴,1,1,5
2025-01-02,17,宮島,2,2,4882,37,17,0.14,6.68,1.57.3,6,,予選,晴,1,1,2
2025-01-02,17,宮島,3,2,4302,22,36,0.11,6.72,1.50.3,1,差し,予選,晴,1,1,2
2025-01-02,17,宮島,3,1,4811,80,52,0.08,6.71,1.51.4,2,,予選,晴,1,1,1
2025-01-02,17,宮島,3,4,4219,33,60,0.09,6.74,1.52.2,3,,予選,晴,1,1,4
2025-01-02,17,宮島,3,5,4600,63,19,0.08,6.73,1.53.9,4,,予選,晴,1,1,5
2025-01-02,17,宮島,3,3,3615,51,81,0.09,6.85,1.55.5,5,,予選,晴,1,1,3
2025-01-02,17,宮島,3,6,4844,17,70,0.11,6.74,1.57.0,6,,予選,晴,1,1,6
2025-01-02,17,宮島,4,1,3663,38,26,0.09,6.78,1.49.3,1,逃げ,予選,晴,1,1,1
2025-01-02,17,宮島,4,4,4398,60,18,0.09,6.69,1.51.0,2,,予選,晴,1,1,4
2025-01-02,17,宮島,4,3,4771,28,82,0.1,6.7,1.52.8,3,,予選,晴,1,1,3
2025-01-02,17,宮島,4,2,4564,64,64,0.19,6.76,1.53.9,4,,予選,晴,1,1,2
2025-01-02,17,宮島,4,5,3584,82,53,0.13,6.81,1.54.4,5,,予選,晴,1,1,5
2025-01-02,17,宮島,4,6,4784,62,59,0.15,6.7,1.55.0,6,,予選,晴,1,1,6
2025-01-02,17,宮島,5,3,4835,25,71,0.09,6.79,1.49.8,1,まくり差し,予選,晴,2,2,3
2025-01-02,17,宮島,5,5,3719,35,13,0.18,6.71,1.50.8,2,,予選,晴,2,2,6
2025-01-02,17,宮島,5,1,3282,31,55,0.06,6.78,1.52.8,3,,予選,晴,2,2,1
2025-01-02,17,宮島,5,2,5222,23,74,0.12,6.69,1.53.6,4,,予選,晴,2,2,2
2025-01-02,17,宮島,5,4,4271,53,79,0.15,6.76,1.55.3,5,,予選,晴,2,2,4
2025-01-02,17,宮島,5,6,5363,19,61,0.21,6.72,1.59.5,6,,予選,晴,2,2,5
2025-01-02,17,宮島,6,1,4798,73,20,0.1,6.8,1.49.4,1,逃げ,ランチタイ,晴,2,2,1
2025-01-02,17,宮島,6,4,4173,58,69,0.1,6.76,1.51.6,2,,ランチタイ,晴,2,2,4
2025-01-02,17,宮島,6,2,4416,16,27,0.09,6.76,1.52.8,3,,ランチタイ,晴,2,2,2
2025-01-02,17,宮島,6,6,3273,29,30,0.11,6.77,1.53.0,4,,ランチタイ,晴,2,2,6
2025-01-02,17,宮島,6,3,3614,67,58,0.07,6.78,1.53.9,5,,ランチタイ,晴,2,2,3
2025-01-02,17,宮島,6,5,4205,66,33,0.07,6.74,1.54.0,6,,ランチタイ,晴,2,2,5
2025-01-02,17,宮島,7,2,4951,68,56,0.17,6.64,1.49.6,1,差し,予選,晴,2,2,2
2025-01-02,17,宮島,7,1,4682,34,78,0.12,6.76,1.50.5,2,,予選,晴,2,2,1
2025-01-02,17,宮島,7,5,3430,24,34,0.19,6.81,1.53.3,3,,予選,晴,2,2,5
2025-01-02,17,宮島,7,6,4816,72,39,0.08,6.77,1.54.9,4,,予選,晴,2,2,6
2025-01-02,17,宮島,7,4,4708,50,51,0.18,6.85,1.55.8,5,,予選,晴,2,2,4
2025-01-02,17,宮島,7,3,4844,17,70,0.2,6.76,1.57.1,6,,予選,晴,2,2,3
2025-01-02,17,宮島,8,6,5134,18,15,0.19,6.76,1.49.5,1,まくり差し,予選,晴,2,2,6
2025-01-02,17,宮島,8,4,4219,33,60,0.21,6.76,1.51.2,2,,予選,晴,2,2,3
2025-01-02,17,宮島,8,3,4458,56,37,0.16,6.77,1.53.3,3,,予選,晴,2,2,2
2025-01-02,17,宮島,8,5,4564,64,64,0.21,6.8,1.53.4,4,,予選,晴,2,2,4
2025-01-02,17,宮島,8,1,5243,12,14,0.3,6.75,1.55.9,5,,予選,晴,2,2,1
2025-01-02,17,宮島,8,2,3024,21,31,0.21,6.8,1.56.3,6,,予選,晴,2,2,5
2025-01-02,17,宮島,9,1,4771,28,82,0.15,6.72,1.49.4,1,逃げ,ティータイ,晴,1,1,1
2025-01-02,17,宮島,9,6,5015,74,73,0.15,6.75,1.50.0,2,,ティータイ,晴,1,1,6
2025-01-02,17,宮島,9,4,4811,80,52,0.13,6.74,1.53.0,3,,ティータイ,晴,1,1,4
2025-01-02,17,宮島,9,2,4429,81,77,0.3,6.83,1.55.1,4,,ティータイ,晴,1,1,2
2025-01-02,17,宮島,9,5,4882,37,17,0.14,6.68,1.55.2,5,,ティータイ,晴,1,1,5
2025-01-02,17,宮島,9,3,3282,31,55,0.16,6.78,1.57.2,6,,ティータイ,晴,1,1,3
2025-01-02,17,宮島,10,1,4271,53,79,0.05,6.79,1.58.5,1,逃げ,予選,晴,1,1,1
2025-01-02,17,宮島,10,3,5154,14,23,0.09,6.78,2.02.0,2,,予選,晴,1,1,3
2025-01-02,17,宮島,10,2,4798,73,20,0.1,6.75,2.05.4,3,,予選,晴,1,1,2
2025-01-02,17,宮島,10,5,4163,71,67,0.21,6.71,2.08.1,4,,予選,晴,1,1,5
2025-01-02,17,宮島,10,4,4784,62,59,0.26,6.76,2.11.3,5,,予選,晴,1,1,4
2025-01-02,17,宮島,11,1,4471,65,76,0.15,6.75,1.48.8,1,逃げ,特選,晴,1,1,1
2025-01-02,17,宮島,11,3,4205,66,33,0.15,6.74,1.50.0,2,,特選,晴,1,1,3
2025-01-02,17,宮島,11,5,4835,25,71,0.26,6.85,1.51.7,3,,特選,晴,1,1,5
2025-01-02,17,宮島,11,6,4951,68,56,0.22,6.69,1.53.2,4,,特選,晴,1,1,6
2025-01-02,17,宮島,11,2,3663,38,26,0.23,6.84,1.54.2,5,,特選,晴,1,1,2
2025-01-02,17,宮島,11,4,4302,22,36,0.23,6.78,1.56.0,6,,特選,晴,1,1,4
2025-01-02,17,宮島,12,1,4398,60,18,0.15,6.69,1.47.6,1,逃げ,ニッカン特,晴,1,1,1
2025-01-02,17,宮島,12,3,4682,34,78,0.1,6.74,1.49.5,2,,ニッカン特,晴,1,1,3
2025-01-02,17,宮島,12,2,4600,63,19,0.12,6.71,1.51.2,3,,ニッカン特,晴,1,1,2
2025-01-02,17,宮島,12,4,5134,18,15,0.07,6.7,1.53.1,4,,ニッカン特,晴,1,1,4
2025-01-02,17,宮島,12,6,5222,23,74,0.22,6.71,1.54.2,5,,ニッカン特,晴,1,1,6
2025-01-02,17,宮島,12,5,4872,77,28,0.19,6.72,1.57.0,6,,ニッカン特,晴,1,1,5
2025-01-02,16,児島,1,4,5236,55,30,0.23,6.86,1.48.2,1,差し,一般,晴,1,1,4
2025-01-02,16,児島,1,1,3775,69,60,0.13,6.84,1.50.8,2,,一般,晴,1,1,1
2025-01-02,16,児島,1,5,4054,38,13,0.12,6.93,1.51.4,3,,一般,晴,1,1,5
2025-01-02,16,児島,1,3,3436,13,12,0.15,6.96,1.51.9,4,,一般,晴,1,1,3
2025-01-02,16,児島,1,2,3982,61,48,0.15,6.97,,5,,一般,晴,1,1,2
2025-01-02,16,児島,1,6,5373,57,49,0.15,6.97,,6,,一般,晴,1,1,6
2025-01-02,16,児島,2,1,4533,46,53,0.2,6.79,1.48.2,1,逃げ,一般,晴,1,1,1
2025-01-02,16,児島,2,2,3600,59,54,0.14,6.85,1.50.0,2,,一般,晴,1,1,2
2025-01-02,16,児島,2,4,4423,63,18,0.1,6.79,1.51.3,3,,一般,晴,1,1,4
2025-01-02,16,児島,2,3,5206,53,17,0.07,6.82,1.52.8,4,,一般,晴,1,1,3
2025-01-02,16,児島,2,5,4842,43,52,0.07,6.95,,5,,一般,晴,1,1,5
2025-01-02,16,児島,2,6,4782,34,67,0.06,6.94,,6,,一般,晴,1,1,6
2025-01-02,16,児島,3,1,4580,33,25,0.12,6.89,1.49.1,1,逃げ,一般,晴,2,3,1
2025-01-02,16,児島,3,3,4410,65,75,0.13,6.95,1.50.4,2,,一般,晴,2,3,3
2025-01-02,16,児島,3,6,4713,25,65,0.19,6.87,1.51.2,3,,一般,晴,2,3,6
2025-01-02,16,児島,3,4,5170,22,68,0.17,6.96,1.52.5,4,,一般,晴,2,3,4
2025-01-02,16,児島,3,2,3746,23,29,0.14,6.82,,5,,一般,晴,2,3,2
2025-01-02,16,児島,3,5,4202,28,64,0.2,6.89,,6,,一般,晴,2,3,5
2025-01-02,16,児島,4,1,4974,41,61,0.19,6.83,1.48.7,1,逃げ,一般,晴,2,3,1
2025-01-02,16,児島,4,4,5317,64,21,0.29,6.83,1.49.9,2,,一般,晴,2,3,4
2025-01-02,16,児島,4,2,5113,12,70,0.22,6.89,1.52.4,3,,一般,晴,2,3,2
2025-01-02,16,児島,4,6,5165,45,59,0.33,6.92,1.52.8,4,,一般,晴,2,3,6
2025-01-02,16,児島,4,5,3357,35,38,0.3,6.82,,5,,一般,晴,2,3,5
2025-01-02,16,児島,4,3,3802,47,32,0.29,6.88,,6,,一般,晴,2,3,3
2025-01-02,16,児島,5,2,4441,68,33,0.03,6.77,1.48.6,1,差し,一般,晴,2,3,2
2025-01-02,16,児島,5,4,3822,27,11,0.14,6.71,1.49.6,2,,一般,晴,2,3,4
2025-01-02,16,児島,5,1,3933,39,37,0.04,6.83,1.51.1,3,,一般,晴,2,3,1
2025-01-02,16,児島,5,3,4584,62,50,0.07,6.84,1.51.7,4,,一般,晴,2,3,3
2025-01-02,16,児島,5,6,3775,69,60,0.19,6.8,,5,,一般,晴,2,3,6
2025-01-02,16,児島,5,5,5236,55,30,0.15,6.89,,6,,一般,晴,2,3,5
2025-01-02,16,児島,6,5,3300,37,58,0.15,6.96,1.48.8,1,まくり差し,一般,晴,3,3,5
2025-01-02,16,児島,6,6,5111,56,26,0.27,6.77,1.50.1,2,,一般,晴,3,3,6
2025-01-02,16,児島,6,4,4069,48,39,0.17,6.91,1.50.7,3,,一般,晴,3,3,4
2025-01-02,16,児島,6,2,4842,43,52,0.21,6.86,1.52.9,4,,一般,晴,3,3,2
2025-01-02,16,児島,6,3,3982,61,48,0.23,6.87,,5,,一般,晴,3,3,3
2025-01-02,16,児島,6,1,4172,58,73,0.19,6.87,,6,,一般,晴,3,3,1
2025-01-02,16,児島,7,1,4214,24,71,0.04,6.75,1.49.1,1,逃げ,一般,晴,2,3,1
2025-01-02,16,児島,7,5,4533,46,53,0.05,6.84,1.50.2,2,,一般,晴,2,3,6
2025-01-02,16,児島,7,2,4202,28,64,0.08,6.78,1.52.3,3,,一般,晴,2,3,2
2025-01-02,16,児島,7,4,4089,70,62,0.05,6.76,1.53.2,4,,一般,晴,2,3,4
2025-01-02,16,児島,7,6,5373,57,49,0.06,6.83,,5,,一般,晴,2,3,5
2025-01-02,16,児島,7,3,4423,63,18,0.11,6.85,,6,,一般,晴,2,3,3
2025-01-02,16,児島,8,1,4410,65,75,0.07,6.86,1.48.7,1,逃げ,一般,晴,3,3,1
2025-01-02,16,児島,8,4,5206,53,17,0.06,6.77,1.49.5,2,,一般,晴,3,3,4
2025-01-02,16,児島,8,3,5170,22,68,0.1,6.76,1.50.6,3,,一般,晴,3,3,3
2025-01-02,16,児島,8,2,4054,38,13,0.11,6.77,1.51.2,4,,一般,晴,3,3,2
2025-01-02,16,児島,8,6,3685,20,69,0.15,6.76,,5,,一般,晴,3,3,6
2025-01-02,16,児島,8,5,3802,47,32,0.09,6.84,,6,,一般,晴,3,3,5
2025-01-02,16,児島,9,4,4584,62,50,0.13,6.85,1.47.0,1,差し,一般,晴,2,3,4
2025-01-02,16,児島,9,1,3436,13,12,0.07,6.87,1.49.5,2,,一般,晴,2,3,1
2025-01-02,16,児島,9,5,5317,64,21,0.19,6.81,1.50.9,3,,一般,晴,2,3,5
2025-01-02,16,児島,9,3,4782,34,67,0.1,6.81,1.51.8,4,,一般,晴,2,3,3
2025-01-02,16,児島,9,2,3357,35,38,0.11,6.78,,5,,一般,晴,2,3,2
2025-01-02,16,児島,9,6,4580,33,25,0.12,6.88,,6,,一般,晴,2,3,6
2025-01-02,16,児島,10,1,4713,25,65,0.06,6.75,1.47.7,1,逃げ,特別選抜Ｂ,晴,2,3,1
2025-01-02,16,児島,10,3,4069,48,39,0.07,6.81,1.48.4,2,,特別選抜Ｂ,晴,2,3,3
2025-01-02,16,児島,10,6,4172,58,73,0.2,6.95,1.50.7,3,,特別選抜Ｂ,晴,2,3,6
2025-01-02,16,児島,10,2,3933,39,37,0.09,6.79,1.51.9,4,,特別選抜Ｂ,晴,2,3,2
2025-01-02,16,児島,10,4,4441,68,33,0.11,6.76,,5,,特別選抜Ｂ,晴,2,3,4
2025-01-02,16,児島,10,5,3600,59,54,0.19,6.82,,6,,特別選抜Ｂ,晴,2,3,5
2025-01-02,16,児島,11,3,4089,70,62,0.13,6.85,1.48.0,1,まくり差し,特別選抜Ａ,晴,2,3,3
2025-01-02,16,児島,11,1,3300,37,58,0.06,6.84,1.49.7,2,,特別選抜Ａ,晴,2,3,1
2025-01-02,16,児島,11,2,3822,27,11,0.3,6.72,1.50.4,3,,特別選抜Ａ,晴,2,3,2
2025-01-02,16,児島,11,4,4214,24,71,0.1,6.81,1.51.7,4,,特別選抜Ａ,晴,2,3,4
2025-01-02,16,児島,11,6,3746,23,29,0.11,6.84,,5,,特別選抜Ａ,晴,2,3,6
2025-01-02,16,児島,11,5,4974,41,61,0.07,6.82,,6,,特別選抜Ａ,晴,2,3,5
2025-01-02,16,児島,12,1,4370,67,15,0.07,6.75,1.47.3,1,逃げ,優勝戦,晴,2,3,1
2025-01-02,16,児島,12,4,3874,31,40,0.13,6.81,1.48.8,2,,優勝戦,晴,2,3,4
2025-01-02,16,児島,12,3,4762,17,20,0.06,6.82,1.50.3,3,,優勝戦,晴,2,3,3
2025-01-02,16,児島,12,2,5217,14,63,0.09,6.84,1.50.9,4,,優勝戦,晴,2,3,2
2025-01-02,16,児島,12,6,5058,40,74,0.18,6.7,,5,,優勝戦,晴,2,3,6
2025-01-02,16,児島,12,5,4166,66,66,0.12,6.84,,6,,優勝戦,晴,2,3,5
2025-01-02,15,丸亀,1,1,4821,57,20,0.17,6.8,1.49.4,1,逃げ,一般,晴,2,2,1
2025-01-02,15,丸亀,1,2,3660,8,4,0.06,6.96,1.51.5,2,,一般,晴,2,2,2
2025-01-02,15,丸亀,1,3,4020,26,37,0.05,6.91,1.52.5,3,,一般,晴,2,2,3
2025-01-02,15,丸亀,1,5,3710,32,66,0.11,6.91,1.53.7,4,,一般,晴,2,2,5
2025-01-02,15,丸亀,1,4,5265,47,61,0.08,6.86,1.54.6,5,,一般,晴,2,2,4
2025-01-02,15,丸亀,1,6,5352,4,19,0.09,6.89,1.55.3,6,,一般,晴,2,2,6
2025-01-02,15,丸亀,2,2,4348,66,23,0.11,6.88,1.49.4,1,差し,一般,晴,2,2,2
2025-01-02,15,丸亀,2,1,5173,63,44,0.09,6.88,1.50.5,2,,一般,晴,2,2,1
2025-01-02,15,丸亀,2,6,4894,29,12,0.18,6.87,1.52.3,3,,一般,晴,2,2,6
2025-01-02,15,丸亀,2,3,3478,61,48,0.12,6.93,1.53.3,4,,一般,晴,2,2,3
2025-01-02,15,丸亀,2,4,4154,60,7,0.17,6.85,1.53.5,5,,一般,晴,2,2,4
2025-01-02,15,丸亀,2,5,4852,28,57,0.15,6.95,1.53.6,6,,一般,晴,2,2,5
2025-01-02,15,丸亀,3,1,3509,19,54,0.09,6.88,1.49.3,1,逃げ,一般,晴,3,3,1
2025-01-02,15,丸亀,3,2,3401,65,60,0.12,6.89,1.50.2,2,,一般,晴,3,3,2
2025-01-02,15,丸亀,3,5,4437,52,18,0.17,6.89,1.51.2,3,,一般,晴,3,3,5
2025-01-02,15,丸亀,3,4,4452,49,52,0.16,6.96,1.52.5,4,,一般,晴,3,3,4
2025-01-02,15,丸亀,3,3,4529,3,3,0.09,6.89,1.54.3,5,,一般,晴,3,3,3
2025-01-02,15,丸亀,3,6,5215,31,15,0.14,6.82,1.55.1,6,,一般,晴,3,3,6
2025-01-02,15,丸亀,4,2,4931,21,28,0.09,6.88,1.56.1,1,差し,一般,晴,3,3,2
2025-01-02,15,丸亀,4,1,5224,54,34,0.1,6.91,1.59.4,2,,一般,晴,3,3,1
2025-01-02,15,丸亀,4,5,5136,16,55,0.11,6.82,2.03.9,3,,一般,晴,3,3,5
2025-01-02,15,丸亀,4,4,3578,39,17,0.11,6.93,2.06.6,4,,一般,晴,3,3,4
2025-01-02,15,丸亀,4,6,5218,25,32,0.13,6.87,2.10.0,5,,一般,晴,3,3,6
2025-01-02,15,丸亀,5,1,3442,18,43,0.17,6.79,1.49.6,1,逃げ,一般,晴,2,2,1
2025-01-02,15,丸亀,5,4,4030,53,26,0.18,6.89,1.50.4,2,,一般,晴,2,2,4
2025-01-02,15,丸亀,5,2,3855,11,51,0.22,6.81,1.51.9,3,,一般,晴,2,2,2
2025-01-02,15,丸亀,5,5,4776,23,64,0.16,6.87,1.52.1,4,,一般,晴,2,2,5
2025-01-02,15,丸亀,5,3,3910,9,35,0.19,6.82,1.54.1,5,,一般,晴,2,2,3
2025-01-02,15,丸亀,5,6,5298,33,11,0.25,6.86,1.55.3,6,,一般,晴,2,2,6
2025-01-02,15,丸亀,6,1,3908,34,21,0.11,6.85,1.48.0,1,逃げ,カチ勝ち６,晴,2,2,1
2025-01-02,15,丸亀,6,3,4583,45,25,0.07,6.81,1.49.6,2,,カチ勝ち６,晴,2,2,3
2025-01-02,15,丸亀,6,4,4459,27,22,0.07,6.95,1.50.7,3,,カチ勝ち６,晴,2,2,4
2025-01-02,15,丸亀,6,6,5352,4,19,0.08,6.9,1.51.9,4,,カチ勝ち６,晴,2,2,5
2025-01-02,15,丸亀,6,2,3568,36,50,0.12,6.92,1.54.6,5,,カチ勝ち６,晴,2,2,2
2025-01-02,15,丸亀,6,5,5265,47,61,0.09,6.9,1.55.7,6,,カチ勝ち６,晴,2,2,6
2025-01-02,15,丸亀,7,5,4772,58,31,0.02,6.87,1.48.4,1,まくり差し,穴ガチ７,晴,2,2,5
2025-01-02,15,丸亀,7,1,3907,40,58,0.21,6.75,1.49.5,2,,穴ガチ７,晴,2,2,1
2025-01-02,15,丸亀,7,3,4220,43,6,0.17,6.81,1.51.1,3,,穴ガチ７,晴,2,2,3
2025-01-02,15,丸亀,7,6,4739,6,9,0.09,6.81,1.51.3,4,,穴ガチ７,晴,2,2,6
2025-01-02,15,丸亀,7,4,5173,63,44,0.08,6.89,1.53.0,5,,穴ガチ７,晴,2,2,4
2025-01-02,15,丸亀,7,2,3710,32,66,0.18,6.78,1.54.4,6,,穴ガチ７,晴,2,2,2
2025-01-02,15,丸亀,8,1,5043,13,14,0.11,6.82,1.53.6,1,逃げ,ガチ勝゛ち,晴,2,2,1
2025-01-02,15,丸亀,8,2,4260,51,49,0.1,6.97,1.56.9,2,,ガチ勝゛ち,晴,2,2,2
2025-01-02,15,丸亀,8,3,3832,41,53,0.12,6.85,1.58.8,3,,ガチ勝゛ち,晴,2,2,3
2025-01-02,15,丸亀,8,4,3975,35,33,0.15,6.88,1.59.7,4,,ガチ勝゛ち,晴,2,2,4
2025-01-02,15,丸亀,8,6,5326,10,5,0.24,6.89,2.05.2,5,,ガチ勝゛ち,晴,2,2,6
2025-01-02,15,丸亀,9,1,4776,23,64,0.12,6.88,1.48.3,1,逃げ,準優勝戦,晴,2,2,1
2025-01-02,15,丸亀,9,3,4030,53,26,0.12,6.92,1.50.3,2,,準優勝戦,晴,2,2,3
2025-01-02,15,丸亀,9,4,3478,61,48,0.14,6.96,1.51.5,3,,準優勝戦,晴,2,2,4
2025-01-02,15,丸亀,9,5,4348,66,23,0.17,6.91,1.52.6,4,,準優勝戦,晴,2,2,5
2025-01-02,15,丸亀,9,6,3509,19,54,0.16,6.85,1.53.3,5,,準優勝戦,晴,2,2,6
2025-01-02,15,丸亀,9,2,3578,39,17,0.14,6.92,1.54.2,6,,準優勝戦,晴,2,2,2
2025-01-02,15,丸亀,10,1,5136,16,55,0.11,6.85,1.48.8,1,逃げ,準優勝戦,晴,1,1,1
2025-01-02,15,丸亀,10,3,3908,34,21,0.13,6.93,1.49.6,2,,準優勝戦,晴,1,1,2
2025-01-02,15,丸亀,10,2,4452,49,52,0.12,6.98,1.50.7,3,,準優勝戦,晴,1,1,3
2025-01-02,15,丸亀,10,6,3907,40,58,0.18,6.92,1.52.4,4,,準優勝戦,晴,1,1,6
2025-01-02,15,丸亀,10,5,4459,27,22,0.14,6.91,1.53.5,5,,準優勝戦,晴,1,1,5
2025-01-02,15,丸亀,10,4,3401,65,60,0.18,6.87,1.53.6,6,,準優勝戦,晴,1,1,4
2025-01-02,15,丸亀,11,1,4772,58,31,0.13,6.81,1.48.7,1,逃げ,準優勝戦,晴,4,4,1
2025-01-02,15,丸亀,11,4,5043,13,14,0.21,6.9,1.49.3,2,,準優勝戦,晴,4,4,4
2025-01-02,15,丸亀,11,3,5224,54,34,0.16,6.88,1.50.8,3,,準優勝戦,晴,4,4,3
2025-01-02,15,丸亀,11,2,4437,52,18,0.14,6.96,1.52.0,4,,準優勝戦,晴,4,4,2
2025-01-02,15,丸亀,11,6,3442,18,43,0.2,6.84,1.53.5,5,,準優勝戦,晴,4,4,6
2025-01-02,15,丸亀,11,5,4931,21,28,0.21,6.89,1.54.0,6,,準優勝戦,晴,4,4,5
2025-01-02,15,丸亀,12,1,5037,46,47,0.24,6.78,1.48.9,1,逃げ,一般,晴,4,4,1
2025-01-02,15,丸亀,12,5,4583,45,25,0.21,6.81,1.50.2,2,,一般,晴,4,4,5
2025-01-02,15,丸亀,12,3,4154,60,7,0.26,6.76,1.51.3,3,,一般,晴,4,4,3
2025-01-02,15,丸亀,12,6,4529,3,3,0.19,6.84,1.53.0,4,,一般,晴,4,4,6
2025-01-02,15,丸亀,12,2,4852,28,57,0.25,6.81,1.54.3,5,,一般,晴,4,4,2
2025-01-02,15,丸亀,12,4,4739,6,9,0.22,6.81,1.58.1,6,,一般,晴,4,4,4
2025-01-02,14,鳴門,1,1,4028,28,63,0.13,6.83,1.47.6,1,逃げ,とるならな,晴,1,1,1
2025-01-02,14,鳴門,1,4,5249,66,37,0.21,6.85,1.48.3,2,,とるならな,晴,1,1,4
2025-01-02,14,鳴門,1,6,5339,24,14,0.09,6.86,1.51.7,3,,とるならな,晴,1,1,6
2025-01-02,14,鳴門,1,3,3361,74,67,0.28,6.83,1.52.7,4,,とるならな,晴,1,1,3
2025-01-02,14,鳴門,1,5,3477,54,60,0.15,6.82,,5,,とるならな,晴,1,1,5
2025-01-02,14,鳴門,1,2,4666,21,30,0.2,6.77,,6,,とるならな,晴,1,1,2
2025-01-02,14,鳴門,2,3,4839,35,10,0.05,6.97,1.47.6,1,まくり,どーなるな,晴,2,2,3
2025-01-02,14,鳴門,2,5,3564,51,32,0.12,6.85,1.48.6,2,,どーなるな,晴,2,2,6
2025-01-02,14,鳴門,2,4,3841,18,12,0.17,6.84,1.50.1,3,,どーなるな,晴,2,2,4
2025-01-02,14,鳴門,2,2,4732,58,58,0.22,6.77,1.50.5,4,,どーなるな,晴,2,2,2
2025-01-02,14,鳴門,2,1,3797,73,77,0.1,6.89,,5,,どーなるな,晴,2,2,1
2025-01-02,14,鳴門,2,6,5372,52,27,0.25,6.9,,6,,どーなるな,晴,2,2,5
2025-01-02,14,鳴門,3,4,4357,22,75,0.13,6.75,1.48.1,1,まくり,どきどきな,晴,0,1,5
2025-01-02,14,鳴門,3,3,4359,53,70,0.11,7.02,1.49.1,2,,どきどきな,晴,0,1,3
2025-01-02,14,鳴門,3,5,4648,12,82,0.12,6.96,1.49.5,3,,どきどきな,晴,0,1,4
2025-01-02,14,鳴門,3,1,3304,31,22,0.15,6.77,1.50.2,4,,どきどきな,晴,0,1,1
2025-01-02,14,鳴門,3,2,4383,23,50,0.13,6.91,,5,,どきどきな,晴,0,1,2
2025-01-02,14,鳴門,3,6,4864,36,26,0.22,6.85,,6,,どきどきな,晴,0,1,6
2025-01-02,14,鳴門,4,1,4794,55,36,0.11,6.85,1.54.7,1,逃げ,とにかくな,晴,0,1,1
2025-01-02,14,鳴門,4,2,4052,32,25,0.25,6.86,1.57.7,2,,とにかくな,晴,0,1,2
2025-01-02,14,鳴門,4,4,3743,61,39,0.19,6.9,1.59.7,3,,とにかくな,晴,0,1,4
2025-01-02,14,鳴門,4,5,5179,25,64,0.23,6.88,2.02.1,4,,とにかくな,晴,0,1,5
2025-01-02,14,鳴門,4,6,4521,69,76,0.25,6.82,,5,,とにかくな,晴,0,1,6
2025-01-02,14,鳴門,5,2,4704,11,51,0.14,6.87,1.48.7,1,差し,予選,晴,3,3,2
2025-01-02,14,鳴門,5,1,3516,70,78,0.12,6.88,1.50.2,2,,予選,晴,3,3,1
2025-01-02,14,鳴門,5,3,4596,82,68,0.08,6.95,1.50.5,3,,予選,晴,3,3,5
2025-01-02,14,鳴門,5,4,4571,80,23,0.2,6.83,1.52.5,4,,予選,晴,3,3,3
2025-01-02,14,鳴門,5,5,5339,24,14,0.19,6.97,,5,,予選,晴,3,3,4
2025-01-02,14,鳴門,5,6,5348,30,31,0.2,6.86,,6,,予選,晴,3,3,6
2025-01-02,14,鳴門,6,2,3562,60,29,0.15,6.94,1.48.7,1,まくり,予選,晴,2,2,2
2025-01-02,14,鳴門,6,1,4247,79,56,0.16,6.96,1.49.4,2,,予選,晴,2,2,1
2025-01-02,14,鳴門,6,3,4111,56,79,0.11,6.97,1.51.4,3,,予選,晴,2,2,3
2025-01-02,14,鳴門,6,6,5372,52,27,0.15,6.96,1.52.9,4,,予選,晴,2,2,6
2025-01-02,14,鳴門,6,5,5333,50,38,0.17,6.99,,5,,予選,晴,2,2,5
2025-01-02,14,鳴門,6,4,4028,28,63,0.13,6.96,,6,,予選,晴,2,2,4
2025-01-02,14,鳴門,7,2,4357,22,75,0.19,6.89,1.48.4,1,差し,予選,晴,4,4,2
2025-01-02,14,鳴門,7,1,4116,17,55,0.16,6.98,1.50.2,2,,予選,晴,4,4,1
2025-01-02,14,鳴門,7,3,3564,51,32,0.18,6.91,1.51.7,3,,予選,晴,4,4,3
2025-01-02,14,鳴門,7,5,4757,75,54,0.17,7.04,1.52.8,4,,予選,晴,4,4,5
2025-01-02,14,鳴門,7,6,4691,59,57,0.19,7.04,,5,,予選,晴,4,4,6
2025-01-02,14,鳴門,7,4,3361,74,67,0.2,7.09,,6,,予選,晴,4,4,4
2025-01-02,14,鳴門,8,1,5249,66,37,0.11,6.84,1.47.6,1,抜き,予選,晴,3,3,1
2025-01-02,14,鳴門,8,2,4685,20,52,0.12,6.85,1.49.9,2,,予選,晴,3,3,2
2025-01-02,14,鳴門,8,5,5143,10,65,0.12,6.89,1.50.8,3,,予選,晴,3,3,5
2025-01-02,14,鳴門,8,6,4162,77,59,0.13,7.01,1.53.5,4,,予選,晴,3,3,6
2025-01-02,14,鳴門,8,3,4648,12,82,0.16,6.93,,5,,予選,晴,3,3,3
2025-01-02,14,鳴門,8,4,3797,73,77,0.22,7.01,,6,,予選,晴,3,3,4
2025-01-02,14,鳴門,9,1,3743,61,39,0.01,6.95,1.48.0,1,逃げ,予選,晴,2,2,1
2025-01-02,14,鳴門,9,4,4732,58,58,0.09,6.89,1.49.0,2,,予選,晴,2,2,4
2025-01-02,14,鳴門,9,3,3477,54,60,0.04,6.87,1.50.6,3,,予選,晴,2,2,3
2025-01-02,14,鳴門,9,2,3788,68,11,0.01,6.98,1.52.8,4,,予選,晴,2,2,2
2025-01-02,14,鳴門,9,5,4636,33,19,0.09,7.02,,5,,予選,晴,2,2,6
2025-01-02,14,鳴門,9,6,5348,30,31,0.02,7.04,,6,,予選,晴,2,2,5
2025-01-02,14,鳴門,10,2,4839,35,10,0.13,7.01,1.48.5,1,差し,なるちゃん,晴,4,4,2
2025-01-02,14,鳴門,10,1,4063,37,20,0.17,6.88,1.49.4,2,,なるちゃん,晴,4,4,1
2025-01-02,14,鳴門,10,4,4794,55,36,0.25,7.01,1.51.3,3,,なるちゃん,晴,4,4,4
2025-01-02,14,鳴門,10,6,3562,60,29,0.24,7.03,1.52.4,4,,なるちゃん,晴,4,4,6
2025-01-02,14,鳴門,10,3,3516,70,78,0.18,6.99,,5,,なるちゃん,晴,4,4,3
2025-01-02,14,鳴門,10,5,4666,21,30,0.26,7.01,,6,,なるちゃん,晴,4,4,5
2025-01-02,14,鳴門,11,1,3333,62,18,0.11,6.98,1.48.7,1,逃げ,特選,晴,5,5,1
2025-01-02,14,鳴門,11,2,3841,18,12,0.08,6.91,1.49.2,2,,特選,晴,5,5,2
2025-01-02,14,鳴門,11,4,3304,31,22,0.14,7.03,1.50.9,3,,特選,晴,5,5,4
2025-01-02,14,鳴門,11,3,4116,17,55,0.11,7.01,1.51.8,4,,特選,晴,5,5,3
2025-01-02,14,鳴門,11,5,4111,56,79,0.21,6.93,,5,,特選,晴,5,5,5
2025-01-02,14,鳴門,11,6,4704,11,51,0.23,7.02,,6,,特選,晴,5,5,6
2025-01-02,14,鳴門,12,3,4383,23,50,0.03,7.05,1.48.2,1,まくり,特選,晴,2,2,3
2025-01-02,14,鳴門,12,2,4596,82,68,0.07,7.14,1.49.2,2,,特選,晴,2,2,2
2025-01-02,14,鳴門,12,6,4052,32,25,0.12,7.0,1.50.4,3,,特選,晴,2,2,6
2025-01-02,14,鳴門,12,5,4247,79,56,0.07,7.07,1.51.6,4,,特選,晴,2,2,5
2025-01-02,14,鳴門,12,4,4685,20,52,0.04,6.98,,5,,特選,晴,2,2,4
2025-01-02,14,鳴門,12,1,4757,75,54,0.09,7.04,,6,,特選,晴,2,2,1
2025-01-02,12,住之江,1,1,5267,53,74,0.09,6.75,1.47.0,1,逃げ,予選,晴,1,1,1
2025-01-02,12,住之江,1,4,5036,24,12,0.08,6.82,1.50.0,2,,予選,晴,1,1,4
2025-01-02,12,住之江,1,2,5049,89,76,0.09,6.77,1.51.0,3,,予選,晴,1,1,2
2025-01-02,12,住之江,1,6,4200,76,55,0.08,6.82,1.51.9,4,,予選,晴,1,1,6
2025-01-02,12,住之江,1,5,4659,68,52,0.08,6.84,1.53.5,5,,予選,晴,1,1,5
2025-01-02,12,住之江,1,3,4750,55,10,0.16,6.81,1.54.9,6,,予選,晴,1,1,3
2025-01-02,12,住之江,2,3,4832,56,81,0.1,6.8,1.47.5,1,まくり差し,予選,晴,2,1,3
2025-01-02,12,住之江,2,1,4631,80,77,0.14,6.83,1.49.5,2,,予選,晴,2,1,1
2025-01-02,12,住之江,2,4,3915,39,16,0.2,6.87,1.51.3,3,,予選,晴,2,1,4
2025-01-02,12,住之江,2,2,3736,20,24,0.2,6.85,1.53.3,4,,予選,晴,2,1,2
2025-01-02,12,住之江,2,6,5376,75,70,0.15,6.85,1.54.5,5,,予選,晴,2,1,6
2025-01-02,12,住之江,2,5,4578,82,58,0.14,6.78,1.56.2,6,,予選,晴,2,1,5
2025-01-02,12,住之江,3,1,4411,36,84,0.1,6.8,1.48.9,1,逃げ,予選,晴,1,1,1
2025-01-02,12,住之江,3,3,4907,88,14,0.08,6.8,1.51.1,2,,予選,晴,1,1,3
2025-01-02,12,住之江,3,5,5004,79,86,0.2,6.8,1.52.1,3,,予選,晴,1,1,5
2025-01-02,12,住之江,3,2,5221,13,23,0.19,6.81,1.52.8,4,,予選,晴,1,1,2
2025-01-02,12,住之江,3,4,5054,60,85,0.08,6.82,1.53.8,5,,予選,晴,1,1,4
2025-01-02,12,住之江,3,6,5302,15,29,0.21,6.81,1.56.9,6,,予選,晴,1,1,6
2025-01-02,12,住之江,4,3,5046,54,31,0.12,6.8,1.48.7,1,差し,予選,晴,0,1,3
2025-01-02,12,住之江,4,2,3557,33,88,0.08,6.77,1.49.9,2,,予選,晴,0,1,2
2025-01-02,12,住之江,4,4,4427,31,61,0.1,6.77,1.51.6,3,,予選,晴,0,1,4
2025-01-02,12,住之江,4,5,4834,18,89,0.15,6.81,1.52.2,4,,予選,晴,0,1,5
2025-01-02,12,住之江,4,1,5289,74,33,0.13,6.77,1.53.3,5,,予選,晴,0,1,1
2025-01-02,12,住之江,4,6,5381,61,87,0.21,6.83,1.55.6,6,,予選,晴,0,1,6
2025-01-02,12,住之江,5,3,4865,16,65,0.15,6.87,1.48.0,1,まくり差し,住之江ファ,晴,3,1,3
2025-01-02,12,住之江,5,1,4710,35,21,0.13,6.84,1.48.9,2,,住之江ファ,晴,3,1,1
2025-01-02,12,住之江,5,2,4200,76,55,0.11,6.83,1.50.4,3,,住之江ファ,晴,3,1,2
2025-01-02,12,住之江,5,5,3963,73,62,0.1,6.82,1.51.1,4,,住之江ファ,晴,3,1,5
2025-01-02,12,住之江,5,4,5325,30,22,0.12,6.81,1.53.0,5,,住之江ファ,晴,3,1,4
2025-01-02,12,住之江,5,6,3556,14,78,0.07,6.81,1.53.5,6,,住之江ファ,晴,3,1,6
2025-01-02,12,住之江,6,1,4750,55,10,0.1,6.82,1.48.8,1,逃げ,予選,晴,2,1,1
2025-01-02,12,住之江,6,4,4967,87,80,0.05,6.79,1.49.8,2,,予選,晴,2,1,4
2025-01-02,12,住之江,6,5,4397,17,59,0.09,6.88,1.51.3,3,,予選,晴,2,1,5
2025-01-02,12,住之江,6,2,4508,69,93,0.07,6.76,1.53.2,4,,予選,晴,2,1,2
2025-01-02,12,住之江,6,6,4904,32,18,0.07,6.83,1.55.0,5,,予選,晴,2,1,6
2025-01-02,12,住之江,6,3,4578,82,58,0.13,6.79,1.56.5,6,,予選,晴,2,1,3
2025-01-02,12,住之江,7,1,4422,50,69,0.22,6.83,1.49.3,1,逃げ,予選,晴,0,1,1
2025-01-02,12,住之江,7,3,4934,58,34,0.15,6.8,1.50.6,2,,予選,晴,0,1,3
2025-01-02,12,住之江,7,4,4907,88,14,0.15,6.85,1.52.4,3,,予選,晴,0,1,4
2025-01-02,12,住之江,7,6,4572,85,83,0.06,6.96,1.53.1,4,,予選,晴,0,1,6
2025-01-02,12,住之江,7,5,5235,29,26,0.11,6.93,1.54.6,5,,予選,晴,0,1,5
2025-01-02,12,住之江,7,2,5036,24,12,0.18,6.81,1.56.6,6,,予選,晴,0,1,2
2025-01-02,12,住之江,8,5,5267,53,74,0.11,6.81,1.47.6,1,まくり差し,予選,晴,2,1,5
2025-01-02,12,住之江,8,4,4377,86,66,0.14,6.86,1.49.2,2,,予選,晴,2,1,4
2025-01-02,12,住之江,8,6,4082,26,39,0.18,6.88,1.51.8,3,,予選,晴,2,1,6
2025-01-02,12,住之江,8,1,5054,60,85,0.22,6.79,1.52.9,4,,予選,晴,2,1,1
2025-01-02,12,住之江,8,2,3915,39,16,0.25,6.9,1.53.5,5,,予選,晴,2,1,2
2025-01-02,12,住之江,8,3,4834,18,89,0.27,6.82,1.55.9,6,,予選,晴,2,1,3
2025-01-02,12,住之江,9,1,4659,68,52,0.12,6.78,1.48.3,1,逃げ,予選特別Ｂ,晴,3,1,1
2025-01-02,12,住之江,9,2,3963,73,62,0.14,6.83,1.49.6,2,,予選特別Ｂ,晴,3,1,2
2025-01-02,12,住之江,9,4,5221,13,23,0.19,6.81,1.50.1,3,,予選特別Ｂ,晴,3,1,4
2025-01-02,12,住之江,9,3,3161,62,35,0.17,6.79,1.52.0,4,,予選特別Ｂ,晴,3,1,3
2025-01-02,12,住之江,9,5,3736,20,24,0.18,6.87,1.54.1,5,,予選特別Ｂ,晴,3,1,6
2025-01-02,12,住之江,9,6,5381,61,87,0.12,6.83,1.55.5,6,,予選特別Ｂ,晴,3,1,5
2025-01-02,12,住之江,10,4,3557,33,88,0.12,6.76,1.47.2,1,まくり,予選特別Ｂ,晴,2,1,4
2025-01-02,12,住之江,10,1,4832,56,81,0.1,6.75,1.49.1,2,,予選特別Ｂ,晴,2,1,1
2025-01-02,12,住之江,10,2,4411,36,84,0.14,6.79,1.51.4,3,,予選特別Ｂ,晴,2,1,2
2025-01-02,12,住之江,10,5,5049,89,76,0.12,6.89,1.52.0,4,,予選特別Ｂ,晴,2,1,5
2025-01-02,12,住之江,10,3,4904,32,18,0.16,6.86,1.53.3,5,,予選特別Ｂ,晴,2,1,3
2025-01-02,12,住之江,10,6,5325,30,22,0.1,6.82,1.53.6,6,,予選特別Ｂ,晴,2,1,6
2025-01-02,12,住之江,11,1,4397,17,59,0.1,6.82,1.47.7,1,逃げ,予選特別Ａ,晴,3,1,1
2025-01-02,12,住之江,11,4,3556,14,78,0.1,6.82,1.49.4,2,,予選特別Ａ,晴,3,1,4
2025-01-02,12,住之江,11,5,4631,80,77,0.09,6.83,1.50.6,3,,予選特別Ａ,晴,3,1,5
2025-01-02,12,住之江,11,6,4934,58,34,0.14,6.84,1.51.6,4,,予選特別Ａ,晴,3,1,6
2025-01-02,12,住之江,11,2,4427,31,61,0.15,6.8,1.53.9,5,,予選特別Ａ,晴,3,1,2
2025-01-02,12,住之江,11,3,5004,79,86,0.23,6.83,1.56.8,6,,予選特別Ａ,晴,3,1,3
2025-01-02,12,住之江,12,1,4719,10,79,0.2,6.84,1.48.9,1,逃げ,王将ドリー,晴,0,1,1
2025-01-02,12,住之江,12,2,4760,23,27,0.2,6.82,1.49.5,2,,王将ドリー,晴,0,1,2
2025-01-02,12,住之江,12,5,4826,12,54,0.2,6.9,1.51.2,3,,王将ドリー,晴,0,1,5
2025-01-02,12,住之江,12,4,4311,38,38,0.23,6.77,1.52.1,4,,王将ドリー,晴,0,1,3
2025-01-02,12,住之江,12,3,3997,22,13,0.22,6.87,1.52.8,5,,王将ドリー,晴,0,1,4
2025-01-02,12,住之江,12,6,4436,65,53,0.19,6.83,1.53.2,6,,王将ドリー,晴,0,1,6
2025-01-02,10,三国,1,1,4415,56,35,0.14,6.67,1.49.6,1,逃げ,予選,晴,2,2,1
2025-01-02,10,三国,1,2,4056,68,48,0.12,6.71,1.51.1,2,,予選,晴,2,2,2
2025-01-02,10,三国,1,4,4711,59,29,0.11,6.75,1.52.4,3,,予選,晴,2,2,4
2025-01-02,10,三国,1,5,4520,37,43,0.16,6.77,1.52.7,4,,予選,晴,2,2,5
2025-01-02,10,三国,1,6,4876,58,46,0.15,6.79,,5,,予選,晴,2,2,6
2025-01-02,10,三国,1,3,3814,22,19,0.12,6.75,,6,,予選,晴,2,2,3
2025-01-02,10,三国,2,2,5017,44,59,0.17,6.77,1.49.0,1,差し,予選,曇り,4,4,2
2025-01-02,10,三国,2,1,3635,54,37,0.16,6.77,1.51.0,2,,予選,曇り,4,4,1
2025-01-02,10,三国,2,3,5038,45,30,0.22,6.73,1.52.1,3,,予選,曇り,4,4,3
2025-01-02,10,三国,2,4,4360,23,31,0.25,6.69,1.53.5,4,,予選,曇り,4,4,4
2025-01-02,10,三国,2,5,3558,51,14,0.29,6.73,,5,,予選,曇り,4,4,5
2025-01-02,10,三国,2,6,5366,28,42,0.33,6.79,,6,,予選,曇り,4,4,6
2025-01-02,10,三国,3,1,4061,70,72,0.06,6.84,1.49.0,1,逃げ,予選,曇り,3,3,1
2025-01-02,10,三国,3,4,3951,17,13,0.12,6.77,1.50.1,2,,予選,曇り,3,3,4
2025-01-02,10,三国,3,2,3968,34,45,0.09,6.71,1.51.4,3,,予選,曇り,3,3,2
2025-01-02,10,三国,3,3,3833,62,39,0.08,6.77,1.52.6,4,,予選,曇り,3,3,3
2025-01-02,10,三国,3,5,4982,29,63,0.16,6.79,,5,,予選,曇り,3,3,5
2025-01-02,10,三国,3,6,5187,61,23,0.18,6.71,,6,,予選,曇り,3,3,6
2025-01-02,10,三国,4,1,4930,19,64,0.16,6.73,1.47.9,1,逃げ,予選,曇り,2,2,1
2025-01-02,10,三国,4,3,3388,42,58,0.23,6.71,1.50.5,2,,予選,曇り,2,2,3
2025-01-02,10,三国,4,4,4057,30,33,0.26,6.73,1.51.5,3,,予選,曇り,2,2,4
2025-01-02,10,三国,4,6,4097,39,74,0.31,6.69,1.51.8,4,,予選,曇り,2,2,6
2025-01-02,10,三国,4,2,3708,52,56,0.15,6.75,,5,,予選,曇り,2,2,2
2025-01-02,10,三国,4,5,4405,25,40,0.26,6.77,,6,,予選,曇り,2,2,5
2025-01-02,10,三国,5,1,3548,38,65,0.08,6.73,1.48.8,1,逃げ,予選,曇り,2,2,1
2025-01-02,10,三国,5,3,4574,49,12,0.19,6.73,1.50.5,2,,予選,曇り,2,2,3
2025-01-02,10,三国,5,6,5060,27,22,0.21,6.67,1.52.1,3,,予選,曇り,2,2,6
2025-01-02,10,三国,5,2,4380,35,21,0.11,6.73,1.52.1,4,,予選,曇り,2,2,2
2025-01-02,10,三国,5,5,4013,67,54,0.19,6.82,,5,,予選,曇り,2,2,5
2025-01-02,10,三国,5,4,3912,15,27,0.25,6.77,,6,,予選,曇り,2,2,4
2025-01-02,10,三国,6,3,4360,23,31,0.05,6.69,1.49.4,1,抜き,予選,雨,1,1,3
2025-01-02,10,三国,6,5,5091,31,73,0.07,6.69,1.50.2,2,,予選,雨,1,1,6
2025-01-02,10,三国,6,6,4917,20,20,0.07,6.75,1.51.5,3,,予選,雨,1,1,5
2025-01-02,10,三国,6,2,4788,26,41,0.13,6.69,1.51.7,4,,予選,雨,1,1,2
2025-01-02,10,三国,6,4,3654,21,69,0.07,6.75,,5,,予選,雨,1,1,4
2025-01-02,10,三国,6,1,3620,63,34,0.14,6.77,,6,,予選,雨,1,1,1
2025-01-02,10,三国,7,2,4391,24,36,0.13,6.67,1.49.1,1,抜き,予選,曇り,0,0,2
2025-01-02,10,三国,7,1,4339,48,50,0.06,6.8,1.49.6,2,,予選,曇り,0,0,1
2025-01-02,10,三国,7,4,4003,41,68,0.19,6.84,1.51.1,3,,予選,曇り,0,0,4
2025-01-02,10,三国,7,5,4210,12,66,0.14,6.73,1.52.8,4,,予選,曇り,0,0,5
2025-01-02,10,三国,7,3,3558,51,14,0.11,6.73,,5,,予選,曇り,0,0,3
2025-01-02,10,三国,7,6,3968,34,45,0.14,6.8,,6,,予選,曇り,0,0,6
2025-01-02,10,三国,8,1,3692,64,62,0.15,6.75,1.50.0,1,逃げ,予選,曇り,1,1,1
2025-01-02,10,三国,8,2,3951,17,13,0.18,6.75,1.51.1,2,,予選,曇り,1,1,2
2025-01-02,10,三国,8,6,4000,36,44,0.17,6.71,1.52.5,3,,予選,曇り,1,1,6
2025-01-02,10,三国,8,3,3881,40,32,0.18,6.79,1.53.5,4,,予選,曇り,1,1,3
2025-01-02,10,三国,8,4,3635,54,37,0.18,6.82,,5,,予選,曇り,1,1,4
2025-01-02,10,三国,8,5,5282,47,52,0.19,6.82,,6,,予選,曇り,1,1,5
2025-01-02,10,三国,9,4,3708,52,56,0.13,6.75,1.49.1,1,まくり,予選,曇り,2,2,4
2025-01-02,10,三国,9,6,3833,62,39,0.14,6.79,1.50.9,2,,予選,曇り,2,2,5
2025-01-02,10,三国,9,1,4520,37,43,0.19,6.75,1.52.0,3,,予選,曇り,2,2,1
2025-01-02,10,三国,9,3,3912,15,27,0.21,6.73,1.52.7,4,,予選,曇り,2,2,3
2025-01-02,10,三国,9,2,5185,53,67,0.22,6.75,,5,,予選,曇り,2,2,2
2025-01-02,10,三国,9,5,4561,46,38,0.21,6.71,,6,,予選,曇り,2,2,6
2025-01-02,10,三国,10,1,4711,59,29,0.11,6.67,1.51.6,1,逃げ,予選特賞,曇り,1,1,1
2025-01-02,10,三国,10,2,4057,30,33,0.15,6.73,1.57.4,2,,予選特賞,曇り,1,1,2
2025-01-02,10,三国,10,3,5187,61,23,0.15,6.8,2.00.7,3,,予選特賞,曇り,1,1,3
2025-01-02,10,三国,10,4,5038,45,30,0.16,6.71,2.03.2,4,,予選特賞,曇り,1,1,4
2025-01-02,10,三国,10,6,4788,26,41,0.11,6.75,,5,,予選特賞,曇り,1,1,6
2025-01-02,10,三国,11,1,4210,12,66,0.19,6.75,1.49.7,1,逃げ,記者特選,曇り,2,2,1
2025-01-02,10,三国,11,2,5060,27,22,0.21,6.67,1.51.3,2,,記者特選,曇り,2,2,2
2025-01-02,10,三国,11,3,5091,31,73,0.13,6.71,1.51.6,3,,記者特選,曇り,2,2,3
2025-01-02,10,三国,11,4,4930,19,64,0.14,6.69,1.51.6,4,,記者特選,曇り,2,2,4
2025-01-02,10,三国,11,6,5017,44,59,0.12,6.67,,5,,記者特選,曇り,2,2,6
2025-01-02,10,三国,11,5,3814,22,19,0.19,6.77,,6,,記者特選,曇り,2,2,5
2025-01-02,10,三国,12,1,3388,42,58,0.15,6.77,1.47.8,1,逃げ,ドリーム戦,曇り,3,3,1
2025-01-02,10,三国,12,2,4013,67,54,0.12,6.79,1.48.6,2,,ドリーム戦,曇り,3,3,2
2025-01-02,10,三国,12,5,4061,70,72,0.17,6.83,1.50.7,3,,ドリーム戦,曇り,3,3,5
2025-01-02,10,三国,12,4,4415,56,35,0.17,6.71,1.51.9,4,,ドリーム戦,曇り,3,3,4
2025-01-02,10,三国,12,3,3654,21,69,0.11,6.75,,5,,ドリーム戦,曇り,3,3,3
2025-01-02,10,三国,12,6,4391,24,36,0.2,6.71,,6,,ドリーム戦,曇り,3,3,6
2025-01-02,09,津,1,3,4962,12,25,0.15,6.65,1.50.0,1,まくり差し,ツッキーレ,晴,3,2,3
2025-01-02,09,津,1,1,4227,28,39,0.22,6.8,1.50.6,2,,ツッキーレ,晴,3,2,1
2025-01-02,09,津,1,2,4417,35,18,0.21,6.67,1.53.2,3,,ツッキーレ,晴,3,2,2
2025-01-02,09,津,1,4,4058,56,43,0.16,6.64,1.53.8,4,,ツッキーレ,晴,3,2,4
2025-01-02,09,津,1,5,5275,75,23,0.08,6.67,,5,,ツッキーレ,晴,3,2,5
2025-01-02,09,津,1,6,5378,19,11,0.02,6.83,,6,,ツッキーレ,晴,3,2,6
2025-01-02,09,津,2,1,4270,16,28,0.06,6.77,1.50.3,1,逃げ,予選,晴,3,2,1
2025-01-02,09,津,2,4,4049,30,17,0.07,6.72,1.51.3,2,,予選,晴,3,2,4
2025-01-02,09,津,2,2,3392,59,30,0.11,6.74,1.53.3,3,,予選,晴,3,2,2
2025-01-02,09,津,2,6,4031,48,37,0.14,6.78,1.55.1,4,,予選,晴,3,2,6
2025-01-02,09,津,2,5,5345,55,58,0.13,6.85,,5,,予選,晴,3,2,5
2025-01-02,09,津,2,3,4752,40,64,0.12,6.67,,6,,予選,晴,3,2,3
2025-01-02,09,津,3,2,4796,60,68,0.12,6.61,1.50.8,1,差し,予選,晴,4,2,2
2025-01-02,09,津,3,1,3519,72,12,0.14,6.73,1.52.3,2,,予選,晴,4,2,1
2025-01-02,09,津,3,3,5010,68,63,0.13,6.62,1.53.5,3,,予選,晴,4,2,3
2025-01-02,09,津,3,6,5256,53,50,0.13,6.66,1.54.9,4,,予選,晴,4,2,6
2025-01-02,09,津,3,4,3327,36,46,0.15,6.78,,5,,予選,晴,4,2,4
2025-01-02,09,津,3,5,4181,73,71,0.16,6.72,,6,,予選,晴,4,2,5
2025-01-02,09,津,4,1,3455,51,19,0.14,6.72,1.52.0,1,逃げ,予選,晴,4,2,1
2025-01-02,09,津,4,3,4466,52,65,0.14,6.72,1.53.4,2,,予選,晴,4,2,3
2025-01-02,09,津,4,6,5316,15,45,0.25,6.62,1.54.2,3,,予選,晴,4,2,5
2025-01-02,09,津,4,2,4327,61,27,0.15,6.63,1.56.0,4,,予選,晴,4,2,2
2025-01-02,09,津,4,4,4808,54,67,0.28,6.65,,5,,予選,晴,4,2,6
2025-01-02,09,津,4,5,3852,32,35,0.22,6.72,,6,,予選,晴,4,2,4
2025-01-02,09,津,5,1,3984,70,72,0.07,6.72,1.51.5,1,逃げ,５ールドレ,晴,4,2,1
2025-01-02,09,津,5,3,3934,33,59,0.09,6.7,1.52.2,2,,５ールドレ,晴,4,2,3
2025-01-02,09,津,5,5,3596,74,21,0.16,6.69,1.53.9,3,,５ールドレ,晴,4,2,5
2025-01-02,09,津,5,6,4837,50,66,0.23,6.68,1.54.5,4,,５ールドレ,晴,4,2,6
2025-01-02,09,津,5,2,4527,41,34,0.13,6.61,,5,,５ールドレ,晴,4,2,2
2025-01-02,09,津,5,4,4358,29,22,0.16,6.7,,6,,５ールドレ,晴,4,2,4
2025-01-02,09,津,6,5,4024,37,60,0.06,6.7,1.48.9,1,抜き,予選,晴,3,2,6
2025-01-02,09,津,6,4,5020,76,29,0.06,6.75,1.51.1,2,,予選,晴,3,2,4
2025-01-02,09,津,6,3,4431,26,69,0.05,6.73,1.51.8,3,,予選,晴,3,2,3
2025-01-02,09,津,6,2,4209,39,13,0.14,6.75,1.54.1,4,,予選,晴,3,2,2
2025-01-02,09,津,6,1,4129,49,74,0.11,6.71,,5,,予選,晴,3,2,1
2025-01-02,09,津,6,6,5378,19,11,0.16,6.94,,6,,予選,晴,3,2,5
2025-01-02,09,津,7,2,4344,11,14,0.11,6.73,1.50.3,1,差し,予選,晴,4,2,2
2025-01-02,09,津,7,1,4058,56,43,0.13,6.62,1.51.5,2,,予選,晴,4,2,1
2025-01-02,09,津,7,5,5256,53,50,0.25,6.66,1.54.0,3,,予選,晴,4,2,5
2025-01-02,09,津,7,3,3772,58,57,0.15,6.82,1.54.9,4,,予選,晴,4,2,3
2025-01-02,09,津,7,6,3392,59,30,0.23,6.75,,5,,予選,晴,4,2,6
2025-01-02,09,津,7,4,4035,57,62,0.18,6.75,,6,,予選,晴,4,2,4
2025-01-02,09,津,8,3,4808,54,67,0.16,6.68,1.51.0,1,差し,予選,晴,5,3,3
2025-01-02,09,津,8,1,4752,40,64,0.24,6.66,1.52.2,2,,予選,晴,5,3,1
2025-01-02,09,津,8,6,4754,24,51,0.14,6.73,1.53.1,3,,予選,晴,5,3,6
2025-01-02,09,津,8,2,5130,71,16,0.18,6.67,1.54.4,4,,予選,晴,5,3,2
2025-01-02,09,津,8,5,3519,72,12,0.13,6.74,,5,,予選,晴,5,3,5
2025-01-02,09,津,8,4,4417,35,18,0.18,6.68,,6,,予選,晴,5,3,4
2025-01-02,09,津,9,3,4856,69,33,0.21,6.62,1.50.2,1,まくり,予選,晴,5,3,3
2025-01-02,09,津,9,1,3327,36,46,0.22,6.76,1.53.6,2,,予選,晴,5,3,1
2025-01-02,09,津,9,6,4962,12,25,0.33,6.64,1.54.5,3,,予選,晴,5,3,6
2025-01-02,09,津,9,5,4270,16,28,0.3,6.86,1.55.4,4,,予選,晴,5,3,5
2025-01-02,09,津,9,2,4618,38,24,0.36,6.73,,5,,予選,晴,5,3,2
2025-01-02,09,津,9,4,4466,52,65,0.28,6.79,,6,,予選,晴,5,3,4
2025-01-02,09,津,10,1,4470,25,41,0.21,6.68,1.50.1,1,逃げ,予選,晴,5,3,1
2025-01-02,09,津,10,3,4049,30,17,0.26,6.72,1.51.2,2,,予選,晴,5,3,3
2025-01-02,09,津,10,2,4024,37,60,0.29,6.67,1.52.3,3,,予選,晴,5,3,2
2025-01-02,09,津,10,6,3931,14,31,0.19,6.72,1.52.4,4,,予選,晴,5,3,6
2025-01-02,09,津,10,4,3596,74,21,0.25,6.69,,5,,予選,晴,5,3,4
2025-01-02,09,津,10,5,4327,61,27,0.28,6.76,,6,,予選,晴,5,3,5
2025-01-02,09,津,11,1,4926,31,20,0.16,6.54,1.47.4,1,逃げ,新春特選,晴,3,2,1
2025-01-02,09,津,11,3,4227,28,39,0.17,6.75,1.49.6,2,,新春特選,晴,3,2,3
2025-01-02,09,津,11,6,4431,26,69,0.21,6.64,1.52.0,3,,新春特選,晴,3,2,6
2025-01-02,09,津,11,4,3934,33,59,0.2,6.73,1.53.2,4,,新春特選,晴,3,2,4
2025-01-02,09,津,11,2,4181,73,71,0.18,6.7,,5,,新春特選,晴,3,2,2
2025-01-02,09,津,11,5,3772,58,57,0.18,6.76,,6,,新春特選,晴,3,2,5
2025-01-02,09,津,12,1,4344,11,14,0.11,6.72,1.55.7,1,逃げ,ツッキー選,晴,4,2,1
2025-01-02,09,津,12,2,3852,32,49,0.14,6.82,1.58.3,2,,ツッキー選,晴,4,2,2
2025-01-02,09,津,12,6,4796,60,68,0.15,6.62,2.01.9,3,,ツッキー選,晴,4,2,6
2025-01-02,09,津,12,3,5130,71,16,0.14,6.71,2.03.5,4,,ツッキー選,晴,4,2,3
2025-01-02,09,津,12,4,3984,70,72,0.16,6.7,,5,,ツッキー選,晴,4,2,4
2025-01-02,08,常滑,1,1,5254,31,24,0.13,6.72,1.50.5,1,逃げ,予選,晴,3,2,1
2025-01-02,08,常滑,1,2,5272,53,17,0.16,6.72,1.52.2,2,,予選,晴,3,2,2
2025-01-02,08,常滑,1,3,5296,29,61,0.27,6.74,1.52.3,3,,予選,晴,3,2,3
2025-01-02,08,常滑,1,4,5305,3,14,0.19,6.75,1.54.5,4,,予選,晴,3,2,4
2025-01-02,08,常滑,1,6,5346,12,71,0.17,6.73,,5,,予選,晴,3,2,5
2025-01-02,08,常滑,1,5,5230,59,13,0.19,6.69,,6,,予選,晴,3,2,6
2025-01-02,08,常滑,2,5,5068,17,30,0.15,6.67,1.49.5,1,差し,予選,晴,3,2,5
2025-01-02,08,常滑,2,6,4467,46,54,0.24,6.75,1.51.5,2,,予選,晴,3,2,6
2025-01-02,08,常滑,2,4,5127,57,52,0.12,6.72,1.52.9,3,,予選,晴,3,2,4
2025-01-02,08,常滑,2,1,3967,61,57,0.21,6.76,1.53.4,4,,予選,晴,3,2,1
2025-01-02,08,常滑,2,3,5098,5,53,0.13,6.68,,5,,予選,晴,3,2,3
2025-01-02,08,常滑,2,2,5196,16,21,0.17,6.7,,6,,予選,晴,3,2,2
2025-01-02,08,常滑,3,2,5125,35,58,0.15,6.73,1.49.3,1,差し,予選,晴,3,2,2
2025-01-02,08,常滑,3,1,4681,10,22,0.12,6.75,1.50.5,2,,予選,晴,3,2,1
2025-01-02,08,常滑,3,4,4903,22,62,0.2,6.64,1.51.6,3,,予選,晴,3,2,4
2025-01-02,08,常滑,3,5,5074,42,11,0.13,6.69,1.53.2,4,,予選,晴,3,2,5
2025-01-02,08,常滑,3,3,4785,32,35,0.15,6.77,,5,,予選,晴,3,2,3
2025-01-02,08,常滑,3,6,5347,26,67,0.16,6.73,,6,,予選,晴,3,2,6
2025-01-02,08,常滑,4,1,4518,47,41,0.11,6.62,1.49.1,1,逃げ,予選,晴,3,2,1
2025-01-02,08,常滑,4,3,3713,48,48,0.12,6.76,1.51.1,2,,予選,晴,3,2,2
2025-01-02,08,常滑,4,6,4604,2,46,0.19,6.72,1.51.6,3,,予選,晴,3,2,6
2025-01-02,08,常滑,4,5,3637,13,12,0.2,6.71,1.53.2,4,,予選,晴,3,2,5
2025-01-02,08,常滑,4,2,3687,6,36,0.19,6.7,,5,,予選,晴,3,2,4
2025-01-02,08,常滑,4,4,5252,37,25,0.13,6.68,,6,,予選,晴,3,2,3
2025-01-02,08,常滑,5,2,3895,34,59,0.18,6.77,1.51.1,1,まくり,予選,晴,3,2,2
2025-01-02,08,常滑,5,3,3941,1,19,0.16,6.73,1.51.5,2,,予選,晴,3,2,3
2025-01-02,08,常滑,5,6,5002,62,15,0.21,6.66,1.53.5,3,,予選,晴,3,2,6
2025-01-02,08,常滑,5,5,3848,38,39,0.22,6.74,1.53.5,4,,予選,晴,3,2,5
2025-01-02,08,常滑,5,1,5245,49,56,0.34,6.66,,5,,予選,晴,3,2,1
2025-01-02,08,常滑,5,4,5318,27,73,0.29,6.75,,6,,予選,晴,3,2,4
2025-01-02,08,常滑,6,4,4074,44,50,0.18,6.74,1.50.4,1,差し,予選,晴,3,2,3
2025-01-02,08,常滑,6,5,4650,11,29,0.13,6.63,1.51.5,2,,予選,晴,3,2,4
2025-01-02,08,常滑,6,3,4570,25,65,0.17,6.66,1.53.4,3,,予選,晴,3,2,2
2025-01-02,08,常滑,6,1,5127,57,52,0.12,6.65,1.54.5,4,,予選,晴,3,2,1
2025-01-02,08,常滑,6,2,3542,21,26,0.19,6.65,,5,,予選,晴,3,2,5
2025-01-02,08,常滑,6,6,5346,12,71,0.2,6.73,,6,,予選,晴,3,2,6
2025-01-02,08,常滑,7,4,4586,18,28,0.15,6.64,1.50.1,1,差し,予選,晴,3,2,4
2025-01-02,08,常滑,7,1,5196,16,16,0.11,6.67,1.51.8,2,,予選,晴,3,2,1
2025-01-02,08,常滑,7,5,3536,60,69,0.21,6.73,1.53.0,3,,予選,晴,3,2,6
2025-01-02,08,常滑,7,3,5197,58,44,0.12,6.7,1.53.6,4,,予選,晴,3,2,3
2025-01-02,08,常滑,7,2,3945,28,40,0.11,6.64,,5,,予選,晴,3,2,2
2025-01-02,08,常滑,7,6,5347,26,67,0.21,6.7,,6,,予選,晴,3,2,5
2025-01-02,08,常滑,8,1,4960,39,42,0.19,6.64,1.49.1,1,逃げ,予選,晴,3,2,1
2025-01-02,08,常滑,8,4,3687,6,36,0.23,6.7,1.51.2,2,,予選,晴,3,2,5
2025-01-02,08,常滑,8,3,3554,19,49,0.25,6.63,1.52.3,3,,予選,晴,3,2,4
2025-01-02,08,常滑,8,2,5068,17,30,0.23,6.58,1.52.6,4,,予選,晴,3,2,2
2025-01-02,08,常滑,8,5,5254,31,24,0.24,6.66,,5,,予選,晴,3,2,3
2025-01-02,08,常滑,8,6,5340,55,60,0.31,6.7,,6,,予選,晴,3,2,6
2025-01-02,08,常滑,9,1,4903,22,62,0.1,6.66,1.48.8,1,逃げ,予選,晴,3,2,1
2025-01-02,08,常滑,9,2,4509,56,32,0.19,6.75,1.52.3,2,,予選,晴,3,2,2
2025-01-02,08,常滑,9,4,4467,46,54,0.12,6.74,1.53.1,3,,予選,晴,3,2,4
2025-01-02,08,常滑,9,5,3713,48,48,0.12,6.7,1.53.6,4,,予選,晴,3,2,5
2025-01-02,08,常滑,9,3,5305,3,14,0.19,6.71,,5,,予選,晴,3,2,3
2025-01-02,08,常滑,9,6,3895,34,59,0.2,6.73,,6,,予選,晴,3,2,6
2025-01-02,08,常滑,10,1,4650,11,29,0.17,6.57,1.49.6,1,逃げ,予選,晴,2,0,1
2025-01-02,08,常滑,10,4,3941,1,19,0.15,6.7,1.50.8,2,,予選,晴,2,0,4
2025-01-02,08,常滑,10,2,4630,51,74,0.15,6.66,1.52.3,3,,予選,晴,2,0,2
2025-01-02,08,常滑,10,5,3967,61,57,0.19,6.71,1.53.7,4,,予選,晴,2,0,5
2025-01-02,08,常滑,10,3,4681,10,22,0.16,6.72,,5,,予選,晴,2,0,3
2025-01-02,08,常滑,10,6,4016,15,38,0.21,6.74,,6,,予選,晴,2,0,6
2025-01-02,08,常滑,11,1,4074,44,50,0.1,6.77,1.49.7,1,逃げ,予選,晴,2,0,1
2025-01-02,08,常滑,11,2,5197,58,44,0.12,6.75,1.51.7,2,,予選,晴,2,0,2
2025-01-02,08,常滑,11,5,4518,47,41,0.15,6.66,1.53.3,3,,予選,晴,2,0,5
2025-01-02,08,常滑,11,6,5074,42,11,0.18,6.71,1.53.6,4,,予選,晴,2,0,6
2025-01-02,08,常滑,11,3,5230,59,13,0.11,6.62,,5,,予選,晴,2,0,3
2025-01-02,08,常滑,11,4,5245,49,56,0.23,6.71,,6,,予選,晴,2,0,4
2025-01-02,08,常滑,12,1,4586,18,28,0.14,6.66,1.49.4,1,逃げ,予選トコタ,晴,3,1,1
2025-01-02,08,常滑,12,4,4604,2,46,0.1,6.7,1.49.9,2,,予選トコタ,晴,3,1,4
2025-01-02,08,常滑,12,3,5002,62,15,0.19,6.69,1.52.0,3,,予選トコタ,晴,3,1,3
2025-01-02,08,常滑,12,5,5125,35,58,0.11,6.73,1.52.6,4,,予選トコタ,晴,3,1,5
2025-01-02,08,常滑,12,6,4570,25,65,0.11,6.66,,5,,予選トコタ,晴,3,1,6
2025-01-02,08,常滑,12,2,3554,19,49,0.22,6.69,,6,,予選トコタ,晴,3,1,2
2025-01-02,06,浜名湖,1,2,5076,63,36,0.29,6.8,1.49.6,1,差し,一般,晴,2,1,2
2025-01-02,06,浜名湖,1,3,4581,35,30,0.21,6.79,1.50.6,2,,一般,晴,2,1,3
2025-01-02,06,浜名湖,1,5,3489,16,23,0.2,6.75,1.52.5,3,,一般,晴,2,1,5
2025-01-02,06,浜名湖,1,1,3563,64,11,0.22,6.72,1.54.4,4,,一般,晴,2,1,1
2025-01-02,06,浜名湖,1,4,4342,57,37,0.24,6.76,,5,,一般,晴,2,1,4
2025-01-02,06,浜名湖,1,6,5385,22,15,0.22,6.8,,6,,一般,晴,2,1,6
2025-01-02,06,浜名湖,2,2,4494,47,38,0.23,6.67,1.48.9,1,まくり,一般,晴,3,1,2
2025-01-02,06,浜名湖,2,5,3956,49,39,0.17,6.72,1.50.7,2,,一般,晴,3,1,5
2025-01-02,06,浜名湖,2,3,4740,65,48,0.17,6.71,1.50.9,3,,一般,晴,3,1,3
2025-01-02,06,浜名湖,2,4,3811,33,17,0.13,6.75,1.51.4,4,,一般,晴,3,1,4
2025-01-02,06,浜名湖,2,6,5079,25,26,0.15,6.75,,5,,一般,晴,3,1,6
2025-01-02,06,浜名湖,2,1,5248,15,51,0.28,6.76,,6,,一般,晴,3,1,1
2025-01-02,06,浜名湖,3,3,3959,39,71,0.07,6.71,1.48.8,1,まくり差し,一般,晴,2,1,3
2025-01-02,06,浜名湖,3,1,4625,54,40,0.11,6.73,1.50.4,2,,一般,晴,2,1,1
2025-01-02,06,浜名湖,3,4,4033,37,12,0.09,6.67,1.51.4,3,,一般,晴,2,1,4
2025-01-02,06,浜名湖,3,5,4150,7,62,0.08,6.67,1.53.4,4,,一般,晴,2,1,5
2025-01-02,06,浜名湖,3,2,5269,31,52,0.06,6.68,,5,,一般,晴,2,1,2
2025-01-02,06,浜名湖,3,6,5362,38,20,0.1,6.76,,6,,一般,晴,2,1,6
2025-01-02,06,浜名湖,4,1,5034,58,54,0.12,6.68,1.49.1,1,逃げ,一般,晴,2,1,1
2025-01-02,06,浜名湖,4,3,4840,18,66,0.11,6.74,1.51.0,2,,一般,晴,2,1,3
2025-01-02,06,浜名湖,4,2,4068,3,41,0.16,6.69,1.53.5,3,,一般,晴,2,1,2
2025-01-02,06,浜名湖,4,5,3909,66,55,0.09,6.76,1.54.6,4,,一般,晴,2,1,5
2025-01-02,06,浜名湖,4,6,3156,1,56,0.11,6.8,,5,,一般,晴,2,1,6
2025-01-02,06,浜名湖,4,4,4124,48,47,0.25,6.73,,6,,一般,晴,2,1,4
2025-01-02,06,浜名湖,5,1,4793,51,63,0.13,6.77,1.49.5,1,逃げ,一般,晴,2,1,1
2025-01-02,06,浜名湖,5,5,3960,29,16,0.11,6.74,1.49.9,2,,一般,晴,2,1,5
2025-01-02,06,浜名湖,5,3,3563,64,11,0.11,6.8,1.52.3,3,,一般,晴,2,1,3
2025-01-02,06,浜名湖,5,2,4207,13,61,0.1,6.7,1.53.2,4,,一般,晴,2,1,2
2025-01-02,06,浜名湖,5,4,4076,21,29,0.12,6.72,,5,,一般,晴,2,1,4
2025-01-02,06,浜名湖,5,6,5349,62,75,0.2,6.74,,6,,一般,晴,2,1,6
2025-01-02,06,浜名湖,6,1,3796,20,53,0.08,6.68,1.50.3,1,逃げ,ランチタイ,晴,2,1,1
2025-01-02,06,浜名湖,6,3,4984,27,76,0.17,6.72,1.52.0,2,,ランチタイ,晴,2,1,3
2025-01-02,06,浜名湖,6,2,4216,12,45,0.15,6.75,1.53.3,3,,ランチタイ,晴,2,1,2
2025-01-02,06,浜名湖,6,4,3990,59,32,0.11,6.73,1.54.0,4,,ランチタイ,晴,2,1,4
2025-01-02,06,浜名湖,6,5,5076,63,36,0.16,6.72,,5,,ランチタイ,晴,2,1,5
2025-01-02,06,浜名湖,6,6,5294,17,24,0.19,6.74,,6,,ランチタイ,晴,2,1,6
2025-01-02,06,浜名湖,7,4,4581,35,30,0.16,6.71,1.48.4,1,まくり差し,一般,晴,2,1,4
2025-01-02,06,浜名湖,7,3,3422,34,19,0.11,6.71,1.51.4,2,,一般,晴,2,1,3
2025-01-02,06,浜名湖,7,2,5019,40,68,0.13,6.71,1.53.2,3,,一般,晴,2,1,2
2025-01-02,06,浜名湖,7,5,5362,38,20,0.22,6.73,1.54.6,4,,一般,晴,2,1,5
2025-01-02,06,浜名湖,7,1,3987,53,25,0.15,6.72,,5,,一般,晴,2,1,1
2025-01-02,06,浜名湖,7,6,5293,32,60,0.36,6.7,,6,,一般,晴,2,1,6
2025-01-02,06,浜名湖,8,1,4989,19,65,0.07,6.7,1.50.2,1,逃げ,一般,晴,3,1,1
2025-01-02,06,浜名湖,8,2,3489,16,23,0.11,6.72,1.50.7,2,,一般,晴,3,1,2
2025-01-02,06,浜名湖,8,6,4524,2,35,0.16,6.68,1.52.7,3,,一般,晴,3,1,6
2025-01-02,06,浜名湖,8,5,5110,23,73,0.19,6.81,1.54.3,4,,一般,晴,3,1,5
2025-01-02,06,浜名湖,8,4,4740,65,48,0.18,6.76,,5,,一般,晴,3,1,4
2025-01-02,06,浜名湖,8,3,4068,3,41,0.12,6.73,,6,,一般,晴,3,1,3
2025-01-02,06,浜名湖,9,1,4073,5,64,0.04,6.73,1.49.7,1,逃げ,一般,晴,3,1,1
2025-01-02,06,浜名湖,9,3,4076,21,29,0.04,6.72,1.50.6,2,,一般,晴,3,1,3
2025-01-02,06,浜名湖,9,4,3294,28,58,0.08,6.71,1.51.6,3,,一般,晴,3,1,4
2025-01-02,06,浜名湖,9,2,4131,60,46,0.06,6.73,1.53.3,4,,一般,晴,3,1,2
2025-01-02,06,浜名湖,9,5,4840,18,66,0.08,6.8,,5,,一般,晴,3,1,5
2025-01-02,06,浜名湖,9,6,4342,57,37,0.11,6.74,,6,,一般,晴,3,1,6
2025-01-02,06,浜名湖,10,1,4124,48,47,0.14,6.76,1.49.5,1,逃げ,準優勝戦,晴,2,1,1
2025-01-02,06,浜名湖,10,2,3811,33,17,0.13,6.73,1.50.4,2,,準優勝戦,晴,2,1,2
2025-01-02,06,浜名湖,10,4,4207,13,61,0.12,6.74,1.52.1,3,,準優勝戦,晴,2,1,4
2025-01-02,06,浜名湖,10,3,4033,37,12,0.12,6.66,1.52.3,4,,準優勝戦,晴,2,1,3
2025-01-02,06,浜名湖,10,5,4216,12,45,0.16,6.8,,5,,準優勝戦,晴,2,1,5
2025-01-02,06,浜名湖,10,6,4793,51,63,0.15,6.87,,6,,準優勝戦,晴,2,1,6
2025-01-02,06,浜名湖,11,1,4150,7,62,0.05,6.76,1.48.7,1,逃げ,準優勝戦,晴,2,1,1
2025-01-02,06,浜名湖,11,4,4494,47,38,0.04,6.73,1.49.5,2,,準優勝戦,晴,2,1,4
2025-01-02,06,浜名湖,11,2,3960,29,16,0.07,6.69,1.51.0,3,,準優勝戦,晴,2,1,2
2025-01-02,06,浜名湖,11,3,3990,59,32,0.08,6.68,1.52.6,4,,準優勝戦,晴,2,1,3
2025-01-02,06,浜名湖,11,6,3987,53,25,0.03,6.74,,5,,準優勝戦,晴,2,1,6
2025-01-02,06,浜名湖,11,5,5034,58,54,0.03,6.71,,6,,準優勝戦,晴,2,1,5
2025-01-02,06,浜名湖,12,4,3422,34,19,0.04,6.68,1.48.7,1,まくり,準優勝戦,晴,2,1,4
2025-01-02,06,浜名湖,12,1,4524,2,35,0.05,6.76,1.49.6,2,,準優勝戦,晴,2,1,1
2025-01-02,06,浜名湖,12,6,3959,39,71,0.07,6.73,1.51.0,3,,準優勝戦,晴,2,1,6
2025-01-02,06,浜名湖,12,3,3956,49,39,0.11,6.77,1.51.6,4,,準優勝戦,晴,2,1,3
2025-01-02,06,浜名湖,12,2,3909,66,55,0.12,6.75,,5,,準優勝戦,晴,2,1,2
2025-01-02,06,浜名湖,12,5,3796,20,53,0.04,6.79,,6,,準優勝戦,晴,2,1,5
2025-01-02,03,江戸川,1,1,4610,54,52,0.16,6.63,1.52.1,1,逃げ,予選,晴,3,5,1
2025-01-02,03,江戸川,1,2,4211,34,15,0.12,6.69,1.53.9,2,,予選,晴,3,5,2
2025-01-02,03,江戸川,1,3,4898,24,35,0.17,6.72,1.55.0,3,,予選,晴,3,5,3
2025-01-02,03,江戸川,1,4,5285,43,17,0.17,6.72,1.57.3,4,,予選,晴,3,5,4
2025-01-02,03,江戸川,1,5,5242,36,66,0.11,6.75,,5,,予選,晴,3,5,5
2025-01-02,03,江戸川,1,6,5315,65,27,0.24,6.73,,6,,予選,晴,3,5,6
2025-01-02,03,江戸川,2,1,3602,10,46,0.16,6.74,1.51.7,1,逃げ,予選,晴,4,5,1
2025-01-02,03,江戸川,2,5,4318,66,50,0.17,6.65,1.53.0,2,,予選,晴,4,5,5
2025-01-02,03,江戸川,2,2,4550,49,56,0.18,6.51,1.54.2,3,,予選,晴,4,5,2
2025-01-02,03,江戸川,2,6,4976,28,59,0.12,6.65,1.55.5,4,,予選,晴,4,5,6
2025-01-02,03,江戸川,2,3,4995,67,41,0.25,6.64,,5,,予選,晴,4,5,3
2025-01-02,03,江戸川,2,4,4875,19,26,0.2,6.59,,6,,予選,晴,4,5,4
2025-01-02,03,江戸川,3,1,3790,35,45,0.04,6.69,1.52.9,1,逃げ,予選,晴,4,5,1
2025-01-02,03,江戸川,3,5,3888,63,21,0.09,6.71,1.54.1,2,,予選,晴,4,5,5
2025-01-02,03,江戸川,3,6,3463,15,24,0.16,6.67,1.55.9,3,,予選,晴,4,5,6
2025-01-02,03,江戸川,3,2,5147,57,40,0.11,6.58,1.57.5,4,,予選,晴,4,5,2
2025-01-02,03,江戸川,3,4,3868,48,65,0.16,6.66,,5,,予選,晴,4,5,4
2025-01-02,03,江戸川,3,3,3303,13,32,0.15,6.57,,6,,予選,晴,4,5,3
2025-01-02,03,江戸川,4,1,4077,53,68,0.29,6.72,1.51.4,1,逃げ,予選,晴,4,5,1
2025-01-02,03,江戸川,4,3,3517,71,69,0.35,6.68,1.52.8,2,,予選,晴,4,5,3
2025-01-02,03,江戸川,4,4,4815,14,34,0.33,6.68,1.54.8,3,,予選,晴,4,5,4
2025-01-02,03,江戸川,4,5,4598,31,29,0.34,6.6,1.55.9,4,,予選,晴,4,5,5
2025-01-02,03,江戸川,4,2,3973,69,31,0.3,6.73,,5,,予選,晴,4,5,2
2025-01-02,03,江戸川,4,6,4345,47,60,0.37,6.79,,6,,予選,晴,4,5,6
2025-01-02,03,江戸川,5,4,5279,70,20,0.16,6.58,1.52.5,1,差し,予選,晴,3,5,4
2025-01-02,03,江戸川,5,6,4619,64,25,0.25,6.61,1.53.9,2,,予選,晴,3,5,6
2025-01-02,03,江戸川,5,5,4486,27,54,0.28,6.63,1.55.5,3,,予選,晴,3,5,5
2025-01-02,03,江戸川,5,3,5290,12,22,0.19,6.6,1.55.9,4,,予選,晴,3,5,3
2025-01-02,03,江戸川,5,2,4928,18,51,0.15,6.55,,5,,予選,晴,3,5,2
2025-01-02,03,江戸川,5,1,5007,45,62,0.15,6.69,,6,,予選,晴,3,5,1
2025-01-02,03,江戸川,6,1,3569,41,37,0.11,6.7,1.51.5,1,逃げ,予選,晴,3,5,1
2025-01-02,03,江戸川,6,2,4430,59,12,0.14,6.56,1.52.0,2,,予選,晴,3,5,2
2025-01-02,03,江戸川,6,3,3226,52,23,0.17,6.65,1.54.5,3,,予選,晴,3,5,3
2025-01-02,03,江戸川,6,5,3940,50,47,0.22,6.68,1.55.6,4,,予選,晴,3,5,5
2025-01-02,03,江戸川,6,6,4407,37,48,0.29,6.7,,5,,予選,晴,3,5,6
2025-01-02,03,江戸川,6,4,5190,29,30,0.23,6.6,,6,,予選,晴,3,5,4
2025-01-02,03,江戸川,7,1,5095,21,64,0.05,6.73,1.51.0,1,逃げ,予選,晴,3,5,1
2025-01-02,03,江戸川,7,3,5066,33,43,0.11,6.65,1.52.7,2,,予選,晴,3,5,3
2025-01-02,03,江戸川,7,4,3463,15,24,0.14,6.77,1.54.2,3,,予選,晴,3,5,4
2025-01-02,03,江戸川,7,5,4748,58,18,0.13,6.8,1.55.2,4,,予選,晴,3,5,5
2025-01-02,03,江戸川,7,2,3602,10,46,0.07,6.87,,5,,予選,晴,3,5,2
2025-01-02,03,江戸川,7,6,4465,46,55,0.16,6.82,,6,,予選,晴,3,5,6
2025-01-02,03,江戸川,8,4,3716,17,53,0.17,6.89,1.51.2,1,まくり差し,予選,晴,4,5,4
2025-01-02,03,江戸川,8,5,4077,53,68,0.23,6.97,1.52.8,2,,予選,晴,4,5,5
2025-01-02,03,江戸川,8,6,4995,67,41,0.24,6.77,1.54.8,3,,予選,晴,4,5,6
2025-01-02,03,江戸川,8,3,4610,54,52,0.17,6.81,1.56.4,4,,予選,晴,4,5,3
2025-01-02,03,江戸川,8,2,3868,48,65,0.18,6.83,,5,,予選,晴,4,5,2
2025-01-02,03,江戸川,8,1,3202,22,57,0.11,6.84,,6,,予選,晴,4,5,1
2025-01-02,03,江戸川,9,1,4318,66,50,0.13,6.9,1.52.4,1,逃げ,予選,晴,4,5,1
2025-01-02,03,江戸川,9,5,3303,13,32,0.13,6.92,1.53.8,2,,予選,晴,4,5,5
2025-01-02,03,江戸川,9,4,3973,69,31,0.15,6.92,1.57.0,3,,予選,晴,4,5,4
2025-01-02,03,江戸川,9,6,5290,12,22,0.07,6.91,1.57.3,4,,予選,晴,4,5,6
2025-01-02,03,江戸川,9,3,5315,65,27,0.12,6.84,,5,,予選,晴,4,5,3
2025-01-02,03,江戸川,9,2,5070,32,16,0.15,6.84,,6,,予選,晴,4,5,2
2025-01-02,03,江戸川,10,1,3517,71,69,0.06,6.99,1.51.1,1,逃げ,予選ラリー,晴,3,5,1
2025-01-02,03,江戸川,10,4,3996,38,58,0.12,6.87,1.53.3,2,,予選ラリー,晴,3,5,4
2025-01-02,03,江戸川,10,2,3940,50,47,0.09,6.91,1.54.1,3,,予選ラリー,晴,3,5,2
2025-01-02,03,江戸川,10,5,5279,70,20,0.14,6.82,1.55.5,4,,予選ラリー,晴,3,5,5
2025-01-02,03,江戸川,10,3,5147,57,40,0.11,6.83,,5,,予選ラリー,晴,3,5,3
2025-01-02,03,江戸川,10,6,4875,19,26,0.21,6.96,,6,,予選ラリー,晴,3,5,6
2025-01-02,03,江戸川,11,5,4815,14,34,0.17,6.9,1.52.6,1,まくり差し,予選バディ,晴,3,5,5
2025-01-02,03,江戸川,11,1,3888,63,21,0.11,6.96,1.54.5,2,,予選バディ,晴,3,5,1
2025-01-02,03,江戸川,11,3,4619,64,25,0.21,6.94,1.54.6,3,,予選バディ,晴,3,5,3
2025-01-02,03,江戸川,11,2,3226,52,23,0.23,7.01,1.56.5,4,,予選バディ,晴,3,5,2
2025-01-02,03,江戸川,11,6,4550,49,56,0.22,6.83,,5,,予選バディ,晴,3,5,6
2025-01-02,03,江戸川,11,4,5228,40,67,0.16,7.01,,6,,予選バディ,晴,3,5,4
2025-01-02,03,江戸川,12,4,4366,23,63,0.08,6.96,1.52.3,1,まくり,江戸川選抜,曇り,3,5,4
2025-01-02,03,江戸川,12,1,3716,17,53,0.05,7.04,1.53.3,2,,江戸川選抜,曇り,3,5,1
2025-01-02,03,江戸川,12,2,4335,25,28,0.09,7.01,1.55.9,3,,江戸川選抜,曇り,3,5,2
2025-01-02,03,江戸川,12,5,4430,59,12,0.13,7.07,1.56.7,4,,江戸川選抜,曇り,3,5,5
2025-01-02,03,江戸川,12,6,4928,18,51,0.14,7.09,,5,,江戸川選抜,曇り,3,5,6
2025-01-02,03,江戸川,12,3,4748,58,18,0.13,7.02,,6,,江戸川選抜,曇り,3,5,3
2025-01-02,01,桐生,1,2,4233,16,35,0.2,6.81,1.49.4,1,差し,予選,晴,1,1,2
2025-01-02,01,桐生,1,6,3482,37,13,0.16,6.86,1.50.7,2,,予選,晴,1,1,6
2025-01-02,01,桐生,1,4,5090,49,67,0.26,6.86,1.52.6,3,,予選,晴,1,1,4
2025-01-02,01,桐生,1,5,4491,45,55,0.27,6.94,1.52.7,4,,予選,晴,1,1,5
2025-01-02,01,桐生,1,1,5065,23,51,0.17,6.97,1.54.0,5,,予選,晴,1,1,1
2025-01-02,01,桐生,1,3,3406,29,61,0.18,6.92,1.55.5,6,,予選,晴,1,1,3
2025-01-02,01,桐生,2,5,5216,51,29,0.12,6.84,1.49.4,1,抜き,予選,晴,0,0,5
2025-01-02,01,桐生,2,4,3659,47,50,0.18,6.86,1.51.5,2,,予選,晴,0,0,4
2025-01-02,01,桐生,2,3,3653,53,24,0.21,6.89,1.52.3,3,,予選,晴,0,0,3
2025-01-02,01,桐生,2,6,3538,13,27,0.25,6.93,1.54.3,4,,予選,晴,0,0,6
2025-01-02,01,桐生,2,2,3619,48,19,0.26,6.88,1.55.3,5,,予選,晴,0,0,2
2025-01-02,01,桐生,2,1,3947,21,11,0.23,6.91,1.55.6,6,,予選,晴,0,0,1
2025-01-02,01,桐生,3,3,3475,52,14,0.19,6.63,1.49.9,1,抜き,予選,晴,2,1,3
2025-01-02,01,桐生,3,5,4188,20,68,0.07,6.77,1.50.8,2,,予選,晴,2,1,5
2025-01-02,01,桐生,3,6,4225,54,40,0.08,6.75,1.51.7,3,,予選,晴,2,1,6
2025-01-02,01,桐生,3,4,5313,59,42,0.09,6.79,1.52.6,4,,予選,晴,2,1,4
2025-01-02,01,桐生,3,2,3655,44,58,0.25,6.7,1.53.4,5,,予選,晴,2,1,2
2025-01-02,01,桐生,3,1,4766,28,66,0.22,6.74,1.54.4,6,,予選,晴,2,1,1
2025-01-02,01,桐生,4,3,4887,46,12,0.09,6.71,1.49.6,1,まくり,予選,晴,2,1,2
2025-01-02,01,桐生,4,5,3889,27,28,0.16,6.81,1.51.3,2,,予選,晴,2,1,5
2025-01-02,01,桐生,4,1,3159,33,32,0.27,6.83,1.51.5,3,,予選,晴,2,1,4
2025-01-02,01,桐生,4,4,3686,40,47,0.14,6.87,1.54.2,4,,予選,晴,2,1,3
2025-01-02,01,桐生,4,2,4987,15,36,0.2,6.77,1.54.9,5,,予選,晴,2,1,1
2025-01-02,01,桐生,4,6,5390,26,71,0.19,6.76,1.57.2,6,,予選,晴,2,1,6
2025-01-02,01,桐生,5,4,4238,12,72,0.16,6.71,1.46.9,1,まくり差し,予選,曇り,2,1,4
2025-01-02,01,桐生,5,2,5234,41,38,0.13,6.75,1.51.1,2,,予選,曇り,2,1,2
2025-01-02,01,桐生,5,1,5006,56,75,0.15,6.74,1.52.5,3,,予選,曇り,2,1,1
2025-01-02,01,桐生,5,5,4888,14,45,0.24,6.79,1.53.6,4,,予選,曇り,2,1,5
2025-01-02,01,桐生,5,3,4889,50,21,0.12,6.86,1.54.9,5,,予選,曇り,2,1,3
2025-01-02,01,桐生,5,6,5320,17,49,0.09,6.73,1.56.9,6,,予選,曇り,2,1,6
2025-01-02,01,桐生,6,1,4362,30,56,0.18,6.72,1.49.3,1,逃げ,ドラドキ目,曇り,0,0,1
2025-01-02,01,桐生,6,2,4491,45,55,0.23,6.85,1.50.6,2,,ドラドキ目,曇り,0,0,2
2025-01-02,01,桐生,6,4,3653,53,24,0.26,6.81,1.52.3,3,,ドラドキ目,曇り,0,0,4
2025-01-02,01,桐生,6,6,3652,42,62,0.25,6.71,1.53.7,4,,ドラドキ目,曇り,0,0,6
2025-01-02,01,桐生,6,3,3827,36,18,0.22,6.84,1.54.9,5,,ドラドキ目,曇り,0,0,3
2025-01-02,01,桐生,6,5,5253,39,46,0.27,6.79,1.55.1,6,,ドラドキ目,曇り,0,0,5
2025-01-02,01,桐生,7,1,4233,16,35,0.15,6.72,1.49.5,1,逃げ,ドラドキ３,曇り,0,0,1
2025-01-02,01,桐生,7,2,3441,35,23,0.19,6.81,1.50.5,2,,ドラドキ３,曇り,0,0,2
2025-01-02,01,桐生,7,3,4188,20,68,0.17,6.8,1.52.3,3,,ドラドキ３,曇り,0,0,3
2025-01-02,01,桐生,7,5,3947,21,11,0.22,6.81,1.54.4,4,,ドラドキ３,曇り,0,0,5
2025-01-02,01,桐生,7,4,5306,43,30,0.2,6.77,1.55.9,5,,ドラドキ３,曇り,0,0,4
2025-01-02,01,桐生,7,6,3419,55,60,0.24,6.81,1.56.5,6,,ドラドキ３,曇り,0,0,6
2025-01-02,01,桐生,8,1,4420,18,31,0.09,6.76,1.49.2,1,逃げ,ドラドキ５,雨,0,0,1
2025-01-02,01,桐生,8,3,5213,24,53,0.1,6.71,1.50.4,2,,ドラドキ５,雨,0,0,3
2025-01-02,01,桐生,8,2,3448,22,59,0.12,6.79,1.51.9,3,,ドラドキ５,雨,0,0,2
2025-01-02,01,桐生,8,4,3482,37,13,0.05,6.82,1.53.0,4,,ドラドキ５,雨,0,0,4
2025-01-02,01,桐生,8,5,5141,19,25,0.09,6.77,1.53.2,5,,ドラドキ５,雨,0,0,5
2025-01-02,01,桐生,8,6,5301,11,33,0.07,6.76,1.54.3,6,,ドラドキ５,雨,0,0,6
2025-01-02,01,桐生,9,4,5234,41,38,0.06,6.73,1.48.6,1,まくり差し,予選,曇り,0,0,4
2025-01-02,01,桐生,9,1,4887,46,12,0.1,6.78,1.49.4,2,,予選,曇り,0,0,1
2025-01-02,01,桐生,9,6,4851,38,41,0.12,6.8,1.50.6,3,,予選,曇り,0,0,6
2025-01-02,01,桐生,9,2,3659,47,50,0.18,6.96,1.52.8,4,,予選,曇り,0,0,2
2025-01-02,01,桐生,9,5,5313,59,42,0.09,6.82,1.52.9,5,,予選,曇り,0,0,5
2025-01-02,01,桐生,9,3,4078,25,65,0.16,6.9,1.56.4,6,,予選,曇り,0,0,3
2025-01-02,01,桐生,10,5,4889,50,21,0.09,6.83,1.48.6,1,まくり差し,予選特別,曇り,0,0,5
2025-01-02,01,桐生,10,1,5090,49,67,0.14,6.8,1.49.9,2,,予選特別,曇り,0,0,1
2025-01-02,01,桐生,10,2,3159,33,32,0.2,6.81,1.51.7,3,,予選特別,曇り,0,0,2
2025-01-02,01,桐生,10,3,3538,13,27,0.15,6.85,1.53.6,4,,予選特別,曇り,0,0,3
2025-01-02,01,桐生,10,4,4225,54,40,0.18,6.81,1.53.8,5,,予選特別,曇り,0,0,4
2025-01-02,01,桐生,10,6,4539,34,26,0.13,6.74,1.55.5,6,,予選特別,曇り,0,0,6
2025-01-02,01,桐生,11,3,4362,30,56,0.14,6.92,1.48.5,1,まくり差し,予選特別,曇り,0,0,3
2025-01-02,01,桐生,11,1,4645,32,37,0.13,6.85,1.50.1,2,,予選特別,曇り,0,0,1
2025-01-02,01,桐生,11,4,3619,48,19,0.17,6.85,1.51.7,3,,予選特別,曇り,0,0,4
2025-01-02,01,桐生,11,2,3406,29,61,0.16,6.81,1.53.2,4,,予選特別,曇り,0,0,2
2025-01-02,01,桐生,11,6,3655,44,58,0.14,6.85,1.54.2,5,,予選特別,曇り,0,0,5
2025-01-02,01,桐生,11,5,3441,35,23,0.15,6.92,1.55.9,6,,予選特別,曇り,0,0,6
2025-01-02,01,桐生,12,2,4238,12,72,0.09,6.75,1.46.7,1,抜き,桐生特選,曇り,1,1,2
2025-01-02,01,桐生,12,4,5216,51,29,0.1,6.78,1.49.2,2,,桐生特選,曇り,1,1,4
2025-01-02,01,桐生,12,1,4769,31,39,0.05,6.92,1.51.0,3,,桐生特選,曇り,1,1,1
2025-01-02,01,桐生,12,5,3475,52,14,0.11,6.79,1.51.4,4,,桐生特選,曇り,1,1,5
2025-01-02,01,桐生,12,6,3686,40,47,0.12,6.82,1.53.1,5,,桐生特選,曇り,1,1,6
2025-01-02,01,桐生,12,3,4420,18,31,0.13,6.86,1.55.8,6,,桐生特選,曇り,1,1,3
