tree
version=v4
num_class=1
num_tree_per_iteration=1
label_index=0
max_feature_idx=43
objective=binary sigmoid:1
feature_names=course win_rate nirenritsu sanrenritsu motor_nirenritsu st tenji_time wind_speed wave water_temp month dayofweek is_weekend is_course1 is_inner_course racer_class_num weather_num winrate_x_course st_x_course motor_racer_score avg_rank win_pct top2_pct top3_pct avg_st avg_tenji motor_avg_rank motor_win_pct motor_top2_pct jyo_course_win_pct jyo_course_avg_rank win_rate_rank st_rank tenji_rank nirenritsu_rank win_rate_vs_avg st_vs_avg tenji_vs_avg motor_rank avg_st_rank mkt_avg_payout_90d mkt_win_prob_90d mkt_avg_payout_180d mkt_win_prob_180d
feature_infos=[1:6] [1.5700000000000001:9.5] [5:89.5] [10:95] [15:70] [0.01:0.34999999999999998] [6.2999999999999998:7.1799999999999997] [0:12] [1:13] [2:36.600000000000001] [1:12] [0:6] [0:1] [0:1] [0:1] [1:4] [0:3] [1.8300000000000001:56.100000000000001] [0.13800000000000001:0.96599999999999997] [32.599999999999994:113.84999999999999] [3:4.0300000000000002] [6.7000000000000002:28.600000000000001] [16.100000000000001:48.899999999999999] [33.299999999999997:64] [0.13800000000000001:0.161] [6.7220000000000004:6.782] [3.0499999999999998:3.8399999999999999] [8.5999999999999996:26.800000000000001] [23.399999999999999:44.399999999999999] [3.2000000000000002:56.799999999999997] [1.6599999999999999:4.7800000000000002] [1:6] [1:6] [1:6] [1:6] [-3.9833333333333329:4.541666666666667] [-0.1666666666666666:0.16500000000000001] [-0.43833333333333341:0.38666666666666671] [1:6] [1:6] [633.33333333333337:11000] [0.0090909090909090003:0.1578947368421052] [633.33333333333337:11000] [0.0090909090909090003:0.1578947368421052]
tree_sizes=13243 13620 13637 13620 13686 13661 13676 13635 13580 13629 13667 13617

Tree=0
num_leaves=127
num_cat=0
split_feature=0 0 0 0 0 4 6 26 27 41 23 25 21 43 28 37 6 30 3 6 3 28 43 2 2 5 35 24 21 23 25 2 25 5 19 4 38 28 43 30 4 29 27 3 23 4 23 4 25 37 9 1 2 5 43 3 9 3 31 9 4 37 19 29 25 41 35 23 27 19 21 23 27 2 21 30 11 28 37 27 3 2 41 25 25 41 33 4 23 37 21 27 32 19 25 29 26 25 6 5 9 41 9 21 19 1 4 7 9 41 28 27 27 3 1 41 41 30 28 43 33 3 6 9 9 7
split_gain=161316 17691.9 2196.38 732.811 686.729 72.3949 62.0727 60.1511 54.3381 59.7296 101.373 53.5994 48.9487 52.8791 47.9604 58.5475 49.0696 47.557 101.32 99.0321 67.5908 62.5059 54.0082 52.7581 54.9488 55.6585 47.4409 46.6948 46.1011 45.9803 47.8419 57.3067 45.6471 43.8852 46.3191 43.7364 43.2083 79.0916 68.4768 68.1211 67.5324 57.5467 56.2419 55.0911 51.6656 47.342 52.986 43.1252 62.1668 47.6235 42.731 47.5627 71.4594 44.6483 43.3421 42.4938 42.371 57.7832 65.1367 42.2152 42.0538 49.21 49.5899 41.9853 41.6448 41.5988 42.0419 41.2786 44.8443 48.8038 70.9319 50.1022 44.2495 42.3014 41.3207 40.8134 40.2263 40.0441 43.0712 40.027 63.1613 48.2182 42.9548 41.4939 43.8454 42.6815 41.546 40.5633 39.9445 46.0849 39.8765 39.8543 43.0147 56.3435 41.1559 39.8318 60.7691 45.8034 52.0888 44.3907 75.8303 39.2606 39.2199 38.9628 46.6277 38.7207 38.544 38.3185 40.2085 38.2695 45.906 44.3946 39.6007 38.1607 38.0294 37.2685 65.2526 51.3259 36.9874 36.6493 36.6177 36.5104 44.7677 36.0497 35.8439 35.6451
threshold=1.5000000000000002 3.5000000000000004 5.5000000000000009 2.5000000000000004 4.5000000000000009 55.750000000000007 6.495000000000001 3.5550000000000002 19.750000000000004 0.054778438361600061 46.050000000000004 6.7345000000000015 21.150000000000002 0.046221998255264657 40.45000000000001 -0.074999999999999636 6.7550000000000008 3.4000000000000008 29.950000000000003 6.6850000000000014 37.95000000000001 37.150000000000013 0.046221998255264657 29.950000000000003 34.650000000000013 0.16500000000000004 0.60499999999999987 0.14550000000000002 17.250000000000004 56.050000000000004 6.7495000000000003 34.650000000000013 6.7735000000000012 0.20500000000000004 61.82500000000001 17.350000000000005 2.2500000000000004 26.950000000000003 0.047827147919451661 3.8950000000000005 47.150000000000013 7.6500000000000012 18.950000000000003 70.15000000000002 55.150000000000013 28.850000000000005 58.45000000000001 21.950000000000003 6.7625000000000002 -0.22166666666666704 19.350000000000005 2.7450000000000006 25.150000000000002 0.23500000000000001 0.049489384242131458 65.250000000000014 12.65 29.650000000000002 5.7500000000000009 30.550000000000004 36.350000000000001 -0.17083333333333331 60.32500000000001 5.9500000000000011 6.7455000000000007 0.04125755296202701 -0.85333333333333272 57.550000000000004 11.350000000000003 56.425000000000011 16.250000000000004 50.150000000000006 16.250000000000004 23.950000000000003 21.450000000000003 3.0850000000000004 5.5000000000000009 32.750000000000007 0.035000000000000558 14.950000000000001 39.550000000000004 28.750000000000004 0.03465598853463326 6.7695000000000007 6.7395000000000005 0.032290121859948909 2.2500000000000004 44.350000000000001 56.45000000000001 -0.083333333333332524 15.450000000000001 11.750000000000002 3.2500000000000004 98.875000000000014 6.7335000000000003 12.65 3.6550000000000007 6.7635000000000014 6.785000000000001 0.085000000000000006 24.250000000000004 0.053263460860891058 25.350000000000005 23.150000000000002 74.02500000000002 2.5050000000000003 22.850000000000005 1.5000000000000002 12.65 0.035404497480508355 30.250000000000004 20.350000000000005 16.050000000000004 38.350000000000001 6.4650000000000007 0.039388698739639454 0.035984276601243106 4.7150000000000007 32.45000000000001 0.051388124806264306 4.7500000000000009 29.950000000000003 6.7750000000000012 27.950000000000003 21.150000000000002 6.5000000000000009
decision_type=2 2 2 2 2 2 2 2 2 2 2 2 2 2 2 2 2 2 2 2 2 2 2 2 2 2 2 2 2 2 2 2 2 2 2 2 2 2 2 2 2 2 2 2 2 2 2 2 2 2 2 2 2 2 2 2 2 2 2 2 2 2 2 2 2 2 2 2 2 2 2 2 2 2 2 2 2 2 2 2 2 2 2 2 2 2 2 2 2 2 2 2 2 2 2 2 2 2 2 2 2 2 2 2 2 2 2 2 2 2 2 2 2 2 2 2 2 2 2 2 2 2 2 2 2 2
left_child=-1 3 4 5 27 6 55 28 32 11 76 -10 13 -13 17 -16 64 33 22 23 65 114 -19 -20 25 -25 -14 59 29 91 -31 -32 50 95 60 -30 37 41 39 43 42 -29 47 -39 -41 46 -44 48 -38 -49 51 54 -53 124 -8 -2 57 -37 -59 79 61 -35 -63 -33 -17 -21 -67 68 69 70 71 -9 73 -69 -74 -34 -11 78 -12 80 81 82 -3 84 85 -81 -85 -86 115 106 -23 -6 93 -93 -94 109 99 98 -98 100 -97 -55 -26 104 -75 -70 -90 -82 -109 110 112 -112 -5 -36 -22 116 -4 -117 -7 -47 -61 -62 -123 -101 -52 -115
right_child=1 2 88 14 7 118 8 67 9 10 77 12 26 -15 15 16 -18 18 19 20 21 90 -24 24 102 -27 -28 36 35 30 31 63 75 34 113 56 40 38 -40 44 -42 -43 45 -45 -46 119 -48 49 -50 -51 53 52 -54 101 -56 -57 -58 58 -60 120 121 62 -64 -65 -66 66 -68 72 105 -71 -72 -73 74 103 -76 -77 -78 -79 -80 83 107 -83 -84 86 87 -87 -88 -89 89 -91 -92 92 94 -95 -96 96 97 -99 -100 123 -102 -103 -104 -105 -106 -107 -108 108 -110 -111 111 -113 -114 125 -116 117 -118 -119 -120 -121 -122 122 -124 -125 -126 -127
leaf_value=-1.4600448386476412 -1.5970378969121661 -1.6278534481260587 -1.607034126020352 -1.6184981885551244 -1.5368134947611369 -1.548913887452209 -1.6206190183120894 -1.5881284682844607 -1.602338588021708 -1.605521141727924 -1.4863050354471292 -1.5804142195031383 -1.5579306955188639 -1.5373678245501101 -1.4980732335059452 -1.5412139909078411 -1.534495001083245 -1.6450136189026725 -1.4982537285347386 -1.5442927077825408 -1.5596268558784407 -1.5645542459720707 -1.5694807460369948 -1.621687144778422 -1.5208137201507148 -1.5279775155675264 -1.6447071511902409 -1.4840291758498647 -1.5625187044235411 -1.6058080703894937 -1.596391004835517 -1.5209142485747884 -1.6447071511902409 -1.4954340015293819 -1.6446245118739211 -1.5506278091690509 -1.5722645867936398 -1.5776360183854667 -1.6195341049909597 -1.5878416743797761 -1.5006419471213452 -1.562202698846384 -1.584775674969745 -1.6115908058618749 -1.6152299599937738 -1.5664689555991143 -1.5236564511105368 -1.5404614585441407 -1.5231823217114013 -1.5804234348008976 -1.5347814764826402 -1.5319985584006055 -1.5464763543255164 -1.5480149594312653 -1.5591763313754843 -1.5055303641783992 -1.6020199594064182 -1.5897589184946737 -1.6355154280312001 -1.5849355102740876 -1.5867179410978181 -1.5793765094912566 -1.5249954442774731 -1.5771695747867271 -1.6221873779822162 -1.5777626418817972 -1.6355586619746774 -1.5097802800439131 -1.5453581106990937 -1.6273224286538206 -1.6274786317911163 -1.4901687588738708 -1.6449734333587243 -1.5972893551550924 -1.5603984912776485 -1.5464215609494729 -1.5444125189026376 -1.5557289860220489 -1.587715540798702 -1.5223979547424706 -1.6186920279218897 -1.5118732050811337 -1.5460242990232658 -1.4899015503099771 -1.6030988899887713 -1.5883747620102515 -1.5908739708794291 -1.5734872670548066 -1.5347708351543308 -1.6214632994666829 -1.5027646323279309 -1.5904613809594474 -1.5697693744069747 -1.5306978182240563 -1.5988016711029107 -1.5077799483839969 -1.5806066639911918 -1.5226493983618963 -1.637553940419936 -1.5654552649675315 -1.6018156663636629 -1.5018378345489845 -1.5630000161460391 -1.5206700308190975 -1.5422258015291039 -1.5896129011977045 -1.6034852988488149 -1.541517920647993 -1.5907880418557661 -1.5568823539228138 -1.5267003399107735 -1.6041218400290969 -1.5242935005490335 -1.5710756885707455 -1.5331331199399616 -1.5817128780266536 -1.5147493807612973 -1.621095101081458 -1.6148530511704933 -1.5114003431992089 -1.5016284082754368 -1.5206545604569208 -1.5624678577730879 -1.5455797712184689 -1.5425846365427056 -1.6445383189799594
leaf_weight=16483.993455067277 30.973463013768196 8.7503505647182482 5202.8473192602396 11.250450715422632 10.972661718726156 12.361606255173681 12.222711890935896 10.417083963751795 13.889445304870604 52.640997722744942 15.000600755214693 27.639996096491814 22.223112389445308 429.04496270418167 26.389945805072784 10.000400558114054 54.029941871762276 13.889445364475248 40.696074321866035 20.695273384451866 251.81564231216908 12.917184084653853 21.667534604668617 12.77828970551491 99.86511093378067 10.139294996857641 7.5003004968166342 10.139294952154158 28.890046119689941 30.278990775346756 27.501101687550545 31.251251682639122 7.5003004968166334 7.9169837385416022 6.6669337749481192 30.001201704144478 246.12097007036209 1244.3554018288851 46.529641851782799 550.0220332890749 10.278189420700071 52.224314138293266 227.64800815284252 44.446225017309189 69.7250155210495 541.68836496770382 13.472761839628218 27.084418177604675 25.695473611354828 3099.0130297243595 648.22040803730488 346.54165793955326 2908.8665141016245 26.11215703189373 64.308131486177444 5.2779891639947882 1411.4454318583012 293.90066228806973 30.834568679332733 9.8615061491727847 15.278389811515806 115.83797357976437 17.361806496977806 19.723012283444405 13.056078612804411 39.862707927823067 15.69507324695587 12.083817303180693 17.917384341359138 58.335670426487923 16.945123314857483 8.6114559918642026 12.500500828027727 43.612858235836029 8.7503505051135999 7.5003004223108292 11.806028440594671 307.79010653495789 5.1390947550535193 13.333867385983465 28.195574015378952 20.139695510268211 16.528439819812775 6.6669336706399909 315.70709180831909 26.251051589846611 8.1947727203369123 47.918586164712906 8.0558782219886762 363.90346768498421 37.779290854930878 1130.7397409528494 45.557380452752113 14.306128561496733 1214.0764136910439 31.529040545225143 53.196575403213501 8.4725615680217725 19.723012402653694 606.13539089262486 10.2781895250082 49.029741436243057 25.417684808373451 11.944922864437101 20.278590023517609 1869.3804412484169 75.141899108886719 20.139695569872856 57.641197949647903 5435.77329005301 95.976066336035728 7.2225115597248069 6.1113558858633033 292.65061166882515 61.391347825527191 32.917985305190086 6.8058281391859046 302.78990821540356 19.723012357950211 11.111556142568586 9.3059282600879651 61.252453297376633 37.918185532093048 96.114960968494415 3259.8527937531471 5.9724615067243567
leaf_count=37212 183 59 32139 73 47 57 80 59 84 323 44 151 108 1853 86 44 229 100 133 93 1237 65 112 84 387 41 54 29 144 186 162 121 54 25 48 140 1292 6711 303 3116 34 260 1271 280 446 2760 53 119 101 16944 2755 1447 13271 120 315 18 8530 1680 214 55 86 630 69 106 86 215 109 43 81 392 114 26 90 258 43 34 53 1480 29 52 183 73 75 20 1917 149 47 253 34 2388 128 6485 236 59 7233 111 291 33 138 3072 62 165 127 46 90 10679 457 89 331 26308 387 44 24 1527 258 181 25 1984 126 40 31 237 189 436 14534 43
internal_value=-1.5375 -1.57376 -1.59317 -1.55046 -1.58634 -1.54427 -1.54409 -1.59338 -1.54392 -1.55095 -1.55976 -1.54405 -1.5424 -1.53996 -1.55712 -1.53674 -1.55013 -1.5574 -1.54969 -1.54691 -1.55474 -1.54936 -1.59905 -1.5287 -1.53714 -1.58012 -1.57992 -1.5797 -1.59541 -1.59279 -1.5737 -1.56136 -1.54306 -1.55814 -1.56622 -1.59909 -1.57894 -1.58255 -1.58362 -1.58274 -1.5772 -1.54929 -1.57739 -1.57881 -1.59093 -1.57019 -1.58132 -1.57907 -1.56759 -1.58007 -1.54295 -1.54548 -1.54493 -1.54084 -1.56901 -1.58342 -1.59969 -1.59042 -1.59411 -1.58779 -1.55678 -1.56782 -1.57222 -1.54255 -1.58699 -1.58052 -1.59413 -1.5892 -1.5902 -1.61037 -1.58295 -1.54333 -1.57123 -1.56185 -1.61001 -1.59557 -1.59422 -1.553 -1.51187 -1.58928 -1.57606 -1.54647 -1.57437 -1.59408 -1.59591 -1.56595 -1.54498 -1.59918 -1.60823 -1.61686 -1.51836 -1.59365 -1.59392 -1.58971 -1.59775 -1.55743 -1.56361 -1.58829 -1.59605 -1.56092 -1.53079 -1.51776 -1.52932 -1.57029 -1.57971 -1.58919 -1.59673 -1.5888 -1.57794 -1.55651 -1.53969 -1.53209 -1.58513 -1.57415 -1.55441 -1.60754 -1.60691 -1.61722 -1.58939 -1.56534 -1.54406 -1.54322 -1.53656 -1.56272 -1.54129 -1.57256
internal_weight=51696.8 35212.8 19210.9 16001.9 13218.4 8291.17 8259.08 6410.26 8222.83 892.675 392.377 500.298 486.408 456.685 7710.73 103.476 77.0864 7607.25 664.61 629.053 440.157 363.903 35.557 188.896 148.2 22.9176 29.7234 6808.19 4319.48 2524.41 108.754 78.4754 7330.15 6942.64 560.856 1795.07 6219.55 2017.44 1955.08 1908.55 4202.11 62.3636 4191.83 1288.8 619.747 793.921 241.121 3397.91 271.816 3126.1 7315.15 3331.94 3255.41 3983.22 76.5308 36.2515 1766.18 354.736 324.735 588.635 255.566 141.117 133.2 50.9743 23.0565 76.2531 55.5578 2090.78 1981.61 94.3093 35.9737 19.0285 109.171 87.9202 21.2509 15.0006 64.447 327.93 20.1397 569.467 151.395 45.4185 25.2788 418.072 403.211 39.5849 14.8617 363.626 5992.46 447.101 50.6965 2415.65 2404.68 1145.05 1259.63 6381.78 825.45 81.3921 72.9196 744.058 41.8072 75.1419 125.283 75.8364 63.8914 1887.3 83.1978 105.976 77.7809 5556.33 120.56 103.199 17.3618 305.29 313.207 5545.36 5209.65 335.708 32.0846 552.8 19.1674 114.449 99.1706 702.25 3908.07 298.623
internal_count=223482 186270 111565 74705 74357 37338 37155 37264 36954 4179 1929 2250 2166 2004 37367 445 359 36922 3089 2877 2105 1688 212 772 639 125 162 37093 25343 14635 575 389 32775 33833 2854 10708 33759 11145 10856 10553 22614 289 22580 6991 3562 4124 1324 18456 1393 17063 32687 15113 14718 17574 395 201 10564 2034 1894 3334 1236 724 699 227 130 417 324 11921 11351 591 199 85 570 437 133 88 376 1553 73 3248 810 207 134 2438 2371 201 67 2170 37208 2879 193 14060 14013 6544 7469 30979 4143 462 429 3681 173 285 514 394 348 10760 491 603 420 26836 528 431 97 1618 1495 34329 32164 2165 183 2800 86 512 426 3508 17289 1570
is_linear=0
shrinkage=1


Tree=1
num_leaves=127
num_cat=0
split_feature=18 18 18 18 18 4 27 37 6 1 27 41 23 25 18 30 3 4 7 19 25 25 21 22 6 23 39 21 27 21 3 28 37 21 28 30 1 19 25 19 3 23 19 23 21 38 32 6 10 6 21 28 27 1 25 23 25 27 25 25 29 2 28 23 33 23 18 21 41 10 20 28 21 28 20 25 28 27 23 25 27 40 41 21 1 41 32 3 27 6 23 19 19 23 41 2 17 6 27 37 18 21 19 37 37 28 40 2 4 27 2 6 37 21 25 28 27 2 4 27 1 25 1 37 23 29
split_gain=127839 15440.5 2032.96 618.85 611.465 61.7384 60.1776 87.3619 52.5561 47.3684 45.3763 51.2167 95.8388 46.0105 42.7385 43.9288 62.9478 55.1265 50.374 55.3939 48.851 42.2752 41.3534 48.6216 40.4393 54.5155 52.0864 44.712 54.149 41.0822 40.0904 40.0367 46.7866 42.6763 67.2786 48.6523 70.6174 53.984 48.1073 54.0371 51.3923 45.7127 44.3139 81.2811 44.3078 52.6491 53.6191 42.5755 42.8967 41.5673 40.3951 41.7728 39.7384 63.0315 52.292 45.332 40.3721 39.6403 39.1342 38.9815 38.1385 38.0036 37.9935 37.7635 67.184 52.9378 70.4764 47.7707 43.6637 47.774 45.8027 42.4307 46.2495 68.4014 59.6677 40.9086 49.5791 48.2629 37.7465 37.2356 36.867 36.6641 41.9428 54.3265 54.1396 56.0928 49.6651 36.4322 36.251 36.1723 61.3753 55.9011 36.1223 36.0704 45.6169 35.7651 55.0177 36.6503 35.4505 35.3336 40.4215 36.9757 35.3197 35.0456 63.4782 47.8481 34.6478 34.6048 48.8162 34.5796 34.4108 34.2408 53.3101 34.1861 41.3501 38.0404 38.2952 33.6847 54.4279 42.193 33.2578 54.7236 52.1236 41.7202 37.6689 60.3196
threshold=0.27700000000000008 0.55400000000000016 0.84300000000000008 0.63800000000000012 0.41550000000000004 55.050000000000004 19.050000000000004 0.18833333333333388 6.495000000000001 8.0650000000000031 19.750000000000004 0.054778438361600061 46.050000000000004 6.7345000000000015 0.58200000000000007 3.9150000000000005 68.250000000000014 41.250000000000007 1.5000000000000002 66.27500000000002 6.738500000000001 6.7545000000000011 21.150000000000002 37.050000000000004 6.7550000000000008 54.750000000000007 2.2500000000000004 18.050000000000004 13.65 20.750000000000004 52.650000000000013 40.45000000000001 -0.074999999999999636 13.550000000000002 26.550000000000004 3.3650000000000007 6.6450000000000005 75.975000000000009 6.7355000000000009 94.975000000000023 70.950000000000017 54.850000000000001 46.32500000000001 50.650000000000013 16.150000000000002 2.7500000000000004 5.2500000000000009 6.5150000000000006 3.5000000000000004 6.7550000000000008 12.850000000000003 38.650000000000013 14.950000000000001 3.3150000000000004 6.7395000000000005 47.750000000000007 6.7425000000000006 14.550000000000002 6.7525000000000004 6.7735000000000012 3.6500000000000008 46.350000000000001 24.950000000000003 45.750000000000007 2.2500000000000004 43.95000000000001 0.59000000000000008 18.550000000000004 0.029826230683344803 10.500000000000002 3.8050000000000002 32.250000000000007 22.150000000000002 30.450000000000003 3.1150000000000007 6.7585000000000006 33.400000000000006 23.250000000000004 41.750000000000007 6.7455000000000007 19.550000000000004 2720.606060606061 0.021595357391651551 14.450000000000001 2.8250000000000006 0.023016887914586105 2.7500000000000004 65.250000000000014 18.050000000000004 6.6550000000000011 58.95000000000001 81.02500000000002 59.275000000000013 57.050000000000004 0.035816783849348256 25.350000000000005 11.255000000000001 6.8650000000000011 20.050000000000004 -0.12833333333333244 0.92700000000000016 13.65 89.575000000000031 0.038333333333332657 0.073333333333333653 32.750000000000007 2345.727272727273 26.550000000000004 28.050000000000004 20.350000000000005 67.350000000000009 6.8650000000000011 0.023333333333333855 15.250000000000002 6.7715000000000005 41.300000000000004 12.050000000000002 25.150000000000002 41.45000000000001 17.550000000000004 7.035000000000001 6.7355000000000009 7.3850000000000007 0.18166666666666617 57.850000000000001 5.5500000000000016
decision_type=2 2 2 2 2 2 2 2 2 2 2 2 2 2 2 2 2 2 2 2 2 2 2 2 2 2 2 2 2 2 2 2 2 2 2 2 2 2 2 2 2 2 2 2 2 2 2 2 2 2 2 2 2 2 2 2 2 2 2 2 2 2 2 2 2 2 2 2 2 2 2 2 2 2 2 2 2 2 2 2 2 2 2 2 2 2 2 2 2 2 2 2 2 2 2 2 2 2 2 2 2 2 2 2 2 2 2 2 2 2 2 2 2 2 2 2 2 2 2 2 2 2 2 2 2 2
left_child=-1 4 3 14 5 8 60 9 87 93 59 13 -13 -12 52 63 17 18 20 -20 -17 -11 23 -15 81 26 27 -26 29 -29 -24 33 -33 34 -6 36 37 47 -37 95 -41 42 43 -36 45 102 -47 -35 -49 79 51 -44 53 -3 55 -54 -56 -30 -42 62 -5 -61 -10 64 65 66 -16 -67 69 -66 -70 72 74 -74 -65 77 -77 -73 -19 -34 -59 109 -83 84 85 -84 88 -2 -85 90 -88 -91 -9 107 -95 96 -40 -97 -94 100 -86 -101 -38 105 -105 -14 -43 108 -8 -4 -52 112 -46 -28 115 116 -115 118 -64 -119 124 -122 123 -123 -62 -126
right_child=1 2 24 6 31 -7 7 92 10 21 11 12 103 22 15 16 -18 78 19 -21 -22 -23 30 -25 25 -27 113 28 57 -31 -32 32 49 35 41 38 44 -39 39 40 58 106 50 -45 111 46 -48 48 -50 -51 110 -53 54 -55 56 -57 -58 80 -60 61 120 -63 117 71 68 67 -68 -69 70 -71 -72 75 73 -75 -76 76 -78 -79 -80 -81 -82 82 83 86 99 -87 89 -89 -90 91 -92 -93 98 94 -96 97 -98 -99 -100 101 -102 -103 -104 104 -106 -107 -108 -109 -110 -111 -112 -113 -114 114 -116 -117 -118 119 -120 -121 121 122 -124 -125 125 -127
leaf_value=0.13134044377850138 0.011871902349704679 0.077027970024948086 -0.013764162453867594 0.077572518169312418 -0.012379969724228838 0.024921972109665382 0.048151187805414414 0.095574632767732232 0.0920729107626619 0.011540535517761056 0.0067973761873561245 0.012798553405338897 0.10890318581743395 0.06001928023241665 0.082048446605919811 0.055441000860267216 -0.013978209308292451 0.078338569577315095 0.024280518280257648 0.046294234833436435 0.0083604408492505122 0.10407553992382933 0.046673875132921455 0.085860753990635752 0.0018767795875535211 -0.012043827462792724 -0.0083712631382488537 0.021848244538689224 -0.035664193916717095 0.088511121468272308 -0.035193970636359366 0.10034364765346442 0.063225575880184487 0.081831273488310319 0.0795075216215895 0.067851716733384665 0.041925781076430302 0.060062940506220283 0.06114992694133406 0.097201211108139507 0.021169991919337022 -0.025652538536945876 0.048519182687978349 -0.0085799626677500341 0.020248786581597792 0.042508893703655036 -0.035699648605952247 0.054776833415693074 0.044801915616613217 0.069110509398475378 0.033539058227856286 0.0079645203531009054 0.087926089935476306 0.025191524080457241 -0.016615817389867196 0.023776016230838973 0.015597520921272225 0.02073042640493682 0.078704782618491481 -0.0206877752500867 0.015266203912450035 0.078893170706762106 0.070486190045805905 0.11918788630292765 0.045949718969844726 0.014284678118723391 0.036559130776213714 0.065424123893901606 0.018724554058234668 -0.01418337791706231 -0.008906536853730062 0.027531135689097541 -0.016498792877386863 0.038183077300714206 0.0355001667553832 0.052950658431411418 0.031247537305937684 -0.016288628010258099 0.0047715201859282628 -0.012535883795206086 -0.021551227917668947 0.00097557548875782968 0.12676828494249051 0.0012941441132758289 -0.020239656147286771 0.0166424200701593 0.01611305042718186 0.094207555666740828 -0.021026795399320824 0.0085219905645061329 0.095659595829577726 -0.024523481082081765 0.07191142023178633 0.036567430936118403 -0.035507920496204513 0.053159612581127252 0.034392764026764409 0.042263750934829175 -0.016579361454326119 0.012362299753659276 0.062986162672600099 0.036414951190058158 0.09518472680529183 0.0040823238015674388 0.05390306761665032 0.055554411805913841 0.049939587014849164 0.0028010306228399063 0.0086242359084101553 0.0295912331024345 0.10384726777137179 -0.0061998373237081381 0.052054678965962671 0.027130376510072593 0.057671538110580893 0.068562239456763097 -0.0018406895858461508 0.059232988141473396 0.051489683449811571 0.064538634338269535 0.066042657663614029 0.031086279127016666 0.01327641502022865 0.11079081772876465 -0.01390919747626866 0.033739989187863167
leaf_weight=18153.329910472035 31.228652969002724 25.056076973676682 169.12207648158073 9.1638853996992093 18.926908731460571 44.108443424105644 37.316736653447151 13.588327139616014 37.275955438613892 9.3688600361347216 13.954681158065794 64.372866496443748 16.388989642262459 398.04784350097179 39.247297465801239 22.839319333434105 40.65972375869751 6.4711817800998679 233.10032217204571 185.43284866213799 148.10340858995914 8.4723417907953245 23.435935288667682 79.645527958869934 530.44785532355309 388.84944424033165 635.04783171415329 18.082951173186302 14.601261660456656 15.576590314507483 6.8784942626953116 28.372511267662048 10.458461776375772 31.653940379619598 67.25949427485466 169.80957600474358 19.099541425704956 331.43976059556007 95.342489093542099 44.841727092862129 20.813978001475334 14.475887075066568 799.07944220304489 10.905403792858122 143.14993432164192 74.140777498483658 8.7306345254182798 484.05302655696869 2048.817207723856 56.750652551651001 326.31042024493217 23.668030977249146 15.614972084760664 134.334073767066 38.731561779975891 27.41711437702179 353.97993955016136 153.2608442902565 22.079760581254959 10.01242285966873 4713.4127520918846 5.1294527649879447 740.64576371014118 7.6378172487020484 83.929598405957222 115.84045916795731 142.19954803586006 19.113591119647026 488.89535856246948 13.761107593774794 60.557472914457321 2302.2091730386019 38.257977470755577 44.308008655905724 1634.1675760895014 124.44913497567177 404.69862408936024 22.741485834121704 142.97422203421593 12.944767057895659 20.999091759324074 1638.3574235737324 8.2062459439039248 237.16842266917229 38.257645294070244 8.4858035147190076 207.10463623702526 5.6476663202047339 90.30034327507019 367.09168981015682 9.0301319360733014 52.568918988108635 8.2545425593853015 61.844211488962173 8.9569873064756376 2401.7955354899168 256.65587419271469 318.66898654401302 7.8514612466096869 179.77324347198009 5.9817958921194068 84.841345444321632 28.434023156762123 33.362419292330742 74.738064154982567 215.40885624289513 8.6197592318057996 825.51961028575897 114.00871290266514 18.239661693572998 6.3353135585784903 24.979449450969696 71.218685284256935 42.693988665938377 11.129975333809851 7.0920872986316672 1014.0688338726759 4766.1075307577848 168.80440606176853 1919.7302988022566 26.345966160297394 185.23183059692383 276.33155691623688 6.041165053844451 27.142881810665131 195.20508003234863
leaf_count=37218 183 98 1124 38 120 239 182 49 129 54 84 375 45 1714 153 105 263 26 1268 901 869 28 112 288 3278 2562 4099 102 105 60 50 86 44 120 260 708 93 1456 416 151 113 97 3752 68 781 360 61 2194 9831 229 1663 137 57 728 257 148 2036 870 85 68 27123 20 2981 22 408 661 727 83 2733 89 383 12329 250 225 8409 582 2124 148 859 86 143 10165 23 1469 259 49 1200 18 613 2204 33 362 35 320 64 10959 1305 1548 52 1060 27 446 98 196 340 969 40 5035 677 100 20 154 328 235 52 31 6368 20703 764 8068 115 987 1602 19 177 1018
internal_value=0.0664146 0.033722 0.0155497 0.0220148 0.0549335 0.0604582 0.0153933 0.00897308 0.0606398 0.0075539 0.0607937 0.0544798 0.0464176 0.0607111 0.0282695 0.028994 0.0223115 0.024312 0.0284385 0.0340461 0.0146883 0.0559019 0.0621875 0.064348 0.000974363 -0.00160633 4.13171e-05 0.00661594 0.0179006 0.052913 0.0279937 0.0489405 0.067125 0.0486887 0.0436401 0.0496642 0.0470497 0.0486288 0.0522262 0.051384 0.0746827 0.0444859 0.0452688 0.0672033 0.0346684 0.0487575 0.0342183 0.0471481 0.0467109 0.0552374 0.0437779 0.0473555 0.0205673 0.0333928 0.0158659 0.0472387 0.0124132 0.0116279 0.0509354 0.0615575 0.0166856 0.0132441 0.061653 0.0299333 0.0245204 0.0358559 0.0464466 0.0215818 0.0189712 0.0374579 0.0156754 0.0310716 0.0347952 0.0128381 0.0358976 0.0288202 0.0363637 0.0271012 0.00801735 0.0213816 0.0156173 0.00333786 0.0041618 0.00821062 0.0188053 0.071305 0.0046269 0.024743 -0.00486087 0.00951597 0.0194862 0.00437411 0.0596494 0.00672385 0.0273909 0.0507158 0.0416598 0.0518854 0.0288447 0.0159409 -0.00883585 0.0200906 0.0739491 0.0527746 0.038559 0.0593782 0.00258896 0.00522173 0.0184068 -0.00952198 0.0349134 0.0269688 0.0308418 -0.00285299 0.000406017 -0.000197045 -0.000666362 0.0615023 0.0669679 0.0607576 0.0165811 0.0240112 0.0216262 0.0336681 0.0158368 0.0279129
internal_weight=54205.3 36051.9 19417.2 13450.8 16634.8 8654.92 6534.06 1095.18 8610.82 1065.49 8573.94 926.234 404.271 521.962 6916.73 6321.6 779.581 738.921 589.476 418.533 170.943 17.8412 508.008 477.693 5966.38 2851.85 2463 752.969 222.521 33.6595 30.3144 7979.83 108.526 7871.31 1275.58 6595.72 3265.72 2895.96 3330.01 3160.2 87.7355 1256.65 1233.56 78.1649 369.753 130.405 82.8714 2564.52 2532.87 80.1539 1155.39 822.747 595.134 159.39 435.744 43.0321 392.712 188.861 42.8937 7647.71 5438.88 15.1419 7632.56 5542.01 963.544 316.401 181.447 134.954 647.144 97.6907 549.453 4578.47 1724.37 82.566 1641.81 2854.1 529.148 2324.95 149.445 23.4032 174.26 3114.53 2927.17 1288.81 325.546 16.692 963.264 36.8763 327.469 635.795 216.135 419.661 29.6943 1047.65 70.8012 3072.46 351.998 2720.46 16.106 308.854 44.2394 264.615 47.5336 339.898 108.1 231.798 23.0956 976.845 151.325 187.362 332.646 239.348 214.369 1710.03 1074.98 1063.85 1056.76 7595.29 909.45 6685.84 5429.71 493.951 467.605 191.273 4935.76 222.348
internal_count=223482 186264 111555 74516 74709 37346 37575 6496 37107 6360 36906 4173 1925 2248 36941 33617 4291 4028 3143 2169 974 82 2164 2002 37039 17905 15343 4558 1280 162 162 37363 445 36918 6157 30761 15476 13601 15285 14577 349 6037 5900 328 1875 612 421 12145 12025 359 5572 3889 3324 826 2498 205 2293 1118 198 32733 31079 88 32645 29326 5237 1624 880 744 3613 497 3116 24089 8906 475 8431 15183 2706 12477 885 130 1013 19134 17910 7745 1864 72 5881 201 2082 3799 1233 2566 136 6278 384 14228 1721 12507 87 1792 286 1506 191 1550 536 1014 137 5894 859 1224 1683 1263 1109 10785 6686 6634 6603 32516 3745 28771 31041 2723 2608 1006 28318 1195
is_linear=0
shrinkage=0.03


Tree=2
num_leaves=127
num_cat=0
split_feature=18 18 18 18 18 4 26 21 25 37 3 23 37 25 28 23 23 6 37 29 5 6 23 38 3 28 4 42 18 30 27 22 29 6 40 41 11 4 19 21 5 40 28 21 27 27 41 23 19 21 43 43 27 3 4 4 29 35 11 28 21 37 36 43 20 28 29 20 19 4 21 21 19 19 22 27 19 21 23 23 41 20 42 2 22 41 11 22 37 4 5 2 18 8 6 6 27 36 21 23 27 11 4 4 1 30 18 21 32 27 28 36 4 32 36 25 30 8 30 3 6 3 28 42 3 18
split_gain=104263 13568.8 1864.12 557.271 517.53 55.9635 55.6424 79.1423 46.6843 59.4639 58.9655 70.9892 56.2759 54.0513 51.0387 49.7071 46.5736 44.7104 41.7592 41.5904 40.8886 65.2878 51.8999 39.3542 69.2847 62.5515 51.0033 49.6928 45.1441 44.0732 52.3511 41.9207 39.1624 45 46.8969 38.1475 48.659 51.0114 45.8072 59.257 50.1842 49.3111 47.0342 44.0429 41.1833 38.1379 43.8523 75.2639 41.5501 55.9231 55.7758 38.1138 56.4007 62.0309 57.8382 64.6541 67.6161 47.5697 47.3393 47.073 53.7602 54.8845 44.1969 42.9701 41.1995 40.8765 61.1842 47.0353 46.4908 44.8328 44.4152 48.895 39.3774 37.9168 37.8172 37.7391 44.6608 61.6753 40.0396 37.5687 37.1386 40.3356 48.3119 52.9256 43.9104 47.9174 37.1936 44.7443 64.0675 46.5558 36.8777 40.4778 36.5717 36.1754 56.8397 43.5377 35.8147 43.8541 43.7426 41.908 35.5669 35.458 35.4373 37.3223 45.3486 37.7491 35.2681 49.5756 42.746 42.5332 44.041 40.9906 34.2584 54.3381 35.7144 34.2146 36.4971 34.0979 34.0249 80.7402 80.1145 51.6419 53.484 50.4559 44.9259 50.0968
threshold=0.27700000000000008 0.55400000000000016 0.84300000000000008 0.63800000000000012 0.41550000000000004 57.850000000000001 3.4950000000000006 16.350000000000005 6.7355000000000009 0.11749999999999966 36.150000000000013 56.050000000000004 0.1400000000000001 6.7495000000000003 34.050000000000004 50.95000000000001 57.850000000000001 6.495000000000001 -0.043333333333333397 6.1500000000000012 0.115 6.7550000000000008 54.750000000000007 2.2500000000000004 69.950000000000017 26.950000000000003 47.150000000000013 2087.1073934160827 0.56600000000000006 3.9150000000000005 15.750000000000002 38.750000000000007 7.6500000000000012 6.8550000000000013 3602.0000000000005 0.021375859005276405 1.0000000180025095e-35 44.150000000000013 43.625000000000007 12.450000000000001 0.14500000000000005 3886.1904761904766 26.150000000000002 22.950000000000003 11.750000000000002 19.750000000000004 0.054778438361600061 46.050000000000004 48.025000000000013 21.150000000000002 0.046221998255264657 0.053203395456916554 19.050000000000004 62.050000000000004 28.750000000000004 37.150000000000013 11.950000000000001 -0.58833333333333349 1.5000000000000002 32.350000000000001 18.750000000000004 0.031666666666666655 -0.0024999999999999497 0.058143708576103056 3.3750000000000004 39.45000000000001 11.750000000000002 3.6650000000000005 59.725000000000016 35.750000000000007 15.450000000000001 17.850000000000005 66.575000000000031 46.82500000000001 38.95000000000001 11.350000000000003 56.425000000000011 16.250000000000004 50.150000000000006 41.750000000000007 0.030571693471807802 3.3750000000000004 3806.2911725955209 18.450000000000003 37.350000000000001 0.033108802806253557 4.5000000000000009 34.45000000000001 0.063333333333333866 22.250000000000004 0.25500000000000006 38.550000000000004 0.76250000000000007 5.5000000000000009 6.7250000000000005 6.995000000000001 12.050000000000002 0.049166666666666602 18.050000000000004 37.350000000000001 11.050000000000002 5.5000000000000009 20.250000000000004 29.050000000000004 3.2150000000000003 4.7550000000000008 0.74250000000000005 22.050000000000004 5.2500000000000009 12.950000000000001 32.050000000000004 0.035833333333333307 29.550000000000004 4.2500000000000009 0.069999999999999965 6.7735000000000012 3.0850000000000004 3.5000000000000004 3.4000000000000008 29.950000000000003 6.6850000000000014 37.95000000000001 37.150000000000013 2161.1145510835918 55.650000000000013 0.47550000000000003
decision_type=2 2 2 2 2 2 2 2 2 2 2 2 2 2 2 2 2 2 2 2 2 2 2 2 2 2 2 2 2 2 2 2 2 2 2 2 2 2 2 2 2 2 2 2 2 2 2 2 2 2 2 2 2 2 2 2 2 2 2 2 2 2 2 2 2 2 2 2 2 2 2 2 2 2 2 2 2 2 2 2 2 2 2 2 2 2 2 2 2 2 2 2 2 2 2 2 2 2 2 2 2 2 2 2 2 2 2 2 2 2 2 2 2 2 2 2 2 2 2 2 2 2 2 2 2 2
left_child=-1 4 3 23 5 17 7 8 9 14 12 92 15 -13 18 -10 75 -2 -5 -16 -4 35 96 24 25 32 28 -27 -25 30 -29 93 -3 34 -34 36 37 -22 39 -37 -41 42 -40 44 -43 90 48 101 73 50 -50 65 53 54 64 56 63 -57 -58 -55 61 -61 -54 -56 72 118 68 69 -67 70 -68 -72 -53 -47 -26 76 77 78 -8 -31 86 82 83 -82 85 -83 87 88 -9 -89 115 -92 -12 95 -95 -30 100 98 99 -98 -23 -48 -38 105 -105 -104 107 111 109 -108 -111 -18 114 -114 -49 -19 -117 -14 124 123 -121 -122 -123 -120 -6 -126
right_child=1 2 20 6 51 -7 16 80 10 -11 11 13 117 -15 19 -17 106 45 -20 -21 21 22 -24 26 74 27 -28 29 31 79 -32 -33 33 -35 -36 38 102 -39 41 40 -42 43 -44 -45 -46 46 47 112 49 -51 -52 52 62 59 55 57 58 -59 -60 60 -62 -63 -64 -65 -66 66 67 -69 -70 -71 71 -73 -74 -75 -76 -77 -78 -79 -80 -81 81 84 -84 -85 -86 -87 -88 89 -90 -91 91 -93 -94 94 -96 -97 97 -99 -100 -101 -102 -103 103 104 -106 -107 108 -109 -110 110 -112 -113 113 -115 -116 116 -118 -119 119 120 121 122 -124 -125 125 -127
leaf_value=0.11755858585137008 0.023621111748631393 0.10274703580185916 -0.0042755757297208031 0.10247722922954268 0.046870232557382437 -0.0036988994968395871 0.01894154429828377 0.00063241562520885062 0.031085033462419948 0.092526592935841936 0.0076354753533261592 -0.009676595988260461 0.023899058789428797 0.064400727776427732 0.026685114953405815 0.0018122552024698716 -0.017425580270905162 0.057237326416129775 0.020115948429614731 -0.035883285750633653 0.021650818812457447 -0.018372746295212346 -0.012889419581718181 -0.0057985677380169853 -0.011114634444882532 -0.0069342881510847231 0.091003846046509324 0.032547554726297986 0.028292715621629196 0.069800719029198682 0.022085950110201036 0.019786359924840645 0.016692754246845388 0.096014411316768383 0.10439040758440286 0.11355300361746741 -0.031292132976688418 -0.028472076379266655 0.080460861941939382 -0.035517804342539865 0.045718883169687752 -0.028412798589039695 -0.0011529026797305125 -0.029076893122459254 0.01493116343268772 0.061284178652039951 0.0033183470722899333 0.058982414671177825 0.015852760842674906 0.012565605639039346 0.059228168913540234 0.013075362260628201 0.077311219540285067 0.083750168045034934 0.10138321453317238 0.04009881434384803 0.061917686412905841 0.0056188206781862355 0.022508678488697947 -0.026368232488315102 0.083993239679276757 0.062571255841888551 0.039792818384264898 0.043769513573517049 -0.0061870061851710756 -0.022617158514475894 0.089860484081974931 0.025081263621852447 0.045978970456000218 0.092360424049557119 -0.0055551346557325245 0.06181955801443445 0.10583303855528559 0.12227223425887351 0.049878950431549336 0.01725014430864227 -0.018097923229190387 -0.018196067024316531 0.10345597589182276 0.010097563148957874 0.088037921865391666 0.023480392426538294 0.075292032905032794 0.016242052478413899 -0.03023167568964559 0.0017613249747032887 0.012811485463988578 0.03029414828945548 0.031645179756442494 -0.0088847442006497 0.049240365682687151 0.10926353066445571 0.020149564543295567 0.043731438807767885 0.028542216883942227 -0.014862735914370078 0.070932421579029029 -0.013773331877291633 0.0085037576582434622 -0.0024998513226516163 0.030240163959744732 0.059456697595786728 0.016334430446223874 -0.022669424394567907 -0.0001667979111855063 -0.016261796552815157 0.08937902228528892 0.066485293352790367 -0.0047141436179101836 0.016840611887816822 0.064290836172794283 0.070251091825695056 0.052480930429714204 0.022415444902196512 0.12874968342647089 -0.035111510447947171 0.056646390234088059 0.094288272249185873 0.036702086568374051 0.070471001188474033 0.025790154284494344 0.047840401776623021 0.079877145382336062 -0.035686235994619744 0.040567918324881158 0.099317560518677642
leaf_weight=19648.072773039341 37.463662087917328 11.72892816364765 1101.5960377603769 11.801842197775843 5146.4275434762239 13.870285004377363 10.814797505736353 224.20307013392448 198.38476617634296 15.053274095058439 804.674216106534 11.427694797515867 9.9003235697746295 38.562927946448326 33.292338639497757 71.009077683091164 31.957837656140327 7922.8576745539904 10.578412607312201 13.288426414132116 163.80229549109936 17.116508826613426 313.08427166938782 34.569155976176262 71.882630527019501 46.320944786071777 11.649177879095076 694.17557081580162 3330.9695070832968 9.7982607632875425 1142.2787474244833 445.94460289180279 39.433439686894417 11.238023340702055 6.3025455027818671 7.9098687171936026 32.708605602383614 20.455990493297577 6.3494674414396277 9.4924620687961561 23.754211187362671 20.153766825795174 434.63705125451088 22.092904791235924 744.08318248391151 22.864117428660393 53.226681098341942 90.845645487308502 28.559048414230347 27.551652625203133 449.51814685761929 12.012939229607584 53.885984778404236 36.049950614571571 28.172973394393921 62.493142917752266 41.022291839122772 85.172171756625175 83.674326583743095 15.066559642553331 13.599653095006941 10.507817253470419 60.790028497576714 20.44995354115963 59.219552353024483 10.963938638567923 24.788954988121986 19.334789097309113 45.247494414448738 69.586385905742645 14.498683318495749 28.826939478516579 6.2321171164512625 15.945044204592703 10.377722188830374 3148.2523584663868 58.853431642055511 17.052302196621895 9.5370953083038312 236.44831565022469 9.5708411037921888 145.83241946995258 14.72150172293186 217.46073114871979 26.112853035330772 245.25264310836792 297.02796442806721 29.235782533884048 81.787591949105263 390.66781008243561 17.337323486804962 25.568400204181671 284.89585103094578 376.28413166105747 545.33605740964413 21.070271372795105 6.934255823493003 202.55929438769817 494.92154270410538 1209.1415263265371 63.233005911111832 12.429305776953695 194.76065401732922 90.179386332631111 753.18471366167068 38.124035805463791 20.175066396594048 11.571153312921522 14.313495203852652 36.597629755735397 34.195145592093468 5.542022392153739 176.53573404252529 78.618356719613075 7.1652765274047843 7.445798918604849 7.9665784239768982 17.149654433131218 22.460198804736137 205.36402675509453 79.423912897706032 330.0397013425827 55.138524532318115 13.961605697870253 1567.9501265287399 13.158688485622404
leaf_count=37218 201 33 6997 38 23252 85 60 1367 1044 53 4749 73 53 159 177 429 207 32635 58 93 925 114 2089 215 459 293 37 3527 17314 39 6147 2417 214 37 19 22 231 143 25 68 117 140 2722 154 4307 92 323 377 154 156 1817 65 199 127 86 294 169 479 434 98 48 43 287 94 352 70 81 97 202 222 85 116 18 38 49 17678 396 115 27 1374 35 801 60 1234 181 1489 1713 153 431 2483 74 68 1585 1799 2834 134 30 1338 2959 7630 338 53 1127 616 4693 254 70 47 88 202 145 22 764 404 16 55 34 60 109 769 412 1473 190 100 7351 41
internal_value=0.0617472 0.0319872 0.014925 0.0210419 0.0514113 0.0563877 0.0147776 0.0119374 0.0168995 0.0386404 0.0156238 0.0125189 0.0275464 0.0474514 0.0267391 0.0233782 0.0174522 0.0564807 0.0638771 0.00876502 0.000943113 0.00212427 -0.00153596 0.02691 0.0236609 0.0246727 0.0284635 0.0237601 0.028308 0.0244437 0.0260428 0.0285583 0.052858 0.0423993 0.0290118 0.0054211 0.0017937 0.0160657 0.00911765 0.0402222 0.0224426 0.00807018 3.67733e-05 0.012573 0.0137826 0.0566179 0.0509385 0.0435966 0.0565746 0.0542481 0.056644 0.0459747 0.0385794 0.0339874 0.0292492 0.0348638 0.0472969 0.0202384 0.0355246 0.0589928 0.0360164 0.0102175 0.0574877 0.0773223 0.00595011 0.046543 0.0595517 0.0691784 0.0325564 0.0753366 0.057813 0.0392776 0.0452453 0.08663 -0.00335043 0.0166844 -0.0018035 0.0237748 0.0589314 0.0125066 0.0074513 0.0130061 0.0227575 0.0193127 0.00734784 0.00986795 0.00387057 0.000208722 0.00893428 -0.00614678 0.0573025 0.0852152 0.0109105 0.0294728 0.0347495 0.0280206 0.000246573 -0.00057702 0.000985085 -0.0020741 0.0198558 0.0140429 -0.000577547 0.000357336 -0.00257714 0.0109872 0.0335624 0.0124808 0.043353 0.0509295 0.0398401 -0.00427577 0.049081 0.0432354 0.0642242 0.0571504 0.0122804 0.0687639 0.0461688 0.0524669 0.0548319 0.0479022 0.0524499 0.0088906 0.0455065 0.0410641
internal_weight=56496.2 36848.1 19616.8 13646.6 17231.3 8995.77 6600.75 3201.89 1520.02 84.0143 1436 1139.56 296.444 49.9906 68.961 269.394 3398.86 8981.9 22.3803 46.5808 5970.28 4868.68 2306.99 7045.81 2279.99 2197.72 4765.82 2129.02 4754.17 2082.7 1836.45 4719.6 68.7029 56.974 45.736 2561.69 1293.22 184.258 1268.47 41.1565 33.2467 1227.32 440.987 786.33 764.237 8944.43 963.259 418.821 544.438 505.629 478.077 8235.52 588.349 473.673 398.449 320.985 173.32 147.665 124.697 75.224 39.174 25.5744 114.676 48.6229 77.4646 7647.17 213.247 157.036 56.2114 137.701 68.1146 43.3256 18.2451 38.8092 82.2604 3244.51 96.2576 37.4042 20.3519 246.247 1681.87 658.951 241.753 227.032 417.198 391.085 1022.92 725.894 305.991 419.904 7981.18 42.9057 1089.57 4273.66 921.62 3352.04 1993.91 1913.56 1711 1216.08 80.3495 65.656 1108.96 1076.25 843.364 232.885 154.352 49.071 105.281 90.9678 70.7928 37.4999 353.165 255.154 98.0109 7938.27 15.4124 27.05 7433.92 706.388 669.966 464.602 385.178 36.4218 6727.54 1581.11
internal_count=223482 186264 111555 74516 74709 37346 37575 18518 8571 419 8152 6566 1586 232 366 1473 19057 37261 96 270 37039 30042 14498 36941 12191 11683 24750 11380 24713 11087 9674 24498 303 270 233 15544 7989 1068 7555 207 185 7348 2747 4601 4447 37060 4194 1937 2257 2127 1971 37363 2793 2307 1991 1556 783 773 603 316 189 141 486 180 435 34570 873 601 272 504 282 201 83 130 508 18276 598 202 87 1413 9947 3800 1329 1269 2471 2290 6147 4434 1798 2636 32866 142 6334 22081 4633 17448 12409 11957 10619 7660 452 376 6921 6690 5309 1381 781 276 505 417 347 229 1561 1168 393 32724 89 113 33697 3053 2844 2075 1663 209 30644 7392
is_linear=0
shrinkage=0.03


Tree=3
num_leaves=127
num_cat=0
split_feature=18 18 18 18 18 27 5 4 28 4 25 38 1 3 40 6 5 6 23 39 28 33 11 22 18 27 21 5 7 25 27 23 25 1 23 22 38 42 28 30 4 27 2 29 21 10 4 20 8 1 28 10 17 42 22 27 24 38 19 22 1 29 2 23 25 29 29 19 27 19 3 25 10 7 17 1 8 2 22 23 21 29 30 3 19 6 2 6 40 10 19 1 10 20 3 30 4 5 4 27 1 19 23 40 29 33 28 2 4 33 22 4 42 32 5 20 23 1 28 25 32 6 26 21 22 4
split_gain=87006.4 11992.8 1711.66 503.29 443.053 53.3542 56.7149 49.1657 49.1588 46.3601 43.3686 41.4813 38.6085 42.6222 41.4993 38.5969 38.4845 61.1575 49.3085 42.0673 45.3973 42.6947 53.8761 38.3455 40.497 37.7317 36.2882 39.2341 36.0584 39.2489 46.2171 45.2323 39.1811 37.4209 35.9603 44.2968 35.7828 64.3632 60.6743 54.3678 48.1824 47.7122 45.0174 37.7032 35.648 50.2392 35.6052 35.2092 35.1364 34.6967 50.3948 36.5554 34.5127 33.5874 33.4935 33.3099 43.397 44.1142 58.634 61.481 64.7552 45.8897 43.9928 48.8822 42.0731 41.4685 39.7651 38.8321 46.9888 46.3738 42.3871 37.6643 56.4265 52.4713 38.8027 37.1728 36.5906 35.5905 35.1464 46.3302 45.1986 33.9957 33.9583 67.8213 43.3502 48.7928 47.6708 35.4866 33.9685 33.1978 36.3916 35.7927 33.1646 32.5173 32.4905 35.1047 47.0621 39.4001 32.5666 32.4175 31.7921 46.5308 31.5203 31.4574 30.9684 30.724 30.6422 30.9533 48.4763 72.9135 48.655 39.8276 45.4667 42.6963 30.2639 39.9569 38.9045 36.3071 34.6041 30.2495 46.6451 33.694 30.1067 30.068 35.2006 35.9636
threshold=0.27700000000000008 0.55400000000000016 0.84300000000000008 0.63800000000000012 0.41550000000000004 18.550000000000004 0.055000000000000007 57.850000000000001 37.850000000000001 37.95000000000001 6.7575000000000012 3.7500000000000004 6.9750000000000005 66.250000000000014 2511.5831842576031 6.495000000000001 0.115 6.7550000000000008 54.750000000000007 2.2500000000000004 34.050000000000004 3.7500000000000004 3.5000000000000004 46.000000000000007 0.58200000000000007 17.350000000000005 22.650000000000002 0.14500000000000005 5.5000000000000009 6.7395000000000005 14.950000000000001 47.750000000000007 6.7465000000000011 3.2950000000000004 57.250000000000007 40.250000000000007 2.2500000000000004 2087.1073934160827 26.950000000000003 3.8950000000000005 47.150000000000013 18.950000000000003 19.550000000000004 7.6500000000000012 9.8500000000000032 6.5000000000000009 21.950000000000003 3.7450000000000006 3.5000000000000004 7.3850000000000007 35.850000000000001 3.5000000000000004 3.8050000000000002 3051.2854317732367 36.250000000000007 15.350000000000003 0.15650000000000003 3.2500000000000004 49.07500000000001 30.250000000000004 8.1550000000000029 12.250000000000002 25.350000000000005 51.850000000000001 6.7605000000000013 11.750000000000002 12.800000000000002 84.77500000000002 14.350000000000003 86.02500000000002 74.550000000000011 6.7475000000000014 10.500000000000002 3.5000000000000004 11.255000000000001 2.9750000000000005 11.500000000000002 19.050000000000004 29.650000000000002 50.95000000000001 14.550000000000002 12.450000000000001 3.4000000000000008 29.950000000000003 71.52500000000002 6.705000000000001 64.550000000000011 6.8350000000000009 1838.6730205278598 9.5000000000000018 53.525000000000013 3.2150000000000003 7.5000000000000009 3.3050000000000002 64.450000000000017 4.2250000000000005 36.250000000000007 0.15500000000000003 32.45000000000001 20.150000000000002 5.1950000000000012 68.375000000000014 54.750000000000007 4183.9743589743603 3.2500000000000004 4.2500000000000009 24.950000000000003 25.150000000000002 41.45000000000001 3.7500000000000004 31.450000000000003 32.850000000000001 1902.2116324535684 1.2500000000000002 0.20500000000000004 3.1950000000000007 42.150000000000013 7.7350000000000012 40.45000000000001 6.7355000000000009 2.2500000000000004 6.6950000000000012 3.7250000000000005 22.050000000000004 40.750000000000007 29.450000000000003
decision_type=2 2 2 2 2 2 2 2 2 2 2 2 2 2 2 2 2 2 2 2 2 2 2 2 2 2 2 2 2 2 2 2 2 2 2 2 2 2 2 2 2 2 2 2 2 2 2 2 2 2 2 2 2 2 2 2 2 2 2 2 2 2 2 2 2 2 2 2 2 2 2 2 2 2 2 2 2 2 2 2 2 2 2 2 2 2 2 2 2 2 2 2 2 2 2 2 2 2 2 2 2 2 2 2 2 2 2 2 2 2 2 2 2 2 2 2 2 2 2 2 2 2 2 2 2 2
left_child=-1 4 3 23 7 6 -5 15 12 10 -10 -11 13 52 -15 92 -4 44 19 20 26 22 -22 24 28 -12 27 -19 29 31 33 -3 -32 -31 35 -7 37 -26 43 -40 41 46 -43 -39 45 103 -38 54 -47 51 -51 -14 -8 -33 100 56 57 58 71 66 61 -61 63 64 75 -58 122 78 69 -69 -70 73 -73 74 -6 -59 82 105 80 -80 -64 -75 114 87 85 -85 93 -84 -87 91 -91 -56 -2 -86 95 -36 98 -98 -97 106 101 -46 -102 -18 -49 -65 -17 108 110 -110 -108 112 -109 -113 118 -116 -117 -118 119 120 -57 -121 -60 124 125 -101
right_child=1 2 16 5 55 34 8 -9 9 11 25 -13 49 14 -16 99 17 18 -20 -21 21 -23 -24 -25 36 -27 -28 -29 -30 30 32 53 -34 -35 94 -37 40 38 39 -41 -42 42 -44 -45 47 48 -48 104 -50 50 -52 -53 -54 -55 89 76 65 62 59 60 -62 -63 67 77 -66 -67 -68 68 70 -71 -72 72 -74 81 -76 -77 -78 -79 79 -81 -82 -83 83 84 86 88 -88 -89 -90 90 -92 -93 -94 -95 -96 96 97 -99 -100 123 102 -103 -104 -105 -106 -107 107 111 109 -111 -112 113 -114 -115 115 116 117 -119 -120 121 -122 -123 -124 -125 -126 -127
leaf_value=0.10663692227565152 0.040052767844238293 0.076303529834514938 -0.0041593487614457088 -0.020599504355633298 -0.036318161708126989 0.0088664150260152046 0.07892012435904236 -0.0035974953876564564 -0.02559020356417736 0.010477504244905142 -0.012766456409998447 0.086864670889343909 0.056920757212921398 0.0580446331430233 -0.014262175044910135 0.079616215404669163 0.035155496643409119 0.024758075176187107 -0.012613488919187014 -0.0026760708028063821 -0.0087538224623785986 -0.0093579634125408612 0.058604888388389315 0.084767628416144783 -0.012537074820701797 0.063642280502522255 0.060811984465446382 0.0041192562359864222 0.042803239078384576 0.063717161264335992 -0.0080777360143724792 0.00016612979045270621 0.01383325847033819 0.021253012594111505 -0.024307409797652012 -0.02409547107507768 0.036243353762494844 0.10027539802739703 0.026269538554494761 0.015675467262950216 0.088013175777911318 0.068590936062946625 0.032656081706501 0.041241317483710974 0.0093845356616318494 0.086694180557592856 0.025222488247581182 0.062644540339367852 0.016965304625719109 0.012476035369149126 0.052525950070131666 0.026890575202255389 0.01580702589271251 0.064611614452570867 -0.029349421662078903 0.070952519655152466 0.018400596280642501 0.06049890955350893 0.027651557681143836 0.050217087139491162 0.11440521045347644 0.036045782922187693 0.039381918195444544 -0.014563369630933038 -0.036165276634415697 0.07213327645699541 -0.013554410660247075 -0.036117330868743254 -0.022241864727473654 0.044419127973605012 0.046779537227052949 0.075904457084194452 -0.0027895816840864175 0.098652633576416862 0.035052433565992393 0.019339321158087213 0.11346679414716006 -0.030640533054215817 0.028570693811431819 0.043364179341734539 0.069236616306065188 0.027170299576293331 -0.014117056315721306 0.061374162830703675 0.099371936965562832 -0.019624515865772591 0.0040408505888120212 0.071213573315338272 0.040269807009552641 0.04326255207476138 0.0042368403856583477 -0.0014776063128759151 -0.022006256971784165 0.063537054496096437 0.077111217855578132 0.025381844305718167 -0.035932936241511469 0.037889269794101399 0.080211994202286807 0.058278808112260015 0.00063397327600238894 0.043227264486212273 0.028196020065196257 -0.035646162696883657 -0.017331535515758442 0.075534120934859769 0.050341474324561646 0.052906205329396848 0.060893170745683442 0.023209239553255788 0.066332206060187415 0.047116659414111743 0.045075917278315988 0.055655549862139386 -0.036149646681733198 -0.013639481613103185 0.03718063325727626 0.087874442566323652 0.061701636009168545 0.039469890767605605 0.04337308347086892 0.045145752533097813 0.067624481025173697 0.016550866225290454 0.087316963437441386 0.043322253448536213
leaf_weight=20988.423995301127 27.351259529590607 19.77642048895359 1098.4585786610842 38.491672411561012 8.5230476260185224 1350.4088059514761 7.7301809936761847 13.836746186017988 70.813433229923248 51.264297261834145 12.876968249678614 7.2309793531894675 46.502036780118942 7.8736600875854483 68.259573608636856 40.924745976924896 10.463466182351114 128.14605540037155 310.37897291779518 1377.5823900103569 22.066491663455963 196.87578332424164 20.523534566164017 9.8001689165830594 44.708071306347847 10.431051626801489 13.816878542304037 235.21655680239201 49.122146651148796 22.25714299082756 101.28583939373493 24.486462086439133 266.00095556676388 116.79553355276585 12.798467114567755 37.601377576589584 288.10049928724766 11.874029308557509 1354.0637658089399 645.22178131341934 11.866104200482367 32.726168975234032 807.83428460359573 55.685923412442207 1111.8369757086039 15.779914259910585 3297.3696645051241 4.4797706753015509 11.218380674719809 239.81932753324509 32.019410938024521 172.96408733725548 4421.6300686448812 10.28552523255348 45.629509970545769 94.396797567605972 16.196972697973251 35.302861019968987 199.65277646481991 452.3974239975214 11.802929744124411 382.32340757548809 119.86135976016521 6.8450180143117887 7.5543305724859229 67.271187886595726 19.460994586348534 7.099142760038375 31.036319673061371 60.79375422000885 10.675849914550779 106.2490506619215 8.8384471237659437 17.610494151711467 33.263712912797928 45.32820026576519 6.8934910744428626 24.9263836145401 354.87434220314026 416.40455737709999 74.776276275515556 9.2949488013982755 20.33444565534592 130.68924301862717 27.355312511324883 8.8525909036397916 10.841513767838476 5.4827500432729712 180.56410309672356 28.285234704613686 89.293399631977081 446.8676168769598 10.690392673015593 154.78920613229275 10.471747323870657 21.793944850564003 13.895723506808283 12.057294666767119 17.916237816214561 197.99626065790653 629.4427227973938 37.746807724237442 39.608752936124802 12.030065461993216 88.246944636106491 6.5850609093904495 248.08536432683468 1784.250359505415 106.99066033959389 81.912112206220627 575.93612964451313 617.22335730493069 1082.7828491330147 3920.1709215193987 6.6940493285655966 13.035253047943113 396.83915561437607 13.147038385272024 102.85653175413609 1340.5801838636398 136.16838090121746 3274.5126561522484 18.573153167963028 28.087609708309174 20.399177744984627 559.75329567492008
leaf_count=37218 131 69 6997 253 56 7866 30 85 477 294 82 27 203 35 437 129 55 707 2089 8700 142 1272 95 34 291 45 60 1433 233 85 635 143 1491 618 85 254 1384 29 6950 3561 34 130 3976 255 6592 59 16982 20 63 1361 148 903 24697 41 320 343 82 138 965 1906 29 1768 544 41 50 243 117 47 193 268 46 376 50 51 154 232 17 161 1708 1835 277 45 129 489 74 54 57 21 811 142 543 2787 70 577 39 115 97 60 67 773 3886 189 215 86 587 23 996 7133 407 394 2064 2566 4558 15392 44 78 1830 43 379 6050 596 14296 70 148 63 2437
internal_value=0.0577043 0.0303913 0.0143331 0.0201282 0.0482669 0.0141927 0.0156253 0.0527843 0.0158968 -0.000865434 -0.0139049 0.0200779 0.0164091 0.0155366 -0.00669823 0.0528684 0.000912798 0.00205592 -0.00149235 0.000238325 0.00675088 -0.00345915 0.0237315 0.0256456 0.0255633 0.0214905 0.0132363 0.0114068 0.0181559 0.0159874 0.0133728 0.0401613 0.00778628 0.0281016 0.00915847 0.00797072 0.0262527 0.0230301 0.0238008 0.0228523 0.0277852 0.0276214 0.0340649 0.0517719 0.00523714 0.0304322 0.0261094 0.00474082 0.0579452 0.024402 0.0172165 0.0332834 0.0159193 0.0194027 0.00543412 0.0433017 0.0404217 0.0396976 0.0436123 0.0409433 0.0447337 0.0437332 0.0355635 0.0187857 0.0310761 0.0617589 0.0274241 0.0375342 0.0205541 0.0359351 -0.00447096 0.0593197 0.0698507 0.0415782 0.0204075 0.0374315 0.0445421 -0.00943962 0.0394571 0.0365641 0.0508889 0.0742054 0.0444596 0.0516763 0.0540634 0.0472405 0.0653424 0.00415143 0.0374538 -0.00064623 0.0136666 -0.00406839 0.0225618 0.0689787 0.0276494 0.0209392 0.0298047 -0.00156513 0.0502969 0.0529924 0.00747457 0.0105007 0.0022719 -0.00263467 -0.0133883 0.0297343 0.0535437 0.0534158 0.0583725 0.0445815 0.0615264 0.0527367 0.0499512 0.0544954 0.0437353 0.0360533 0.0372077 0.0388309 0.0444013 0.0440325 0.0546969 0.0434983 0.0310899 0.047201 0.0483031 0.0472395
internal_weight=58590.5 37602.1 19808.1 13834.1 17793.9 6664.85 5187.91 9316.39 5149.42 152.617 94.1215 58.4953 4996.8 4505.49 76.1332 9302.55 5973.99 4875.54 2304.61 1994.23 616.645 239.466 42.59 7169.26 7159.46 23.308 377.179 363.363 610.01 560.888 506.339 54.5484 367.287 139.053 1476.94 1388.01 6549.45 2111.55 2066.85 1999.29 4437.9 4426.03 840.56 67.56 2570.93 49.4918 3585.47 2521.44 26.9983 491.305 271.839 219.466 4429.36 34.772 2428.71 8477.55 2553.52 2470.05 1267.99 1084.21 846.524 834.721 1202.06 126.542 88.1854 83.4682 237.687 1075.52 109.605 67.8929 41.7122 183.78 115.087 68.6922 41.7868 80.6311 5924.03 38.3565 965.917 771.279 194.638 26.9054 5917.14 538.909 513.092 320.106 192.986 25.8172 189.417 610.076 117.579 492.497 38.0417 182.145 88.9334 78.4617 65.6632 25.953 39.7102 9264.51 1818.64 1149.58 669.051 22.4935 92.7267 13.4301 8458.28 8417.35 1012.92 188.903 824.021 7404.43 2867.03 4537.39 5378.23 429.715 423.021 409.986 4948.51 4845.66 230.565 4615.09 218.226 806.236 778.149 757.75
internal_count=223482 186264 111555 74516 74709 37575 28992 37346 28739 925 604 321 27814 25199 472 37261 37039 30042 14498 12409 3709 1509 237 36941 36907 127 2200 2140 3315 3082 2829 253 2126 703 8583 8120 33592 11086 10795 10511 22506 22472 4106 284 15544 263 18366 15281 122 2615 1509 1106 24727 184 14674 37363 11475 11150 5587 4855 3703 3674 5563 645 420 325 1152 4918 554 315 239 732 426 306 210 370 25888 225 4364 3543 821 96 25871 2212 2062 1354 708 150 865 3792 685 3107 201 651 463 424 339 157 182 37060 10882 6781 4101 141 607 64 33639 33510 3861 801 3060 29649 11691 17958 23659 1995 1951 1873 21664 21285 939 20346 1035 3421 3273 3210
is_linear=0
shrinkage=0.03


Tree=4
num_leaves=127
num_cat=0
split_feature=13 14 30 30 30 26 4 17 20 9 28 37 4 30 42 43 9 17 34 25 27 4 30 9 20 28 27 22 22 27 27 3 40 37 40 35 25 3 35 25 43 43 17 23 37 20 40 22 36 36 1 40 35 20 24 4 41 35 6 4 28 40 41 30 20 6 4 23 17 4 38 40 22 42 28 43 26 27 3 4 9 4 28 25 35 36 35 43 35 36 26 4 41 3 24 27 37 4 5 36 39 36 6 35 22 22 4 20 28 3 20 26 23 42 41 9 28 6 37 23 35 9 3 20 26 36
split_gain=73973.1 10657.6 1555.87 453.939 383.364 47.5127 43.932 40.1979 38.3994 37.9819 36.8597 47.0632 43.7642 39.5062 37.3604 44.94 39.8053 35.37 48.8996 47.466 45.0389 43.9411 41.5778 62.5245 40.3274 36.8981 45.2772 44.1619 52.4322 38.4904 36.0318 34.5902 61.4235 86.4247 58.8282 54.994 53.2843 46.7391 41.8183 38.9041 41.3938 35.6323 38.2629 34.5532 40.5497 41.3251 39.1793 49.612 34.3812 49.6468 67.9971 34.2932 48.2053 53.8028 40.0508 39.9265 36.6637 33.8083 33.7418 33.5968 44.1199 33.1083 56.9174 47.8392 33.0903 39.3412 40.3228 32.0865 32.0265 31.5459 39.6158 31.1774 56.8104 32.0058 31.0908 30.2924 51.162 43.4826 53.5224 49.046 57.9776 57.4325 47.0795 46.3849 42.1165 41.6797 37.2036 34.214 53.3045 33.093 33.8017 33.7598 32.4319 30.2868 29.6359 45.8696 57.2759 35.9179 31.0212 40.29 44.4404 34.433 33.5474 31.6975 29.5892 35.9111 29.5678 29.419 29.3629 39.9801 41.3185 36.7598 30.4824 41.4209 57.3644 55.6485 39.1641 33.4603 49.0782 57.4098 54.2117 46.4931 44.1976 36.8069 29.0594 28.8765
threshold=1.0000000180025095e-35 1.0000000180025095e-35 4.495000000000001 4.0650000000000004 3.2200000000000002 3.5550000000000002 55.750000000000007 4.955000000000001 3.2250000000000005 6.7500000000000009 31.550000000000004 0.14666666666666697 51.050000000000004 4.2250000000000005 4682.5757575757589 0.025845822697609905 19.350000000000005 13.090000000000002 1.7500000000000002 6.738500000000001 14.250000000000002 30.350000000000005 4.2250000000000005 19.650000000000002 3.3750000000000004 38.550000000000004 19.450000000000003 31.050000000000004 35.650000000000013 14.850000000000003 20.750000000000004 28.450000000000003 2735.5990783410143 -0.013333333333333147 2324.1621621621625 -1.1499999999999992 6.7605000000000013 30.850000000000005 -0.93666666666666609 6.7585000000000006 0.035227727636654757 0.034696957670207702 9.1300000000000008 56.45000000000001 -0.083333333333332524 3.1250000000000004 4153.5885167464121 40.250000000000007 -0.060833333333333288 -0.024999999999999949 2.8250000000000006 3171.8253968253975 -1.0858333333333332 3.2950000000000004 0.14550000000000002 42.050000000000004 0.032713603913800605 -1.7683333333333331 6.495000000000001 29.550000000000004 39.250000000000007 2720.606060606061 0.036151385201824204 4.7150000000000007 3.1850000000000005 6.745000000000001 32.250000000000007 57.95000000000001 17.045000000000005 40.550000000000004 1.7500000000000002 3714.0873015873017 41.150000000000013 3607.5187969924814 32.45000000000001 0.053203395456916554 3.7150000000000003 19.050000000000004 62.050000000000004 28.750000000000004 28.950000000000003 37.150000000000013 32.350000000000001 6.7545000000000011 -0.58833333333333349 0.034166666666666602 0.54000000000000037 0.052991154830473605 1.0491666666666666 -0.0024999999999999497 3.4750000000000005 32.150000000000013 0.061138337763432658 65.250000000000014 0.14350000000000002 17.450000000000003 0.041666666666667358 26.450000000000003 0.12500000000000003 0.047499999999999952 3.7500000000000004 0.024999999999999956 6.5550000000000006 -2.0108333333333328 35.150000000000013 30.750000000000004 32.95000000000001 3.5950000000000002 39.45000000000001 30.550000000000004 3.6650000000000005 3.2150000000000003 44.850000000000001 1947.5478468899526 0.050565348939615555 26.350000000000005 38.250000000000007 6.7950000000000008 0.026666666666666752 46.150000000000013 0.86833333333333373 19.550000000000004 32.95000000000001 3.6750000000000003 3.1550000000000007 -0.055833333333333297
decision_type=2 2 2 2 2 2 2 2 2 2 2 2 2 2 2 2 2 2 2 2 2 2 2 2 2 2 2 2 2 2 2 2 2 2 2 2 2 2 2 2 2 2 2 2 2 2 2 2 2 2 2 2 2 2 2 2 2 2 2 2 2 2 2 2 2 2 2 2 2 2 2 2 2 2 2 2 2 2 2 2 2 2 2 2 2 2 2 2 2 2 2 2 2 2 2 2 2 2 2 2 2 2 2 2 2 2 2 2 2 2 2 2 2 2 2 2 2 2 2 2 2 2 2 2 2 2
left_child=1 2 3 9 6 17 58 -7 64 125 14 12 -12 -13 15 -10 -16 18 25 20 -19 22 23 -21 -24 26 29 -27 -29 -5 68 32 34 41 35 -11 38 59 -35 40 -36 42 -34 61 45 -45 47 -47 69 50 -50 54 53 -53 56 -54 -39 -51 93 -33 -61 63 94 -4 67 -66 -67 -9 -23 70 -20 72 -46 -74 -8 87 77 78 79 80 86 85 -80 92 -83 -81 -77 108 -89 107 91 -91 -84 -3 95 96 97 -63 102 101 -101 -100 -96 -104 105 -22 -41 -79 112 -110 -111 -112 113 -6 116 -116 -115 118 120 -120 -114 123 -123 -119 -60 -1
right_child=-2 4 43 5 75 7 74 8 10 31 11 13 -14 -15 16 -17 -18 19 48 21 104 30 24 -25 -26 27 -28 28 -30 -31 -32 37 33 36 39 -37 -38 51 -40 106 -42 -43 -44 44 71 46 -48 -49 49 57 -52 52 55 -55 -56 -57 -58 -59 124 60 -62 62 -64 -65 65 66 -68 -69 -70 -71 -72 -73 73 -75 -76 76 -78 89 82 81 -82 84 83 -85 -86 -87 -88 88 -90 90 -92 -93 -94 -95 98 -97 -98 -99 99 100 -102 -103 103 -105 -106 -107 -108 -109 109 110 111 -113 117 114 115 -117 -118 121 119 -121 -122 122 -124 -125 -126 -127
leaf_value=0.05422505358940348 0.097754743873005714 0.0097799467589731563 0.026413990810707392 -0.027788750139125712 0.018630028814139322 0.064080254510116855 0.050660888186431302 -0.024206932415830034 0.0014921834629732908 -0.021006150811852243 0.020740097270789976 0.097020235896898108 -0.036027530576032307 0.034066443875546866 -0.015332762343957687 0.015176349264621638 0.064594532591216475 0.1149860881618102 0.066774773312913996 0.0038649076345546058 0.010811570276312075 0.011313114657027501 0.050218053750622986 0.0799488248308865 0.0099311563535208047 -0.035501677593082523 -0.032519167706329698 0.084893482718151947 -0.0047851636396919646 0.0058289291294869741 -0.021319723971890903 0.029801342509497425 -0.015314364830107742 0.051410755615413709 0.0019417505066398144 0.059712707630716136 -0.015980059774519911 0.039496251552674583 -0.004108998140083699 0.030328618017665513 0.055286329626278503 -0.036460214417967284 0.033320437923540079 0.076424969877421409 -0.010997299645435409 0.065770246825251566 -0.0087594960587271849 -0.035262359029040846 0.056451195983902573 -0.0011792981130037824 0.017102727636605017 -0.0065817488936913034 0.028628764518573359 0.044613778677673667 0.024211350824021642 0.014672611301643745 0.011461062758912635 0.011506085820802543 0.0018867711178408039 -6.822565254209606e-05 0.08015066947226164 -0.017860704466652423 0.097917831036965136 -0.011334226627314831 0.075807957911673579 -0.035818539787338885 0.048044906238478451 0.032562370827295947 0.070614060548143093 -0.027371288716721811 0.00054496843625314651 -0.01516757395671884 0.0071809405008812655 0.092606374024816224 -0.0074749753458464357 -0.014270994703712691 -0.024966796522995504 0.078955886757232335 0.078748884738752981 0.049585930732599856 0.099535470605775209 0.036912657639639766 0.028492705760259852 -0.02232479684486921 0.0048614153690447852 0.00682674260504484 0.034804716659568802 0.078567609116699008 -0.013586706151070566 -0.015269183620014174 0.074501264209815676 0.039912084120023054 0.094173160173538939 0.081837317899367629 -0.031478947498039055 -0.0086010880144899108 -0.0096210209660600298 0.047832470066596133 0.0025881897453262719 0.0036096714941455713 -0.014696292055704347 0.0097929357642151122 -0.028121367210534209 -0.00060456529101798472 -8.8402059636691525e-05 0.06784460497496296 0.10333832336153835 0.025491044536437069 -0.0068127091997962977 0.059533694775436179 0.083055937589130338 -0.0001561528255893402 0.0422305269910885 0.04505064663039067 0.070721134153493084 0.01637308613301371 0.0041108923007779491 0.040390325386427964 0.016166341191856674 0.051368448171618092 0.033819663812610173 0.015752540242080025 0.034930859748454085 0.066383085489259822 0.049869616299181387 -0.0056631066911519527
leaf_weight=8.1757171154022199 22186.844647809863 32.404837757349014 33.492750257253647 35.495733141899109 48.285346522927284 16.290075868368149 13.615060716867445 12.612192168831823 268.99093553423882 19.35705561935902 616.53095097839832 12.274743407964705 12.363075643777846 33.939556673169136 7.2577996701002148 1101.8227525800467 23.678775101900101 6.8373006433248511 8.6341561973094922 14.86649441719055 15.793016195297239 348.9341998398304 29.349684000015259 28.277982756495476 93.859078645706177 6.9725807309150722 41.701018184423447 14.780366346240045 9.6204859316349012 220.44894772768021 30.252440437674522 58.519837498664856 28.144850641489029 100.31341482698917 15.455925047397612 12.353213533759115 14.62446181476116 47.227270975708961 13.827697426080702 6.6342002153396633 87.949568867683411 20.163467973470688 29.910577356815338 7.912086993455886 36.269832581281662 16.081426993012432 54.856660813093185 5.9008653908967963 41.916626796126366 204.72433930635452 684.58513110876083 19.990554556250572 1048.8003212511539 232.19205439090729 4709.7828519642353 224.87700456380844 378.26579749584198 2439.3117631822824 11.446071505546568 151.51124694943428 6.3308929353952399 8.3603084385395032 5.4897235482931128 299.30198402702808 27.89585679769516 7.175868675112727 17.618293389678001 30.183171465992928 8.3098128587007505 34.025109559297562 117.95347635447979 304.86826361715794 6.927247121930125 9.2591499686241132 20.746470153331757 53.217371597886086 12.676435038447378 46.28280858695507 37.315616711974144 153.65963159501553 5.4055185765027991 64.703967660665512 20.495125025510792 10.445683360099791 86.06373342871666 23.812054380774498 18.703149050474167 42.655824795365334 6.4468248486518851 13.841718673706053 16.037845239043236 34.943626388907433 10.186987251043318 6.1913294196128836 34.267987623810768 49.19816654920578 28.357865333557129 65.994883343577385 2499.0179851949215 253.43100409209728 225.28799964487553 784.77905836701393 38.761591881513596 1241.9719771742821 16.55019722878933 27.215057834982872 22.383135125041008 11.840959787368773 9.9019885957241041 189.7758721113205 6.133156597614291 20.311297938227654 3086.4085765480995 770.82681861519814 136.02749580144882 19.534242272377014 21.724613532423973 971.60802175104618 44.860929802060127 639.66913911700249 894.71358120441437 121.78303818404675 1005.7408550679684 52.027447432279587 9532.8567721992731 58.051549196243286
leaf_count=35 37212 183 181 238 237 65 57 83 1581 122 3303 40 85 168 46 6078 99 18 35 87 88 1967 134 107 533 49 289 56 60 1282 199 286 172 434 87 50 90 224 80 32 372 135 144 32 241 68 349 42 185 1228 3772 118 5186 1045 23882 1204 2101 13843 61 867 22 55 17 1984 102 49 78 144 32 229 705 2068 43 36 126 319 78 145 116 625 15 287 96 64 468 125 85 140 37 81 55 152 29 18 243 315 181 319 15295 1550 1492 4646 272 7779 98 109 64 54 55 684 18 111 13112 3226 474 97 115 4185 222 2567 4012 610 4483 188 36893 341
internal_value=0.0541616 0.0289208 0.0137737 0.0192599 0.0454467 0.0135983 0.0495773 0.0172233 0.0168683 0.0244213 0.0160102 0.0217735 0.0196162 0.050993 0.0132321 0.0124925 0.0458061 0.0118269 0.0107569 0.0184805 0.0424499 0.0155972 0.0284954 0.0538365 0.019573 -0.000300157 -0.00356993 0.0305859 0.0495996 0.00115176 0.0100502 0.0246279 0.0335667 0.0226666 0.0472813 0.0104808 0.0377665 0.0241449 0.0446739 0.0560677 0.047337 -0.00218845 0.00973105 0.00100768 -0.00706357 0.0115742 0.00478638 0.0385445 0.0117876 0.0124338 0.0193825 0.0245908 0.0285475 0.0405486 0.0234143 0.0261672 0.0145849 0.0105233 0.0496988 0.0104039 0.00318849 0.00164892 0.00223247 -0.00752391 0.0354797 0.0513918 0.0236667 0.0157795 0.0127161 -0.00176396 0.00512328 -0.0114903 0.00984106 0.0564078 0.0155968 0.0408841 0.0344573 0.0357048 0.0316368 0.0272295 0.00570274 0.0322929 0.0543404 0.0320206 0.0186419 0.0438643 -0.00145727 0.0413758 0.0664349 0.0516686 0.0367831 0.0242258 0.0505836 0.0215593 0.00212987 0.0151835 0.0265879 0.0404119 0.00173874 0.00312515 -0.00500336 0.00431072 -0.00222692 -0.00144067 0.0339188 0.0470099 0.0868592 0.0681523 0.0412218 0.0519351 0.0546344 0.0193266 0.0409109 0.045837 0.0472188 0.0639211 0.043931 0.0401899 0.041623 0.0490664 0.0403416 0.0370794 0.0328623 0.0417193 0.0498123 0.00177804
internal_weight=60505.9 38319 19993.7 13983.9 18325.3 6669.05 9617.26 2188.63 2172.34 7314.84 2076.86 675.108 628.894 46.2143 1401.75 1370.81 30.9366 4480.41 3860.17 620.245 66.3956 553.85 166.353 43.1445 123.209 329.019 297.646 31.3734 24.4009 255.945 387.496 7248.62 371.118 206.984 164.133 31.7103 128.766 6877.5 114.141 132.423 103.405 78.2189 58.0554 6009.79 442.076 84.751 76.839 21.9823 3531.15 3370.54 726.502 6661.14 1525.86 252.183 5135.28 1273.68 425.493 2644.04 9582.9 216.362 157.842 5567.71 5234.92 332.795 95.4854 52.69 24.7942 42.7954 357.244 160.613 126.588 357.324 52.4562 16.1864 34.3615 8708.07 619.632 606.956 484.009 405.565 77.326 328.239 78.4434 41.1278 150.768 177.472 71.9205 8088.44 49.1026 122.947 64.8232 48.7853 30.6821 38.5962 5229.43 151.911 102.713 74.3552 5077.52 3762.52 478.719 3283.8 1315 1280.73 59.5583 43.0081 29.0173 58.1238 8039.33 226.122 216.22 26.4445 7813.21 996.399 948.113 155.562 792.551 6816.81 4665.65 684.53 3981.12 2151.16 1127.52 1023.64 9544.3 66.2273
internal_count=223482 186270 111565 74357 74705 37264 37338 11921 11856 37093 11400 3596 3388 208 7804 7659 145 25343 21971 3372 313 3059 861 194 667 1974 1809 165 116 1520 2198 36717 1782 1055 727 172 604 34935 514 555 459 451 316 37208 2879 491 459 110 19997 19028 3957 33760 7553 1163 26207 6390 2325 15071 37155 1175 889 34329 32164 2165 456 229 127 227 1999 969 740 2388 320 79 183 37367 2794 2716 2229 1924 419 1505 305 189 755 750 404 34573 177 487 288 233 125 201 32147 870 555 374 31277 22983 3042 19941 8294 8051 295 197 96 199 34396 868 813 129 33528 4149 3912 571 3341 29379 19913 2789 17124 9466 5093 4373 36954 376
is_linear=0
shrinkage=0.03


Tree=5
num_leaves=127
num_cat=0
split_feature=18 14 18 18 18 28 28 21 6 9 40 39 26 21 2 20 23 23 5 35 21 2 20 28 1 9 3 4 3 9 1 33 26 10 9 35 37 5 1 3 36 35 20 4 4 22 17 26 5 22 29 28 21 5 5 37 22 3 10 36 4 1 20 29 34 23 28 2 21 17 36 36 43 35 36 22 4 11 37 38 40 29 35 3 39 26 25 28 22 23 6 5 36 37 18 35 22 20 20 26 40 1 5 4 40 20 9 4 32 2 1 4 20 40 4 22 26 40 6 1 3 34 23 37 35 4
split_gain=64810.1 9445.84 1418.88 422.542 379.817 48.0431 46.9629 74.766 49.2603 46.4333 51.9915 61.8003 45.3952 44.6667 48.8067 52.8233 54.681 44.2911 43.4908 57.0076 53.6556 64.1684 57.9846 44.1466 56.1318 56.3616 44.038 46.3241 42.9747 50.7428 65.1106 63.1642 68.8443 45.939 42.9102 54.0165 42.1426 41.7831 40.9812 47.9026 60.8606 40.0325 39.8371 51.0387 39.6204 38.6241 54.9171 46.9852 38.6017 40.7902 63.3542 41.7554 39.5247 40.0055 47.5066 50.468 38.3088 38.1532 37.6388 37.5553 37.3129 53.2459 36.9576 51.0449 40.7677 36.9545 44.4134 36.8517 56.9526 47.415 52.1723 46.5008 43.0313 56.0765 38.9887 44.2458 40.9809 44.9156 43.111 40.7534 38.6133 37.0703 36.8205 44.6625 40.5781 36.7848 41.2433 46.6783 39.7962 46.3636 36.7059 36.5633 36.4766 36.3941 44.8799 44.6189 36.2444 35.9671 42.4626 48.4124 35.8379 45.4853 36.3111 51.2332 36.5224 73.4007 61.3608 35.7494 49.9408 49.6449 61.9313 35.2397 69.3532 34.7889 34.5974 34.5427 34.3606 35.2051 34.1936 49.4078 34.1721 34.0763 34.0042 62.725 44.4302 42.6819
threshold=0.21850000000000006 1.0000000180025095e-35 0.84300000000000008 0.41550000000000004 0.63800000000000012 29.250000000000004 33.250000000000007 16.350000000000005 6.5250000000000012 9.9500000000000011 2914.5502645502652 4.7500000000000009 3.4450000000000007 14.550000000000002 25.350000000000005 3.3450000000000002 43.350000000000001 60.650000000000013 0.12500000000000003 2.2191666666666676 18.650000000000002 52.95000000000001 3.5350000000000006 33.850000000000001 8.1550000000000029 22.850000000000005 26.050000000000004 49.150000000000013 37.550000000000004 31.750000000000004 4.3050000000000006 5.7500000000000009 3.3650000000000007 2.5000000000000004 9.5500000000000025 -0.70333333333333237 0.048333333333333256 0.055000000000000007 4.5150000000000006 36.95000000000001 -0.020833333333333297 -2.0108333333333328 3.5850000000000004 40.750000000000007 30.450000000000003 35.150000000000013 16.570000000000004 3.4950000000000006 0.16500000000000004 34.750000000000007 4.3500000000000005 24.850000000000005 11.750000000000002 0.12500000000000003 0.13500000000000004 -0.005000000000000249 34.750000000000007 69.450000000000017 10.500000000000002 -0.039166666666666593 21.950000000000003 7.0050000000000008 3.4550000000000005 7.7500000000000009 5.2500000000000009 53.850000000000001 37.45000000000001 25.150000000000002 23.650000000000002 13.845000000000001 0.079999999999999974 0.10749999999999997 0.055102679769465653 -2.0108333333333328 -0.030833333333333296 44.750000000000007 21.650000000000002 5.5000000000000009 -0.10833333333333374 4.2500000000000009 2215.4700854700864 15.000000000000002 -0.93666666666666609 49.650000000000013 1.2500000000000002 3.7150000000000003 6.7535000000000007 28.650000000000002 34.750000000000007 55.95000000000001 6.5950000000000006 0.075000000000000025 -0.004166666666666599 0.051666666666667159 0.30500000000000005 -1.5849999999999995 36.250000000000007 3.1650000000000005 3.2150000000000003 3.7350000000000008 2491.9871794871801 2.6950000000000007 0.22500000000000003 49.550000000000004 3024.0689655172418 3.5450000000000004 18.650000000000002 31.250000000000004 3.2500000000000004 29.950000000000003 4.9350000000000014 36.250000000000007 3.3750000000000004 4439.4444444444453 24.650000000000002 36.750000000000007 3.4250000000000003 1804.3961352657007 6.8150000000000004 3.5650000000000004 65.850000000000009 5.2500000000000009 55.250000000000007 -0.074999999999999636 -1.9700000000000002 35.95000000000001
decision_type=2 2 2 2 2 2 2 2 2 2 2 2 2 2 2 2 2 2 2 2 2 2 2 2 2 2 2 2 2 2 2 2 2 2 2 2 2 2 2 2 2 2 2 2 2 2 2 2 2 2 2 2 2 2 2 2 2 2 2 2 2 2 2 2 2 2 2 2 2 2 2 2 2 2 2 2 2 2 2 2 2 2 2 2 2 2 2 2 2 2 2 2 2 2 2 2 2 2 2 2 2 2 2 2 2 2 2 2 2 2 2 2 2 2 2 2 2 2 2 2 2 2 2 2 2 2
left_child=-1 2 4 67 6 48 7 9 92 62 -11 12 -12 65 15 58 121 42 34 20 26 22 -22 44 25 -25 41 -28 33 -30 -31 32 -32 -16 35 -8 -19 -6 -35 40 -40 -20 57 -44 -21 46 85 60 52 51 113 -50 53 -4 -55 -56 -13 -10 -15 -48 61 115 -2 -64 -65 -5 -67 68 69 -3 72 74 93 -74 76 79 116 78 -78 118 -80 -75 83 -81 -84 88 -87 -88 114 -90 -18 -36 -9 95 -95 -71 -52 -49 -99 -100 101 -7 104 -104 105 106 -102 -54 109 -109 -111 112 -62 -51 -39 -47 117 -69 -76 -120 -110 -17 125 124 -124 -106
right_child=1 3 5 13 37 100 18 8 17 10 11 56 -14 14 28 16 90 36 19 23 21 -23 -24 24 -26 -27 27 -29 29 30 31 -33 -34 38 91 -37 -38 45 39 -41 -42 -43 43 -45 -46 47 59 97 49 50 96 -53 107 54 55 -57 -58 -59 -60 -61 111 -63 63 64 -66 66 -68 71 -70 70 -72 -73 73 81 75 -77 77 -79 80 82 -82 -83 84 -85 -86 86 87 -89 89 -91 -92 -93 -94 94 -96 -97 -98 98 99 -101 102 -103 103 -105 122 -107 -108 108 120 110 -112 -113 -114 -115 -116 -117 -118 -119 119 -121 -122 -123 123 -125 -126 -127
leaf_value=0.090597529238353097 0.065828626369083251 0.039804231655949533 -0.014701682339111307 0.035283290877093615 -0.013356509280017914 0.062117305847273735 0.040387250886883656 0.094101970012685027 0.027600032327115078 0.023580271728389078 0.042047779386910282 0.031450388363749603 0.0027651425343557137 0.020141560761443817 0.065130627385060522 0.040629934126288014 0.0045681992463716421 0.084109535727665233 -0.0031452902560351603 0.044920603651813718 0.01617285202732693 -0.020563678929646032 -0.014657927423906428 0.06277798276623095 -0.014482117712238 0.016694824766530302 0.018276977938873073 0.042579175040845317 0.038836128625008709 0.10832064664743371 0.094155136196229713 0.09824730293213664 -0.0091115811538976417 0.046281876652171358 0.010138632961237638 -0.018412460623800749 0.0025119355598539899 0.0048644684719059885 0.049080718359543918 0.060166273687996166 -0.021887673935901436 0.054275613114856035 0.04705377230346762 0.01094489672833002 -0.036320858287622007 0.042837766033081495 0.10364007805484789 -0.013798576540857784 0.065332640428858321 0.025831806090791207 0.10262489044170625 -0.016186303960129229 -0.002698531922574441 0.12251029332825153 0.076801358960191621 -0.03514838701193751 -0.010173906890475527 0.0059794618306520152 -0.036874536313795149 0.032904348010092101 0.0088254171724855678 0.095300075282157504 -0.025520554822523332 0.026904124894820872 0.072447474792503727 0.011178101742681114 0.06204876155013523 0.063763749376230694 -0.0068974458498644335 0.051607175477167457 -0.019387607373098369 0.091305700910919219 0.072898165713368143 0.030513280320314157 0.047441852383407326 -0.0016372386909365617 0.022661638577279316 0.052746331367156708 0.041980942593980809 0.037387708365186456 0.018756977858651883 0.052198146420577983 0.05605709200664432 -0.016656936538800515 0.04391551817677912 0.01631494609099465 0.028193479257333561 0.082424692114995354 0.02295759522941718 0.078885280670075442 0.03957584741726259 0.029415720990240653 0.028786723528261747 0.055572695706167234 0.010796876323615956 0.071938080575172522 0.021528615528263743 0.037529653115695005 0.015078945793465602 -0.01813620746295001 0.099149388882483314 -0.011918104616723853 -0.018033961385182824 0.06122866944896331 0.0043867788661689803 -0.026111290870240996 0.015297252037264279 -0.0051649256813266218 -0.010575833766581978 0.052525035010441562 0.015019804418498936 0.01014072609994683 -0.013037016791844701 -0.019308092380311229 0.014451847727348288 -0.0054259250512760891 0.073913195153158598 -0.019154108012076104 0.032943076388002285 0.055115594674597188 0.064246873174238564 -0.029033428223257229 0.082415399253819827 -0.011789872063664369 0.0076003379096678224 -0.0016402939738936054
leaf_weight=23456.584525093436 30.594698831439018 210.07243271172047 7.1936899274587658 2105.016130194068 52.646529823541641 7.5590372681617728 21.295499533414841 18.223862320184711 1644.3748822659254 927.91607494652271 28.406007453799248 164.4877246171236 374.20178428292274 132.76196447014809 106.45511485636234 9.5142502486705798 28.464314326643944 23.473136007785801 13.415860325098036 9.0962831079959887 545.82606573402882 55.608418256044388 60.911630928516388 84.249886676669121 13.612823992967604 33.585436284542084 1735.7810321599245 73.659607350826263 5046.0229906141758 21.496934697031975 7.8875671327114132 13.170494377613066 21.187957659363747 609.91588890552521 98.965247094631195 40.905900865793228 7.5705113857984534 373.77824047207832 17.233092650771141 19.882008567452431 29.074717372655869 57.43998995423317 182.15346926450729 43.90312634408474 12.990008220076559 24.51386946439743 9.5123499482870084 39.373308449983597 5.8288016319274893 26.584320276975632 9.6488516330719012 120.86246776580811 112.51778347790241 8.4242839217185992 9.2090103179216403 5.8370347917079881 22.529614239931107 77.146274849772453 11.199068516492842 23.665419012308121 288.32048101723194 9.0021118670701963 13.674281343817709 94.006066888570786 21.85455010831356 107.87298379838467 17.971931859850883 10.24763770401478 14.507076144218443 145.35130001604557 8.1987486630678159 20.743517100811005 66.149456992745399 133.29102306067944 3449.1072715371847 16.564287438988686 133.68279673159122 251.31078733503819 1144.7098335027695 346.37495018541813 68.773992002010345 154.45403930544853 293.49205949902534 14.238061115145682 1687.3294935077429 90.773262917995453 39.327148899435997 22.614899083971977 212.07245381176472 14.189865499734877 554.64027054607868 873.7272997200489 13.617790848016737 116.81585349142551 24.51273088157177 306.5949255079031 10.351903781294821 72.566286593675613 1037.7271873950958 40.934036940336227 14.319965586066248 294.34323465824127 142.11672043800354 7.6347554326057425 2369.4981759190559 15.486426264047621 17.456687614321709 39.018875166773796 64.724742412567139 74.41775831580162 85.185952425003052 483.79581159353256 238.52133509516716 36.126157194375992 3680.0920261889696 29.008870497345924 61.584392592310905 8.2048754841089231 99.342033416032791 1123.0003190636635 5.8997967541217795 18.318673923611641 7.4928279072046271 424.5969811975956 123.37478993833065 1909.2183987349272
leaf_count=37386 118 829 48 9039 339 34 97 55 8008 4628 126 781 2065 630 366 39 146 79 77 40 2834 345 366 334 83 175 8921 335 21057 49 21 34 116 2429 532 251 42 2152 67 72 170 235 790 235 87 116 26 240 25 146 33 800 707 24 37 42 132 426 71 116 1639 28 87 460 79 537 63 34 75 519 45 50 200 553 12954 84 595 910 4477 1397 313 553 1036 78 6505 491 200 82 1123 51 2333 4235 65 406 115 931 58 339 5652 259 49 1962 956 35 14393 107 101 250 417 356 497 2755 1513 244 20270 174 187 46 411 3983 26 111 28 2851 731 11920
internal_value=0.0512032 0.0274747 0.0132104 0.0427788 0.0183645 0.000918291 0.0230557 0.0254593 0.0293641 0.0207776 0.0191518 0.0121772 0.00555021 0.0380234 0.0392595 0.0320551 0.0359097 0.0287642 0.0206788 0.0186685 0.017594 0.0102443 0.0130733 0.0364291 0.0430192 0.0496814 0.0201815 0.0192694 0.0401817 0.0391744 0.0658301 0.0439686 0.0190778 0.0467509 0.0259125 0.00172686 0.0643307 0.0132324 0.0438455 0.0213366 0.00453919 0.0433933 0.0281932 0.0400555 -0.00274213 0.0134408 0.0150599 0.0102456 0.00880895 -0.00167423 0.0146941 -0.0123754 0.0141343 0.0468681 0.0657852 0.0333267 0.0264252 0.0266324 0.0156732 0.0534805 0.0056901 0.028166 0.0361541 0.0290884 0.0355629 0.034338 0.0184984 0.0470389 0.0520412 0.0527767 0.0556232 0.046362 0.056276 0.0479389 0.0462537 0.0472388 0.0421245 0.0410673 0.0388838 0.0473545 0.0406676 0.0421725 0.0441073 0.0352457 0.045718 0.0147708 0.0292474 0.0481183 0.0142532 0.026505 0.0378706 0.0274572 0.066393 0.0612378 0.0478303 0.0654156 0.061042 0.0143496 0.0153147 0.0138155 -1.61586e-06 -0.0100395 0.000600606 -0.0139448 0.00104741 0.0272642 0.0533243 0.0114896 0.0174231 0.0251254 0.0325385 0.00429545 -0.00107029 -0.000137776 0.0135684 0.0166899 0.0631422 0.0269091 0.0489808 0.0533177 -0.00422212 -0.00510619 0.000790221 -0.00619173 0.011955 0.0016971
internal_weight=62399.9 38943.3 20156.6 18786.7 14201.6 5954.93 7419.2 3688.13 2010.46 1677.67 1517.54 589.625 402.608 8878.09 6647.23 754.899 610.938 1978.62 3731.07 2696.18 2542.64 662.346 606.738 153.534 131.448 117.835 1880.3 1809.44 5892.33 5109.77 63.743 42.246 29.0755 782.561 1034.89 62.2014 31.0436 6782.44 676.106 66.1898 46.3078 70.8559 1947.58 226.057 22.0863 6729.79 4466.03 2263.76 621.831 209.403 82.7112 126.691 412.429 30.664 23.4703 15.046 187.017 1721.52 143.961 33.1778 1073.16 62.5249 160.13 129.535 115.861 2230.86 125.845 9908.65 1179.95 1165.44 955.368 8728.71 947.169 353.895 8707.96 7029.45 1678.51 1598.48 1347.17 7012.88 1213.48 287.745 2341.43 360.613 1980.82 4432.85 152.715 61.942 4280.13 226.262 583.105 972.693 31.8417 593.275 141.329 451.946 20.0008 1190.6 1151.23 1078.66 5333.1 301.902 5031.2 149.751 4881.44 47.2631 31.7767 381.765 269.247 198.623 159.604 1010.64 526.842 62.7105 4053.87 53.5227 80.0369 18.4525 4671.45 1222.34 70.6245 27.8329 4834.18 555.465 130.868 4278.72
internal_count=223587 186201 111565 74636 74688 36877 37123 18176 9700 8476 7732 3104 2191 37350 27711 3330 2629 9580 18947 13832 13113 3545 3200 719 592 509 9568 9256 24381 21277 220 171 137 3104 5115 348 121 37565 2738 309 237 312 9459 1025 127 37226 24511 12715 3710 1306 481 825 2404 151 103 79 913 8434 701 142 6225 318 744 626 539 9639 600 37286 4226 4151 3322 33060 3277 1306 33010 26448 6562 6295 5385 26364 4790 1106 9016 1475 7541 24369 773 282 23596 1174 2479 4767 120 1971 521 1450 91 6490 6250 5911 33167 1996 31171 991 30180 257 150 2253 1546 1103 853 5907 3152 390 22422 290 267 80 17348 4394 443 150 29923 3610 759 26313
is_linear=0
shrinkage=0.03


Tree=6
num_leaves=127
num_cat=0
split_feature=0 0 18 18 18 28 28 35 26 20 6 37 37 35 33 38 6 2 20 30 37 3 8 36 26 11 36 40 10 26 42 11 40 18 42 36 28 35 23 6 18 36 10 36 36 35 39 6 29 36 3 22 37 39 37 19 6 39 6 34 8 25 36 28 40 19 2 1 6 36 42 19 25 25 11 36 26 22 20 20 40 20 36 33 37 25 23 18 26 28 2 36 36 1 40 43 28 26 1 22 22 36 22 38 37 22 30 28 33 20 23 28 41 19 10 43 36 3 23 22 22 37 19 1 1 3
split_gain=56712 8466.13 1307.49 371.241 345.34 44.8357 42.3016 42.0438 41.8203 40.6974 54.3228 47.6858 45.6242 54.4245 48.3592 49.1183 43.8059 39.6974 49.8427 48.5186 77.0071 42.5554 42.0067 51.7237 53.9944 41.406 39.6919 39.1984 85.1386 38.8639 48.38 38.5842 37.2071 36.8717 37.4427 36.6504 55.5342 51.5827 36.4709 35.8915 50.0778 35.8248 35.5438 34.6578 41.8658 47.9184 52.6239 39.7664 37.9089 50.3234 54.8153 43.601 35.6088 34.5872 44.7862 34.5753 53.5098 49.4092 41.4237 40.3425 36.1359 34.4621 40.9813 34.2318 33.9427 43.4475 33.5448 33.5256 43.8131 35.694 33.1717 52.8373 52.8272 43.4925 35.7328 32.9316 35.4898 33.6461 38.2214 35.0347 32.8649 67.2205 36.3334 33.4249 36.8072 39.5645 33.2741 32.7624 32.5387 32.3028 31.986 40.9037 36.5475 38.6636 43.7112 33.9536 48.4388 37.077 46.1602 35.1267 33.3632 32.284 39.2667 36.8679 34.3567 34.4993 36.0916 40.9701 33.6466 31.3761 42.5695 31.9404 30.8421 30.5363 30.4674 37.9931 45.5361 49.5968 37.7081 50.3617 30.9677 30.4212 49.2516 40.9235 38.8168 35.5229
threshold=1.5000000000000002 3.5000000000000004 0.84300000000000008 0.41550000000000004 0.63800000000000012 29.250000000000004 33.250000000000007 -2.5108333333333328 3.5950000000000002 3.6250000000000004 6.5250000000000012 -0.13666666666666621 -0.055000000000000139 2.2191666666666676 3.2500000000000004 2.2500000000000004 6.8850000000000007 25.350000000000005 3.3450000000000002 3.4000000000000008 -0.088333333333332445 37.550000000000004 1.5000000000000002 0.024166666666666604 3.5050000000000003 3.5000000000000004 -0.09249999999999993 1740.6828703703707 4.5000000000000009 3.4450000000000007 2686.0555555555561 1.5000000000000002 2843.9613526570051 0.47550000000000003 2177.9693486590045 0.010833333333333301 34.050000000000004 2.2191666666666676 62.050000000000004 6.995000000000001 0.45149999999999996 -0.044999999999999943 10.500000000000002 -0.0049999999999999498 -0.0058333333333332989 1.0491666666666666 5.7500000000000009 6.6150000000000011 4.5500000000000007 0.0091666666666666025 36.350000000000001 35.150000000000013 -0.024999999999999845 4.7500000000000009 -0.18250000000000002 69.925000000000026 6.8050000000000006 2.2500000000000004 6.7750000000000012 3.7500000000000004 3.5000000000000004 6.7765000000000013 -0.0058333333333332989 32.650000000000013 2491.9871794871801 44.025000000000006 17.150000000000002 2.7850000000000006 6.6650000000000009 0.00083333333333331398 2126.8494827010795 46.57500000000001 6.7415000000000012 6.7505000000000015 3.5000000000000004 -0.082499999999999934 3.5550000000000002 35.150000000000013 3.3650000000000007 3.3250000000000006 3024.0689655172418 3.5450000000000004 0.020833333333333304 4.7500000000000009 0.033333333333332757 6.7395000000000005 55.250000000000007 0.43949999999999995 3.2850000000000006 28.350000000000005 25.150000000000002 0.089166666666666658 0.079999999999999974 2.7450000000000006 2215.4700854700864 0.055102679769465653 31.250000000000004 3.6150000000000007 3.2550000000000003 40.750000000000007 28.150000000000002 -0.030833333333333296 44.750000000000007 4.2500000000000009 -0.10833333333333374 25.300000000000001 3.0750000000000006 37.050000000000004 1.2500000000000002 3.1850000000000005 52.650000000000013 31.150000000000002 0.054521146567249552 50.675000000000011 10.500000000000002 0.046221998255264657 0.0091666666666666025 35.150000000000013 51.350000000000001 34.550000000000004 24.550000000000004 -0.018333333333333045 52.175000000000011 3.4750000000000005 3.2750000000000004 28.850000000000005
decision_type=2 2 2 2 2 2 2 2 2 2 2 2 2 2 2 2 2 2 2 2 2 2 2 2 2 2 2 2 2 2 2 2 2 2 2 2 2 2 2 2 2 2 2 2 2 2 2 2 2 2 2 2 2 2 2 2 2 2 2 2 2 2 2 2 2 2 2 2 2 2 2 2 2 2 2 2 2 2 2 2 2 2 2 2 2 2 2 2 2 2 2 2 2 2 2 2 2 2 2 2 2 2 2 2 2 2 2 2 2 2 2 2 2 2 2 2 2 2 2 2 2 2 2 2 2 2
left_child=-1 3 4 90 6 43 9 -8 35 10 31 41 13 66 15 -14 29 18 42 21 25 114 23 27 113 -21 -16 28 -23 30 -13 -3 -31 39 -35 67 -37 -38 61 89 -41 -11 -5 44 45 46 47 -4 -45 -50 -51 -52 -49 54 -20 56 -22 60 59 -57 -58 75 -63 -33 65 -7 -12 68 -9 -69 72 73 74 -72 -56 -6 77 78 -77 -79 81 82 -66 -82 85 -85 -86 -27 -29 -24 92 101 93 94 -2 112 97 98 -97 100 -98 104 103 -103 105 -92 108 -108 -107 111 -111 -105 -95 -25 120 116 117 -116 119 -117 -19 -55 123 124 -123 -124
right_child=1 2 5 17 38 64 7 8 -10 11 12 16 14 -15 26 -17 -18 19 53 20 55 22 33 24 -26 87 -28 88 -30 32 -32 63 -34 34 -36 36 37 -39 -40 40 -42 -43 -44 48 -46 -47 -48 52 49 50 51 -53 -54 121 70 58 57 -59 -60 -61 -62 62 -64 -65 80 -67 -68 69 -70 -71 71 -73 -74 -75 -76 76 -78 79 -80 -81 83 -83 -84 84 86 -87 -88 -89 -90 -91 91 -93 -94 95 -96 96 99 -99 -100 -101 -102 102 -104 109 -106 106 107 -109 -110 110 -112 -113 -114 -115 115 118 -118 -119 -120 -121 -122 122 125 -125 -126 -127
leaf_value=0.084339382313886505 0.040602539113800261 0.091540465394190251 -0.024729268807569676 0.018579388257197023 -0.0073588421255446268 0.050412264026255364 -0.018858858223691762 0.08543513084949815 -0.0028353873939393369 0.049994853119145199 -0.036424820474523389 -0.0068802832057920415 0.022121174929719999 -0.018652937382082551 0.076440488353483591 0.039828609617418347 -0.0045540802024052847 -0.0080970179424782376 -0.037010377842553489 0.073544009229689331 0.040530612738679875 0.047997023455326263 0.04564298719287084 0.08618353744748003 0.005420995439255975 0.083863220631552729 0.024157499158131274 0.063943596416876303 -0.037374964310063923 0.027127422054922141 0.068864185144697707 0.014359224934676318 0.012275013527972599 0.08615052761623368 0.027595623394527275 0.003704076402597348 0.017786356625375074 0.044817762306401186 -0.028558617140548883 0.024137837861399867 0.091706969543151065 -0.024500394192678267 -0.036622870234500275 -0.0024624425561146795 0.065170303173456234 -0.012719051506005793 -0.019565215943862315 0.045620995865424604 -0.024476311361514319 0.099610027317968197 -0.015184153536321042 0.061547886013893195 0.018298903123124124 0.051752546374111412 0.037233224499627911 0.026759163201845012 0.004685476406099477 -0.0019660923715685754 0.058625124379524871 0.076989012306004731 0.066641501494984282 0 0.086728406806174871 0.086283336519406145 0.02819353198758533 -0.011970919743686009 0.02143513974133018 0.020420977057302888 0.028929872913151054 0.030282982174436542 0.02166379143308229 0.014421651564249854 0.031016980134317473 0.053988789663321449 0.086753437249285775 0.03088816348910808 0.016056404433907445 0.01395058248542657 0.012586051108208868 0.0043213397316972987 0.0020033604097295849 -0.026055371938617143 0.096645471798656485 0.025265168052893243 -0.00045950415910917257 -0.027723985016797015 -0.014970169338746996 0.027745397314880973 0.033869745483267426 0.035302039608930164 0.093000457287724381 0.065311049538497534 -0.0078850043066453039 0.052409080919643081 -0.022950216378985488 0.090702503368072979 0.0073281716739397344 0.040188786384156065 0.036193758121673088 -0.021042158649486855 0.043213625430107892 0.046107825441543258 -0.0015899420977059763 0.052128112501848275 0.04127852437796932 0.029422277954154089 0.0027762650545534815 0.055511420087587998 0.079956504620175964 0.039424234604654058 0.048512384047335884 -0.0096994738895210299 0.06815957113386438 0.02770196282881528 -0.037345528499509451 0.0034953072408958341 0.074477105170340077 0.052345498432168347 -0.028595056479813103 0.083251868741964621 0.044373856952630901 0.040939408698792965 0.043246365886033526 0.094730288487721664 -0.014109596073634992 -0.029040085212300427
leaf_weight=24425.485346108675 189.99929894506931 18.530364334583282 13.569830194115637 136.10505385696888 72.551892638206482 10.303448244929312 25.043299332261086 17.050561636686325 70.353865265846252 6.8124401420354834 9.0281266421079618 9.9654174000024778 205.4118742197752 32.966425195336342 13.132049605250357 456.1540142595768 60.129801690578461 10.16762815415859 8.998464569449423 105.72328208386898 227.22096391022205 20.88649345934391 291.18724466860294 8.3836734443902952 135.42322014272213 12.198178991675375 1516.6361061930656 33.712445497512817 20.959649682044983 329.53972296416759 31.05042353272438 20.269093841314319 282.86706472933292 26.48845948278904 15.940746098756788 247.12831903994083 1049.0274237394333 67.679050654172897 19.092617720365524 16.884135529398918 24.239172995090485 36.171324789524078 11.265675395727156 281.28646042943001 14.719831466674803 51.494853258132935 27.448949486017227 67.772195890545845 13.216820895671843 10.94458684325218 14.472445517778398 12.170397207140921 118.37670336663723 140.5880911052227 23.939570039510727 99.189301833510399 14.073536127805708 62.873203292489052 136.27062171697617 16.848614171147346 21.460586309432983 8.2112210988998431 12.082578271627424 8.4069530516862851 23.1439129114151 289.55748365819454 709.96462719142437 1854.4159342497587 45.37484036386013 403.53886364400387 75.596739992499352 207.0445305109024 180.93279251456261 75.029788583517075 29.998742640018463 106.52088579535484 2211.3239935487509 525.88676810264587 2920.1926183104515 964.45171990990639 3419.5287988781929 15.637176409363745 10.043099507689474 14.618646681308745 1299.3447513282299 91.16804027557373 159.64328448474407 40.791353270411491 932.83146530389786 4640.7812894433737 6.7739047706127158 79.252066507935524 10.013213381171225 482.70737211406231 10.173738390207289 48.638987243175507 26.21559052169323 47.564919009804726 20.030422329902649 8.8627960681915265 222.1513138115406 4767.4299700707197 16.548540577292442 11.537010759115217 1549.2950419336557 55.471038237214088 76.951828107237816 15.940831899642943 15.154814675450323 1703.8739251494408 644.18324035406113 21.110440984368324 148.86489135026932 173.96782729029655 9.4030890911817568 25.412441730499268 23.942867800593376 13.218845769762991 16.722917094826698 9.8305409252643567 849.2805193811655 102.80362802743912 9.1792433112859744 11.239929422736166 12.889652892947195 17.843134000897408
leaf_count=37386 719 53 93 641 449 48 152 54 396 28 59 56 1016 200 45 2012 340 54 56 301 893 79 1133 23 674 32 7367 109 130 1579 112 101 1469 71 68 1351 5327 290 125 75 64 223 73 1762 64 336 184 331 90 36 95 52 667 522 99 416 70 325 458 48 71 48 42 25 120 1948 3491 9251 214 1912 342 985 777 272 82 526 11796 2880 16102 5597 20974 110 32 81 8109 637 1108 168 3897 19217 16 236 52 1613 57 113 122 176 77 48 812 17227 84 40 5842 232 375 55 42 6506 2296 109 437 759 57 128 73 48 98 28 3278 413 36 29 72 106
internal_value=0.0483914 0.0262093 0.0127041 0.0404625 0.0176042 0.000888732 0.0220386 0.0197954 0.0200541 0.0243003 0.0258746 0.0180724 0.0253599 0.018972 0.0275503 0.034337 0.0199219 0.0360503 0.0305267 0.0367669 0.0441242 0.0360237 0.0351299 0.0303667 0.0197903 0.0626623 0.0246123 0.0336958 0.00521348 0.0221769 0.0504525 0.057813 0.0202728 0.0363884 0.0643032 0.0204917 0.0165819 0.0194298 0.0127244 0.0361487 0.0641271 -0.0125703 0.0143273 0.0084869 0.015999 0.0133738 0.0192981 0.0246541 0.00184308 0.0256688 0.0433592 0.0199099 0.0282734 0.0331873 0.0290439 0.0390207 0.0325252 0.0140033 0.0473815 0.0341254 0.0422275 0.0128406 0.0518144 0.0357239 -2.27082e-06 -0.00980629 0.0207016 0.0227883 0.0444994 0.0221854 0.0300556 0.0242792 0.0388317 0.0378005 0.0649121 0.0127233 0.0129402 0.011414 0.0132317 0.00772087 0.000581713 0.0250505 0.0491817 0.000341228 -0.00328999 -0.0203703 -0.00204921 0.0408256 0.0349268 0.0359138 0.0443979 0.0437745 0.0489906 0.049465 0.0373552 0.0518714 0.0446456 0.0607554 0.0749002 0.0373394 0.0394364 0.0435815 0.0444717 0.0445785 0.0398692 0.0270223 0.0242247 0.011892 0.0403848 0.0415137 0.0419201 0.0121959 0.0561341 0.0304447 0.0419344 0.0260495 0.0457074 0.014998 0.00835206 0.0259573 0.0437505 0.0416315 0.0323519 0.0401767 0.0347864 -0.00436085
internal_weight=64009.4 39583.9 20325.4 19258.5 14367 5958.46 7526.65 3779.61 3754.57 3747.04 2990.5 756.536 2943.29 751.959 2191.33 661.566 713.552 9079.77 1043.46 8036.31 736.65 7299.66 6341.69 1326.16 317.775 158.713 1529.77 1008.39 41.8461 653.423 41.0158 47.2064 612.407 5015.52 42.4292 3684.21 1363.83 1116.71 6840.31 4973.09 41.1233 42.9838 147.371 625.473 293.382 278.663 227.168 199.719 332.091 50.8043 37.5874 26.6428 186.149 896.084 601.541 577.937 325.628 98.4073 252.309 116.038 35.5341 6821.22 20.2938 28.676 5332.99 299.861 718.993 2320.38 62.4254 2257.95 592.542 357.671 234.871 150.627 53.9383 6800.93 6728.38 4517.05 3026.71 1490.34 5033.13 48.8242 33.187 4984.3 1564.77 105.787 1458.99 52.9895 966.544 4931.97 10178.7 8963.52 1215.22 1205.21 200.173 1005.04 373.464 116.234 68.6694 257.23 248.367 8884.27 7164.68 7148.13 1719.59 170.292 163.519 92.8927 70.6259 2380.7 2348.06 32.6475 631.572 182.352 957.979 98.5307 46.5648 22.6219 51.9659 35.243 859.448 294.544 153.956 126.933 115.693 27.0224
internal_count=223587 186201 111565 74636 74688 36877 37123 18947 18795 18176 14369 3807 14190 3750 10440 3028 3556 37350 4505 32845 2782 30063 26299 5671 1456 501 7412 4215 209 3216 168 179 3048 20628 139 18399 6968 5617 37565 20489 139 251 714 3710 1675 1611 1275 1091 2035 273 183 147 998 3791 2613 2281 1359 466 922 464 141 37440 90 126 33167 1996 3550 11431 268 11163 2557 1599 958 614 181 37350 36901 25105 16628 8477 31171 262 152 30909 9935 718 9217 200 4006 20350 37286 33060 4226 4174 776 3398 1348 366 190 982 934 32824 26262 26178 6562 720 704 430 274 8951 8802 149 2050 782 3764 432 178 105 254 156 3332 1178 656 514 485 142
is_linear=0
shrinkage=0.03


Tree=7
num_leaves=127
num_cat=0
split_feature=0 0 18 18 18 27 5 20 42 7 25 28 21 30 37 21 26 35 28 21 37 36 22 7 9 26 37 5 9 40 42 35 22 26 7 5 3 35 9 30 4 21 3 23 28 9 37 9 37 4 27 21 7 4 20 25 27 3 8 5 22 29 27 28 21 8 25 4 4 35 3 29 3 5 4 20 4 35 38 28 21 40 7 35 39 4 32 9 9 11 23 28 42 30 4 42 23 39 27 40 7 37 23 28 35 30 26 3 35 35 22 29 18 23 18 4 20 35 8 22 26 23 20 28 26 22
split_gain=50192 7616.52 1206.1 328.444 314.627 52.4565 49.2219 44.7435 50.3257 42.9045 42.0668 41.8705 38.6233 47.8815 48.4399 44.244 43.8305 51.4571 38.1938 64.4003 42.7433 53.9846 43.3909 41.9941 56.7981 53.0497 50.0982 52.7321 40.7462 46.3733 45.5597 39.06 38.9121 38.4314 45.906 39.6364 45.6724 44.8022 40.0059 72.1851 38.2878 38.2661 37.1056 40.2672 36.9809 36.7095 36.6852 53.8384 43.1136 36.315 36.2889 36.721 35.9321 57.5601 51.1533 42.4533 40.4496 38.0284 35.2325 34.2873 37.3431 52.1425 47.1512 38.543 34.7232 52.902 34.2179 34.0195 34.0041 45.3239 33.9434 47.1084 41.0593 33.7078 42.6579 33.4344 42.0476 33.3071 41.6209 34.0167 48.2813 33.1249 33.0593 32.8297 32.6967 32.4795 44.0772 47.2378 38.9116 33.1348 32.2128 39.138 32.172 32.0805 31.6558 31.5779 31.3302 36.7858 30.6737 48.9619 46.8306 42.3701 42.7926 30.4993 39.0573 32.1218 32.0982 30.409 67.5845 32.6071 30.2192 30.1261 29.9817 31.7239 29.9087 29.8231 29.7724 29.5557 30.203 29.1017 49.9207 36.9521 28.9064 37.9264 29.222 28.532
threshold=1.5000000000000002 3.5000000000000004 0.84300000000000008 0.41550000000000004 0.63800000000000012 18.450000000000003 0.055000000000000007 3.1650000000000005 3070.9808612440197 3.5000000000000004 6.7765000000000013 29.250000000000004 14.550000000000002 3.4000000000000008 -0.063333333333332936 23.450000000000003 3.7950000000000004 1.6624999999999999 33.250000000000007 16.350000000000005 -0.13000000000000025 -0.050833333333333293 39.850000000000001 3.5000000000000004 28.550000000000004 3.5050000000000003 -0.047500000000000243 0.21500000000000002 9.9500000000000011 2914.5502645502652 2508.060344827587 -2.5108333333333328 30.050000000000004 3.5950000000000002 2.5000000000000004 0.12500000000000003 23.950000000000003 2.2191666666666676 12.450000000000001 3.8650000000000007 45.350000000000001 21.350000000000005 39.95000000000001 47.95000000000001 34.350000000000001 31.450000000000003 0.18833333333333388 16.350000000000005 0.20500000000000049 46.750000000000007 12.250000000000002 10.850000000000003 2.5000000000000004 44.650000000000013 3.5950000000000002 6.7365000000000004 15.250000000000002 48.550000000000004 1.5000000000000002 0.16500000000000004 34.750000000000007 4.3500000000000005 17.250000000000004 24.850000000000005 11.750000000000002 4.5000000000000009 6.7525000000000004 32.250000000000007 55.050000000000004 1.3750000000000007 57.250000000000007 6.1500000000000012 52.95000000000001 0.22500000000000003 49.550000000000004 3.7150000000000003 34.350000000000001 0.58833333333333371 5.2500000000000009 31.250000000000004 19.650000000000002 2491.9871794871801 4.5000000000000009 0.98666666666666669 2.7500000000000004 31.250000000000004 3.2500000000000004 26.450000000000003 27.350000000000005 1.5000000000000002 53.850000000000001 37.45000000000001 2216.6734798160455 3.0500000000000003 37.050000000000004 3070.9808612440197 45.650000000000013 5.2500000000000009 18.750000000000004 4475.7352941176478 4.5000000000000009 -0.0099999999999992473 55.250000000000007 28.350000000000005 -1.5383333333333324 3.3750000000000004 3.2650000000000001 36.550000000000004 -0.81000000000000016 -1.5383333333333324 42.550000000000004 11.750000000000002 0.43049999999999994 57.650000000000013 0.93900000000000017 37.250000000000007 3.7850000000000006 0.28500000000000042 2.5000000000000004 29.450000000000003 3.6750000000000003 53.350000000000001 3.4850000000000008 38.650000000000013 3.4550000000000005 36.250000000000007
decision_type=2 2 2 2 2 2 2 2 2 2 2 2 2 2 2 2 2 2 2 2 2 2 2 2 2 2 2 2 2 2 2 2 2 2 2 2 2 2 2 2 2 2 2 2 2 2 2 2 2 2 2 2 2 2 2 2 2 2 2 2 2 2 2 2 2 2 2 2 2 2 2 2 2 2 2 2 2 2 2 2 2 2 2 2 2 2 2 2 2 2 2 2 2 2 2 2 2 2 2 2 2 2 2 2 2 2 2 2 2 2 2 2 2 2 2 2 2 2 2 2 2 2 2 2 2 2
left_child=-1 3 4 50 18 6 -6 8 9 -8 46 59 90 16 -15 42 45 -18 19 20 21 -3 28 52 26 -26 27 -25 30 -30 -22 -20 -23 35 40 38 -37 -38 39 -33 67 -27 43 92 -45 103 -7 -48 -49 70 51 -2 53 55 57 -21 -56 -54 -40 64 63 62 -62 -61 65 94 -28 -35 -52 -70 72 -72 -9 81 75 -75 -77 79 93 -53 82 -13 84 -34 -81 119 87 -87 -89 115 -5 -92 -16 -79 -4 117 -95 -98 101 100 -100 114 -103 104 -14 -106 111 109 -109 -47 -55 -105 -44 -114 -97 -88 -101 118 -83 120 -66 -121 124 -124 -51 -63
right_child=1 2 11 12 5 10 7 49 -10 -11 -12 73 13 14 15 -17 17 -19 31 23 22 32 -24 24 25 41 66 -29 29 -31 -32 33 83 34 -36 36 37 -39 58 -41 -42 -43 112 44 -46 107 47 48 -50 122 68 77 54 110 56 -57 -58 -59 -60 60 61 125 -64 -65 85 -67 -68 -69 69 -71 71 -73 -74 74 -76 76 -78 78 -80 80 -82 95 -84 -85 -86 86 89 88 -90 -91 91 -93 -94 96 -96 98 97 -99 99 116 -102 102 -104 106 105 -107 -108 108 -110 -111 -112 -113 113 -115 -116 -117 -118 -119 -120 121 -122 -123 123 -125 -126 -127
leaf_value=0.078977888620049203 0.084243804449237028 0.060552986500393591 0.088750065124813093 0.031738433501814649 -0.020258265919669557 0.0063375740211406928 -0.015605677431249378 0.014696949266226647 -0.029333253245472885 0.086927605532675839 0.085848697296264556 -0.0094293314356470662 0.0078905323447913817 0.055758003420782805 0.063412959566444438 -0.037377508703926692 -0.024366292254211813 0.068499950347991403 -0.018515162669268965 0.0027599079224983414 -0.015866740419606045 -0.029310164146324088 -0.036653991508635755 0.011708190057021773 0.095172387121561106 0.023883321934325182 0.042235517858502804 0.073276277057679987 0.023266166386326864 0.012188543844458655 0.040209155455334107 0.046132587736027873 0.019230256561086519 0.032930687593928372 -0.031624706467656971 0.045422992738057125 0.016157247922132363 0.032728942639357148 0.015177473712268318 0.00083178143334200483 0.07685164960829885 0.089131085427120726 0.088888257762484171 0.026008314112405093 -0.019310707601462369 0.052292207958264163 -0.03593712821574202 0.088632458956449986 0.01842326868952314 -0.031421047511661367 0.041720948994373938 0.057605065498965019 0.0025834061772679823 0.0011594525892532031 0.0057876037671520221 0.030621055133301614 0.069070174835948517 0.023061594316579743 0.030290806106353721 0.061033979285173227 -0.0091563667942167089 0.088666537141544113 0.07447856582466271 -0.015856014004906622 0.062724663617265461 -0.018944114832308349 0.024738129828928524 -0.027456375529775645 -0.00028136171088078972 0.0684538084108397 0.02404844259323655 0.01024425553807036 0.0051356411282960802 -0.022286653988127014 0.051223544034066752 0.067622017355795899 -0.035024756787217157 -0.0038205622808945069 -0.015551633516902079 -0.038312110311089394 0.075302135886230998 0.089572746089595187 0.05731990049710943 -0.03661305800890758 0.022769246349920957 0.015345324069939338 -0.019398274786176829 0.088436060469518699 0.030247926421975525 -0.019504872772776842 0.0094690619262701933 0.05603299848703365 -0.0024349111101875372 0.078283184760843685 0.0099874299620360662 0.0034939063856773704 0.044367136070128897 -0.020878087546584264 0.008745559795159473 0.0014054015933579981 0.035498839555659925 -0.0019703649625895502 -0.016138215428643625 0.019519058773480244 0.039131278156302733 0.059559718655380935 0.033620086369897655 0.10729277584758486 0.044452005650875863 -0.037152029933711667 0.064005755247617688 0.058171126518254943 0.044173639950704384 3.0145393929179262e-05 -0.0219287800763815 0.048069232100936866 -0.03575477665153079 -0.017472037033960528 0.019284951372004484 -0.022271787492847944 -0.035352210732115953 0.019358886275319127 0.0099031238715907698 0.085579217947678365 0.0015449455646544099 0.019095162090113315
leaf_weight=25287.213019430637 26.727673262357712 12.176474481821058 16.650211691856391 2194.9730373173952 38.123507782816887 1512.3947832286358 7.320040747523306 3402.3155196905136 41.888273730874062 7.1801448315382004 6.0310460329055777 290.47698971629143 26.049019917845726 193.44078460335732 29.50257708132267 6.8516993373632422 22.270370185375217 6.9650554955005637 24.749281391501427 52.288392946124077 14.253233954310415 39.451094388961792 11.895103767514227 162.29452982544899 23.686151280999184 34.290650174021721 264.03696413338184 13.489654064178465 887.80185715854168 553.1686949133873 143.08211444318295 41.346483618021011 50.427803844213486 17.102167844772339 29.01163138449192 52.421591699123383 2480.7918176501989 156.2966176867485 174.6715921908617 134.35819646716118 7.8237217962741843 10.587860003113745 12.853895142674444 46.874452188611031 24.617213532328606 8.2184862643480283 7.5255101621150962 15.426470428705217 16.235001266002655 30.339389786124229 9883.6419280320406 275.26852647960186 180.63278496265411 97.707810774445534 13.868496656417845 879.21935407817364 26.698716387152672 149.11008831858635 691.30098089575768 6.0661208480596533 55.910670265555382 10.652923911809923 6.7037094980478278 119.48700445890427 13.572038263082506 8.8390976786613447 164.3473080098629 16.292127758264542 36.058221742510796 11.234180375933645 705.92940178513527 325.86941567063332 459.45099611580372 132.67718908190727 8.4888294935226423 8.6052611470222455 6.0110273361206046 12.936529755592344 13.082116603851317 11.546983137726782 18.335724547505379 9.4198489189148003 13.976430207490919 11.552407011389731 24.312838584184647 156.86779035627842 9.212067663669588 15.532623276114462 31.508865162730217 45.41023077070713 110.94053871929646 18.977842271327972 8.5577771514654142 21.703856781125069 6.4271749258041373 1723.1641855537891 75.657589793205261 8.5754103362560254 341.50883437693119 681.28768031299114 71.1703782081604 1760.7342001050711 215.30585464835167 23.272780552506447 201.81081119179726 107.32520321011543 5728.0279382318258 20.471796855330467 63.421190872788429 6.4528321772813788 7.3133295327424994 86.742744043469429 306.70349191129208 15.458370715379713 42.567149624228477 15.951668947935103 19.872419893741608 8.1847692579030973 13.378666296601294 65.416060611605644 6.9939531534910193 27.014227762818336 196.36200405657291 6.0563365370035163 117.68539752066135 10.742481619119642
leaf_count=37386 64 45 56 9039 256 8610 46 18234 276 23 20 1945 124 618 98 41 126 22 152 275 84 249 77 824 66 163 1122 46 4254 2833 612 174 247 80 186 214 12505 703 877 732 27 31 30 205 140 29 51 48 84 203 35386 861 960 527 72 4011 93 711 3194 25 362 33 28 800 60 58 773 103 186 38 3585 1778 2584 921 39 38 44 62 67 66 49 32 44 75 99 883 62 55 165 304 537 63 45 56 37 10444 263 45 2040 4217 372 11017 1502 101 787 357 23209 38 236 39 26 279 1114 73 287 77 143 54 72 443 50 154 1075 21 671 58
internal_value=0.0458645 0.0250303 0.0122226 0.0383472 0.0168858 0.0122409 0.0136546 0.0138992 -0.0126504 0.0353112 0.00739414 0.000860472 0.0342362 0.0353595 0.043165 0.0377541 0.0345598 -0.00203259 0.0210838 0.0232156 0.0189225 0.00112271 0.0201772 0.0267725 0.0329472 0.0588479 0.0299961 0.0164804 0.0206034 0.0190158 0.0351128 0.0189638 -0.00604953 0.0192087 -0.00275538 0.0196225 0.0176947 0.0171412 0.0245965 0.0115206 0.0175556 0.039474 0.0389236 0.0237025 0.0103772 0.0347306 0.0070827 0.035713 0.05285 0.0141852 0.0419996 0.0499031 0.0238166 0.0266852 0.0157778 0.0290592 0.0475404 0.0118524 0.0272462 0.00818057 -0.00172177 0.013742 -7.37266e-05 -0.0120835 0.0131314 0.0431787 0.0355336 0.00343076 0.0415994 0.0161248 0.0148535 0.0196916 0.01356 -2.7189e-06 -0.0137481 -0.0175349 0.0253549 0.0479519 0.0350541 0.0528915 0.0337803 0.000410857 0.0183534 0.00875532 0.00300729 0.010642 0.016214 0.0232848 0.0496397 -0.0041984 0.0308782 0.0163203 0.0486003 0.0406443 0.0670167 0.000996282 0.0460868 0.0376901 0.000802997 0.00517316 0.0133705 -0.000497603 -0.00351557 0.0344387 0.0432724 0.0462454 0.0339305 0.0529461 0.0599139 0.0128655 0.00560686 0.0500334 0.043888 0.0420608 0.00287898 0.023332 0.000345113 0.031139 0.0486562 -0.00288225 0.029289 -0.0100806 0.00484812 0.0122159 -0.00521834 0.0540564
internal_weight=65478.5 40191.3 20487.5 19703.8 14525.7 6896.13 5338.52 5300.4 56.3885 14.5002 1557.61 5961.81 9270.78 6945.89 644.86 451.419 6301.03 29.2354 7629.55 3803.38 1723.81 113.608 1610.2 2079.57 672.733 68.5647 604.168 175.784 1598.31 1440.97 157.335 3826.17 101.431 3801.42 70.2296 3731.19 2689.51 2637.09 1041.68 175.705 41.218 44.8785 444.568 109.552 71.4917 6271.79 1551.58 39.187 31.6615 5244.01 10433.1 502.124 1406.84 1036.53 370.31 931.508 40.5672 329.743 865.973 628.959 209.563 84.0098 62.6144 125.553 419.396 31.9165 428.384 33.3943 9930.93 47.2924 4893.57 1031.8 3861.77 5332.85 155.782 147.293 14.6163 475.396 131.956 343.441 68.172 5177.07 49.8363 61.9802 35.8598 387.48 274.483 203.909 47.0415 70.574 2324.89 129.918 38.0604 118.873 23.0774 4886.59 105.937 84.233 4855.61 1113.84 412.679 3741.77 1976.04 6173.23 335.185 309.136 5838.04 98.5643 83.893 14.6713 105.021 110.016 335.016 322.162 1765.73 25.1637 701.16 30.9833 22.7985 112.996 20.566 92.4303 350.443 202.418 148.025 21.3954
internal_count=223587 186201 111565 74636 74688 37565 28752 28496 345 69 8813 36877 37350 27711 2364 1746 25347 148 37123 18176 8476 616 7860 9700 3025 260 2765 870 7783 7087 696 18947 571 18795 396 18399 13422 13208 4977 906 210 194 1705 488 345 25199 8793 183 132 28151 37286 1676 6675 4839 1836 4286 165 1671 4071 3710 1306 481 390 825 2404 151 1895 183 35610 224 26181 5363 20818 33167 1042 1003 82 1612 493 1119 258 32125 209 322 165 2253 1546 1103 220 443 9639 600 143 426 93 30180 364 308 30022 6772 2412 23250 12519 24857 1268 1144 23589 342 274 68 553 380 1217 1187 10731 139 4360 158 104 707 110 597 1970 1096 874 91
is_linear=0
shrinkage=0.03


Tree=8
num_leaves=127
num_cat=0
split_feature=0 0 18 18 18 27 5 43 43 33 37 43 5 9 21 30 6 19 26 35 26 1 37 10 10 2 16 9 9 5 3 6 37 27 19 3 2 9 36 2 1 2 5 30 43 18 6 2 9 37 21 4 36 11 26 4 40 9 4 17 11 2 9 27 40 2 9 40 19 21 2 22 21 39 22 21 21 29 35 19 3 40 6 11 22 37 33 2 26 4 18 22 4 3 1 1 22 37 30 10 27 35 39 5 1 17 3 4 27 2 6 26 21 9 19 33 3 35 35 40 36 29 43 43 11 36
split_gain=44859.8 6875.47 1113.67 292.334 287.175 48.3069 46.1209 38.17 70.4719 36.1512 41.4864 44.5883 40.1369 36.4533 34.3463 42.47 45.4124 53.0804 39.6934 47.3061 33.5763 33.4141 32.6937 48.4197 46.477 32.2897 32.9105 33.9051 32.2735 32.0494 36.6875 31.775 38.9026 31.757 31.5281 42.9769 38.0855 31.4919 59.5426 31.4357 35.2659 32.9734 31.1343 30.9448 32.5329 32.2009 31.796 30.7679 31.1303 30.6884 69.056 46.9056 45.3186 34.5765 32.2337 30.3374 41.9486 46.2323 30.247 36.4217 59.4437 49.5595 38.5947 34.8127 30.9146 30.6743 32.747 29.8947 39.7379 36.8895 44.1078 31.9011 31.467 29.8031 38.9896 44.6959 41.444 29.6799 29.298 31.2036 48.0825 42.8867 29.063 53.6593 33.8473 33.0585 62.3257 66.0182 52.9443 74.4893 71.8904 38.656 35.1145 34.0151 36.6339 33.9297 36.4756 33.145 32.0296 28.9691 28.9223 28.232 28.2131 27.8604 27.7911 67.9889 35.053 27.7441 27.7293 27.3524 26.8197 28.2596 28.7832 26.9478 26.7984 35.7213 26.6744 56.7243 30.2393 27.2234 26.4346 38.2419 26.1091 26.3656 25.8987 25.3544
threshold=1.5000000000000002 3.5000000000000004 0.84300000000000008 0.41550000000000004 0.63800000000000012 18.450000000000003 0.055000000000000007 0.039223227752639513 0.032735604715127105 4.7500000000000009 0.035000000000000558 0.024759854426162253 0.115 24.150000000000002 14.550000000000002 3.4000000000000008 6.6650000000000009 59.725000000000016 3.7950000000000004 1.6624999999999999 3.6250000000000004 2.6950000000000007 0.18833333333333388 8.5000000000000018 4.5000000000000009 64.250000000000014 1.5000000000000002 19.950000000000003 31.450000000000003 0.22500000000000003 35.550000000000004 6.4750000000000005 -0.18250000000000002 12.250000000000002 63.625000000000014 48.95000000000001 39.95000000000001 32.050000000000004 0.030833333333333303 46.550000000000004 6.9450000000000012 56.750000000000007 0.115 4.7250000000000005 0.024931230965713706 0.86099999999999999 6.6050000000000013 70.750000000000014 6.2500000000000009 0.045000000000000359 19.550000000000004 36.750000000000007 0.040833333333333312 5.5000000000000009 3.3350000000000004 55.050000000000004 1811.8845843422116 25.650000000000002 46.750000000000007 15.730000000000002 2.5000000000000004 64.850000000000009 25.050000000000004 14.050000000000002 3540.8333333333335 27.350000000000005 14.550000000000002 2631.6985645933023 52.175000000000011 13.250000000000002 47.550000000000004 28.750000000000004 10.350000000000003 5.7500000000000009 32.45000000000001 20.950000000000003 19.750000000000004 12.15 2.9391666666666665 90.52500000000002 70.65000000000002 2056.2051282051284 6.535000000000001 1.0000000180025095e-35 28.550000000000004 -0.053333333333333142 3.2500000000000004 19.550000000000004 3.4150000000000005 41.150000000000013 0.57400000000000007 27.250000000000004 47.350000000000001 45.350000000000001 4.7750000000000012 7.035000000000001 26.750000000000004 0.080000000000000474 3.8950000000000005 6.5000000000000009 15.450000000000001 1.7266666666666672 4.7500000000000009 0.23500000000000001 4.285000000000001 9.4300000000000015 58.050000000000004 38.150000000000013 16.150000000000002 62.850000000000001 6.5150000000000006 3.2650000000000001 18.550000000000004 9.2500000000000018 71.325000000000031 5.7500000000000009 36.550000000000004 -0.81000000000000016 -1.5383333333333324 2479.4736842105267 0.025833333333333302 12.350000000000003 0.041391507229943905 0.035769390540620706 3.5000000000000004 -0.0091666666666665991
decision_type=2 2 2 2 2 2 2 2 2 2 2 2 2 2 2 2 2 2 2 2 2 2 2 2 2 2 2 2 2 2 2 2 2 2 2 2 2 2 2 2 2 2 2 2 2 2 2 2 2 2 2 2 2 2 2 2 2 2 2 2 2 2 2 2 2 2 2 2 2 2 2 2 2 2 2 2 2 2 2 2 2 2 2 2 2 2 2 2 2 2 2 2 2 2 2 2 2 2 2 2 2 2 2 2 2 2 2 2 2 2 2 2 2 2 2 2 2 2 2 2 2 2 2 2 2 2
left_child=-1 3 4 33 37 6 -6 8 9 12 11 -11 43 -13 67 18 73 108 28 -20 124 -9 47 24 -24 26 42 -28 110 31 -31 107 -33 34 -2 36 102 82 104 -37 41 -41 -19 44 45 -4 -45 48 -7 50 53 -52 109 -12 -54 -35 -57 -58 59 61 63 64 -62 -61 -8 66 -60 71 -69 101 114 103 -73 74 -17 76 -76 -72 79 80 -74 -81 83 99 -85 92 88 97 90 -90 -87 -89 95 94 -94 96 -84 -88 -97 -3 -68 120 -36 125 105 -39 -106 -14 -18 -51 -16 112 -112 -113 115 -71 118 -118 -30 -119 121 -70 123 -50 -10 -5
right_child=1 2 7 14 5 22 58 21 20 10 49 13 29 -15 15 16 17 25 19 -21 -22 -23 23 -25 -26 -27 27 -29 116 30 -32 32 -34 55 35 39 -38 38 -40 40 -42 -43 -44 46 -46 -47 -48 -49 122 52 51 -53 54 -55 -56 56 57 -59 65 60 62 -63 -64 -65 -66 -67 100 68 69 70 77 72 78 -75 75 -77 -78 -79 -80 81 -82 -83 85 84 -86 86 87 91 89 -91 -92 -93 93 -95 -96 98 -98 -99 -100 -101 -102 -103 -104 -105 106 -107 -108 -109 -110 -111 111 113 -114 -115 -116 -117 117 119 -120 -121 -122 -123 -124 -125 -126 -127
leaf_value=0.074328360969150964 0.053537318090808597 0.028657277697713965 0.046719420749883889 0.038123106306232835 -0.019922229117217114 0.055520519702583954 0.015988053872616453 0.048478049189343855 0.048455711216771849 -0.023954267797250108 -0.0085796826250757671 0.060285200002459592 0.074256220844236373 -0.03507861414902947 0.051791711987008313 0.070562387898309584 0.034109393115999982 0.016985922588817742 -0.023980153209624898 0.063931903663442993 0.1002025296245843 -0.010633624342880435 -0.016248102608448944 -0.036090320893329648 0.068587910952456407 -0.0093387405414354294 0.037283218504576554 0.080892897576276032 0.049261851872979719 0.021806138705832999 -0.020456257242089698 -0.01584708777451091 0.005161024424308604 0.039551593250660301 0.00082304337322679601 0.062544671685498154 -0.038553738251356176 0.085625913040456803 -0.036597886919997574 0.02821331363881896 0.052659482080686305 -0.038336387999684321 0.044289899295198588 -0.022868437487684499 0.033419669286225216 -0.01754490865177771 0.0033446128305289488 0.06122354478751834 0.00589502851127186 -0.00099522523879264947 0.085736702546841348 -0.00028534676351357128 0.027877897034967392 0.041120689708412143 -0.019126817810221696 -0.027051717488031691 0.0090805713322847925 0.084247091429097518 -0.016221940424352828 0.047601838895934646 0.058642792573394692 -0.01595435522538282 0.0038948720600308975 -0.015821893866498762 0.011139088692656849 0.00065244738125509695 0.0037257659789535491 0.0034495934745816643 0.059449161074186338 0.044480450483543453 -0.019973737073440939 0.0047222294788516568 0.02637605574354232 0.081276849854623259 0.033665483665613651 0.078530963166357812 -0.038289529945340725 0.057436453971961315 -0.023460820843038084 0.010635164484124379 -0.037634553549907787 0.061688206702745836 0.035044967832714158 -0.023839151221725339 0.030268130570679872 0.075892305391577375 0.026622979028543658 0.0072303426369337755 0.032526489138848751 0.014057510924571484 0.013207142386738849 0.01896584713026666 0.0046256622486617665 -0.017312059876836369 0.068718449002250825 0.012987893629053534 0.01746321082845536 0.055420609083355284 -0.015843437505016433 0.096072629184291741 0.050361174853286887 -0.019708402294704063 0.062999445276121072 0.06827740212316008 0.079439493268523481 -0.036749295827845065 0.016998652586507696 -0.0082159211228911445 0.0083373077011217982 0.021763416712558485 0.034440449371846531 0.039684972504032689 0.065344999700493248 0.031729354864914253 0.11194777377209895 0.10571479898548268 0.098236041707646951 0.049914249847331865 -0.036848934053659792 -0.005563788208600132 -0.0011458411159724628 -0.0065977223957764831 -0.012358218638382906 0.030528227155157 -0.016869200711719181 0.02766492442467992
leaf_weight=26050.671210423112 295.5102536380291 8.9903480410575884 7.1521126031875601 364.53740765154362 37.613035932183266 11.292991921305655 2737.6141749322414 8.7364267259836179 17.500899553298954 125.96796582639217 65.74317193031311 10.826307177543642 10.782684519886972 5.2849615067243567 66.319482669234276 46.264440029859543 76.587401926517487 45.618673473596573 21.956502452492717 7.2415396571159354 7.5842350125312796 322.81254763901234 7.4496562033891669 7.2006566226482382 25.400936454534531 10.286014422774313 27.524576842784882 39.987030953168869 8.464559078216551 23.287946030497551 87.838045716285706 81.411237075924873 2930.4087304323912 10109.405598923564 14.987370282411577 58.864334151148796 10.676192909479139 7.2228046655654934 7.8358495235443106 57.824234440922737 58.734454348683357 7.4715126603841773 223.47565318644047 46.135501340031624 12.896313995122908 211.5595418214798 419.19622406363487 9.0757397413253766 1395.9313382059336 1272.7396816015244 17.14609915018082 8.4720364958047849 14.054958716034887 15.477215409278868 179.34020042419434 14.432178527116774 22.373778373003006 10.938990905880926 14.787468940019606 10.582694843411444 56.35701659321785 50.48319074511528 14.67570488154888 28.640364781022072 2092.1576628834009 289.14481121301651 18.470692053437233 21.509292587637901 44.335937708616257 28.880584493279457 8.3463624119758624 62.625403448939323 1161.5111673921347 30.990214109420776 59.528882816433907 17.733334869146347 8.0909853875637037 9.3252567648887617 10.35141249001026 21.308683052659035 10.555712997913359 49.394328773021698 113.9231118708849 11.51336933672428 99.512482926249504 17.170513793826103 88.757467374205589 273.02106808125973 999.09497615695 245.33824011683464 362.18062673509121 3479.9052138328552 42.883550047874451 53.085614457726479 9.7975570857524854 116.27273207902908 1612.2180564701557 61.234958112239838 49.272368565201759 16.715136274695396 34.372667223215103 8.2772511094808561 11.665479406714438 19.650645300745964 31.997520416975021 9.1362750530242902 10.992813631892203 5.4655501246452323 74.208667144179344 49.270156592130661 65.357064068317413 414.35355910658836 47.346963867545128 5701.6087731719017 13.878641337156294 12.394029378890989 21.677803978323936 55.821198165416718 6.3136594742536536 9.2041420489549619 12.120361208915709 9.5220788270235044 68.451294600963593 40.174632713198662 7.8174709975719443 497.61790844798088
leaf_count=37386 903 40 34 1392 256 47 14379 39 77 879 426 50 44 38 224 118 305 192 126 22 23 2184 46 48 89 51 101 99 29 132 607 533 17565 35386 68 167 60 21 50 219 184 42 772 318 69 1421 2576 35 7923 7988 66 54 79 79 1232 85 110 29 91 46 223 307 81 173 11290 1653 103 103 142 105 45 296 4838 71 214 42 46 31 57 96 63 158 503 70 443 59 402 1418 4422 1227 1813 16857 225 314 33 584 7869 230 288 42 150 45 33 61 101 58 54 35 353 279 243 1547 135 22708 25 24 38 190 39 46 59 48 424 201 50 2051
internal_value=0.043578 0.0239283 0.0117636 0.0364059 0.0162056 0.0117798 0.0131286 0.000832642 0.00141513 0.00115726 -0.00239629 -0.0179356 0.00279202 0.0288872 0.0325618 0.0336098 0.0408739 0.0363522 0.0328624 -0.00198169 0.0451262 -0.00905734 0.00713748 0.0338696 0.0493129 0.0428177 0.0444183 0.0632168 0.0330217 0.00423812 -0.0115745 0.00481928 0.00459216 0.0398099 0.0471061 0.0384491 0.00903506 0.0201853 0.0406558 0.0444361 0.0357863 0.0205284 0.0396747 -0.00371909 -0.0126772 -0.0154161 0.000738132 0.00643222 0.00609916 -0.00103338 0.0144972 0.05734 -0.00213019 0.000911608 -0.0156904 0.0394388 0.0154866 0.0339863 0.0133617 0.0139652 0.0310236 0.0135788 0.0473741 0.00132973 0.0138882 0.00491484 0.023088 0.0294216 0.0416299 0.0471971 0.0623984 0.0284825 0.0255129 0.0546733 0.048341 0.0362102 0.0249898 0.0208843 0.0265503 0.0269699 0.0257951 0.0463596 0.0200051 0.0337328 0.0246273 0.019755 0.020952 0.0188944 0.025895 0.028888 0.0160677 0.0181127 0.0164414 -0.000366313 0.0166816 0.0173819 0.0186264 0.0384188 0.00439318 0.072755 0.0341265 0.0322046 0.0282264 0.0329082 0.0509251 0.0173822 0.0635844 0.0465421 0.0214505 -0.000144314 0.0327493 0.0325455 0.0474832 0.0322692 0.0756109 0.0631154 0.0498559 0.0562061 0.0123717 0.042042 0.0387599 0.0477537 0.00572355 0.00658726 0.0282395 0.0320925
internal_weight=66818.5 40767.8 20642.9 20125 14677.9 6949.88 5384.9 5964.91 5633.36 5600.46 1764.32 142.079 3836.13 16.1113 9452.1 7085.96 660.296 497.688 6425.67 29.198 32.9026 331.549 1564.98 40.0512 32.8506 346.892 336.606 67.5116 6396.47 3139.19 111.126 3028.07 3011.82 10672.9 515.734 220.224 37.329 7728.07 67.1853 182.895 124.03 65.2957 269.094 696.94 231.608 218.712 465.332 1524.93 1515.85 1622.24 106.839 25.6181 1515.4 81.2204 193.395 10157.2 47.7449 33.3128 5347.29 4990.51 110.256 4880.26 71.0327 39.2231 4829.77 356.776 67.6308 2366.14 168.59 147.081 72.8249 2197.55 1315.75 162.608 131.618 85.3532 67.6199 17.6716 1253.12 1242.77 1172.07 70.703 7660.89 136.731 111.026 7524.16 5526.7 3902.92 1623.78 1244.43 379.351 3752.93 1997.45 105.767 52.6811 1891.69 1726.14 149.992 165.545 25.7055 52.8434 74.2556 26.6528 881.806 59.3494 16.3591 42.9903 16.2482 150.796 1322.01 6294.99 6228.67 112.704 6115.96 55.1533 41.2746 101.481 86.7031 14.7782 65.0253 65.9784 53.858 1504.56 1436.11 25.3184 862.155
internal_count=223587 186201 111565 74636 74688 37565 28752 36877 34654 34504 11170 967 23334 88 37350 27711 2364 1873 25347 148 150 2223 8813 183 135 1215 1164 200 25199 18916 739 18177 18098 37286 1676 773 161 37123 284 612 445 261 964 4418 1524 1455 2894 8630 8595 10203 625 120 9578 505 1311 35610 224 139 28496 26499 523 25976 304 219 25669 1997 344 9639 627 524 230 9012 5508 491 420 302 260 76 5212 5155 4901 254 36839 595 513 36244 26428 18907 7521 5649 1872 18275 9816 572 258 9244 8372 632 872 82 253 294 101 3504 234 79 155 79 658 8267 24857 24633 378 24255 154 129 342 274 68 236 249 190 8548 8124 127 3443
is_linear=0
shrinkage=0.03


Tree=9
num_leaves=127
num_cat=0
split_feature=0 0 0 0 29 27 20 42 25 10 4 28 27 20 6 9 28 43 28 37 8 5 43 24 41 20 24 2 20 30 37 3 9 2 2 6 25 27 23 8 37 11 27 27 10 4 28 27 4 10 43 2 23 6 3 3 32 6 3 4 20 28 22 28 43 5 37 5 22 22 28 32 28 11 28 9 9 26 37 37 41 27 28 28 41 20 41 25 9 9 2 32 43 23 27 43 22 23 10 4 2 4 28 9 24 23 39 30 37 4 31 23 16 27 9 8 4 6 1 28 27 9 27 4 29 9
split_gain=40437.6 6225.8 1020.73 260.284 259.801 40.7376 42.0302 43.8153 40.8363 46.0749 38.6758 36.5689 39.6321 41.8275 43.5316 36.7491 36.9669 36.5464 36.1321 35.6604 35.3991 35.304 35.1031 34.0901 32.941 78.0807 32.888 32.5501 41.244 35.6926 56.3341 39.6949 38.8616 39.7621 46.0444 34.407 57.7473 35.1391 38.6471 34.3628 34.3474 32.5922 38.1539 46.1084 32.3153 32.3062 44.8851 59.3565 56.7397 31.9387 31.732 31.6878 48.3627 42.1202 40.5486 38.9266 51.636 47.4869 45.503 51.9887 43.3699 38.8833 37.4195 35.943 50.1972 35.2011 32.3468 31.5655 35.4994 48.3408 43.0473 35.6797 35.1153 31.246 32.8522 31.1721 42.2122 33.6688 30.9633 34.035 30.8731 30.867 40.3602 39.7357 39.0283 38.4779 30.5127 30.3609 30.2214 45.2433 30.2038 30.1383 47.7541 38.4432 29.8808 40.9516 30.0882 29.6978 30.8234 33.0577 29.6047 29.2924 44.2709 40.3063 43.1937 32.3627 30.3406 40.49 41.9576 32.5381 30.1861 29.4222 29.1641 44.7068 31.24 28.9631 42.0307 30.7585 28.8182 28.7906 32.5105 28.5607 28.4792 28.0734 40.1017 38.9987
threshold=1.5000000000000002 3.5000000000000004 5.5000000000000009 2.5000000000000004 7.4500000000000002 18.450000000000003 3.1650000000000005 3070.9808612440197 6.7695000000000007 5.5000000000000009 46.750000000000007 33.250000000000007 22.250000000000004 3.6250000000000004 6.5250000000000012 9.8500000000000032 34.550000000000004 0.027468281439516653 29.250000000000004 -0.055000000000000139 4.5000000000000009 0.10500000000000002 0.037152677589662404 0.15850000000000003 0.030156789692241951 3.5650000000000004 0.15850000000000003 25.350000000000005 3.3450000000000002 3.4000000000000008 -0.088333333333332445 36.550000000000004 32.050000000000004 39.250000000000007 53.750000000000007 6.6050000000000013 6.7495000000000003 12.65 42.350000000000001 4.5000000000000009 0.14166666666666708 3.5000000000000004 15.350000000000003 18.950000000000003 10.500000000000002 32.150000000000013 38.650000000000013 17.150000000000002 48.750000000000007 10.500000000000002 0.045048240862359305 63.95000000000001 48.050000000000004 6.6850000000000014 45.850000000000001 32.650000000000013 5.2500000000000009 6.8950000000000005 35.550000000000004 40.95000000000001 3.7250000000000005 29.950000000000003 42.750000000000007 36.45000000000001 0.018610258305014855 0.23500000000000001 -0.17666666666666622 0.16500000000000004 34.750000000000007 37.050000000000004 28.650000000000002 5.2500000000000009 24.850000000000005 1.5000000000000002 32.750000000000007 18.650000000000002 18.450000000000003 3.6650000000000005 0.12833333333333427 -0.14916666666666681 0.043114636128946011 17.150000000000002 30.650000000000002 37.850000000000001 0.042238564290263805 3.5250000000000004 0.035984276601243106 6.7525000000000004 27.250000000000004 22.650000000000002 29.750000000000004 4.2500000000000009 0.046221998255264657 50.150000000000006 15.250000000000002 0.019853356146590052 32.550000000000004 58.650000000000013 4.5000000000000009 41.45000000000001 27.350000000000005 31.250000000000004 28.950000000000003 22.250000000000004 0.15050000000000002 42.650000000000013 5.2500000000000009 4.7150000000000007 -0.024166666666666847 49.95000000000001 3.7500000000000004 55.550000000000004 1.0000000180025095e-35 19.350000000000005 23.850000000000005 1.5000000000000002 44.350000000000001 6.995000000000001 7.7350000000000012 30.250000000000004 15.15 14.550000000000002 15.450000000000001 54.45000000000001 14.800000000000002 24.850000000000005
decision_type=2 2 2 2 2 2 2 2 2 2 2 2 2 2 2 2 2 2 2 2 2 2 2 2 2 2 2 2 2 2 2 2 2 2 2 2 2 2 2 2 2 2 2 2 2 2 2 2 2 2 2 2 2 2 2 2 2 2 2 2 2 2 2 2 2 2 2 2 2 2 2 2 2 2 2 2 2 2 2 2 2 2 2 2 2 2 2 2 2 2 2 2 2 2 2 2 2 2 2 2 2 2 2 2 2 2 2 2 2 2 2 2 2 2 2 2 2 2 2 2 2 2 2 2 2 2
left_child=-1 3 4 123 5 6 7 -3 23 -10 81 12 13 14 73 16 24 -16 67 -19 21 -18 -23 97 25 -13 27 28 49 31 41 44 115 -34 -35 36 -30 40 39 -39 -37 90 -43 -44 75 -17 -47 -48 -49 -5 -40 54 53 118 55 57 62 -20 59 -58 -59 -56 66 64 -54 -63 -57 101 72 70 71 -70 -69 -6 -75 76 -29 -77 79 -15 -81 83 85 84 -8 -83 -22 -84 89 -32 -31 93 -93 -46 96 -96 -66 112 -99 -100 121 102 105 104 -104 -4 107 -103 109 -109 -110 -107 113 -7 -114 116 -33 -117 -53 120 -80 -12 -123 -2 -125 -126
right_child=1 2 18 26 11 8 10 -9 9 -11 100 15 -14 78 17 45 20 19 51 -21 86 22 -24 -25 -26 -27 -28 29 35 30 88 32 33 34 -36 37 -38 38 50 -41 -42 42 43 -45 91 46 47 48 -50 -51 -52 52 63 -55 61 56 58 60 -60 -61 -62 65 -64 -65 94 -67 -68 68 69 -71 -72 -73 -74 74 -76 77 -78 -79 119 80 -82 82 87 -85 -86 -87 -88 -89 -90 -91 -92 92 -94 -95 95 -97 -98 98 99 -101 -102 106 103 -105 -106 111 -108 108 110 -111 -112 -113 114 -115 -116 117 -118 -119 -120 -121 -122 122 -124 124 125 -127
leaf_value=0.070253791362710372 0.037912824961000152 0.025530657702099922 0.054362651545321057 0.015413247783002054 0.079657169327492575 -0.0075717420817468222 0.012214230282519948 -0.029206601460133062 -0.0060657626171231509 0.076422603146063597 -0.015905683418089206 -0.036810198901952605 0.06973644817294547 -0.013540532575885705 6.2473636232829958e-06 0.021977010520065291 -0.025364800717384447 0.017248128423333193 -0.0069808000531592241 0.024929716523825793 0.0078597975959126369 0.017794960397084388 0.054217496468123696 0.054944738035112906 -0.02332522640791207 0.080127402168226849 0.051117581095664874 0.044687653851453277 -0.031474830421922832 0.094792273832302917 0.030398279588862091 0.027904026872192855 0.073838530687507786 -0.0046629858158162467 0.065702560846507607 -0.003049311752948885 0.028353951438163778 -0.02380219303433084 0.025096219616288606 0.033902898095813275 0.067845605563287836 -0.013622940091041147 0.062997287018367459 -0.0094790102969154067 0.026526800968878918 0.014540141448692636 -0.017274128089300084 0.037608178660323933 -0.036775132435574641 -0.03680080786678798 0.037546085409829719 0.07616215712342353 -0.016999301206699624 -0.031206917808811623 -0.019251239243149917 -0.020297373357662445 -0.00041508749762277547 0.013760784739458696 -0.011514681082610785 0.05747227830870983 0.10408743847005079 -0.0016982057652686585 -0.035544166782161206 -0.017114173139619722 0.059195677545719499 -0.031415208836668339 0.0076272837372977111 0.056122955410953398 0.014986667382840871 -0.012162033477183131 -0.012935423620560929 0.077245764770481715 -0.015687741567873933 0.011591783920798539 0.085757995641768989 0.036652484959962199 0.10052463795547141 0.0043439731470184418 -0.018621565680790896 0.01581613390239775 0.036539131136010067 0.017987878791230538 0.011949702684664646 -0.0080353004780542234 0.028666334658976719 0.052092112719798828 -0.037001483202775659 0.021870419688790475 0.016252646104703602 0.049825357409441356 0.054641560539455104 0.070856102677956001 -0.0035159807421821245 -0.030071465578148125 0.097612534581336105 0.037914885554359332 -0.022396091270755272 -0.018922551180731762 0.027707855388223436 0.098799328020409319 -0.00051331539936135223 -0.0074049828377054459 0.079218605392255365 -0.035188083693389646 -0.012494707784730262 -0.020765111630890558 -0.0029099597183926498 0.037079164660847978 0.029314741487167992 0.10848765979210587 -0.0011639679936979608 0.031247900512617489 0.0054084416813338547 0.0073470551499890393 0.017931232143162251 0.030714245789337104 0.011379121906204444 0.055891150186089721 -0.01237439673533967 -0.023754651638250305 0.063679316019648977 0.0017550717662791092 0.046993395965020293 -0.016378766944428153 0.011961870940339812 0.070741316416177674
leaf_weight=26723.903901949525 10830.050820469856 19.065478786826134 6.5303173363208762 142.46738182008266 20.190640464425087 298.83577534556389 3710.8317106068134 41.838788121938705 9.8077230453491229 15.799524351954458 14.636050358414648 10.237353667616846 15.257052540779112 31.939423501491547 63.822675779461861 1301.7894657254219 12.974381953477858 731.59205910563469 546.48180273920298 2150.9221517890692 49.722026407718658 103.21066452562809 31.037269294261932 13.008375555276869 54.137861996889114 10.113937288522719 73.103845462203026 252.8597314208746 22.548118531703949 20.999460369348526 380.15328752994537 1273.6226552426815 36.911391884088516 17.702976033091545 15.691802531480787 46.560725480318069 40.320646420121193 20.972573459148407 299.26912811398506 16.502648517489433 6.9802887290716162 11.83279639482498 34.954464912414551 10.123123377561567 25.297090753912926 1955.4609902799129 22.520197555422783 189.81376811861992 9.6036692261695844 11.276390761137007 488.15224972367287 6.5993043035268766 15.9106238335371 31.944013312458992 125.51654893159866 38.094122990965843 50.563143640756607 45.122118175029755 281.74621114134789 19.162939995527267 5.2692230194807044 2428.5638843327761 18.72492553293705 16.021872669458389 6.2264690250158337 36.320647165179253 1616.9311851114035 6.356437310576438 14.480832174420355 37.688884884119034 13.006394475698469 19.663740783929825 118.99252617359161 21.21039687097073 7.1484569609165183 413.5400176346302 12.832024842500685 31.365645870566368 8.2576564103364962 587.83245868980885 72.859059065580368 62.701424330472946 682.5386016368866 84.104191437363625 134.59126497805119 57.204004481434822 18.681297197937965 469.98033455014229 81.346863493323326 151.75542619824409 93.459692642092705 19.030352473258972 13.007220625877379 18.686710774898529 13.383044466376303 46.534681096673012 11.274306148290632 8.6272647827863675 25.469903632998466 7.6578759253025046 298.51083415746689 36.166376233100891 15.455461323261266 5.9815172106027594 6.5027268081903449 78.568569749593735 54.076038613915443 87.600895032286644 61.61857034265995 6.1128945201635352 55.395993739366531 11.068049162626265 528.10957223176956 457.15148302912712 271.87322574853897 5345.3194588422775 156.00537870824337 44.233830749988556 6.4417150914669037 33.571453347802162 8.8317623287439329 19.409470304846764 35.613408073782921 20.672170907258987 26.940008655190468 16.336118668317795
leaf_count=37386 36988 91 29 639 52 1776 19583 279 57 56 91 65 49 187 333 6095 79 3515 3484 9742 255 499 120 55 326 31 235 868 129 34 1439 5087 89 86 45 227 163 116 1230 64 21 58 93 48 103 9638 130 814 61 72 1824 27 106 225 848 255 315 265 1846 89 18 15209 138 107 29 268 9693 25 79 245 84 73 805 102 17 1531 25 145 49 2841 312 318 3634 506 639 239 119 2374 339 493 264 51 65 106 48 240 77 54 124 23 1715 221 57 43 43 530 333 429 321 17 332 59 2979 2559 1434 20843 694 139 42 202 32 109 151 111 127 45
internal_value=0.0414971 0.0228962 0.011326 0.0346181 0.0155604 0.0115143 0.0127255 -0.0120333 0.00734468 0.04487 0.0129967 0.0194688 0.0215674 0.0213686 0.0229509 0.0173781 0.0071082 0.0224841 0.000891509 0.0229813 0.0134042 0.0216869 0.0262609 0.00674443 -0.0110903 0.0213383 0.0310225 0.0308681 0.0259854 0.0314995 0.0376115 0.0308741 0.0301426 0.0523734 0.0284536 0.0283396 0.00685641 0.0298745 0.0314035 0.00159159 0.00627474 0.0528443 0.0341319 0.046703 0.0372744 0.0182338 0.0159942 0.0287866 0.0340018 0.0115524 0.0328201 9.03475e-05 0.0134828 -0.0126586 -0.000306151 0.00232342 0.00430815 -0.00440793 -0.00614188 0.0155322 0.023423 -0.00296846 0.00650369 0.0242523 0.0313805 -0.00213796 0.00698244 0.00765641 -0.0018469 0.0131217 0.0333463 0.0510061 -0.0119924 0.05114 0.0305753 0.0392661 0.0474268 0.0343796 0.0149889 0.0166455 0.0181089 0.0136618 0.0177265 0.0123449 0.0127912 0.0343005 -0.00440628 0.0159981 0.0333445 0.035952 0.0620973 0.0186108 0.0406975 0.00243309 0.0413517 0.0514142 0.006719 0.00634764 0.0312941 0.0444345 0.00359347 0.0123584 8.167e-05 0.0332666 0.052057 -0.00956862 0.0174141 0.021871 0.0269037 0.0418638 0.0148843 -0.0142983 0.00567525 0.00144757 0.00966788 0.0299124 0.0261027 0.0309222 0.0325533 -0.00761842 0.023947 0.0211894 0.0310948 0.0377956 0.0178918 0.0342968
internal_weight=68039 41315.1 20792.2 20522.9 14790.1 7267.37 5631.03 60.9043 1636.34 25.6072 5570.12 7522.74 3753.44 3738.18 2994.89 3769.3 290.115 2946.34 6002.1 2882.51 215.626 147.222 134.248 1610.73 74.4892 20.3513 9628.89 9555.78 1095.05 8460.73 784.625 7676.11 6889.49 70.3062 33.3948 941.306 62.8688 878.438 824.897 37.4752 53.541 171.37 56.9104 45.0776 786.619 3479.19 2177.4 221.938 199.417 153.744 787.421 5366.83 154.336 44.985 5212.5 2622.1 2025.22 596.873 351.472 69.7261 50.3913 2590.4 1673.75 109.351 93.3291 2464.88 1655.03 635.266 210.189 84.8399 47.151 34.1446 125.349 48.5495 28.3589 710.597 265.692 444.906 743.292 692.631 660.692 5201.95 1272.42 3929.53 3845.42 119.905 68.4033 1152.52 613.256 531.909 114.459 76.0214 32.0376 43.9838 77.4185 59.9177 17.5008 1597.73 41.755 33.1278 368.17 425.077 124.107 27.9397 21.9582 96.1669 300.971 246.895 210.728 93.7138 117.015 89.6366 1555.97 755.987 799.983 6819.18 1429.63 5389.55 13.041 50.6609 17.0894 69.6589 55.0229 10894 63.9483 43.2761
internal_count=223587 186201 111565 74636 74511 38846 29729 370 9117 113 29359 35665 17433 17384 13761 18232 1494 13590 37054 13257 1072 698 619 9004 422 96 37365 37130 4485 32645 2768 29877 26983 220 131 3774 292 3482 3234 180 248 497 199 141 2894 16738 10643 1005 875 711 3054 33329 901 294 32428 16103 12336 3767 2250 404 283 16325 10086 607 500 15477 9948 3725 1311 481 236 152 830 171 119 2569 893 1676 3623 3340 3153 27293 6565 20728 20222 557 374 6008 2271 1932 298 325 116 209 394 288 106 8949 201 147 2066 2414 761 143 100 618 1653 1320 1099 446 653 589 8748 4335 4413 26763 5781 20982 69 283 81 351 260 37271 283 172
is_linear=0
shrinkage=0.03


Tree=10
num_leaves=127
num_cat=0
split_feature=13 14 29 29 30 39 23 32 37 19 41 20 22 36 6 36 9 8 25 36 3 23 36 40 6 27 37 42 30 17 3 36 23 22 1 22 15 17 41 27 9 20 32 24 19 7 27 20 40 9 3 31 2 36 40 36 9 30 9 37 9 2 25 36 43 27 5 37 24 19 23 7 20 3 42 1 3 41 36 22 22 27 36 8 8 40 19 1 20 36 36 36 36 19 6 9 8 20 5 39 23 43 37 36 1 22 1 9 40 24 8 29 22 38 19 29 23 22 37 20 6 30 5 42 29 27
split_gain=36140 5708.08 891.192 226.453 202.683 44.7761 44.1215 51.5237 41.0326 51.2737 44.3973 48.6468 42.3873 49.4068 47.1956 43.1374 41.0656 52.5988 50.6474 38.5522 36.6084 36.271 35.8921 35.7613 43.7328 39.1373 36.8994 35.7251 45.8267 43.1356 71.0481 46.3909 34.8404 50.1257 39.47 34.7486 34.6313 44.0752 46.4968 35.9747 37.4342 43.75 35.3112 35.212 39.6859 35.6174 45.6425 34.8196 56.5445 39.9029 53.6358 40.001 39.2279 48.5122 42.0472 34.4509 34.5441 46.7502 51.7357 35.2952 36.8458 34.2677 33.8843 33.3996 40.5606 33.1787 33.1702 65.2973 64.0921 40.5262 49.473 33.0471 33.0235 32.7846 48.3202 35.6377 74.1088 38.548 32.516 42.7548 45.2216 51.7205 52.6417 44.5858 41.671 56.4401 41.2876 39.1528 45.9642 44.1734 43.96 36.9949 36.7426 35.4359 84.5354 64.2736 46.1463 35.6596 34.9536 36.495 33.9947 37.1807 33.6922 32.6856 32.2008 76.659 42.3004 51.6094 38.9131 32.1196 54.0037 48.8844 36.8755 31.8868 31.7591 31.1395 30.9524 30.9293 30.9113 36.4241 31.8257 30.6682 30.5741 30.4109 30.1036 29.5328
threshold=1.0000000180025095e-35 1.0000000180025095e-35 5.0000000000000009 7.4500000000000002 3.2200000000000002 5.2500000000000009 58.150000000000013 4.2500000000000009 0.06666666666666686 98.875000000000014 0.031933539839293305 3.7350000000000008 38.95000000000001 0.059166666666666611 6.8250000000000011 0.034999999999999955 14.750000000000002 4.5000000000000009 6.738500000000001 -0.094999999999999932 48.95000000000001 55.050000000000004 0.020833333333333304 3372.1111111111118 6.7650000000000006 16.050000000000004 0.048333333333333256 3330.662393162394 4.245000000000001 8.7100000000000026 55.650000000000013 0.050833333333333307 38.45000000000001 25.100000000000005 5.4750000000000005 42.95000000000001 1.5000000000000002 13.845000000000001 0.047300493492546454 15.950000000000001 19.650000000000002 3.4850000000000008 1.7500000000000002 0.15350000000000003 55.625000000000014 1.5000000000000002 12.850000000000003 3.5650000000000004 1740.6828703703707 27.050000000000004 63.45000000000001 3.7500000000000004 45.350000000000001 -0.045833333333333288 2067.0542635658917 -0.10249999999999994 11.050000000000002 3.3250000000000006 7.3500000000000005 0.023333333333332953 9.7500000000000018 67.350000000000009 6.7585000000000006 0.057499999999999961 0.044169001650949662 11.050000000000002 0.14500000000000005 -0.040000000000000445 0.14750000000000002 76.52500000000002 55.350000000000001 1.5000000000000002 3.7250000000000005 75.750000000000014 1910.0458715596333 7.5850000000000009 77.550000000000011 0.042238564290263805 0.047499999999999952 31.450000000000003 29.150000000000002 19.050000000000004 0.022499999999999954 5.5000000000000009 4.5000000000000009 4439.4444444444453 78.975000000000023 3.8650000000000007 3.4850000000000008 0.079166666666666621 0.049999999999999954 0.01249999999999995 0.065833333333333313 95.475000000000023 6.5950000000000006 29.250000000000004 2.5000000000000004 3.2050000000000005 0.20500000000000004 2.2500000000000004 42.850000000000001 0.020766275792357052 0.086666666666667266 0.074166666666666617 7.1350000000000007 39.050000000000004 6.6450000000000005 28.150000000000002 1804.3961352657007 0.14750000000000002 6.5000000000000009 3.7500000000000004 41.850000000000001 1.7500000000000002 91.52500000000002 15.15 51.550000000000004 32.45000000000001 0.088333333333334263 3.6950000000000007 6.7550000000000008 3.0750000000000006 0.24500000000000002 2195.789007092199 15.250000000000002 20.750000000000004
decision_type=2 2 2 2 2 2 2 2 2 2 2 2 2 2 2 2 2 2 2 2 2 2 2 2 2 2 2 2 2 2 2 2 2 2 2 2 2 2 2 2 2 2 2 2 2 2 2 2 2 2 2 2 2 2 2 2 2 2 2 2 2 2 2 2 2 2 2 2 2 2 2 2 2 2 2 2 2 2 2 2 2 2 2 2 2 2 2 2 2 2 2 2 2 2 2 2 2 2 2 2 2 2 2 2 2 2 2 2 2 2 2 2 2 2 2 2 2 2 2 2 2 2 2 2 2 2
left_child=1 2 21 6 19 55 8 22 9 12 11 16 13 65 -15 -14 18 -18 -10 71 -17 78 23 24 25 -8 -26 29 117 31 -31 -12 -7 34 -34 72 37 38 121 40 42 -42 -40 -39 45 46 -45 122 115 52 51 -51 53 -50 -54 -6 57 58 -57 60 113 66 -11 64 -61 -4 109 68 -68 70 -70 -3 -35 104 -75 76 -76 -77 79 80 81 84 83 -83 85 -1 -82 88 90 98 -80 -86 -89 97 -95 96 -96 -81 99 -90 101 -99 103 -94 106 108 -58 -108 -106 110 111 112 -23 -59 -25 118 -47 -29 120 -120 -49 -21 -38 -65 -41 -9
right_child=-2 4 3 -5 5 32 7 125 10 62 27 -13 15 14 -16 20 17 -19 -20 36 -22 61 -24 114 26 -27 -28 28 -30 30 -32 -33 33 35 -36 -37 47 43 39 124 41 -43 -44 44 -46 116 -48 48 49 50 -52 -53 54 -55 -56 56 73 59 -60 63 -62 -63 -64 123 -66 -67 67 -69 69 -71 -72 -73 -74 74 75 77 -78 -79 87 93 86 82 -84 -85 91 -87 -88 92 89 -91 -92 -93 102 94 95 -97 -98 100 -100 -101 -102 -103 -104 -105 105 -107 107 -109 -110 -111 -112 -113 -114 -115 -116 -117 -118 -119 119 -121 -122 -123 -124 -125 -126 -127
leaf_value=0.018851700780848892 0.066478997455421213 0.038958062748307848 -0.018932107773022944 0.018501354559712264 -0.017591941899267483 0.082072616319308289 0.081177866695017892 -0.0012433210806667627 0.037739632945946004 0.025261812536405231 0.034033245247644263 -0.014732082922335542 -0.0052421255159282839 -0.0076205287798972766 0.041490303239153987 0.036928567254277518 0.010379235707210763 0.026238228641441708 -0.0024416308805117145 0.020462945416318764 -0.0099470635753034359 0.0068282553793856315 0.10184820561912593 0.0094435656766696848 -0.036360979480098324 0.030283881531021968 0.03384953271197113 0.027093578184497306 0.015799032908113138 -0.0016206171928413639 0.028420643505121121 -0.036332965762857432 -0.038475467606515108 0.033729537576271111 0.033340141282819612 -0.022767192172663427 0.033535303004897002 0.039053970780242753 0.064729336958230591 0.031924643703194915 0.081644667692441442 0.031317078394940932 0.008577332834805584 0.084600415495687128 0.086178778091459532 0.059908373250452673 0.021563702374901121 0.03221782280920793 0.014843663186969622 0.060968659475816818 0.017882899857577673 0.039618456064425128 0.048460268404567214 0.036934130552550251 0.030634754173659524 0.0570290739518255 0.028436892212747093 0.0010209879117326593 0.00074331023011067396 0.019851862475474349 0.040076594453972672 0.04843598086188633 0.081887544999311654 -0.038173594043636398 0.048053777949794992 0.010712313559705948 -0.02230829734212969 -0.0093243882072773319 -0.035591016016452176 -0.013868801290323063 0.038497330116386133 -0.018649243144239314 0.051896344162111405 0.066598171321413574 -0.038152716585548689 0.017475175900675523 0.069811087724602094 -0.038595813291431788 0.052501628645182763 0.072712331924335183 -0.0026552753935408474 6.1781999839969902e-05 0.051384398935223445 0.04150903916191185 -0.01766897695859691 -0.0024379214157910379 -0.019902010859488273 -0.018036929881054358 0.05046803825838167 -0.035313338180728279 -0.031258444294915026 0.0072588116203405086 0.026767244606890419 0.12003600701378288 0.037488833454160007 0.10450119242078899 -0.018087647651247176 0.083095936887898791 0.04527259086749761 -0.02609880252853055 0.0041318438263503099 -0.010751023344105007 -0.035372051762962993 -0.0050845660667715939 0.0059693688845736635 -0.0076817346913220395 0.010416909180226532 0.045919008923267814 0.041417003601292683 -0.019134736025341929 0.060008538590796717 -0.023908453493845964 0.094620497257420499 0.028256534275673349 0.078770594141637076 0.025045781104761345 0.036279454072757712 0.071387454650312571 0.028464050954015555 -0.027652572466904429 0.049492124903074662 -0.038888296671862589 0.053765952623003557 0.045401973649285575 0.0025947637798553421 0.060186591921043489
leaf_weight=182.59955462813377 27063.178501978517 15.176779597997664 34.105711340904236 7631.0892573297024 14.171604633331297 13.539872974157332 31.501943483948708 79.584133207798004 32.055295020341873 40.697336047887802 154.13995364308357 60.992382287979126 313.48148672282696 215.53057800233364 19.072819173336029 44.664540454745293 523.39108997583389 294.50680896639824 231.05521294474602 17.459919348359112 22.427486300468445 17.423776492476467 6.3750756382942191 74.257165968418121 8.8202688097953779 24.402781963348389 27.348066180944443 23.375761538743973 51.200521647930145 169.78103885054588 121.37952077388763 8.8200991302728635 15.258787766098978 1733.6504434496164 12.378393843770025 9.4293419718742353 5716.0489786714315 1611.5649999380112 14.275092154741285 100.36271119117737 36.935474589467049 27.335950121283531 34.126912012696266 11.936531975865362 24.914623260498047 166.69196483492851 75.511545270681381 222.91382433474064 98.836867555975914 217.12271861732006 44.10506209731102 126.40743650496006 504.49673107266426 988.47136187553406 157.56299705803394 18.662766754627228 5986.5636219829321 44.851820558309555 68.102948382496834 53.365342825651169 238.76055200397968 10.559655278921126 12.442816302180288 8.573433041572569 346.00384649634361 4654.2649469822645 32.740793898701668 267.21705047786236 8.7592890411615354 20.359928444027901 96.213257223367691 21.560339257121086 95.645509421825409 11.26671017706394 9.0738258212804812 18.510471612215042 15.106580331921576 26.965666234493256 6.6839346140623084 6.7912331670522681 775.69319061934948 95.510476961731911 35.884104147553444 30.852225959300995 163.27156190574169 289.5959744900465 148.89404317736626 218.14276066422462 8.5849996507167834 10.43448495864868 33.213043972849846 79.562383964657784 47.790250018239021 7.589614510536193 22.308445423841476 6.3070214539766303 33.497581079602242 9.9836798906326312 47.876475229859352 15.682261660695074 2921.2607301622629 6.0213888883590689 19.007651835680008 73.284713789820671 29.953588530421257 33.746178835630417 224.92571628093719 44.054640248417854 429.07902121543884 224.96540051698685 12.423177212476729 50.490638494491577 5.6469746679067603 287.15526415407658 6.3807368129491797 395.69685287773609 72.691734984517097 37.294435888528824 52.672670677304268 12.85719722509384 171.30662646889687 14.035969406366346 68.471116900444031 7.0469883233308783 46.073123678565025 7.6229857355356208
leaf_count=1028 37166 50 215 35833 72 32 97 442 146 192 718 365 1816 1257 86 208 2787 1444 1316 68 133 105 16 395 58 114 123 114 266 952 579 58 87 6403 46 49 19576 5224 37 350 78 95 141 23 50 449 280 777 390 583 169 412 1527 3293 554 57 23097 204 315 215 839 51 36 49 1140 24784 220 1806 62 133 483 105 308 31 52 76 42 154 31 27 4835 593 169 156 1089 1803 1004 1482 41 77 238 477 268 21 113 20 223 39 240 110 17652 39 143 481 133 164 980 148 1506 1557 58 354 20 1094 21 1455 240 136 188 66 517 78 188 24 198 29
internal_value=0.0394605 0.0219961 0.0109564 0.0148835 0.0331107 0.0299657 0.0111172 0.023109 0.0106647 0.00937252 0.0147155 0.0113059 0.00907788 0.00982358 -0.00360554 -0.00056433 0.0127777 0.016094 0.00246051 0.0358939 0.0212452 0.00123291 0.0323147 0.0296819 0.04246 0.0590828 0.0166331 0.0215892 0.0367867 0.0178347 0.0109033 0.0301956 0.0341364 0.0337835 -0.00625172 0.0343863 0.0359961 0.0393252 0.0283833 0.0325666 0.0453256 0.0603445 0.0252684 0.0409425 0.0495772 0.046757 0.0302721 0.0351405 0.0377766 0.0403906 0.0491297 0.0531307 0.0384505 0.034929 0.0442255 0.0289746 0.0290585 0.0340768 0.012919 0.0359361 0.0310728 -0.00495557 0.0386779 0.0426122 0.044295 0.0104959 -0.00572986 -0.000280807 0.0149938 0.0247602 0.0322729 0.00514983 0.034683 0.0282697 0.00924652 -9.05807e-05 0.029245 -0.0157517 0.00210586 0.00284875 -0.000806294 0.00407159 0.0193581 0.0102181 0.000598615 0.00579392 -0.00543614 -0.00533228 0.00929863 0.0220727 -0.0170924 -0.00949581 -0.0103399 0.00503448 0.0261657 0.0144971 0.00412952 0.0045328 0.0304308 0.00102255 0.00437219 0.0478484 0.00163989 0.0074872 0.0284975 0.0359007 0.0279135 0.0162521 0.039109 -0.0131753 0.00240336 -0.007373 0.0286973 0.0245831 0.0150386 0.031241 0.0527576 0.0544187 0.0365633 0.0174056 0.0397387 -0.0059785 0.033776 -0.000324975 0.0227149 0.00417202
internal_weight=68931.8 41868.7 21005.2 14962.1 20863.5 9795.84 7330.97 266.293 7064.68 5356.69 1707.99 1142 5303.55 4922.97 234.603 380.574 1081.01 817.898 263.111 11067.6 67.092 6043.12 179.086 172.711 92.0731 55.9047 36.1683 565.991 111.871 454.121 291.161 162.96 1879.9 1866.36 27.6372 1838.73 11030.9 2253.92 290.605 259.109 112.673 64.2714 48.402 1963.31 351.746 326.832 87.4481 8776.97 2992.45 2137 387.635 343.53 1749.37 1087.31 662.06 7915.94 7901.77 1072.52 86.7657 985.757 570.768 746.8 53.1402 414.99 399.369 4688.37 736.24 425.29 158.073 125.332 104.973 36.7371 1829.3 6829.25 80.9233 69.6565 24.1804 45.4761 5296.32 4815.62 1801.86 877.276 162.247 126.363 715.029 472.196 924.587 480.701 122.475 82.5782 39.897 242.834 358.225 3013.76 69.7027 62.113 55.806 2944.06 72.1437 24.2673 2937.27 16.0051 140.083 121.075 6748.32 492.779 6255.54 268.98 459.033 310.95 85.9846 73.5614 23.0708 332.007 80.6379 855.447 239.384 60.6702 459.75 65.5299 394.22 31.4959 5784.52 15.6204 146.436 87.2071
internal_count=223628 186462 111984 74736 74478 37317 38903 1295 37608 28727 8881 6058 28499 26342 1343 2157 5693 4231 1462 37161 341 37248 824 808 392 211 181 2823 516 2307 1531 776 6925 6893 133 6760 37006 7311 1045 899 351 173 178 6266 1042 992 303 29695 9931 6928 1164 995 5764 3683 2081 30392 30320 3937 372 3565 2137 4849 228 1428 1355 24999 4798 2704 898 678 545 155 6711 26383 355 324 94 230 32399 29288 11154 5315 918 749 4397 2831 5839 3111 737 468 269 1566 2374 18134 377 356 336 17757 391 151 17730 78 892 749 26028 1803 24225 1128 1639 2094 537 479 125 1298 416 3003 689 250 1548 254 1294 146 19764 73 548 471
is_linear=0
shrinkage=0.03


Tree=11
num_leaves=127
num_cat=0
split_feature=29 14 29 29 29 23 40 21 21 26 10 37 17 40 36 5 27 10 39 23 22 15 36 43 2 19 6 19 23 37 5 24 8 39 1 34 26 21 9 19 42 8 27 27 19 26 26 27 9 37 29 1 36 36 26 21 19 9 25 19 28 7 27 26 22 36 1 36 28 24 5 22 22 19 25 19 6 9 23 36 27 36 28 36 37 43 15 17 41 6 22 24 19 2 9 21 23 5 39 23 17 8 2 23 32 1 26 25 28 2 2 41 40 1 29 5 25 41 22 21 9 22 28 24 23 7
split_gain=33043.7 5195.77 824.909 207.716 172.165 40.4079 47.1084 43.6998 40.7386 57.9171 54.9794 57.7786 39.1863 37.909 36.7884 36.1464 35.9004 38.4359 35.7827 36.4625 43.878 45.628 35.3716 35.1573 41.2291 38.3229 65.0442 34.6948 34.3219 38.5254 35.9314 52.492 47.2308 41.8143 44.1434 49.2012 36.8667 33.4587 44.0581 34.3952 32.51 33.8737 36.876 49.0696 32.2579 31.6687 31.4939 44.4274 50.3047 39.0727 38.9383 47.2735 37.6107 50.3499 45.0155 38.2295 31.1783 30.6643 30.3168 35.545 30.3061 30.1557 46.6983 58.1514 32.6758 29.9039 44.6741 41.6679 35.1795 33.4615 50.2598 33.1689 40.3666 49.3576 43.9604 40.0796 66.689 52.1896 37.367 41.2155 37.1053 53.0971 45.8893 32.1084 35.1794 29.5121 28.8642 37.8376 39.7784 34.8323 32.9695 31.4078 34.6406 28.3196 28.2947 36.6219 28.1821 40.7377 40.8153 37.8494 44.4256 36.3247 33.8651 28.0703 27.8617 27.8062 27.6226 27.2367 27.125 38.7965 46.5241 42.5309 40.0485 37.4421 37.1817 49.6502 35.7852 35.744 35.1985 35.1015 43.4678 44.492 36.0685 49.1316 42.0805 39.3801
threshold=34.400000000000006 1.0000000180025095e-35 5.0000000000000009 7.4500000000000002 13.700000000000001 58.650000000000013 3350.7142857142867 19.150000000000002 17.250000000000004 3.5350000000000006 6.5000000000000009 0.096666666666667053 9.3350000000000026 3081.1764705882356 -0.094999999999999932 0.055000000000000007 18.250000000000004 9.5000000000000018 5.2500000000000009 38.45000000000001 25.100000000000005 2.5000000000000004 -0.10249999999999994 0.022541418100755852 50.550000000000004 98.875000000000014 6.7350000000000012 94.075000000000003 55.150000000000013 0.023333333333332953 0.14500000000000005 0.14950000000000002 5.5000000000000009 1.2500000000000002 3.2150000000000003 5.7500000000000009 3.4550000000000005 9.8500000000000032 26.650000000000002 86.02500000000002 2751.8620689655177 6.5000000000000009 13.15 18.950000000000003 96.575000000000003 3.1550000000000007 3.4850000000000008 15.65 9.6500000000000004 0.11000000000000076 12.350000000000003 4.5750000000000011 -0.039166666666666593 -0.050833333333333293 3.4050000000000007 11.450000000000001 41.125000000000007 15.250000000000002 6.7325000000000008 75.475000000000009 39.350000000000001 4.5000000000000009 16.050000000000004 3.3650000000000007 42.350000000000001 0.047499999999999952 3.8650000000000007 0.074166666666666617 26.250000000000004 0.14550000000000002 0.20500000000000004 31.450000000000003 28.650000000000002 81.02500000000002 6.7425000000000006 95.475000000000023 6.5950000000000006 29.250000000000004 44.250000000000007 0.020833333333333304 19.050000000000004 0.022499999999999954 36.350000000000001 0.059166666666666611 0.086666666666667266 0.030556616586028301 1.5000000000000002 13.845000000000001 0.047300493492546454 6.495000000000001 37.050000000000004 0.15350000000000003 55.625000000000014 36.050000000000004 7.3500000000000005 12.65 51.45000000000001 0.15500000000000003 2.2500000000000004 51.150000000000013 8.8300000000000018 2.5000000000000004 51.350000000000001 62.95000000000001 3.2500000000000004 6.0150000000000006 3.4250000000000003 6.7425000000000006 33.150000000000013 23.950000000000003 24.250000000000004 0.033251119305514207 2310.1282051282055 3.3550000000000004 7.6500000000000012 0.115 6.7585000000000006 0.036371702831330108 34.050000000000004 10.65 18.750000000000004 27.550000000000004 38.750000000000007 0.14750000000000002 45.150000000000013 1.5000000000000002
decision_type=2 2 2 2 2 2 2 2 2 2 2 2 2 2 2 2 2 2 2 2 2 2 2 2 2 2 2 2 2 2 2 2 2 2 2 2 2 2 2 2 2 2 2 2 2 2 2 2 2 2 2 2 2 2 2 2 2 2 2 2 2 2 2 2 2 2 2 2 2 2 2 2 2 2 2 2 2 2 2 2 2 2 2 2 2 2 2 2 2 2 2 2 2 2 2 2 2 2 2 2 2 2 2 2 2 2 2 2 2 2 2 2 2 2 2 2 2 2 2 2 2 2 2 2 2 2
left_child=1 2 28 5 18 8 61 16 15 10 11 12 -10 14 -6 -4 17 -8 22 -20 21 -21 -3 24 93 -25 -27 -26 40 30 31 36 33 -32 -35 -36 -30 38 39 106 41 56 -43 -44 -31 -16 52 48 -48 -50 51 -49 53 54 -22 -54 -1 -13 85 -60 -57 62 64 -64 104 71 67 69 -68 -67 -71 72 80 74 -74 78 -77 -78 79 -73 82 -82 -42 -70 -85 -12 87 88 -47 -88 -90 107 -93 -17 95 -39 99 102 -99 101 -101 -11 -98 -91 -7 -52 -24 -89 109 111 113 -5 -113 -111 115 -112 118 -118 -114 120 121 -110 -121 124 -124 -125
right_child=-2 4 3 108 13 6 7 -9 9 96 58 57 -14 -15 45 23 -18 -19 19 20 46 -23 37 25 27 26 -28 -29 29 44 32 -33 -34 34 35 -37 -38 94 -40 -41 65 42 43 -45 -46 86 47 50 49 -51 105 -53 55 -55 -56 60 -58 -59 59 -61 -62 -63 63 -65 -66 66 68 -69 83 70 -72 75 73 -75 -76 76 77 -79 -80 -81 81 -83 -84 84 -86 -87 89 91 90 103 -92 92 -94 -95 -96 -97 97 98 -100 100 -102 -103 -104 -105 -106 -107 -108 -109 119 110 114 112 116 -115 -116 -117 117 -119 -120 122 -122 -123 123 125 -126 -127
leaf_value=0.069166043867240401 0.063277535632889237 -0.018295658364444224 -0.020794287687004202 -0.0060819955000017559 0.003298497669290495 0.091918341414142013 -0.012842025757553114 -0.010067548855160036 0.012644263870439678 0.0039501927803190038 0.058966276593488139 0.0081522322950818345 -0.00056445676373448079 0.08255269702043859 -0.014149423816529744 0.018452726175461218 0.070937058889295565 0.06248857313364211 0.078881010238945781 -0.038273915880332701 0.049049203496819883 0.035660816997990237 -0.021267154670483856 0.011635082169933321 -0.036549055516343069 0.071157832487083947 -0.0076462779967719791 0.056035877259996508 -0.024137868135174281 -0.015079138717522835 -0.023581441237059152 -0.025882277612308775 -0.019865355277967726 -0.027307633745145478 0.016225887316115167 0.062206630361739776 0.018044963912760312 -0.011911508563442821 -0.0305997591635216 0.062264056859254027 0.0051246547967466801 0.086030000170816218 -0.016531937462083438 0.066272636877574037 0.066646119949652263 -0.0050981866307779622 0.058403456673033254 0.020033396061083824 0.029750447822158667 0.001199410183318319 0.05629098709907171 0.044389437915537545 0.057721190242035182 -0.01402204199463725 0.00019511016598041276 0.027491426786962959 -0.012662136183164514 0.035899944288114688 -0.0063664730828764272 0.0080359633957305093 0.051563168794349169 0.06773978243499422 0.068144426243204409 -0.016011265737883675 -0.00043256889622159209 0.072283392543851174 0.060522172049489328 -0.028081948829672472 -0.022284499040506146 -0.016831823585064937 0.030401719648630803 0.038570946975177753 -0.01513960687340961 -0.020573976818902641 0.0020623661865654275 0.10789920980657865 0.0067048412006400207 0.094874964871490816 0.0042465310668536012 -0.03559098676995006 0.0091709949748865534 0.053898167922973188 -0.02303542992676549 0.0019544924565236682 -0.035333696749671052 -0.015520304296206398 0.0012618772283564091 0.028820195392614469 0.025315585740718426 0.033693544250129749 0.051919167229072534 0.044457629091568286 0.081655101862248572 0.04730482327829881 0.028008272388960465 0.04428453877210007 0.010584027920617469 0.016353730049053071 -0.0096278258133588712 -0.0069787274148434345 0.066559586435077644 0.021028795419215426 0.035586590317150037 -0.013387622486365545 0.032846101022495452 0.028500337460780897 0.021125430182470598 0.038981798900759722 0.023653609998639958 0.083385685985659 0.03300732958511287 -0.019172924168412174 0.0018226463908758716 0.0028797313736490015 0.021206564592744916 0.0028033892911626759 0.0082889647341386208 0.07059759954947567 0.029760732734829421 0.014573372738738986 0.015002831456421952 0.072276440211386725 0.089084372296909922 0.033646507962867826 0.034372251234092682 0.0094959128457659126
leaf_weight=4.1560025364160529 27571.316488265991 14.755265623331068 29.554613664746284 104.15448115766048 34.789650201797485 17.232082843780521 18.660049274563793 50.287227913737297 391.47372652590275 164.51178553700447 14.01704651117325 56.617233291268349 417.40048083662987 14.580359324812887 12.05684147775173 59.451343074440956 13.75681886076927 8.921891435980795 15.078546077013014 16.067412093281749 38.847326055169106 13.926402255892752 17.142121702432632 4077.2724772244692 14.57312709093094 24.66212585568428 15.140257328748701 4.741108924150466 25.793341621756554 270.96913591772318 24.288145467638969 90.921874366700649 46.41683042049408 17.426618993282318 151.88051544129848 24.267624981701374 66.42356313765049 11.102056264877318 18.192441448569298 14.704723358154295 508.68841701745987 6.062981665134429 23.660273432731628 8.7322976738214475 4.3141531050205222 30.706276163458824 50.459423691034317 116.24185524880886 427.65271537005901 48.109650254249573 191.21008904278278 189.54779860377312 44.78421376645565 41.507984265685081 30.199431762099266 695.49120581150055 260.33269523084164 98.691665723919868 576.63647204637527 210.35438857972622 50.730288863182068 24.095923349261284 9.8597306013107282 28.510434329509735 8.1622460931539518 9.575163930654524 6.0862728208303443 20.063145495951176 144.01145535707474 31.550488263368607 56.23524185270071 50.041436359286308 164.75747096538544 136.67920166254044 707.1390273720026 8.1912576556205732 52.360369861125946 6.7415266931056967 2738.6632282137871 7.6915438175201407 99.269186288118362 31.433566927909851 57.911424189805984 158.64753790199757 26.475858591496944 7.1488785892724982 30.131096452474594 294.89771948754787 197.33492438495159 8496.0533261597157 53.559734538197517 321.46171045303345 24.433675095438957 64.006973311305046 8107.3933800160885 155.64693304896355 267.36549973487854 81.313280612230301 163.96823228895664 10.038038983941076 27.409755051136017 353.547348767519 59.688496828079224 11.317939326167105 12.727959677577017 39.701480835676193 69.559871673583984 1281.6062115877867 34.209063515067101 18.433644473552707 63.474053636193275 24.26477213203907 82.98623663187027 7.2912511974573126 3064.3828075230122 214.10798732936382 12.95255735516548 23.338795080780983 79.589081719517708 3519.3051873445511 76.759456738829613 33.97279454767704 15.277866244316099 94.403443440794945 74.840221911668777 171.29333761334419
leaf_count=15 37166 76 198 550 148 44 109 295 2092 887 57 307 2357 29 59 300 47 32 33 93 120 49 89 21334 96 78 83 18 180 1909 166 645 312 120 875 105 380 54 98 42 3050 24 165 40 20 142 144 461 1580 215 568 618 133 201 134 2604 1780 453 3364 1138 148 81 34 168 44 38 25 145 1004 213 298 251 1083 933 4315 21 309 20 16429 54 585 138 395 1004 202 43 144 1005 708 28175 149 952 46 275 30471 505 1393 410 943 57 101 1742 267 52 56 147 276 4010 156 50 268 136 415 36 13808 1077 63 70 335 16810 364 107 41 397 317 833
internal_value=0.0377158 0.0210803 0.0105551 0.0143055 0.0315674 0.0107073 0.0242862 0.0086893 0.0103437 0.00759546 0.0042119 0.0090492 0.00582713 0.0342225 0.0341562 0.0122013 0.0315118 0.0116086 0.0288139 0.0324192 0.0320633 -0.00389107 0.0279517 0.012431 0.0270727 0.0119223 0.0412002 -0.0135732 0.00119289 -0.00494077 0.000489604 -0.00971655 0.00756887 0.0134272 0.0180882 0.0226008 0.00621669 0.0280334 0.0122429 0.0199662 0.00202567 -0.00751549 0.0187454 0.00587938 -0.0137692 0.0342559 0.0326132 0.0361215 0.0299047 0.0268673 0.0422074 0.0351453 0.0284718 0.0120448 0.0277344 0.0307639 -0.011345 0.025806 -0.00155786 -0.00251442 0.0291366 0.0384558 0.029135 0.0056956 0.0526109 0.00260164 -0.00475148 0.0111602 -0.0103313 0.0192827 0.0134089 0.00333043 1.79247e-05 -0.00381826 -0.00118784 0.00530307 0.0281697 0.0169307 0.00475128 0.0286202 0.00556847 0.0199722 0.00224025 -0.011664 -0.00338646 0.0337829 0.0343105 0.0373837 0.0270751 0.0335165 0.0310192 0.0388914 0.0471124 0.0334494 0.0282613 0.0405291 0.0129104 0.00823118 -0.00100541 0.0177262 0.0468413 0.0156101 0.0151612 0.0336306 0.0670653 0.0515337 0.0127117 0.0370839 0.017748 0.0196062 0.0205651 0.00973236 0.0171204 0.0607253 0.0202537 0.00972486 0.0215637 0.0484845 0.0155189 0.0160393 0.0305451 0.0479731 0.0154955 0.0246057 0.0437528 0.0180918
internal_weight=69937 42365.7 21144.7 15096.8 21221 7381.8 192.214 91.626 7189.58 2900.18 1772.34 964.183 808.874 10802.9 10788.3 4289.4 41.3388 27.5819 10418.1 2009.56 1994.48 29.9938 8408.5 4259.85 142.773 4117.07 39.8024 19.3142 6047.86 722.702 447.419 183.139 264.28 217.863 193.575 176.148 92.2169 8393.74 119.599 101.407 5325.16 302.944 38.4556 32.3926 275.283 10753.6 1964.48 1062.92 526.222 475.762 536.701 305.79 901.56 110.555 69.0468 791.006 264.489 155.309 808.157 786.991 746.221 100.588 76.4925 38.3702 38.1223 5022.21 452.645 117.424 335.221 97.3609 87.7857 4569.57 1705.88 1008.58 871.896 2863.69 67.2932 59.1019 2796.4 57.733 697.303 130.703 566.6 329.135 185.123 21.1659 10741.5 2204 281.601 8537.5 250.895 1922.4 345.895 123.458 8274.14 166.749 1127.84 572.336 245.282 555.507 37.4478 518.059 327.054 8507.37 29.96 230.912 86.702 1576.5 7715.04 3694.98 3367.69 327.286 223.131 25.7249 3341.96 277.582 198.867 36.2914 162.575 4020.06 144.941 68.1819 3875.12 355.815 90.1181 265.697
internal_count=223628 186462 111984 74736 74478 38903 910 483 37993 15611 9811 5209 4449 35619 35590 22382 188 141 38859 7248 7215 142 31611 22184 689 21495 161 114 37248 4712 2783 1205 1578 1266 1100 980 560 31535 505 407 32536 2024 229 205 1929 35442 7073 3733 1939 1795 1794 1079 3340 455 254 2885 1795 760 4602 4502 2752 427 346 202 144 30512 2929 694 2235 549 511 27583 10499 6331 5398 17084 350 329 16734 305 4168 723 3445 2210 1206 100 35383 7012 999 28371 857 6013 998 575 31030 559 5800 3013 1353 2787 158 2629 1660 28227 100 715 365 5015 35833 16808 15239 1569 1019 86 15153 1345 883 133 750 19025 627 263 18398 1588 358 1230
is_linear=0
shrinkage=0.03


end of trees

feature_importances:
motor_nirenritsu=78
motor_top2_pct=75
motor_win_pct=74
top3_pct=72
tenji_vs_avg=64
top2_pct=63
st_vs_avg=61
sanrenritsu=59
water_temp=59
win_pct=56
tenji_time=54
avg_tenji=51
motor_racer_score=49
nirenritsu=48
avg_rank=48
win_rate=47
st_x_course=44
st=41
motor_avg_rank=40
mkt_avg_payout_90d=40
win_rate_vs_avg=38
jyo_course_win_pct=37
jyo_course_avg_rank=34
mkt_win_prob_90d=32
mkt_win_prob_180d=32
month=21
mkt_avg_payout_180d=21
wave=20
avg_st_rank=18
dayofweek=17
winrate_x_course=16
course=15
wind_speed=15
st_rank=15
avg_st=14
tenji_rank=13
motor_rank=12
nirenritsu_rank=5
is_inner_course=4
racer_class_num=3
win_rate_rank=3
is_course1=2
weather_num=2

parameters:
[boosting: gbdt]
[objective: binary]
[metric: binary_logloss,auc]
[tree_learner: serial]
[device_type: cpu]
[data_sample_strategy: bagging]
[data: ]
[valid: ]
[num_iterations: 2000]
[learning_rate: 0.03]
[num_leaves: 127]
[num_threads: -1]
[seed: 42]
[deterministic: 0]
[force_col_wise: 0]
[force_row_wise: 0]
[histogram_pool_size: -1]
[max_depth: 10]
[min_data_in_leaf: 30]
[min_sum_hessian_in_leaf: 0.001]
[bagging_fraction: 0.8]
[pos_bagging_fraction: 1]
[neg_bagging_fraction: 1]
[bagging_freq: 5]
[bagging_seed: 400]
[bagging_by_query: 0]
[feature_fraction: 0.8]
[feature_fraction_bynode: 1]
[feature_fraction_seed: 30056]
[extra_trees: 0]
[extra_seed: 12879]
[early_stopping_round: 0]
[early_stopping_min_delta: 0]
[first_metric_only: 0]
[max_delta_step: 0]
[lambda_l1: 0.05]
[lambda_l2: 0.1]
[linear_lambda: 0]
[min_gain_to_split: 0]
[drop_rate: 0.1]
[max_drop: 50]
[skip_drop: 0.5]
[xgboost_dart_mode: 0]
[uniform_drop: 0]
[drop_seed: 17869]
[top_rate: 0.2]
[other_rate: 0.1]
[min_data_per_group: 100]
[max_cat_threshold: 32]
[cat_l2: 10]
[cat_smooth: 10]
[max_cat_to_onehot: 4]
[top_k: 20]
[monotone_constraints: ]
[monotone_constraints_method: basic]
[monotone_penalty: 0]
[feature_contri: ]
[forcedsplits_filename: ]
[refit_decay_rate: 0.9]
[cegb_tradeoff: 1]
[cegb_penalty_split: 0]
[cegb_penalty_feature_lazy: ]
[cegb_penalty_feature_coupled: ]
[path_smooth: 0]
[interaction_constraints: ]
[verbosity: -1]
[saved_feature_importance_type: 0]
[use_quantized_grad: 0]
[num_grad_quant_bins: 4]
[quant_train_renew_leaf: 0]
[stochastic_rounding: 1]
[linear_tree: 0]
[max_bin: 255]
[max_bin_by_feature: ]
[min_data_in_bin: 3]
[bin_construct_sample_cnt: 200000]
[data_random_seed: 175]
[is_enable_sparse: 1]
[enable_bundle: 1]
[use_missing: 1]
[zero_as_missing: 0]
[feature_pre_filter: 1]
[pre_partition: 0]
[two_round: 0]
[header: 0]
[label_column: ]
[weight_column: ]
[group_column: ]
[ignore_column: ]
[categorical_feature: ]
[forcedbins_filename: ]
[precise_float_parser: 0]
[parser_config_file: ]
[objective_seed: 16083]
[num_class: 1]
[is_unbalance: 0]
[scale_pos_weight: 5]
[sigmoid: 1]
[boost_from_average: 1]
[reg_sqrt: 0]
[alpha: 0.9]
[fair_c: 1]
[poisson_max_delta_step: 0.7]
[tweedie_variance_power: 1.5]
[lambdarank_truncation_level: 30]
[lambdarank_norm: 1]
[label_gain: ]
[lambdarank_position_bias_regularization: 0]
[eval_at: ]
[multi_error_top_k: 1]
[auc_mu_weights: ]
[num_machines: 1]
[local_listen_port: 12400]
[time_out: 120]
[machine_list_filename: ]
[machines: ]
[gpu_platform_id: -1]
[gpu_device_id: -1]
[gpu_use_dp: 0]
[num_gpu: 1]

end of parameters

pandas_categorical:null
