tree
version=v4
num_class=1
num_tree_per_iteration=1
label_index=0
max_feature_idx=43
objective=binary sigmoid:1
feature_names=course win_rate nirenritsu sanrenritsu motor_nirenritsu st tenji_time wind_speed wave water_temp month dayofweek is_weekend is_course1 is_inner_course racer_class_num weather_num winrate_x_course st_x_course motor_racer_score avg_rank win_pct top2_pct top3_pct avg_st avg_tenji motor_avg_rank motor_win_pct motor_top2_pct jyo_course_win_pct jyo_course_avg_rank win_rate_rank st_rank tenji_rank nirenritsu_rank win_rate_vs_avg st_vs_avg tenji_vs_avg motor_rank avg_st_rank mkt_avg_payout_90d mkt_win_prob_90d mkt_avg_payout_180d mkt_win_prob_180d
feature_infos=[1:6] [1.5700000000000001:9.5] [5:89.5] [10:95] [15:70] [0.01:0.34999999999999998] [6.2999999999999998:7.1799999999999997] [0:12] [1:13] [2:36.600000000000001] [1:12] [0:6] [0:1] [0:1] [0:1] [1:4] [0:3] [1.8300000000000001:56.100000000000001] [0.13800000000000001:0.96599999999999997] [32.599999999999994:113.84999999999999] [3:4.0300000000000002] [6.7000000000000002:28.600000000000001] [16.100000000000001:48.899999999999999] [33.299999999999997:64] [0.13800000000000001:0.161] [6.7220000000000004:6.782] [3.0499999999999998:3.8399999999999999] [8.5999999999999996:26.800000000000001] [23.399999999999999:44.399999999999999] [3.2000000000000002:56.799999999999997] [1.6599999999999999:4.7800000000000002] [1:6] [1:6] [1:6] [1:6] [-3.9833333333333329:4.541666666666667] [-0.1666666666666666:0.16500000000000001] [-0.43833333333333341:0.38666666666666671] [1:6] [1:6] [633.33333333333337:11000] [0.0090909090909090003:0.1578947368421052] [633.33333333333337:11000] [0.0090909090909090003:0.1578947368421052]
tree_sizes=12480 13718 13744 13658 13746 13733 13768 13639 13750 13702 13756 13777 13687 13688 13724 13738 13763 13708 13764 13753 13797 13797 13760 13756 13709 13857 13800 13764 13749 13740 13734 13735 13764 13769 13685 13771 13698 13749 13724 13695 13795 13848 13835 13811 13831 13828

Tree=0
num_leaves=127
num_cat=0
split_feature=0 0 0 0 0 5 3 3 24 19 3 6 37 27 28 1 2 2 41 23 9 25 23 27 3 7 4 28 2 32 27 29 5 4 6 25 30 41 43 37 28 23 3 25 5 26 25 3 9 23 8 6 41 41 29 35 43 7 21 9 23 8 4 37 4 8 23 21 43 9 37 6 41 37 23 9 8 2 23 34 27 23 41 28 26 21 3 41 33 26 25 8 35 7 29 21 28 35 38 2 28 23 24 28 37 25 19 19 1 1 2 4 19 9 9 3 26 27 5 43 41 27 43 1 26 3
split_gain=35884.1 13134.4 1903.24 557.122 477.349 11.1161 8.97354 9.01471 9.58614 8.65645 8.41705 10.1758 8.25297 9.83722 9.5541 8.60979 8.23111 8.16977 10.9382 8.07591 10.0375 7.98779 7.69538 8.29952 7.72625 7.98279 8.88725 10.8707 8.68696 7.53109 11.2255 13.0283 11.31 8.09276 9.29824 7.73091 8.16153 7.50235 8.15086 10.5071 10.2337 12.439 9.23321 12.9618 8.92878 8.19976 10.2745 7.83165 7.67682 7.4222 7.12572 8.87034 7.18787 7.10921 7.0606 6.95884 6.91967 6.76937 7.41749 12.5094 9.91781 8.76889 8.29754 8.2501 7.61367 7.19421 8.73148 10.8167 8.3864 10.3982 8.04878 7.44756 12.8646 11.3442 10.9873 7.92623 6.93391 6.7574 6.62755 8.88599 6.72852 7.579 6.51859 6.8363 6.48245 9.06001 9.52773 8.47091 9.98792 9.36728 7.22072 9.64562 7.18095 6.82877 6.4087 6.35683 8.09336 7.68342 9.79298 8.35048 6.20098 6.19797 6.18773 6.058 6.0279 5.95725 5.84506 5.82991 6.59629 5.66314 6.07621 9.68746 7.57507 6.86529 5.60686 5.56274 6.16444 5.872 5.54959 5.42611 5.57109 5.41748 6.04322 5.66986 5.36462 6.5279
threshold=3.5000000000000004 1.5000000000000002 5.5000000000000009 2.5000000000000004 4.5000000000000009 0.055000000000000007 77.550000000000011 78.550000000000011 0.15050000000000002 46.32500000000001 78.050000000000011 6.7750000000000012 -0.14916666666666681 15.850000000000003 37.150000000000013 3.1750000000000003 72.950000000000017 72.950000000000017 0.029450744269876504 40.45000000000001 29.650000000000002 6.7315000000000014 57.350000000000001 13.950000000000001 31.750000000000004 2.5000000000000004 45.550000000000004 34.850000000000001 58.350000000000001 5.7500000000000009 16.050000000000004 7.7500000000000009 0.25500000000000006 28.050000000000004 6.9650000000000007 6.7355000000000009 3.8550000000000004 0.028377056116782106 0.030556616586028301 -0.22166666666666704 36.050000000000004 40.45000000000001 61.650000000000013 6.7405000000000008 0.25500000000000006 3.4450000000000007 6.7515000000000009 33.550000000000004 9.6500000000000004 45.45000000000001 8.5000000000000018 6.7150000000000007 0.043349687674808811 0.041290415357724708 6.7000000000000002 -0.88 0.034132340597918302 4.5000000000000009 19.650000000000002 16.950000000000003 48.350000000000001 6.5000000000000009 40.050000000000004 -0.13916666666666702 26.850000000000005 8.5000000000000018 46.750000000000007 21.050000000000004 0.047119106667191511 23.050000000000004 0.063333333333332964 6.8650000000000011 0.033819977266268807 0.10666666666666687 46.550000000000004 10.15 9.5000000000000018 49.150000000000013 60.750000000000007 1.7500000000000002 21.350000000000005 52.250000000000007 0.041574131979495457 32.95000000000001 3.6350000000000002 17.050000000000004 23.950000000000003 0.052848355326390505 5.2500000000000009 3.6250000000000004 6.7645000000000008 5.5000000000000009 1.4266666666666672 4.5000000000000009 8.1500000000000004 15.250000000000002 30.750000000000004 -0.18666666666666601 4.2500000000000009 31.950000000000003 36.750000000000007 51.850000000000001 0.15650000000000003 37.95000000000001 0.065000000000000765 6.7495000000000003 39.775000000000006 60.475000000000016 3.2550000000000003 6.8250000000000011 41.850000000000001 34.650000000000013 66.27500000000002 17.050000000000004 14.450000000000001 27.150000000000002 3.6750000000000003 11.250000000000002 0.10500000000000002 0.052407373810675652 0.047927987271816554 18.150000000000002 0.048198709291380308 3.1350000000000002 3.6250000000000004 48.750000000000007
decision_type=2 2 2 2 2 2 2 2 2 2 2 2 2 2 2 2 2 2 2 2 2 2 2 2 2 2 2 2 2 2 2 2 2 2 2 2 2 2 2 2 2 2 2 2 2 2 2 2 2 2 2 2 2 2 2 2 2 2 2 2 2 2 2 2 2 2 2 2 2 2 2 2 2 2 2 2 2 2 2 2 2 2 2 2 2 2 2 2 2 2 2 2 2 2 2 2 2 2 2 2 2 2 2 2 2 2 2 2 2 2 2 2 2 2 2 2 2 2 2 2 2 2 2 2 2 2
left_child=1 -1 4 9 6 55 21 8 -8 12 22 16 13 -3 15 19 105 37 -19 -14 102 49 57 77 121 28 27 -27 104 33 31 -31 53 34 35 36 -23 54 39 -39 42 -42 44 -44 -40 48 -47 -43 -41 -2 -35 -52 -53 -33 56 -6 115 65 63 60 -60 62 -61 119 -62 71 68 70 69 -67 -68 73 -73 106 -75 -74 -65 82 80 -80 84 101 -24 -84 85 87 -87 89 -89 -11 -86 93 -88 -92 -37 96 -32 98 -97 -99 114 -82 -21 -98 -26 -12 -5 108 -102 110 112 -112 113 -51 -83 116 -7 -117 -81 120 -59 122 123 -25 125 -120
right_child=2 3 -4 10 5 17 7 -9 -10 78 11 -13 14 -15 -16 -17 -18 18 -20 20 -22 29 23 24 25 26 -28 -29 -30 30 95 32 -34 50 -36 94 -38 38 40 45 41 47 43 -45 -46 46 -48 -49 -50 109 51 52 -54 -55 -56 -57 -58 58 59 61 64 -63 -64 76 -66 66 67 -69 -70 -71 -72 72 75 74 -76 -77 -78 -79 79 118 81 100 83 -85 90 86 92 88 -90 -91 91 -93 -94 -95 -96 97 103 99 -100 -101 107 -103 -104 -105 -106 -107 -108 -109 -110 -111 111 -113 -114 -115 -116 117 -118 -119 124 -121 -122 -123 -124 -125 -126 -127
leaf_value=0.053202439442644731 -0.039105437107727833 0.020841909580348341 -0.035084486245016443 0.019859013277990376 -0.020261543274648259 -0.031111647010036436 0.038211558044479448 -0.008806676664781167 -0.007208338288313066 0.017616940736823801 -0.021156331086597494 0.0078974780330851486 -0.013539416499779539 -0.020409571337223233 -0.0073015556857425985 -0.012258845090286101 -0.036568396223746108 0.016853505325845317 -0.029430560510535289 0.012400279513816675 0.033001168589758517 0.026222674560481614 -0.014480500172120875 0.013392260880344106 0.014268437398073489 0.01446955197439875 -0.013933487275664869 -0.0011463416813242025 -0.0074590424534263121 -0.018874349153635308 -0.026221179415462995 -0.0035735713631383941 -0.035536778376145432 -0.014286238533354277 -0.029033738898131781 -0.014233902016959664 -0.005876531016782427 0.0038880536632247497 -0.025248048847607951 -0.033987718122822315 0.013567182484992035 -0.011213114644235899 -0.0038929303746675307 -0.021928946104114687 0.0049291377221980844 -0.017674224791845293 -0.022759758931560882 -0.021816548339502657 -0.022881715464630012 -0.004950148082970016 -0.03140749146679471 -0.018334914896559241 0.0097391580769651282 -0.014748025409137895 -0.032936940515279137 -0.039892263976647628 -0.044120733997913268 0.01538460188505965 0.011799596327412497 -0.0046299345092697692 0.0052841527722360072 0.023578550113027293 0.013051263150215212 0.0027984502088293441 -0.021991770273597045 0.028332847852558518 0.012982802530450411 -0.010905235855800298 -0.021222073205828737 -0.013539416499779539 0.031801589731262056 0.034437845724690323 0.010186590701525581 0.022981793839200581 0.0076433784479242109 0.00065241012674167669 -0.024230302420636812 -0.01852649136953961 0.048780402240594649 -0.0035046345846093626 0.0088789350410302288 0.024857633106066857 0.0036488492772934855 0.035342831650895384 0.013443559436135864 0.032879734038781284 0.014672281008618743 0.014267708660300693 0.019444158110929789 0.032318712413050461 0.0019902314369125711 -0.023350172708489395 0.010670333867385369 0.033162032082057306 -0.010163517773886259 -0.01633010605779437 -0.0062641591118025941 -0.044163332932606866 -0.0036808763092980585 -0.018212026652125384 0.031395463229842741 -0.016304797966990917 0.038211558044479461 -0.019884964054589459 0.027899518074956386 0.0055107757112057287 0.0045507458020323461 0.026927567265454238 -0.0029154114036522493 0.0011069995195520505 -0.048156465659843363 -0.016187669534031141 0.0059652991146937513 -0.025704838160241279 -0.0027586311787201525 -0.033293412285890091 -0.004901370752378187 -0.023528044864309951 0.035829097581926636 0.036128533784170004 -0.0017020960027294499 0.013138881791258526 -0.0322791095279319 -0.017659384441970179 1.430778916089171e-05 0.0094186439464601143
leaf_weight=9303 17.5 7.7500000000000027 9302 22.5 23.5 142.5 8.5000000000000018 59.25 7.9999999999999991 1678.5 14.000000000000002 28.25 9.7499999999999982 15.249999999999998 22.25 11.999999999999998 11.749999999999998 10.500000000000002 7.9999999999999991 458.75 23.5 8.9999999999999982 13.249999999999998 11.000000000000005 139.75 108.75 17 63.25 13.749999999999998 84 25 363.25 11.249999999999998 6144.5 28.25 642 32.75 14.999999999999998 1989 62.5 9.7499999999999982 73.25 41.75 265.75 8.7499999999999982 823.25 644 478.75 644.5 20.75 49.5 80.75 8.9999999999999982 59.75 82.25 58.5 15.499999999999998 52.5 12.499999999999998 93.25 10.999999999999998 15.749999999999998 32 1087.5 53 11.500000000000002 90 13.499999999999998 13.249999999999998 9.7499999999999982 26.75 10.749999999999998 86.75 56 170.75 819.75 8.4999999999999982 15.999999999999998 11.249999999999998 7.9999999999999991 240 9.5000000000000018 32.5 7.4999999999999991 1043 24.5 2698.25 1928.75 409.75 40.25 29.5 10.749999999999998 479.75 7.9999999999999991 775 159.5 202.75 11.749999999999998 84.75 244.25 7.5000000000000027 8.9999999999999982 8.4999999999999982 34.5 37.5 15.999999999999998 6050 57.25 14.749999999999998 12.249999999999998 15.749999999999998 19.25 12.249999999999998 48.25 21 57.5 8.7499999999999982 3852.75 27.5 7.7499999999999991 25.25 13.499999999999998 7.7499999999999991 9.9999999999999982 7.4999999999999991 12.499999999999998
leaf_count=37212 70 31 37208 90 94 570 34 237 32 6714 56 113 39 61 89 48 47 42 32 1835 94 36 53 44 559 435 68 253 55 336 100 1453 45 24578 113 2568 131 60 7956 250 39 293 167 1063 35 3293 2576 1915 2578 83 198 323 36 239 329 234 62 210 50 373 44 63 128 4350 212 46 360 54 53 39 107 43 347 224 683 3279 34 64 45 32 960 38 130 30 4172 98 10793 7715 1639 161 118 43 1919 32 3100 638 811 47 339 977 30 36 34 138 150 64 24200 229 59 49 63 77 49 193 84 230 35 15411 110 31 101 54 31 40 30 50
internal_value=7.45277e-05 0.0240793 -0.0240059 0.00957214 -0.0184619 -0.0232586 -0.0136428 -0.00332824 0.0161886 0.0147556 0.0043924 -0.00595616 0.0111163 -0.00641469 0.0118742 0.0127109 -0.0153625 -0.0231598 -0.00313128 0.0133149 0.0138542 -0.0137276 0.00447076 0.00812718 0.00970608 0.0110597 0.00666909 0.00872103 0.0153906 -0.0136145 -0.0114734 -0.00805692 -0.00595711 -0.013967 -0.0119682 -0.0116347 0.00105331 -0.0231999 -0.022416 -0.0210259 -0.0234762 -0.0198197 -0.0243657 -0.0194871 -0.0251149 -0.0211987 -0.0199088 -0.0204145 -0.0238703 -0.0207151 -0.0144396 -0.021181 -0.0154953 -0.00515866 -0.0241518 -0.0343162 -0.0239734 0.00426582 0.00235002 -0.00273658 -0.0124992 0.00255463 -9.38195e-05 0.00328783 -0.0172794 0.00462868 0.0108328 0.0143867 -0.00254392 0.00907711 0.017331 0.00448669 0.00195807 0.00485462 0.0114465 0.00156749 0.00258527 -0.00147855 0.0149866 0.0244492 0.0149137 0.0108702 0.00364087 0.00970216 0.0150872 0.0154128 0.0142144 0.0163579 0.0151762 0.017964 0.0129185 0.00153404 0.014069 0.00875058 -0.0120096 -0.0137922 -0.00998612 -0.0157821 -0.0119505 -0.0194258 0.0174389 0.00795647 0.0128811 -0.00825871 0.0171749 -0.00691303 0.00460804 0.0218543 0.0086716 -0.0181704 -0.0202139 -0.0307126 -0.0156407 -0.0195013 0.00584721 -0.023895 -0.0296095 -0.0236729 0.0194114 0.0122627 0.0098212 -0.00243004 -0.00981281 -0.00133683 0.0233017 0.0276573
internal_weight=55870.5 27979.2 27891.2 18676.2 18589.2 9316 9273.25 75.75 16.5 9334.5 9341.75 70 557.75 23 534.75 512.5 41.75 9234 18.5 500.5 490.75 9197.5 9271.75 491.5 422.25 380 189 172 191 9051.5 1280.75 518.25 434.25 7770.75 1487 1458.75 41.75 9215.5 5056.25 2189.25 2867 561.75 2305.25 307.5 1997.75 2174.25 1467.25 552 707 146 6283.75 139.25 89.75 423 4159.25 82 4077 8780.25 1399 217.5 76.5 141 125.25 1181.5 64 7381.25 164.75 130.25 34.5 21.25 116.75 7216.5 917.25 6299.25 226.75 906.5 1096 69.25 8776.75 66.75 8710 359 53.25 40 8351 7259.75 3202.5 4057.25 2338.5 1718.75 1091.25 48.25 3178 37.5 1417 762.5 262.25 500.25 244.25 256 110 249 467.25 237.25 177.25 30 6072.5 79.5 22.25 128.5 116.25 35 81.25 69 30.5 4061.5 151.25 3910.25 55.5 85.5 77.75 42.25 28.75 21 47.5 40
internal_count=223482 111917 111565 74705 74357 37264 37093 303 66 37338 37367 280 2231 92 2139 2050 167 36936 74 2002 1963 36790 37087 1966 1689 1520 756 688 764 36206 5123 2073 1737 31083 5948 5835 167 36862 20225 8757 11468 2247 9221 1230 7991 8697 5869 2208 2828 584 25135 557 359 1692 16637 328 16308 35121 5596 870 306 564 501 4726 256 29525 659 521 138 85 467 28866 3669 25197 907 3626 4384 277 35107 267 34840 1436 213 160 33404 29039 12810 16229 9354 6875 4365 193 12712 150 5668 3050 1049 2001 977 1024 440 996 1869 949 709 120 24290 318 89 514 465 140 325 276 122 16246 605 15641 222 342 311 169 115 84 190 160
is_linear=0
shrinkage=1


Tree=1
num_leaves=127
num_cat=0
split_feature=18 13 18 18 18 17 11 22 3 16 19 2 40 25 37 27 28 1 23 4 18 7 37 21 33 28 3 31 4 23 22 25 21 19 42 32 28 32 38 2 40 28 37 6 28 28 23 41 43 6 28 23 3 25 4 11 4 40 6 3 7 2 29 31 4 38 10 19 37 37 37 19 22 40 20 1 1 10 19 21 23 27 22 20 42 23 20 27 22 4 43 25 19 42 22 18 23 4 25 4 27 25 6 22 23 20 20 20 23 21 42 42 28 32 27 18 18 32 32 29 21 3 27 28 42 4
split_gain=33773.5 12350.4 1808.32 520.729 452.638 9.69742 9.32145 8.92389 9.16354 10.2931 8.1441 8.04516 10.5791 7.93304 7.76504 9.26297 8.99241 8.10496 7.60309 7.42266 7.25561 7.1592 9.51364 7.2392 7.59872 9.09629 7.06222 8.77559 7.00406 10.2177 8.10417 7.56226 7.14636 7.73861 8.52975 7.83557 6.90215 10.9875 9.81616 8.16374 7.97517 6.90682 6.87346 6.78439 6.70288 8.95913 6.61302 6.59604 7.36096 9.26873 8.84136 11.8738 8.91433 11.077 8.81962 8.75594 8.49241 8.19449 8.87337 7.87455 7.84735 8.95453 7.19785 7.07176 6.62779 6.57427 6.4258 6.36245 10.6686 12.1622 10.5627 10.1959 9.76092 8.6953 8.62922 8.62847 8.06734 16.2231 7.56809 6.61661 6.24581 6.32851 7.50747 8.66093 9.1375 8.59692 9.27449 7.58147 7.20544 8.98756 6.30791 10.1021 11.0286 9.96712 11.4158 8.89242 7.32299 6.26684 6.23393 9.51744 8.10288 6.1609 6.1564 6.12132 6.0829 6.98465 5.92404 7.51439 6.18073 5.85931 5.52274 5.37147 5.3194 6.69685 5.30668 6.49442 5.15143 5.11407 6.06437 10.1191 5.08461 5.04453 5.34745 5.17288 5.09723 4.96861
threshold=0.47850000000000004 1.0000000180025095e-35 0.79750000000000021 0.36800000000000005 0.69250000000000023 24.805000000000003 4.5000000000000009 41.750000000000007 78.050000000000011 1.5000000000000002 46.32500000000001 72.950000000000017 3315.075757575758 6.7315000000000014 -0.14916666666666681 15.850000000000003 37.150000000000013 3.1750000000000003 40.45000000000001 38.95000000000001 0.31300000000000006 4.5000000000000009 -0.12833333333333244 20.150000000000002 1.7500000000000002 32.750000000000007 58.250000000000007 5.7500000000000009 30.150000000000002 45.250000000000007 40.650000000000013 6.7665000000000015 10.450000000000001 46.32500000000001 3312.6602564102568 4.7500000000000009 32.550000000000004 5.7500000000000009 5.2500000000000009 28.350000000000005 1432.0629370629374 35.850000000000001 -0.10833333333333374 6.9050000000000011 37.95000000000001 39.050000000000004 45.45000000000001 0.028377056116782106 0.030556616586028301 6.5450000000000008 36.050000000000004 40.45000000000001 61.650000000000013 6.7405000000000008 22.550000000000004 1.5000000000000002 32.45000000000001 3137.71551724138 6.7750000000000012 41.95000000000001 2.5000000000000004 55.750000000000007 6.7000000000000002 3.2500000000000004 31.850000000000005 1.2500000000000002 5.5000000000000009 94.075000000000003 0.0016666666666664504 0.01333333333333315 -0.036666666666666542 91.875000000000014 33.20000000000001 1838.6730205278598 3.5050000000000003 7.7950000000000008 7.2250000000000005 6.5000000000000009 97.225000000000023 7.8500000000000005 60.750000000000007 21.350000000000005 35.850000000000001 3.6950000000000007 1902.2116324535684 52.250000000000007 3.4450000000000007 22.250000000000004 44.750000000000007 35.650000000000013 0.052189122260468554 6.7475000000000014 93.675000000000026 1902.2116324535684 41.45000000000001 0.31500000000000006 41.850000000000001 33.850000000000001 6.7445000000000013 24.450000000000003 12.850000000000003 6.7515000000000009 6.6250000000000009 40.850000000000001 45.550000000000004 3.6450000000000005 3.3050000000000002 3.1750000000000003 55.150000000000013 18.150000000000002 2928.7087912087914 3689.3314366998579 36.45000000000001 3.2500000000000004 15.750000000000002 0.60200000000000009 0.58600000000000008 2.2500000000000004 5.7500000000000009 14.600000000000001 26.150000000000002 27.150000000000002 11.250000000000002 33.550000000000004 4555.1971326164885 24.850000000000005
decision_type=2 2 2 2 2 2 2 2 2 2 2 2 2 2 2 2 2 2 2 2 2 2 2 2 2 2 2 2 2 2 2 2 2 2 2 2 2 2 2 2 2 2 2 2 2 2 2 2 2 2 2 2 2 2 2 2 2 2 2 2 2 2 2 2 2 2 2 2 2 2 2 2 2 2 2 2 2 2 2 2 2 2 2 2 2 2 2 2 2 2 2 2 2 2 2 2 2 2 2 2 2 2 2 2 2 2 2 2 2 2 2 2 2 2 2 2 2 2 2 2 2 2 2 2 2 2
left_child=1 3 4 10 5 13 114 8 21 19 14 47 -13 46 15 -1 17 18 -16 -10 42 67 26 98 25 -25 27 109 29 31 104 44 33 -30 35 -35 37 39 -39 -34 -38 -42 -20 -26 125 -46 -2 62 49 63 52 -52 54 56 102 57 -54 58 -51 -56 65 -62 110 -49 -65 -53 -29 71 70 -70 74 76 -72 -73 -69 -75 79 -78 -71 -5 81 88 83 85 97 86 -83 -87 90 -90 91 92 -12 96 -95 -93 -92 -85 99 -24 -100 -59 -50 -55 105 -31 107 -57 -108 -23 -6 -106 113 -82 -7 -116 -32 -84 119 -119 -9 124 -123 -124 -112 -15
right_child=2 -3 -4 7 11 6 -8 120 9 -11 80 12 -14 28 16 -17 -18 -19 20 -21 -22 22 23 24 43 -27 -28 66 32 30 116 -33 36 34 -36 -37 40 38 -40 -41 41 -43 -44 -45 45 -47 -48 48 50 55 51 60 53 103 59 106 -58 101 -60 -61 61 -63 -64 64 -66 -67 -68 68 69 78 72 73 -74 75 -76 -77 77 -79 -80 -81 112 82 117 84 -86 87 -88 -89 89 -91 93 95 -94 94 -96 -97 -98 -99 100 -101 -102 -103 -104 -105 111 -107 108 -109 -110 -111 121 -113 -114 -115 115 -117 -118 118 -120 -121 -122 122 123 -125 -126 -127
leaf_value=0.020212923740806708 -0.037666505025928922 0.051629397005544288 -0.034036963819552443 -0.020791193692584024 -0.041198912937036015 0.026319430205385581 -0.017410846801601019 0.011463357383950969 -0.019650745825979723 0.016283148152192322 0.014115928741243546 -0.030506719348998838 0.015014456091900462 -0.013572584434652417 -0.01315184259915623 -0.01981722551979534 -0.0070974635858090706 -0.011908449214726752 0.025938681156351458 0.0046478998076489647 0.039364595985600319 0.023256560329746389 -0.010510197799924572 -0.045204228253656872 -4.414745351668867e-05 -0.002920092506402623 -0.0046733020966537048 -0.024859743063243955 -0.033778194314518478 -0.0086333022097610183 -0.005295535821015814 0.0091417476129953389 -0.017167666286599086 -0.0079895888627281846 -0.02442664557907151 0.0074381311476522409 0.014181884039560387 -0.0088650341841561581 0.015063042122595814 -0.012543400557640921 -0.015678083281836872 -0.013025910084947412 0.011903137810914229 -0.023806073666045688 0.011168947169788364 -0.022557536647665168 -0.017807712403015763 -0.02049195738977172 -0.014754155018154294 -0.027957602678649145 0.013151021437828691 -0.034322603163325527 -0.022261908402359837 -0.022034830402176207 -0.021560900020231817 -0.011509168048168256 0.0057397562863144612 -0.012155859265238921 -0.015143905206302082 -0.025541714666722878 -0.014750261860247542 -0.033130112100251248 -0.032294190683933084 -0.017968587718620962 0.015273326764927327 -0.021596921500602755 0.0086763987125671061 -0.0015659843082713896 0.047862724877809869 0.021065918424490352 -0.03151441847717016 -0.029726532218872545 0.0035037268172898616 -0.0049517609044191242 0.020675742517139516 0.022025356430841688 0.018459000131670098 0.0016519649752647365 0.001780642142062924 0.0044384660767522593 0.0082452034939299226 -0.01871170965475721 0.027794210756723912 -0.006357466255951928 0.046793090413675922 0.027007667213407655 0.0050950614608426146 0.002493649659668121 0.015891525566463151 -0.027177779883306524 0.008324225165560941 0.017451068851217447 -0.00188326639134705 0.0094140489482034632 -0.027862952995322425 0.0017371605286296008 0.014554883096724636 0.026192090599790229 -0.0097699073566664754 0.0076375203337698738 0.0017907414682661255 -0.019570987382763194 -0.034871278793458957 0.0020219625519620355 -0.011008655766639498 0.017366218448036874 -0.02190635442017267 -0.030724985186510172 -0.013052544586312619 0.0047139735243239616 -0.029918783049527744 0.00076708984322215203 0.042620271378772091 0.029306039252262321 0.015231758499244123 -0.016483988168678503 -0.023248904749079632 0.034283262406015348 0.028868654314747007 0 -0.0048666658154906135 -0.032147294630622048 -0.021824462558644647 -0.02405051904289475 -0.0046461312874603693 -0.021273743587094461
leaf_weight=7.7491583526134518 17.243407309055328 9296.4202791452408 9340.6322662681341 9.2499101310968381 15.742359921336172 10.749651297926901 18.499106377363205 209.74219390749931 38.995966181159019 13.748905390501021 1101.1803342700005 7.4983310550451305 11.498992815613745 123.74512574076653 9.7495530992746335 15.248412027955053 22.249702930450439 11.999549388885496 33.998166888952255 15.749169319868086 9.4966256320476514 57.746794685721397 28.499913245439529 8.4996798038482684 125.24355393648148 9.99953545629978 23.248745247721672 7.749787941575053 9.4994142353534681 24.748961344361305 18.249272599816322 9.9995431751012784 425.9774422198534 99.494858175516129 19.748855903744698 41.998227685689926 8.4995849132537824 354.23395559191704 15.999495536088942 1849.9014339745045 2408.6238868236542 1419.172829002142 447.22807164490223 11.749502107501028 16.499082610011104 12.249404221773146 133.2312835007906 18.498512387275696 16.247410997748375 120.48582221567631 9.7495513558387739 44.494982317090034 15.249941825866697 258.21811996400356 772.87702429294586 21.997364714741707 26.49950498342514 237.47595484554768 83.490562677383423 1108.0723428279161 254.72288009524345 26.49684727191925 83.227269217371941 7.9994102567434338 15.99857212603092 228.72469745576382 14.749174728989599 30.249805361032486 10.49989379942417 46.499296829104424 12.749904856085779 10.999929890036581 15.999863088130949 89.7491774559021 32.249774649739265 11.99981068074703 107.99896635115147 99.498953968286514 30.499565184116364 7055.9224561452866 25.2451501339674 15.99959087371826 31.247171372175217 9.4998125731945091 9.7498076409101468 28.746514201164246 170.74647937715054 18.997447460889816 8.999530568718912 8.2496004402637464 177.48948825895786 1792.8850225806236 39.997863903641701 256.23342993855476 7.4996038228273383 33.2478958517313 4924.7232140749693 11.749768182635306 58.499575406312943 281.74804432690144 787.99467746913433 178.97588337957859 107.23296791315079 9.7488278299570066 1931.6658950895071 14.749239251017569 1311.8468647003174 123.73575581610203 76.491089448332787 21.249072924256325 144.96710945665836 35.248187214136124 11.246771752834318 30.242262631654739 12.74932010471821 10.499551907181738 73.49672295153141 9.7487304359674436 15.748664796352385 36.746916070580482 18.499198451638222 58.233815357089043 2033.4649724215269 1832.4935781806707 7.7481839805841437 202.74058501422405
leaf_count=31 69 37212 37374 37 63 43 74 839 156 55 4405 30 46 495 39 61 89 48 136 63 38 231 114 34 501 40 93 31 38 99 73 40 1704 398 79 168 34 1417 64 7400 9635 5677 1789 47 66 49 533 74 65 482 39 178 61 1033 3092 88 106 950 334 4433 1019 106 333 32 64 915 59 121 42 186 51 44 64 359 129 48 432 398 122 28224 101 64 125 38 39 115 683 76 36 33 710 7172 160 1025 30 133 19700 47 234 1127 3152 716 429 39 7727 59 5248 495 306 85 580 141 45 121 51 42 294 39 63 147 74 233 8135 7331 31 811
internal_value=5.84415e-05 0.0233866 -0.0232679 0.00929447 -0.0178566 -0.0131871 -0.000299913 0.00426912 0.00412131 -0.00679499 0.0143001 -0.0225506 -0.00294008 -0.01326 0.0107698 -0.00623479 0.0115049 0.0123167 0.0129028 -0.0126374 0.0134261 0.00420462 0.00226116 0.00150681 -0.0045655 -0.0225673 0.010177 0.0135947 -0.0131464 -0.0117735 -0.010964 -0.0164149 -0.0136544 -0.00756949 -0.00599615 -0.00339769 -0.0138143 -0.0126295 -0.00782315 -0.0134103 -0.0146308 -0.0146955 0.012903 -0.00210896 -0.0171409 -0.00317791 -0.0201169 -0.0225907 -0.0218564 -0.0205369 -0.0228623 -0.0194685 -0.0236882 -0.0189132 -0.0244243 -0.0208109 -0.00448141 -0.0177821 -0.0227301 -0.023908 -0.0200471 -0.0164985 -0.0234822 -0.00659153 0.00410175 -0.0236866 -0.00286767 0.00457359 0.0101721 0.0176542 0.0029697 0.00443775 -0.0120295 -0.00450489 0.00990148 -0.00173697 0.00457665 0.0104116 0.0134586 0.00440493 0.0145242 0.0144534 0.0105314 0.00794145 0.0228378 0.00595687 0.00303845 0.0173104 0.0146216 -0.00465834 0.0146618 0.0157777 0.0135537 0.0140441 0.00833818 0.0171659 0.0143386 0.0116086 0.00232468 0.00596276 0.000988976 -0.0153501 -0.0322505 -0.0211536 -0.0105627 0.00105678 -0.0220336 -0.0278447 -0.0214206 0.0183 -0.0233018 -0.0107968 0.0237123 0.019783 0.00899017 0.000834938 -0.0197038 0.0178536 0.0128027 0.00727848 0.0101317 -0.0232313 -0.0230193 -0.0228806 -0.0286502 -0.0183645
internal_weight=55858.6 27928.2 27930.4 18631.8 18589.7 9319.51 52.4976 9297.88 9069.64 68.494 9333.94 9270.21 18.9973 9267.02 557.719 22.9976 534.722 512.472 500.472 54.7451 490.723 9001.15 1436.98 1312.23 155.492 18.4992 124.744 101.495 9116.54 2463.39 2098.16 365.234 6653.15 170.741 161.242 141.493 6482.41 2646.11 370.233 2275.88 3836.3 3827.8 481.226 136.993 355.234 28.7485 150.475 9251.21 5075.33 2197 2878.34 564.189 2314.15 309.716 2004.43 2154.5 41.7494 620.428 203.976 1880.95 554.439 281.22 4175.88 42.4965 23.998 273.22 22.499 7564.17 178.748 87.4988 91.2493 7385.42 28.7498 112.749 62.4996 101.749 7272.67 207.498 76.9989 7065.17 8776.22 8709.49 358.981 265.489 30.9994 234.49 186.746 47.744 8350.51 17.2491 8333.26 2967.31 1141.18 5365.95 263.733 1826.13 5102.21 21.2496 1156.74 310.248 846.494 416.452 123.48 267.967 2006.41 39.4982 1534.07 145.733 1388.34 78.9959 4092.65 1966.91 66.7342 55.4874 33.9985 23.2489 91.746 93.4915 62.2443 46.4956 228.241 4076.91 3924.19 3865.96 152.715 326.486
internal_count=223482 111742 111740 74530 74366 37280 210 37192 36279 274 37338 37086 76 37070 2231 92 2139 2050 2002 219 1963 36005 5748 5249 622 74 499 406 36468 9854 8393 1461 26614 683 645 566 25931 10585 1481 9104 15346 15312 1925 548 1421 115 602 37010 20304 8789 11515 2257 9258 1239 8019 8619 167 2482 816 7525 2218 1125 16706 170 96 1093 90 30257 715 350 365 29542 115 451 250 407 29091 830 308 28261 35107 34840 1436 1062 124 938 747 191 33404 69 33335 11870 4565 21465 1055 7305 20410 85 4627 1241 3386 1666 494 1072 8026 158 6137 583 5554 316 16373 7868 267 222 136 93 367 374 249 186 913 16310 15699 15466 611 1306
is_linear=0
shrinkage=0.03


Tree=2
num_leaves=127
num_cat=0
split_feature=18 0 18 0 18 5 36 3 22 3 16 3 18 19 0 37 27 28 1 2 40 23 25 4 18 8 41 42 23 35 36 11 27 5 41 43 6 35 40 28 23 36 6 28 11 37 2 40 6 19 27 37 42 25 25 3 30 42 29 42 18 37 36 26 23 36 21 27 25 3 30 40 25 8 35 1 36 37 5 4 4 20 21 22 3 28 25 6 27 19 1 19 28 41 37 37 1 2 4 19 5 35 36 36 4 21 35 28 35 25 32 35 23 22 27 18 36 23 21 28 19 2 18 3 3 2
split_gain=31798.1 11662.4 1705.65 490.151 426.451 10.3587 8.67397 8.60319 8.40774 8.60782 9.6888 8.25236 9.01282 7.46749 7.39695 7.30643 8.72404 8.4647 7.6305 7.20508 9.75247 7.15868 7.0872 6.98832 6.84668 6.81394 9.02027 9.11213 6.61101 6.59668 6.49316 15.6388 8.8656 7.71914 6.41002 7.23309 8.88659 10.8063 8.93747 8.81393 11.0482 9.15673 8.26971 8.20678 8.17985 7.67667 7.62776 6.34871 6.5578 7.27025 8.25542 7.17244 9.02319 6.37064 6.34827 10.4811 6.21134 6.2751 6.17932 6.22353 6.05741 5.98782 5.8492 5.84831 7.295 8.84475 7.80663 9.72857 11.8749 9.3403 8.15503 7.63672 7.02905 8.86799 6.16816 5.83676 5.83177 5.81225 7.63413 7.23372 5.73121 5.65702 5.59301 5.52306 8.5275 8.44699 5.68393 5.47533 6.59282 7.43337 6.26544 12.4114 6.58595 6.0445 5.46779 5.34096 5.32017 5.73287 9.14232 7.13234 5.2927 5.28435 6.30838 5.24576 7.66339 5.65752 7.07659 6.56979 10.0097 5.56511 5.25762 5.79053 7.29819 6.66173 6.28689 5.74534 7.61142 6.4709 6.01116 6.17225 5.71794 8.07874 5.13257 5.41781 5.04112 4.94644
threshold=0.47850000000000004 1.5000000000000002 0.79750000000000021 2.5000000000000004 0.69250000000000023 0.055000000000000007 0.10499999999999997 77.550000000000011 41.550000000000004 78.050000000000011 1.5000000000000002 78.550000000000011 0.60200000000000009 46.32500000000001 3.5000000000000004 -0.14916666666666681 15.850000000000003 37.150000000000013 3.1750000000000003 72.950000000000017 3392.666666666667 40.45000000000001 6.7315000000000014 38.95000000000001 0.31300000000000006 8.5000000000000018 0.028377056116782106 2751.8620689655177 45.45000000000001 -1.3949999999999996 0.037499999999999957 1.5000000000000002 15.950000000000001 0.25500000000000006 0.028377056116782106 0.030556616586028301 6.5450000000000008 -0.30499999999999944 3253.7087912087914 36.050000000000004 40.45000000000001 -0.026666666666666648 6.8350000000000009 33.750000000000007 1.5000000000000002 0.16000000000000056 60.95000000000001 3230.9018567639264 6.8650000000000011 97.975000000000023 19.750000000000004 0.065000000000000765 1933.5144927536232 6.7435000000000009 6.759500000000001 65.250000000000014 3.3450000000000002 2177.9693486590045 6.7000000000000002 2928.7087912087914 0.64200000000000013 0.15499999999999978 0.10249999999999997 3.6350000000000002 60.750000000000007 -1.0000000180025095e-35 17.050000000000004 21.950000000000003 6.738500000000001 23.950000000000003 3.0500000000000003 1889.7697540554684 6.7645000000000008 5.5000000000000009 -0.76833333333333276 4.9350000000000014 0.024999999999999956 0.23083333333333297 0.115 34.750000000000007 47.350000000000001 3.5650000000000004 16.350000000000005 32.850000000000001 81.050000000000011 35.95000000000001 6.7495000000000003 6.6150000000000011 10.850000000000003 60.625000000000014 4.4650000000000007 68.575000000000031 29.250000000000004 0.064865953978772053 -1.0000000180025095e-35 0.038333333333333504 6.8250000000000011 41.850000000000001 34.650000000000013 66.27500000000002 0.18500000000000003 0.79500000000000026 -0.035833333333333293 -0.035833333333333293 15.050000000000002 20.250000000000004 2.9391666666666665 29.250000000000004 0.67333333333333367 6.7465000000000011 3.7500000000000004 0.69166666666666676 51.750000000000007 41.650000000000013 15.950000000000001 0.879 0.049166666666666602 58.350000000000001 21.850000000000005 31.650000000000002 49.475000000000016 27.350000000000005 0.85499999999999998 41.750000000000007 27.150000000000002 63.95000000000001
decision_type=2 2 2 2 2 2 2 2 2 2 2 2 2 2 2 2 2 2 2 2 2 2 2 2 2 2 2 2 2 2 2 2 2 2 2 2 2 2 2 2 2 2 2 2 2 2 2 2 2 2 2 2 2 2 2 2 2 2 2 2 2 2 2 2 2 2 2 2 2 2 2 2 2 2 2 2 2 2 2 2 2 2 2 2 2 2 2 2 2 2 2 2 2 2 2 2 2 2 2 2 2 2 2 2 2 2 2 2 2 2 2 2 2 2 2 2 2 2 2 2 2 2 2 2 2 2
left_child=1 -1 4 6 7 29 13 14 9 47 23 12 -9 15 56 16 -3 18 21 34 -21 -17 28 -11 -23 30 -27 -28 -16 -6 54 33 -33 -32 58 36 37 -36 42 43 -41 -42 -38 45 -40 -37 -45 48 49 51 82 53 -53 -5 60 -56 -2 -58 59 -7 -24 -10 124 64 66 101 67 71 -69 -68 -71 -15 87 74 -74 -29 77 78 -50 -79 100 -8 -51 84 94 86 -85 90 89 -89 92 -92 -65 -90 -13 -76 97 99 -99 -30 -78 102 -66 104 -4 107 110 108 -105 -106 111 113 -113 -107 -115 118 120 -118 -112 -120 -117 -122 123 -111 -61 -109
right_child=2 3 103 8 5 19 81 11 61 10 -12 83 -14 63 22 17 -18 -19 -20 20 -22 24 25 -25 -26 26 27 75 96 -31 31 32 -34 -35 35 39 38 -39 44 40 41 -43 -44 46 -46 -47 -48 -49 76 50 -52 52 -54 -55 55 -57 57 -59 -60 62 -62 -63 -64 72 65 -67 69 68 -70 70 -72 -73 73 -75 95 -77 80 79 -80 -81 -82 -83 -84 85 -86 -87 -88 88 93 -91 91 -93 -94 -95 -96 -97 -98 98 -100 -101 -102 -103 -104 105 109 106 -108 125 -110 122 115 112 -114 114 -116 116 117 -119 119 -121 121 -123 -124 -125 -126 -127
leaf_value=0.050184139657249147 -0.017354554263630702 0.019620400991448229 -0.009719056119123607 0.005542771470846428 -0.011965355423182156 -0.041668228046716063 0.04506194197851722 0.03732877070841252 0.0086594715179918891 -0.019066245493985622 0.015798601930775636 -0.021192381037104528 -0.0067121187200372464 0.014239804750862619 -0.036893018666165185 -0.012762987493347054 -0.019232399694449287 -0.0068857600414246297 -0.011555408477509006 -0.027817937465017019 0.015896680065956934 0.01251793946489508 -0.01344521484074917 0.0045093646493958497 0.038239219382617394 0.00084920631683265096 -0.01303285715547311 -0.032976169631995574 -0.01840563049482007 -0.036167618111613405 -0.015228829929453251 -0.0051778995202916107 -0.011062110984700852 -0.041338621491608572 0.0084025705771746673 -0.022159081230777408 -0.023453794470829938 -0.021876186703406408 -0.014228149692575758 0.012762191837348429 -0.026643455278182019 -0.017205080819469379 -0.016645206222674746 -0.026427887105517384 -0.019871281691081932 -0.011393210150023324 -0.012252255381053647 0.022355580467683673 0.0052309951171194205 0.0089841121118035654 -0.0095274606642001391 0.014498746304119481 0.0056039999224503801 0.0033940191349067098 -0.010054152653955119 -0.021047133992642304 0.020529274327269489 -0.0067857556431532079 -0.030947455695958775 -0.027851127547457038 0.0092079872002553947 0.034218248769070099 -0.044460696019658456 0.042200012890568961 -0.016202945921119687 0.036930016358255137 0.031023863946576278 0.033701038549073047 0.0034242349478761061 0.010056105361239435 0.013774803518551587 0.016861282380863353 0.028059827691255552 -0.023121813952303883 0.010170051688616313 -0.018312316776959655 0.010601683086278209 0.025517893115401053 -0.0015251779711475692 -0.00010271007180194366 0.022502265520448577 0.012315264853470773 0.031108804688243983 0.0058935562555598167 -0.037595455458440619 0.02573797507851466 -0.02476703626015624 0.0094067702759855175 0.010553950426747529 0.033182712266337178 -0.0002931775242408276 0.025711645061423375 0.01496221002770394 0.020683874281490003 0.01167223477504914 -0.017348582773923531 0.001563384050450528 -0.046254581614161648 -0.01519142418745888 0.0063040270202392844 0.0015733276091175741 0.034798731261217859 0.01718028812069667 -0.027285748751986943 -0.037407790775784655 -0.037087770231733312 -0.010262568621447025 -0.032863001038629054 -0.035456219704566597 0.0017957632565594077 -0.046735786493134299 -0.032884614180578295 -0.048454397417455053 -0.010773695436597348 -0.034017886461145425 -0.039985572049230096 -0.042230729466031722 -0.018492172500054922 -0.0090295307790965711 -0.037779868671468188 -0.012555165232452254 -0.029949304129866364 -0.033825076087539901 -0.029992282779519475 -0.022191560144107874 -0.027483059770435195
leaf_weight=9277.4873625040054 13.499377429485319 7.7467350363731411 11.2365735322237 1644.9474070966244 12.244306609034536 15.471826523542402 13.246773019433023 8.4978535920381564 244.726806178689 38.988852813839912 13.748537898063658 8.7487936019897496 7.9991123378276816 2364.9838935881853 17.474414005875587 9.7482635378837568 15.243832632899283 22.24884620308876 11.998248338699339 7.9934535175561932 10.497334510087965 481.1631343215704 6401.0360238701105 15.749097183346747 9.4859164953231794 19.994773268699646 85.977416232228279 55.483108699321747 68.974481716752052 69.437702104449272 365.69004398584366 380.70081025362015 589.88988189399242 10.496721386909483 21.997505515813828 1538.3394189476967 815.61286342144012 20.244167238473892 333.63570939004421 9.7482600510120374 119.45082016289234 430.56698490679264 203.66193479299545 655.10873371362686 782.13020984828472 62.963204011321068 36.734895050525665 16.998678177595139 198.9957085698843 18.997981980443001 9.4991855025291425 116.24471114575863 894.211097240448 5114.0982981324196 1002.3124335557222 84.984253168106079 15.249191522598268 14.749531358480452 81.912829995155334 150.86946532130241 10.497734755277632 8.4990171343088132 10.994126036763189 17.996447622776031 7.4982181340456053 28.470447644591331 26.235447108745575 12.998479172587393 108.23271967470646 669.60891377925873 2654.6913436502218 1763.5167300403118 9.7480697482824308 10.749802276492117 17.74706490337849 45.737242817878723 87.247472763061523 18.499225214123726 616.73314993083477 20.999084159731865 16.999298110604286 7.7482917159795752 23.247545570135117 10.998632296919828 11.248572841286657 8.7490935176610929 10.498699143528937 21.745831370353699 841.83090776205063 26.744346633553505 30.244020894169807 35.992785260081291 14.997035190463064 56.988826930522919 9.2487560659646988 9.7479863464832288 12.249116137623785 15.73287959396839 19.244439750909805 12.249570667743681 178.24477253854275 7.7443685233592978 15.240935295820236 494.40984447300434 529.11927482485771 281.41508683562279 10.737170264124869 5907.1991095244884 190.52304036915302 7.4914766699075725 53.687669739127159 43.198382690548897 82.40161806344986 18.477920919656754 25.220047786831856 46.943907201290131 87.894975185394287 12.235380068421362 9.238960459828375 26.967867851257324 26.468373209238052 329.60615694522858 959.60337965190411 12.985437005758284 3876.8805647343397 165.30278706550598
leaf_count=37212 54 31 45 6580 49 62 53 34 979 156 55 35 32 9462 70 39 61 89 48 32 42 1925 25609 63 38 80 344 222 276 278 1463 1523 2360 42 88 6157 3264 81 1335 39 478 1723 815 2622 3130 252 147 68 796 76 38 465 3577 20457 4010 340 61 59 328 604 42 34 44 72 30 114 105 52 433 2679 10621 7056 39 43 71 183 349 74 2467 84 68 31 93 44 45 35 42 87 3368 107 121 144 60 228 37 39 49 63 77 49 713 31 61 1980 2119 1127 43 23657 763 30 215 173 330 74 101 188 352 49 37 108 106 1320 3843 52 15516 662
internal_value=5.68292e-05 0.0227024 -0.0225809 0.00901659 -0.0173259 -0.0218832 0.0138736 -0.0127935 0.00414114 0.00398981 -0.00659052 -0.00271136 0.0159719 0.0138296 -0.0128762 0.0104484 -0.00604761 0.0111616 0.0119493 -0.0217876 -0.00296818 0.0125181 -0.0129345 -0.0122599 0.013026 -0.012828 -0.0182282 -0.0202733 -0.0195192 -0.0325771 -0.0127011 -0.0107741 -0.00875643 -0.0159721 -0.0218254 -0.0210986 -0.019785 -0.00609038 -0.0200549 -0.0220999 -0.0186995 -0.0192621 -0.0220966 -0.0229284 -0.0181866 -0.0217374 -0.0256792 0.00407078 0.00403567 0.00434539 0.0155549 0.00427035 0.00663009 0.00391726 -0.0130469 -0.0109166 -0.000497009 0.00707148 -0.0227084 -0.0225408 -0.0134077 0.00953639 -0.0224661 0.0140447 0.0143393 0.024893 0.0142569 0.015114 0.00670799 0.0131688 0.0130265 0.0153603 0.0119812 0.00071996 0.00768527 -0.0263896 0.00190499 0.000668322 0.00012158 0.0118931 0.00564206 0.0331635 0.0212394 -0.00793541 -0.0172105 0.00101066 -0.00905612 0.0124961 0.0117872 0.0225924 0.0192304 0.0138326 0.0299471 0.0112001 -0.00424953 0.000331834 -0.0171171 -0.0190988 -0.0292985 -0.0146575 0.0045488 0.0135178 0.00608377 -0.0330455 -0.0346924 -0.0327244 -0.0348082 -0.0323985 -0.0295655 -0.0348766 -0.0350582 -0.0375536 -0.0431417 -0.0353776 -0.0242702 -0.0331532 -0.0318715 -0.0393663 -0.0402664 -0.03053 -0.0299964 -0.0286644 -0.0335049 -0.0183375 -0.0224046 -0.0327173
internal_weight=55824.6 27907.5 27917.1 18630.1 18584.7 9266.5 9332.38 9318.21 9297.68 9044.45 68.4865 75.9895 16.497 9311.39 9242.22 557.635 22.9906 534.644 512.396 9184.81 18.4908 500.397 9198.73 54.7379 490.649 9052.8 207.193 187.198 145.925 81.682 8845.61 1346.78 970.591 376.187 9166.32 5030.19 2177.28 42.2417 2135.04 2852.91 559.766 550.018 1019.27 2293.15 1115.77 1601.3 691.844 8975.96 8958.96 7821.25 51.7447 7769.5 1010.46 6759.05 7498.83 1087.3 43.4981 29.9987 4136.13 4054.22 6411.53 253.226 4038.74 8753.75 7659.22 58.954 7600.27 4249.73 121.231 3350.54 3324.3 4128.5 1094.53 47.9929 37.2431 101.22 1137.72 855.227 815.729 39.4983 282.492 20.9951 42.2455 59.4925 29.2461 30.2464 21.4973 1046.54 947.31 48.4902 99.2303 66.2368 32.9935 898.82 17.9975 27.4951 128.45 116.201 34.9773 81.2241 265.492 30.4835 22.7392 9332.36 1520.44 7811.93 1054.49 6757.43 684.933 1509.2 1043.76 450.713 125.6 325.113 43.698 593.043 503.149 100.13 89.8945 36.2068 403.018 356.075 980.08 20.4769 4027.75 6072.5
internal_count=223482 111742 111740 74530 74366 37086 37338 37280 37192 36179 274 304 66 37254 36976 2231 92 2139 2050 36759 74 2002 36802 219 1963 36218 829 749 584 327 35389 5388 3883 1505 36685 20131 8713 169 8544 11418 2240 2201 4079 9178 4465 6409 2769 35905 35837 31286 207 31079 4042 27037 30001 4350 174 120 16554 16226 25651 1013 16164 35023 30644 236 30408 17003 485 13405 13300 16518 4379 192 149 405 4551 3421 3263 158 1130 84 169 238 117 121 86 4187 3790 194 397 265 132 3596 72 110 514 465 140 325 1062 122 91 37374 6089 31285 4223 27062 2743 6044 4180 1805 503 1302 175 2375 2015 401 360 145 1614 1426 3925 82 16120 24319
is_linear=0
shrinkage=0.03


Tree=3
num_leaves=127
num_cat=0
split_feature=18 18 18 18 18 5 24 3 3 22 1 4 4 3 6 16 18 40 7 21 8 6 11 3 23 40 25 8 22 21 32 26 19 33 26 26 2 20 4 33 15 3 6 34 3 22 1 23 27 32 5 42 40 22 25 5 5 2 40 6 40 33 19 11 40 27 5 2 39 42 5 2 32 27 29 20 4 6 8 23 19 3 40 8 6 2 25 15 4 25 4 20 29 1 38 27 25 2 29 26 5 23 22 38 4 25 20 23 33 24 42 10 4 23 32 7 10 18 2 25 42 6 18 33 1 21
split_gain=29949.8 11036.5 1611.29 461.478 402.067 9.85835 8.91195 8.45797 8.44947 8.30506 8.29961 18.252 9.28805 8.14686 9.3067 8.7659 7.72256 7.12556 6.99923 8.65242 12.8822 8.8099 7.24955 13.0039 9.34234 7.02483 6.9003 6.87631 14.4492 11.3866 9.14583 6.85101 8.22491 8.22808 13.9148 10.3892 8.211 8.79357 7.97051 8.97623 8.33024 9.86959 8.11849 7.80797 7.75667 7.72438 10.6392 8.78827 7.57804 7.26954 7.62943 7.4413 7.22584 7.19216 7.85592 7.12868 6.95311 6.80112 9.19003 6.76158 9.42056 7.08727 10.6631 8.85338 6.6375 6.53842 7.6282 6.64454 9.68262 6.91496 6.47075 6.37314 6.37073 10.4961 13.4479 12.1605 7.01555 8.72566 6.56429 6.20567 6.08615 6.96191 6.06529 6.3174 7.60845 10.4204 6.97505 7.01385 6.23419 6.01214 5.96455 5.95368 5.94959 5.9053 5.86841 5.74336 5.69744 6.49298 5.63116 8.78143 8.03972 5.57102 5.32917 15.2098 5.88061 6.57759 5.214 7.19254 5.51842 7.49613 5.17839 5.15728 7.19135 7.07571 5.12856 5.07713 5.05509 4.99843 8.81153 8.01615 4.94646 4.93483 12.4471 4.96939 11.771 4.86197
threshold=0.47850000000000004 0.21850000000000006 0.79750000000000021 0.31700000000000006 0.69250000000000023 0.045000000000000005 0.16050000000000003 77.550000000000011 78.550000000000011 41.750000000000007 3.3150000000000004 54.45000000000001 49.750000000000007 78.050000000000011 6.7750000000000012 1.0000000180025095e-35 0.60200000000000009 1268.9265536723167 4.5000000000000009 19.750000000000004 6.5000000000000009 6.5550000000000006 3.5000000000000004 41.550000000000004 48.350000000000001 2843.9613526570051 6.7315000000000014 8.5000000000000018 30.750000000000004 21.050000000000004 4.7500000000000009 3.6550000000000007 51.975000000000016 4.2500000000000009 3.2050000000000005 3.2550000000000003 29.350000000000005 3.2450000000000006 30.550000000000004 5.2500000000000009 1.5000000000000002 50.250000000000007 6.6150000000000011 5.7500000000000009 32.050000000000004 30.850000000000005 3.4750000000000005 52.650000000000013 13.950000000000001 2.7500000000000004 0.17500000000000002 1623.7824037706207 1828.4366576819411 29.550000000000004 6.7575000000000012 0.16500000000000004 0.24500000000000002 72.950000000000017 3392.666666666667 6.8650000000000011 2958.7962962962965 2.7500000000000004 93.675000000000026 2.5000000000000004 2203.2522474881021 13.550000000000002 0.085000000000000006 30.950000000000003 4.2500000000000009 1888.2665832290365 0.10500000000000002 72.950000000000017 5.7500000000000009 16.050000000000004 7.7500000000000009 3.3950000000000005 28.050000000000004 6.9650000000000007 8.5000000000000018 45.45000000000001 59.725000000000016 52.050000000000004 3518.347338935575 7.5000000000000009 6.8950000000000005 23.650000000000002 6.7495000000000003 3.5000000000000004 49.95000000000001 6.7395000000000005 34.250000000000007 3.2550000000000003 6.7000000000000002 5.7150000000000007 5.7500000000000009 13.350000000000003 6.7475000000000014 42.850000000000001 6.1500000000000012 3.4850000000000008 0.115 47.850000000000001 33.95000000000001 5.7500000000000009 37.45000000000001 6.7535000000000007 3.4350000000000005 53.250000000000007 2.7500000000000004 0.15150000000000002 2984.5788043478265 6.5000000000000009 32.050000000000004 54.45000000000001 2.7500000000000004 4.5000000000000009 8.5000000000000018 0.30300000000000005 30.750000000000004 6.7495000000000003 2928.7087912087914 6.8250000000000011 0.29900000000000004 2.7500000000000004 3.3950000000000005 26.150000000000002
decision_type=2 2 2 2 2 2 2 2 2 2 2 2 2 2 2 2 2 2 2 2 2 2 2 2 2 2 2 2 2 2 2 2 2 2 2 2 2 2 2 2 2 2 2 2 2 2 2 2 2 2 2 2 2 2 2 2 2 2 2 2 2 2 2 2 2 2 2 2 2 2 2 2 2 2 2 2 2 2 2 2 2 2 2 2 2 2 2 2 2 2 2 2 2 2 2 2 2 2 2 2 2 2 2 2 2 2 2 2 2 2 2 2 2 2 2 2 2 2 2 2 2 2 2 2 2 2
left_child=1 -1 4 10 6 -6 7 17 16 13 11 12 65 18 71 -16 -9 -2 27 21 22 64 24 -24 -21 70 79 59 30 93 -29 32 36 34 -34 52 37 -12 39 40 -33 95 80 56 -45 47 -47 -37 -43 117 51 -51 -35 54 -39 -41 -36 82 -59 61 116 63 -63 -5 -20 102 -67 69 -69 -68 -23 -15 76 74 -74 -75 77 -28 -78 -19 -40 -82 83 84 98 110 96 -88 -87 -55 -32 -52 120 -30 -57 -42 115 -98 100 -100 -7 -14 104 -104 -3 -106 107 -10 -108 -110 -86 112 -81 -113 -103 -85 -61 118 -44 -119 -84 123 -123 124 -38 -11
right_child=2 3 -4 9 5 57 -8 8 106 125 31 -13 101 14 15 -17 -18 26 19 20 -22 25 23 -25 -26 -27 72 28 29 -31 90 38 33 35 43 45 121 53 42 55 41 48 49 44 -46 46 -48 -49 -50 50 91 -53 -54 89 -56 94 -58 58 -60 60 -62 62 -64 -65 -66 66 67 68 -70 -71 -72 -73 73 75 -76 -77 78 -79 -80 111 81 -83 92 86 85 88 87 -89 -90 -91 -92 -93 -94 -95 -96 -97 97 -99 99 -101 -102 114 103 -105 105 -107 108 -109 109 -111 -112 113 -114 -115 -116 -117 -118 119 -120 -121 -122 122 -124 -125 -126 -127
leaf_value=0.048839650571823441 0.012002609804013502 0.018352886258617838 -0.032100552618565772 0.0053671555300714904 -0.035656956009882466 -0.023143256221049242 0.0060741664151263194 0.036254633674747551 0.027959501171560069 0.010948010090451184 -0.010539853105395187 -0.028531287207089286 0.047917129051787424 -0.0079577420678035062 -0.010886330795020965 0.022750601504322364 -0.0048454548318754547 -0.035855743381715328 0.028631231828736847 0.0098539117041004688 0.018414156199971974 0.0079285488890571184 -0.016196257781039159 0.010244426165626836 -0.014679803948222634 0.017133703554326508 -0.010602824959496968 -0.013462281992903268 0.014843502165262874 -0.0089924834980438465 0.032585459456949101 -0.018217105586763965 0.036421084368175489 -0.014198238704441077 0.012533035685367563 0.017550644098489152 0.04694428807860835 0.011938373081707561 0.038896761960347866 0.030285815084032948 0.020239348365219883 -0.012343176488936979 -0.0077239905622456207 0.025439934947541917 0.014912975521865412 -0.013548459697378876 0.014655968713795091 0.03508688805387384 0.0072932494906205441 0.041181138427103081 -0.015835865510997589 0.016893772277454162 0.01403319629697246 0.0033227606437444233 -0.020900886202311529 0.021971695406420928 0.026779937738550127 -0.027019883134867809 0.015429186060380615 0.0027343533538537312 0.029009394844674661 0.0051022129280841686 0.015020266285022926 0.0018132418002753373 0.0028084511031778643 0.021076150525283638 0.012586293134676997 -0.0069915598432372956 0.015050294500353228 0.0071384203653953072 0.0013332105706283172 -0.034395580965884971 -0.018166011148811962 -0.019401256679622673 -0.0050601151295662271 -0.010571020028891218 -0.013079754042782171 -0.027461026422095844 -0.019692801197141875 -0.035644803419839229 0.0025357288094998973 0.029112370632471723 -0.038871119738922773 -0.025420456078782797 -0.019004862753110561 -0.018441553477015194 -0.032439685158891653 -0.013972520245879879 0.0044177342279863611 0.021388822756810717 -0.0043414875975272636 0.010669401882795904 -0.030139644302368054 0.030976946376657384 -0.013566763620311936 0.0049121997802510703 0.0059429578161267829 -0.027525709761159669 -0.024706544669706718 -0.019998324284597441 -0.019068927964617743 0.00032394813298367524 0.030975576221320435 -0.010334275181034617 0.013178209907176296 -0.01787513792923992 -0.027218269744008951 -0.0098867649345925259 -0.017674452741518746 0.01609880517589584 0.0072722591207609573 -0.0058619647296364276 -0.015158473282102973 -0.031824401827149566 0.030022330449539177 -0.0056197358934172645 -0.002447633728127173 -0.011799874843234789 0.013858218939197668 0.01117942840805488 -0.021832517163630855 0.035763330609791179 -0.0053534651692344667 0.034059522122176285 0.010396037789884984 -0.0050108685286905999
leaf_weight=9247.3352066874504 10.497240990400313 43.730011776089668 9319.1565701663494 1101.4399648010731 42.911690473556519 541.1348163485527 23.246275499463081 8.4902010858058947 7.4980412274599102 212.70286194980145 11.242593765258787 10.245282649993895 8.7463801652193087 29.238191202282906 12.997613653540613 14.746185287833212 7.7486458122730246 17.443869411945343 20.744730055332184 16.249173775315285 21.246710225939751 154.24237197637558 25.49717865884304 48.246461197733879 94.243090555071831 28.998477399349213 1458.753773778677 30.745485335588455 81.735456109046936 14.749695837497709 7.9985973536968213 14.743686199188231 22.988309621810913 17.993162617087364 4144.4699827432632 653.15321585536003 10.744540989398955 30.23412923514843 17.23468479514122 22.240271210670471 40.483747273683548 37.483321219682693 20.242205277085304 80.457314670085907 304.84799884259701 11.993873968720434 1705.8947325795889 26.984732732176781 33.235775962471962 12.244003027677534 7.9962307065725318 169.43188397586346 14.744517639279364 18.990692287683487 8.2455607056617719 8.2465067654848099 31.231116309762001 7.9857254624366787 10.494013130664824 708.9735227227211 11.244442999362944 3810.7698962539434 100.22590516507626 1481.1720646172762 15.995864093303679 54.971176013350487 503.50979205965996 48.727637931704521 28.234958156943321 363.316476598382 1019.201999232173 11.488076433539389 84.214386180043221 186.66769969463348 434.6643180847168 576.27826027572155 6148.1440739780664 28.229359567165375 139.39312806725502 24.217069163918495 16.495008394122124 19.487673327326775 15.686821907758711 88.155460432171822 9.2414382845163328 301.43941931426525 120.86051292717457 22.476716861128807 10.98894654214382 144.92422297596931 7.4982171356678009 123.94945819675922 82.05992765724659 27.743967115879059 8.2466839402914047 48.979916304349899 14.484359726309778 7.9911611080169669 657.52296975255013 803.83879286050797 2405.6091545969248 8.2458880692720431 48.479689583182335 9.4962467700242978 14.493327394127848 10.495742261409758 16.241946935653687 10.996787726879118 15.245009839534761 9.4970651268959028 24.22727145254612 52.957301110029221 44.219765394926071 11.488248288631437 14.741866350173948 13.735939517617224 222.24333620071411 27.989143371582031 102.70837816596031 26.488932460546494 4079.7769373208284 11.994047954678537 14.492576122283934 54.972771823406219 30.484115481376648 18.49876494705677
leaf_count=37212 42 175 37374 4406 172 2167 93 34 30 851 45 41 35 117 52 59 31 70 83 65 85 617 102 193 377 116 5837 123 327 59 32 59 92 72 16586 2614 43 121 69 89 162 150 81 322 1220 48 6827 108 133 49 32 678 59 76 33 33 125 32 42 2836 45 15244 401 5925 64 220 2015 195 113 1454 4077 46 337 747 1739 2306 24603 113 558 97 66 78 63 353 37 1207 484 90 44 580 30 496 329 111 33 196 58 32 2633 3219 9633 33 194 38 58 42 65 44 61 38 97 212 177 46 59 55 889 112 411 106 16339 48 58 220 122 74
internal_value=5.53627e-05 0.0220482 -0.0219206 0.00874757 -0.0168136 -0.0212406 -0.0124126 -0.0124591 -0.00244511 0.00404416 0.0134885 0.011114 0.0114688 0.00390144 -0.00639302 0.00695576 0.0166416 -0.0125412 0.00397955 0.00206309 -0.00363382 0.00300919 -0.00619321 0.00107258 -0.0110526 0.00256475 -0.0125694 0.0043433 0.0103058 0.0156336 -0.00397783 0.01383 0.014111 0.0138899 0.0131383 0.0153062 0.018712 0.0151284 0.0111008 0.00617301 0.00326407 0.00526075 0.0130311 0.0130198 0.0171211 0.0155355 0.0144574 0.0182537 -0.00309622 0.0118143 0.0145645 0.0185606 -0.00143357 0.0165661 0.00482665 0.0192294 0.0126406 -0.021173 -0.00288047 0.00420627 0.00182878 0.00455107 0.00535714 0.00332966 0.0174675 0.0110132 0.0101932 0.00955554 0.00108442 0.0103057 0.00220201 -0.0155181 -0.0124628 -0.010494 -0.00719319 -0.0127357 -0.0127871 -0.0109257 -0.0132269 -0.0189691 0.024187 0.0170116 -0.0212095 -0.0204996 -0.020244 -0.0159278 -0.0250226 -0.0295661 -0.0176316 0.0193082 0.0147087 0.00904098 -0.022062 0.0189702 0.0041372 0.0118796 -0.0197546 -0.00595958 -0.020582 -0.0221193 -0.0198184 0.027492 0.0174528 0.0241772 0.0117311 5.63424e-05 -0.0077005 0.00544378 -0.0136674 -0.00463783 0 -0.0167158 -0.0224711 -0.0105555 0.0194818 -0.022774 0.00149588 0.00693927 0.0102894 -0.000599129 -0.0218991 0.0249226 0.0132737 0.0280971 0.0200477 0.00966302
internal_weight=55770.6 27874.7 27895.9 18627.3 18576.8 9260.62 9316.13 9292.89 75.7177 9350.88 9276.45 1167.43 1157.19 9119.68 68.4701 27.7438 16.2388 9217.17 9051.21 1444.67 205.483 1239.18 184.236 73.7436 110.492 1202.44 9206.67 7606.54 170.471 124.229 46.2423 8109.01 7351.08 7014.76 4583.99 2430.76 336.325 213.637 757.928 213.66 174.926 160.183 544.268 4561.01 385.305 2398.03 1717.89 680.138 70.7191 491.05 313.622 181.676 32.7377 202.395 38.4797 38.7335 4175.7 9217.71 18.4797 7436.07 942.461 6493.61 3911 2582.61 36.7406 1125.46 998.76 943.789 76.9626 866.826 1173.44 40.7263 9056.34 1281.82 518.879 762.946 7774.52 1486.98 6287.54 150.326 53.2174 35.9827 9199.23 5021.71 4754 345.897 267.704 143.337 312.428 163.915 15.4968 131.946 4177.52 109.479 16.4932 89.4637 124.367 22.4755 4408.11 1461.36 2946.74 31.7341 126.695 57.9759 68.7191 24.9891 59.4789 18.4948 40.984 24.7421 33.4687 132.882 68.4368 64.4455 22.9878 101.891 931.217 177.429 122.951 54.4781 4095.46 122.688 26.4866 96.2014 41.2287 231.202
internal_count=223482 111742 111740 74530 74366 37086 37280 37187 303 37406 37124 4672 4631 36481 274 111 65 36884 36207 5779 822 4957 737 295 442 4810 36842 30428 682 497 185 32452 29419 28073 18345 9728 1346 855 3033 855 700 641 2178 18253 1542 9597 6875 2722 283 1965 1255 727 131 810 154 155 16711 36914 74 29746 3770 25976 15645 10331 147 4504 3997 3777 308 3469 4694 163 36240 5129 2076 3053 31111 5950 25161 602 213 144 36840 20109 19037 1385 1072 574 1251 656 62 528 16731 438 66 358 498 90 17652 5852 11800 127 507 232 275 100 238 74 164 99 134 532 274 258 92 408 3725 710 492 218 16402 491 106 385 165 925
is_linear=0
shrinkage=0.03


Tree=4
num_leaves=127
num_cat=0
split_feature=14 13 30 30 30 5 36 9 19 22 9 9 27 28 3 27 3 6 16 37 32 39 6 25 9 27 26 34 27 34 1 1 28 22 17 30 32 41 39 36 28 35 25 9 7 37 28 23 25 25 39 6 5 6 39 4 36 3 32 27 20 17 5 11 28 37 4 6 25 30 19 36 23 6 27 9 30 36 27 41 6 37 41 43 3 39 23 26 31 25 3 36 37 4 37 27 36 28 26 22 27 42 5 9 28 37 3 1 28 3 9 20 26 27 23 36 4 25 20 11 36 36 11 4 5 5
split_gain=28218.4 10483.4 1511.02 437.429 376.239 9.50883 8.08962 8.57267 9.08728 8.00211 9.68373 9.56765 7.52313 8.46342 7.35318 7.6995 7.27036 9.18561 7.69172 7.07425 7.27963 8.85135 11.4458 6.94976 9.07874 6.85903 9.09516 8.71509 7.29425 6.80083 6.75115 6.6179 7.97899 6.56433 6.44888 6.38801 10.1326 9.05199 8.37896 8.17794 7.47975 6.34154 6.30172 6.2772 6.22459 8.15908 7.10325 7.10219 6.32642 6.63968 6.2559 7.71412 6.59534 17.3144 6.20803 10.3197 8.91486 6.20707 6.12214 9.41431 11.4722 9.20748 8.32151 6.85449 8.97367 7.87242 6.79649 8.26534 7.27168 7.66158 6.72667 6.4178 5.91627 5.80773 5.50365 6.78641 5.50046 5.49361 5.49239 5.40459 7.19492 8.99026 8.782 8.9867 8.42093 7.27358 7.29593 7.17535 7.14522 13.277 11.3417 8.73818 7.04095 6.90345 10.6391 6.02787 5.98192 5.73734 8.27273 11.906 7.79119 7.69232 7.09632 12.6268 6.97062 6.64091 10.6581 6.58148 5.5554 5.48238 5.43566 5.38967 9.22111 6.87182 5.36372 5.35571 7.30543 5.69734 5.34499 5.33772 5.27489 5.22099 9.78905 8.10195 6.42501 5.20664
threshold=1.0000000180025095e-35 1.0000000180025095e-35 4.495000000000001 3.2200000000000002 4.0650000000000004 0.055000000000000007 0.10499999999999997 29.350000000000005 46.32500000000001 41.750000000000007 26.450000000000003 24.550000000000004 22.150000000000002 34.650000000000013 77.550000000000011 14.950000000000001 78.050000000000011 6.7750000000000012 1.0000000180025095e-35 -0.10833333333333374 4.7500000000000009 5.7500000000000009 6.6250000000000009 6.7555000000000005 10.450000000000001 10.65 3.6350000000000002 2.7500000000000004 15.850000000000003 5.7500000000000009 4.1250000000000009 3.1750000000000003 33.050000000000004 34.150000000000013 8.8300000000000018 3.0750000000000006 5.2500000000000009 0.054268041606244453 1.2500000000000002 -0.055833333333333297 32.650000000000013 -0.88 6.7315000000000014 11.550000000000002 4.5000000000000009 -0.12833333333333244 29.250000000000004 44.150000000000013 6.767500000000001 6.7445000000000013 2.7500000000000004 6.5150000000000006 0.19500000000000003 6.8350000000000009 4.2500000000000009 38.250000000000007 0.0099999999999999516 30.850000000000005 5.7500000000000009 16.050000000000004 3.3950000000000005 9.2300000000000022 0.25500000000000006 3.5000000000000004 29.750000000000004 -0.033333333333333645 28.050000000000004 6.9650000000000007 6.7355000000000009 3.8550000000000004 50.275000000000013 -0.079999999999999946 45.45000000000001 6.8650000000000011 18.850000000000005 26.150000000000002 3.3650000000000007 -0.012499999999999947 14.750000000000002 0.028377056116782106 6.8950000000000005 0.11916666666666662 0.030357331421933902 0.030712070599711001 68.050000000000011 4.7500000000000009 52.350000000000001 3.5350000000000006 3.2500000000000004 6.7415000000000012 40.750000000000007 0.052499999999999956 -0.18250000000000002 23.650000000000002 0.056666666666667059 17.250000000000004 -0.019999999999999945 33.550000000000004 3.4250000000000003 32.350000000000001 16.750000000000004 4250.8064516129043 0.21500000000000002 21.250000000000004 32.45000000000001 0.19333333333333377 47.050000000000004 2.8250000000000006 25.200000000000006 46.050000000000004 16.750000000000004 3.4550000000000005 3.5950000000000002 16.850000000000005 48.45000000000001 -0.035833333333333293 15.050000000000002 6.7465000000000011 3.5650000000000004 3.5000000000000004 -0.06416666666666658 -0.084166666666666584 2.5000000000000004 41.95000000000001 0.045000000000000005 0.14500000000000005
decision_type=2 2 2 2 2 2 2 2 2 2 2 2 2 2 2 2 2 2 2 2 2 2 2 2 2 2 2 2 2 2 2 2 2 2 2 2 2 2 2 2 2 2 2 2 2 2 2 2 2 2 2 2 2 2 2 2 2 2 2 2 2 2 2 2 2 2 2 2 2 2 2 2 2 2 2 2 2 2 2 2 2 2 2 2 2 2 2 2 2 2 2 2 2 2 2 2 2 2 2 2 2 2 2 2 2 2 2 2 2 2 2 2 2 2 2 2 2 2 2 2 2 2 2 2 2 2
left_child=2 3 4 6 14 41 7 8 31 16 11 -11 13 35 42 33 34 -18 -19 20 21 29 -23 43 -25 30 28 -28 -27 -10 -21 32 -2 -16 -5 36 38 -38 -9 -37 -41 -6 72 -22 50 46 -46 -48 49 -47 52 78 57 -54 55 56 -12 -36 66 62 61 -61 63 64 -60 -65 67 68 69 -44 -63 -70 -1 -53 75 119 -13 -76 -52 97 81 82 83 92 -85 86 87 -83 89 96 -91 -92 -81 94 -84 -88 -82 98 99 110 101 102 107 -104 109 -102 -107 -99 -95 -101 -7 112 -62 -113 -50 116 -4 -118 -8 -17 -34 122 123 -68 -124 -106
right_child=1 -3 115 9 5 79 118 12 19 10 54 76 -14 -15 15 74 17 18 -20 25 23 22 -24 24 -26 26 27 -29 -30 -31 -32 -33 120 -35 44 39 37 -39 -40 40 -42 -43 58 -45 45 48 47 -49 114 -51 51 73 53 -55 -56 -57 -58 -59 59 60 111 70 -64 65 -66 -67 121 -69 71 -71 -72 -73 -74 -75 77 -77 -78 -79 -80 80 88 85 93 84 -86 -87 95 -89 -90 90 91 -93 -94 108 -96 -97 -98 100 -100 104 105 -103 103 -105 125 106 -108 -109 -110 -111 -112 113 -114 -115 -116 -117 117 -119 -120 -121 -122 -123 124 -125 -126 -127
leaf_value=-0.034868790536802433 0.012114369226206609 0.047585014656241632 -0.0084924323083352456 0.028101621584683666 -0.017476776926889582 0.016720476002251784 0.043284119496898456 0.033598899334479709 0.0089817013979571186 0.010036575591020081 0.0010643981374313263 0.046938595585919951 -0.012121801566167731 0.022232188748458316 -0.0020954648868765817 -0.0097011254371301286 -0.015063517243161885 -0.0092703425650785994 0.022078830884321776 0.0030885482112751766 0.028409260790933824 0.0076346199090553298 -0.014492852528207421 -0.022338480689883269 0.010270978850571381 0.015177350924077314 0.0064499779788514617 0.01271403364729088 0.012979396037473237 0.018807617597882072 0.032541827714535079 -0.013185533292471305 -0.018704139747419954 0.033802947331270226 -0.00042663201461189907 -0.0034923727778731592 0.0048391094634353468 -0.031136266596392077 0.010276867490528955 0.023315659607378188 0.011965265311206225 -0.03622210750526865 0.026436736221385166 0.014868531280615877 0.029806515639701409 0.0045100858025633626 -0.017519039794912657 0.0091274826519104034 0.0023903349180264904 -0.00030627470228290716 0.039455934235437397 0.0037798372838108024 0.0057768067277266617 0.02225463957086208 -0.018175710573798489 -0.018973876641772879 0.040576288048652417 0.0051645464196115373 -0.00069848986405480974 -0.044748123664457524 -0.0066688733244540969 0.0080918048619813051 -0.030447545495578363 0.004961922224539673 -0.012650067907051747 -0.0068133523970375347 -0.016338996965101472 -0.026665057535156356 0.0054021758274035549 -0.0046589818465237794 -0.01835524645655506 -0.010867398618708508 -0.01612166552626005 0.00068220598449278348 0.02471371608949435 0.0084606300736014724 0.015779459999979463 -0.0099561299510749594 0.011026962598826028 0.00028841880645229576 -0.022976928590710315 -0.024258724857324471 -0.028193709278760821 -0.024206906386678367 7.0554759691707778e-05 -0.035017735233246201 -0.042042890062582626 -0.0066146281436364448 -0.011750882274203277 -0.050359492862762305 -0.023372823948757851 0.0049702323956564388 -0.016819732456863377 -0.036637456265366748 -0.012314133935199608 -0.0189822065671339 0.0062179330744210207 -0.046293250310638072 -0.020691304088742448 0.0098064772788007005 -0.02166471118549922 -0.016213126252549264 -0.030517517775596761 0.014513148439745559 -0.015549367553922087 -0.025661474932661826 0.013182663671575678 -0.027161759229453766 -0.02022506300777829 -0.023139888425917167 -0.0071095940662009435 -0.018740496261739355 0.025704548849530526 -0.0096935670150237758 0.03301494271721031 -0.030892326710404976 -0.035637902432734216 -0.031678322937350872 0.011442525596956145 -0.034646330804696493 0.0053819051347630369 -0.012729298727433122 -0.012895484727411902 0.017622680684302464 -0.036822231185962083 -0.037815012313740334
leaf_weight=17.402919784188271 341.50667774677277 9207.01403850317 11.215455159544943 9.7482770681381208 23.445814177393913 13.72128354012966 13.220977097749712 15.985752210021017 494.5946222692728 162.44212017953396 12.994743719697 10.496249929070474 7.9957490414381018 186.33600103855133 9.9916832000017184 18.236174523830417 40.708363652229309 13.245994016528131 14.742103293538092 9.243379667401312 37.219453200697899 63.944872230291367 31.226541996002197 8.4935784339904767 71.19026643037796 2009.7308917492628 320.78608296811581 537.63057892024517 4315.7986220866442 73.17661215364933 30.714636743068695 11.747067943215368 8.4930856525897962 8.2423214018344861 194.23294833302498 15.48706406354904 20.232604891061786 8.9932302385568601 106.15882661938667 137.13142293691635 86.174681141972542 58.259356662631035 8.9997496753931028 192.07872515916824 13.495089963078497 354.46591657400131 9.746488153934477 101.96346041560173 10.499690786004068 940.19901712238789 7.7494175583124152 4207.5711809396744 288.47077116370201 71.74276565015316 15.494829565286635 10.745774418115614 8.4965340048074705 2163.7874107658863 77.724133521318436 11.490282922983168 98.936541050672531 8.992830425500868 13.232899874448774 81.975005239248276 210.16785708069801 134.96058662235737 25.731329903006554 28.203224912285805 21.987809613347054 32.735791996121407 167.09240955114365 1394.2096868604422 128.30881375074387 627.20357891917229 7.74317438900471 9.2429421693086606 10.496010348200796 8.4933171868324262 29.74735589325428 21.976703837513924 8.7358967512846011 54.151098176836967 219.03564967215061 233.26582488417625 13.477529823780058 62.880796849727631 25.454248309135437 34.188206791877747 190.45105493068695 13.227242410182951 126.27834115922451 10.484429270029066 947.93460458517075 18.962178573012352 46.651230573654175 17.967588648200035 21.967129454016685 17.20543546974659 2116.7673542648554 10.229012906551363 1392.9333477467299 68.604593530297279 12.473004162311556 9.9785261452198011 18.711311683058739 12.471026554703714 12.722349390387533 422.81831738352776 2988.8575008958578 7.9840450286865225 22.703911811113358 95.691925942897797 8.4948496073484403 371.27355681359768 10.249181240797041 7752.4112791270018 523.23206064105034 973.32168374955654 7.7430370748043051 13.737988486886023 163.65240147709846 6197.6067262142897 15.237685963511465 8.2438199222087842 32.225397825241089 20.207107245922089
leaf_count=70 1367 37212 45 39 94 55 53 64 1980 650 52 42 32 746 40 73 163 53 59 37 149 256 125 34 285 8046 1284 2152 17278 293 123 47 34 33 777 62 81 36 425 549 345 234 36 769 54 1418 39 408 42 3761 31 16832 1154 287 62 43 34 8656 311 46 396 36 53 328 841 540 103 113 88 131 669 5580 514 2509 31 37 42 34 119 88 35 217 878 935 54 252 102 137 763 53 506 42 3798 76 187 72 88 69 8485 41 5584 275 50 40 75 50 51 1695 11979 32 91 383 34 1486 41 31149 2103 3911 31 55 655 24809 61 33 129 81
internal_value=5.41113e-05 0.0213881 -0.0213185 0.00846719 -0.0163805 -0.0206447 0.013063 0.0130205 0.0127836 0.00387802 0.00939376 0.0125259 0.0165499 0.0169522 -0.0121019 -0.0027596 0.00373779 -0.00597041 0.00720855 0.0130293 0.0106157 0.00883473 0.000351074 0.0144278 0.00675266 0.0133537 0.013284 0.010376 0.0136782 0.0102538 0.0257906 0.00894618 0.00945772 0.0141458 0.00381178 0.0144216 0.00956777 -0.00624833 0.0133664 0.0174869 0.0189495 -0.0308893 -0.0121787 0.0170844 0.00378509 0.00197502 0.00929175 0.00677562 0.0012768 0.00101148 0.0041284 0.00348405 0.00528263 0.00906808 -0.0026129 0.00485409 0.0168704 0.00470336 -0.0120782 -0.0101468 -0.0122713 -0.0187234 -0.00701748 -0.00639444 -0.00942999 -0.0023566 -0.0123963 -0.0105638 -0.0102495 0.00205773 -0.0169922 -0.0106134 -0.0183934 0.00337832 -0.00816616 -0.0139959 0.031579 0.00653615 0.0170316 -0.0205533 -0.019887 -0.0202073 -0.0199312 -0.0177406 -0.0228753 -0.0265564 -0.0224835 -0.0174624 -0.0158355 -0.0201234 -0.0238015 -0.021187 -0.0164306 -0.0207443 -0.0254168 -0.0326006 -0.00208778 -0.0213624 -0.0203042 -0.0115178 -0.0225605 -0.0256837 -0.0270816 -0.0104616 -0.0200535 -0.0213881 -0.00601179 -0.0279236 -0.0203302 -0.00460178 0.00184727 -0.0101587 -0.00407356 -0.0115543 0.0176755 -0.0312173 -0.0328848 -0.033066 0.0317048 -0.0205404 0.0041747 -0.0128295 -0.0204149 -0.00802689 -0.0292155 -0.0272158
internal_weight=55698.4 27874.4 27824 18667.4 18563.8 9297.18 9326.69 9305.72 8721.23 9340.74 231.166 183.434 584.495 576.5 9266.61 75.6876 9109.57 68.6965 27.9881 8195.83 971.925 662.943 95.1714 308.982 79.6838 7223.9 7183.95 858.417 6325.53 567.771 39.958 525.399 513.652 18.234 9040.87 390.164 151.37 29.2258 122.145 238.793 223.306 81.7052 9190.93 229.298 9031.12 1440.62 125.205 111.71 1315.41 1294.66 7590.51 4872.27 2718.23 360.214 47.7319 32.2371 21.4913 2358.02 9045.21 1280.03 761.972 187.576 518.06 504.828 287.892 216.936 7765.18 1486.14 1457.93 41.7355 176.085 1416.2 145.712 4834.77 57.4536 41.2171 20.9923 16.2365 37.4968 9215.48 5055.95 4684.8 4490.16 1216.65 246.743 194.642 131.761 88.3393 371.144 180.693 149.99 136.763 969.911 3273.51 265.687 43.4218 30.703 4159.53 2210.32 93.5567 1949.21 531.08 462.475 22.4515 57.1315 1418.13 25.1934 440.024 3007.82 18.2131 36.4252 574.397 107.431 466.965 20.7489 9260.18 1507.77 1496.55 20.964 31.9742 172.145 6279.04 81.4382 33.9751 47.4631 38.9184
internal_count=223482 111917 111565 74705 74357 37264 37338 37254 34914 37367 925 734 2340 2308 37093 303 36442 275 112 32811 3891 2654 381 1237 319 28920 28760 3436 25324 2273 160 2103 2056 73 36167 1562 606 117 489 956 894 328 36790 918 36128 5763 501 447 5262 5179 30365 19491 10874 1441 191 129 86 9433 36206 5123 3050 751 2073 2020 1152 868 31083 5948 5835 167 705 5668 584 19341 230 165 84 65 150 36936 20262 18775 17995 4875 989 780 528 354 1487 724 601 548 3886 13120 1065 174 123 16674 8860 375 7814 2129 1854 90 229 5685 101 1764 12055 73 146 2299 430 1869 83 37208 6059 6014 84 128 689 25135 326 136 190 156
is_linear=0
shrinkage=0.03


Tree=5
num_leaves=127
num_cat=0
split_feature=14 18 18 18 18 36 21 25 37 22 37 29 4 37 40 22 36 36 3 22 2 36 23 40 9 4 5 21 28 29 37 29 9 40 33 17 23 35 6 37 11 21 16 6 4 9 4 35 6 9 22 21 9 5 20 3 1 15 29 2 34 4 18 25 43 22 28 3 35 40 4 1 33 29 28 16 37 39 2 4 43 25 21 25 37 37 1 35 1 21 28 25 9 35 1 9 4 6 4 3 16 40 6 35 43 3 20 21 43 21 35 28 29 25 2 43 1 9 18 35 21 40 36 4 21 22
split_gain=26537.6 10067.3 1381.8 406.218 327.948 9.78942 9.3693 9.22474 12.6352 11.1292 10.2786 10.1907 9.43273 9.01116 8.51097 9.85026 8.50539 8.42083 7.92969 8.68453 8.65755 10.6718 7.95283 7.91753 7.90286 8.71705 10.7217 9.67515 9.8673 7.65777 7.59162 7.32474 9.79302 10.8234 10.013 8.42521 8.02989 13.4983 9.34107 9.17062 7.30648 11.2042 12.2601 10.647 10.1616 10.7097 10.5576 9.06127 8.87758 8.66048 10.3867 10.2105 8.57207 8.46648 8.36672 8.2156 8.97861 7.86749 9.50816 10.7866 8.93157 12.5787 8.86786 7.72746 7.71046 7.51303 7.43675 7.40653 8.31651 7.21073 7.08176 7.08065 7.05294 9.31195 6.97226 6.92371 6.87816 7.56657 10.8765 7.28148 6.82351 6.77796 9.911 7.57458 6.76515 8.2197 8.00247 6.71417 6.68488 6.68399 6.81633 6.67191 6.6675 8.77827 7.43477 6.63224 6.62081 6.55986 6.50725 6.4744 8.61135 6.35658 7.93683 8.09645 6.76348 8.4015 7.87667 9.9593 8.50964 7.64883 7.63519 7.27584 6.88156 6.33576 6.32064 6.26354 8.07536 7.51264 6.29238 9.58333 11.6798 8.21162 6.90868 6.75856 6.45002 6.27662
threshold=1.0000000180025095e-35 0.21850000000000006 0.79750000000000021 0.41550000000000004 0.66700000000000015 0.049166666666666602 20.150000000000002 6.7575000000000012 -0.043333333333332544 29.550000000000004 0.19333333333333377 12.800000000000002 31.750000000000004 -0.10333333333333304 2333.7121212121215 28.050000000000004 -0.080833333333333285 -0.10083333333333329 77.550000000000011 33.550000000000004 69.950000000000017 -1.0000000180025095e-35 53.45000000000001 1633.6021505376345 30.650000000000002 28.750000000000004 0.115 13.950000000000001 28.350000000000005 13.900000000000002 -0.028333333333333748 6.1500000000000012 26.750000000000004 5107.9411764705892 4.7500000000000009 6.0850000000000009 50.150000000000006 1.0491666666666666 6.5850000000000009 -0.15749999999999967 2.5000000000000004 18.150000000000002 1.0000000180025095e-35 6.5650000000000004 27.550000000000004 10.850000000000003 27.350000000000005 -2.7058333333333326 6.6150000000000011 27.150000000000002 34.050000000000004 19.050000000000004 7.9500000000000011 0.17500000000000002 3.4350000000000005 62.850000000000001 6.5850000000000009 2.5000000000000004 8.9500000000000011 60.750000000000007 1.2500000000000002 35.050000000000004 0.59000000000000008 6.7555000000000005 0.029600396472996605 36.45000000000001 24.600000000000005 43.95000000000001 0.83166666666666644 2295.916666666667 38.350000000000001 3.9850000000000008 5.7500000000000009 12.15 37.750000000000007 1.0000000180025095e-35 0.035000000000000558 5.7500000000000009 38.250000000000007 37.650000000000013 0.03141170036599495 6.7545000000000011 19.850000000000005 6.7455000000000007 -0.0075000000000002495 0.081666666666667415 6.1350000000000007 -0.23333333333333311 8.1550000000000029 20.850000000000005 35.050000000000004 6.7525000000000004 18.850000000000005 -0.8249999999999994 5.8750000000000009 12.15 44.850000000000001 6.7650000000000006 39.95000000000001 79.250000000000014 1.5000000000000002 1774.2165242165245 6.9650000000000007 2.663333333333334 0.050809164407650161 75.750000000000014 3.8250000000000006 9.8500000000000032 0.047630622496932659 20.950000000000003 -1.3749999999999996 31.550000000000004 11.750000000000002 6.7535000000000007 55.350000000000001 0.026089019057833455 2.6950000000000007 22.850000000000005 0.86699999999999999 0.40083333333333343 15.250000000000002 3742.0168067226896 0.069999999999999965 19.350000000000005 15.350000000000003 34.150000000000013
decision_type=2 2 2 2 2 2 2 2 2 2 2 2 2 2 2 2 2 2 2 2 2 2 2 2 2 2 2 2 2 2 2 2 2 2 2 2 2 2 2 2 2 2 2 2 2 2 2 2 2 2 2 2 2 2 2 2 2 2 2 2 2 2 2 2 2 2 2 2 2 2 2 2 2 2 2 2 2 2 2 2 2 2 2 2 2 2 2 2 2 2 2 2 2 2 2 2 2 2 2 2 2 2 2 2 2 2 2 2 2 2 2 2 2 2 2 2 2 2 2 2 2 2 2 2 2 2
left_child=2 -2 4 16 18 99 7 10 9 -9 14 92 -11 75 72 -16 23 -6 40 20 -20 -22 -21 -3 -18 26 -26 -27 -29 -25 -30 36 -33 34 -34 -36 -19 39 -39 -38 41 47 52 49 45 53 74 -1 81 50 67 71 -43 113 -50 56 -54 60 62 -60 61 -46 -59 -48 -62 -57 -49 -42 -69 97 -53 -52 -7 -74 -47 -8 77 78 98 -80 -37 83 -83 -44 86 -86 -40 -14 96 -71 -91 -28 93 -10 -94 -41 -68 -15 -31 101 -101 102 103 -5 106 109 107 110 111 112 -103 -108 -106 -45 115 -4 117 -117 119 121 -121 124 123 125 -118 -120
right_child=1 3 114 5 17 6 13 8 11 12 -12 -13 87 69 15 -17 24 31 19 22 21 -23 -24 29 25 27 91 28 30 76 -32 32 33 -35 35 80 37 38 84 95 43 42 48 44 57 46 63 66 54 -51 51 70 55 -55 -56 65 -58 58 59 -61 64 -63 -64 -65 -66 -67 88 68 -70 89 -72 -73 73 -75 -76 -77 -78 -79 79 -81 -82 82 -84 -85 85 -87 -88 -89 -90 90 -92 -93 94 -95 -96 -97 -98 -99 -100 100 -102 104 -104 -105 105 -107 108 -109 -110 -111 -112 -113 -114 -115 -116 116 118 -119 122 120 -122 -123 -124 -125 -126 -127
leaf_value=-0.040167651368714662 0.046407134413993592 -0.014971418692332091 -0.030758653821687226 0.00012212809574713293 -0.036844764184414174 0.011162320429712843 -0.0020433444871365719 0.015257723247098082 0.042392008631017705 -0.040886840249609903 -0.015947260322710141 -0.021382706743324782 0.0094104540638209749 0.0062312064345243405 -0.015265091467100127 0.0074315538794934698 0.012449649824967149 -0.01828955958709904 0.0047510972958192494 0.020060989905740765 -0.0050207874610573577 -0.048331110996227722 -0.0085031205027662881 0.02935141884318308 0.035686962780749572 0.034619336370284359 -0.0082217777798580284 -0.015179809767208454 0.027960848159476505 0.027664615660160988 0.013795133199380138 -0.020372631537690495 -0.028475153928580337 -0.0010411038119509696 -0.044925500776401235 -0.013679733308738645 -0.012627782055131081 -0.03230143211654958 -0.00142714518222354 -0.018365746862475326 -0.035579921364939864 0.0069002376034142691 -0.0049195354216101366 -0.010977121885610643 -0.015163990505781631 -0.010912765117826011 0.01702900651828803 0.015088718720103596 -0.01153737379785433 -0.033513426514404643 0.025799238447605274 -0.0080617955209476774 -0.013908030809523493 0.015089793356478592 -0.0040439441597409261 -0.014000912336176955 0.0050898998292820633 -0.0082496091352983626 -0.02468098709720265 0.0029655673999062792 -0.016584509374880971 0.0078227003185672023 -0.014124027896087047 -0.017958188025339529 -0.010608765677890163 -0.034422342159594367 -0.014738229686388925 -0.0051888136466115495 -0.031125473851835696 -0.011086308836664855 -0.036861565120383293 -0.0041442530496507181 0.035584273692784454 0.011598502277995738 -0.00040244170331304741 -0.039371382572363826 0.015704676464051492 -0.029343543988513326 -0.019891656852108079 0.011565272939216277 -0.029325664858077097 -0.035598107159173581 0.01132231010648912 0.021395889539906364 -0.022018641881206908 -0.012042722319999257 -0.014594039240325566 -0.02378087038320624 0.0074361297592764851 0.0095970644756559389 0.039897164257854091 0.015367605855165285 -0.0023771604240370118 0.010643216230130681 0.025473700528132307 -0.022592927703076346 -0.0098726880814873109 -0.012420015396087312 -0.0056564179510646129 -0.015316696175430529 0.014507536468824181 -0.030148159064069299 0.028184726011096513 -0.025527012662553032 0.012567999860820122 0.035183336919300957 0.02199447005642665 0.003290211959240983 0.029607931760039698 0.014197384043966732 -0.0034802179418223869 0.0015445476592777627 0.0038281462242214922 0.0072195634709087408 -0.027890230939775957 0.0018810777273039403 -0.050476113794583416 -0.034657308871222696 -0.00098107680618398068 0.023321258559322731 -0.020767062586270226 -0.0024354886041240923 -0.045860723739076209 -0.029317910633606725 -0.025071392581519761 -0.034674064396880831
leaf_weight=11.987443119287489 9200.3155357539654 15.981176629662512 7345.2962434589863 459.68110589683056 26.857549592852592 321.19976256787777 9.2468240559101122 10.249026313424109 10.997841387987135 12.498571828007696 13.497354477643965 9.9979011118412 10.248789906501768 32.242791682481766 19.24714982509613 153.72087921202183 8941.5373806655407 3180.6897345781326 14.983573541045187 21.228907644748688 11.236575216054916 9.4840677529573441 14.737601906061171 12.73379226028919 9.734756186604498 37.694132640957832 27.210400879383087 7.7398095577955237 56.415582925081253 16.977335765957836 88.618782714009285 2475.5901010334492 354.85936018824577 16.697849676012993 10.712159022688864 110.64536839723587 102.7074835896492 31.66246035695076 53.586864158511162 413.72968006134033 28.217288166284561 17.482342392206192 16.980170831084251 46.958708018064499 35.708405151963234 694.8780010342598 22.230601161718372 7.7414734810590735 383.56400312483311 29.468243271112442 9.2405385524034482 19.228347927331924 522.16985061764717 27.7268887758255 207.52519814670086 32.714188501238823 23.225073412060738 302.66894291341305 109.62698954343796 14.233308881521223 212.51413904130459 53.192816004157066 1008.374874651432 7.4941338598728171 2445.0201370120049 33.211823612451553 2398.8931052684784 27.221249133348465 18.98116959631443 8.4981564432382566 12.985053986310957 29.469369128346443 26.744904845952988 32.743712767958641 62.193312913179398 8.7482043504714948 32.708000093698502 7.4916699379682532 19.976337343454365 9.7387587279081327 32.894317880272865 8.2406178563833219 7.7414964586496344 22.974950939416885 204.40613208711147 118.90037043392658 189.18635603785515 11.498333528637888 12.737717032432554 22.99413338303566 9.4977525025606138 17.72458028793335 41.743884786963463 27.745301857590675 10.748491078615187 1917.6564285457134 284.4297521263361 35.491459757089615 7.4908868670463553 34.702573612332344 11.488320454955099 10.998667582869528 8.748924791812895 11.24730610847473 91.736456707119942 8.744482755661009 21.747224390506744 6889.4797657579184 19.247934699058533 87.229795143008232 76.739853367209435 55.99222719669342 708.64402422308922 26.976751729846001 992.2281933426857 15.146868556737902 12.919041618704794 7.4495928585529319 14.899037569761278 8.6948097795248049 13.908867955207823 10.186024516820906 22.594777807593346 757.54081445932388 32.544627264142036 7.4499488472938529
leaf_count=48 37386 64 29583 1839 108 1285 37 41 44 50 54 40 41 129 77 615 35811 12761 60 85 45 38 59 51 39 151 109 31 226 68 355 9933 1424 67 43 444 412 127 215 1660 113 70 68 188 143 2782 89 31 1536 118 37 77 2091 111 831 131 93 1212 439 57 851 213 4038 30 9791 133 9606 109 76 34 52 118 107 131 249 35 131 30 80 39 132 33 31 92 820 477 759 46 51 92 38 71 167 111 43 7694 1139 142 30 139 46 44 35 45 367 35 87 27562 77 349 307 224 2835 108 3996 61 52 30 60 35 56 41 91 3051 131 30
internal_value=2.96268e-05 0.0207279 -0.0207107 0.00805684 -0.0159887 0.00363475 0.00672679 0.00806295 0.00131758 -0.0119778 0.00979297 0.00718208 -0.0201931 -0.000778584 0.010426 0.00488994 0.0124911 -0.0199925 -0.0120134 -0.00204471 -0.0125254 -0.0250534 0.00832387 0.00463353 0.0125962 0.017929 0.00730976 0.0209637 0.0175641 0.0075837 0.0193311 -0.0199428 -0.0211685 -0.0249079 -0.0256874 -0.0192501 -0.01935 -0.0204615 -0.0164041 -0.0214565 -0.0120906 -0.0130612 -0.0107352 -0.0113513 -0.0110991 -0.00817785 -0.00936186 -0.0141529 -0.00782852 -0.0186458 -0.0156001 -0.00733873 -0.013722 0.000971038 -0.00891018 -0.0143152 -0.0130955 -0.0117193 -0.0135251 -0.0214921 -0.0107748 -0.00140003 -0.0127697 0.00812718 -0.0110878 -0.024348 -0.0140355 -0.0234328 -0.0159209 0.00246935 -0.0197954 0.00301304 0.0129354 0.0224488 -0.0100515 -0.0203904 0.00460305 -0.00127607 0.00262396 -0.00952751 -0.0172936 0.00357006 -0.0128482 0.0101905 -0.0155067 -0.0183594 -0.0116957 -0.00809862 -0.0141203 0.0123932 0.0185954 0.0010632 0.0103487 0.0197802 0.00333473 -0.0218442 -0.0142234 -0.00352347 0.0174209 0.00332895 -0.00785127 0.00339033 3.31276e-05 -0.000492562 0.00359218 0.00604928 0.00328056 0.00316213 0.011773 0.00575664 -0.00687083 0.00730549 0.00483319 -0.00431667 -0.0301886 -0.0304646 -0.0280686 -0.0101984 -0.0285242 -0.0202859 -0.0037138 -0.0269714 -0.0293231 -0.0288362 -0.0324183 -0.0123837
internal_weight=55635.7 27846.1 27789.5 18645.8 18548.7 9336.03 839.601 712.882 145.728 44.4947 567.154 101.233 34.2457 126.719 553.656 172.968 9309.77 9240.78 9307.9 71.6707 35.7042 20.7206 35.9665 123.098 9186.68 245.138 54.6697 190.468 152.774 107.117 145.034 9213.92 3001.4 525.809 509.111 154.252 6212.53 3031.84 597.742 2434.09 9236.23 3991.62 1275.83 5244.61 5069.8 888.458 786.796 2715.79 647.026 174.811 145.343 70.9233 628.803 101.662 591.089 611.321 545.395 4181.34 1434.9 123.86 2746.44 88.9012 1311.04 29.7247 2657.53 65.926 2703.8 74.4197 46.2024 108.724 32.2134 38.7099 380.688 59.4886 757.071 17.995 94.383 61.675 54.1833 29.7151 143.54 55.9372 15.9821 39.9551 566.08 323.307 242.773 21.7471 2696.06 40.99 32.4919 44.935 91.2355 38.7431 52.4924 2331.39 2683.32 67.7343 24.4682 8496.43 46.1909 8450.24 479.677 470.928 7970.56 896.355 7074.21 6977.22 96.9874 887.61 87.7385 77.7395 800.38 73.9355 9240.86 8248.63 903.334 22.5965 880.738 78.2534 22.6037 55.6497 802.485 779.89 45.4637 22.349
internal_count=223587 112022 111565 74636 74348 37350 3359 2852 583 178 2269 405 137 507 2215 692 37286 37076 37272 287 143 83 144 493 36793 982 219 763 612 429 581 36968 12043 2110 2043 619 24925 12164 2398 9766 36985 15984 5109 21001 20301 3557 3150 10875 2591 700 582 284 2518 407 2367 2448 2184 16744 5746 496 10998 356 5250 119 10642 264 10827 298 185 435 129 155 1523 238 3031 72 378 247 217 119 576 224 64 160 2271 1297 974 87 10796 164 130 180 365 155 210 9354 10745 271 98 33991 185 33806 1919 1884 31887 3586 28301 27913 388 3551 351 311 3202 296 37217 33221 3638 91 3547 315 91 224 3232 3141 183 90
is_linear=0
shrinkage=0.03


Tree=6
num_leaves=127
num_cat=0
split_feature=0 0 18 18 0 36 36 36 29 42 37 3 22 2 36 23 41 29 35 28 3 25 35 6 3 37 42 2 25 40 18 37 29 6 39 29 11 8 3 22 20 37 23 35 6 3 3 20 31 36 43 37 37 6 33 19 20 41 23 43 2 11 26 42 28 23 3 37 2 6 22 43 28 2 39 11 36 26 35 33 28 25 3 3 29 25 29 43 36 19 2 25 36 2 40 42 2 20 1 2 26 18 3 29 22 30 43 3 3 16 40 33 36 35 8 22 23 22 33 26 16 23 26 35 3 37
split_gain=25018.4 9578.04 1310.27 382.612 309.782 9.21445 8.00867 7.98317 7.74046 8.72498 7.61715 7.46205 8.17811 8.16311 10.0768 7.4875 7.23373 7.11397 18.4221 8.67158 8.31328 7.81635 10.7178 7.81208 13.3344 7.73631 7.52433 7.35229 7.37889 7.13681 7.0984 7.08165 6.92357 7.2358 9.04225 6.92071 8.11808 10.4978 9.11667 10.4508 10.2832 7.64638 7.59084 11.6461 9.84211 7.8636 7.96464 7.687 7.81311 7.547 7.49713 7.39455 7.31493 12.8556 10.6976 6.83705 9.3277 9.29255 8.18091 7.63536 6.91539 6.79932 7.23088 6.78583 6.51431 6.9645 7.78867 7.2677 6.40314 6.38324 14.5459 6.52321 6.36864 6.40057 6.27411 6.25861 6.31418 7.01751 6.23587 9.37998 9.06466 8.63963 6.98449 8.05448 7.16132 6.544 6.53174 6.16019 17.4562 9.85844 9.17459 7.36315 6.15136 6.08414 8.16386 6.64632 6.04593 9.35028 8.46398 6.03649 10.5415 5.9497 6.65659 12.1001 8.25776 7.83083 9.41702 9.31809 5.86529 7.92146 5.96939 6.77037 5.84151 5.8021 5.65739 14.668 5.62383 5.54405 5.53836 6.45926 6.44938 5.83179 5.58159 5.53132 5.50467 5.49255
threshold=3.5000000000000004 1.5000000000000002 0.79750000000000021 0.41550000000000004 4.5000000000000009 0.049166666666666602 -0.080833333333333285 -0.10083333333333329 15.450000000000001 1823.9402985074628 0.19333333333333377 77.550000000000011 33.550000000000004 69.950000000000017 -1.0000000180025095e-35 53.45000000000001 0.061756784193388356 8.9500000000000011 -0.091666666666666494 30.050000000000004 47.45000000000001 6.7485000000000008 1.1150000000000009 6.7150000000000007 42.850000000000001 0.081666666666667415 3788.3036935704517 52.350000000000001 6.7395000000000005 2383.3001493280244 0.57800000000000007 0.035000000000000558 13.900000000000002 6.745000000000001 2.2500000000000004 6.1500000000000012 1.5000000000000002 6.5000000000000009 52.250000000000007 30.550000000000004 3.3650000000000007 -0.13333333333333322 49.150000000000013 1.0491666666666666 6.5850000000000009 33.95000000000001 26.650000000000002 3.4850000000000008 4.2500000000000009 0.045833333333333302 0.024207614471864255 0.11749999999999966 -0.0075000000000002495 6.7250000000000005 4.7500000000000009 46.57500000000001 3.4550000000000005 0.047099925646932606 47.45000000000001 0.043941893757523359 22.450000000000003 4.5000000000000009 3.3650000000000007 1623.7824037706207 27.150000000000002 48.350000000000001 70.950000000000017 0.096666666666667053 35.550000000000004 6.8550000000000013 28.850000000000005 0.027724602404787604 26.750000000000004 44.45000000000001 2.7500000000000004 5.5000000000000009 -0.040833333333333298 3.4550000000000005 -0.59999999999999976 3.7500000000000004 30.650000000000002 6.7525000000000004 44.850000000000001 43.050000000000004 12.65 6.7365000000000004 12.050000000000002 0.029600396472996605 -0.069999999999999937 47.07500000000001 22.450000000000003 6.767500000000001 0.10249999999999997 63.95000000000001 3392.666666666667 4480.7894736842109 62.250000000000007 3.4750000000000005 7.9850000000000012 43.650000000000013 3.3950000000000005 0.86699999999999999 49.050000000000004 4.1500000000000012 30.450000000000003 4.7350000000000012 0.023820435598620706 54.45000000000001 79.250000000000014 1.5000000000000002 2413.9444444444448 2.2500000000000004 0.072499999999999967 2.9391666666666665 8.5000000000000018 30.650000000000002 48.95000000000001 36.150000000000013 1.2500000000000002 3.2850000000000006 2.5000000000000004 61.800000000000004 3.6950000000000007 0.76083333333333336 70.15000000000002 0.12583333333333349
decision_type=2 2 2 2 2 2 2 2 2 2 2 2 2 2 2 2 2 2 2 2 2 2 2 2 2 2 2 2 2 2 2 2 2 2 2 2 2 2 2 2 2 2 2 2 2 2 2 2 2 2 2 2 2 2 2 2 2 2 2 2 2 2 2 2 2 2 2 2 2 2 2 2 2 2 2 2 2 2 2 2 2 2 2 2 2 2 2 2 2 2 2 2 2 2 2 2 2 2 2 2 2 2 2 2 2 2 2 2 2 2 2 2 2 2 2 2 2 2 2 2 2 2 2 2 2 2
left_child=1 -1 4 6 11 63 8 -6 16 -10 55 17 13 -13 -15 -14 31 25 19 -19 23 22 -20 24 -21 87 64 28 -24 -29 -25 32 -3 34 -34 42 37 41 39 61 68 -37 45 118 124 46 50 -48 -49 -42 -9 69 53 -46 -54 56 59 60 -59 -7 -58 62 -38 75 72 67 -67 -66 -41 71 -71 -47 73 -27 -28 76 77 -5 82 81 86 -80 83 84 -57 -82 -81 88 -2 90 -90 -91 -8 95 -95 101 114 113 -99 100 -22 102 117 105 -105 106 -104 -107 -65 110 111 -110 -103 -98 123 -116 -83 125 119 -44 -121 122 -120 -89 -45 -4
right_child=2 3 93 5 7 10 92 35 9 -11 -12 12 15 14 -16 -17 -18 18 21 20 99 -23 27 30 -26 26 74 29 -30 -31 -32 -33 33 -35 -36 36 38 -39 -40 40 49 -43 43 44 52 51 47 48 -50 -51 -52 -53 54 -55 -56 78 57 58 -60 -61 -62 -63 -64 108 65 66 -68 -69 -70 70 -72 -73 -74 -75 -76 -77 -78 -79 79 80 85 116 -84 -85 -86 -87 -88 96 89 91 -92 -93 -94 94 -96 -97 97 98 -100 -101 -102 112 103 104 -106 107 -108 -109 109 -111 -112 -113 -114 -115 115 -117 -118 -119 121 120 -122 -123 -124 -125 -126 -127
leaf_value=0.045305202077423702 0.019108296334382109 0.028199523625952624 -0.02132349998206284 0.001160397861816727 -0.035850560293208392 0.0042812751239603136 0.012185567055448534 0.0058315800962538212 -0.02717508646520593 0.012408760764702761 -0.013123302137511096 0.0046092126816361222 0.019465675129131586 -0.0048721278086937036 -0.046984734841523094 -0.0082504828410154395 -0.014363934657301543 -0.021522360423653058 -0.020443829938735555 0.0022771541288771988 0.039244075631222446 -0.023127496779211987 0.032083944977161952 -0.037704149110678917 -0.024648304145662922 -0.01306143724348661 0.029930733965736471 -0.032794088007079475 -0.0036048197781040044 -0.0045164863932556226 -0.012527694350629663 0.022623543875958392 0.025892211281537958 -0.018606609519475729 -0.0042975708009750429 -0.027497444182136805 -0.0061760577425395485 -0.02753392256346035 -0.02445595673441836 -0.027519911798923356 -0.015947158355481657 -0.016148909890636373 0.0037149657593160677 -0.038277056573780714 -0.015526927077817748 -0.020351701975411654 0.0076275163393152634 -0.022313371967866171 -0.0094658128885808605 -0.025425389119486871 -0.024064084446283773 -0.02340453196018109 -0.024337860189965296 -0.0011367584049055699 -0.01411892484639644 0.013711204642240533 -0.029341132345643405 0.00073712818683838025 0.043755152531457522 -0.03198835107598872 0.0090352789904810434 -0.03009778834393504 -0.023332443665936398 0.0033852906982509115 -0.0060222790879193803 -0.0080840631212767012 -0.023275779972388652 -0.014672567746273691 -0.017979631159849942 0.0033082130927866243 -0.01781916567605037 -0.01668787460828882 0.026800529258293831 0.018988216762373344 -0.0036591364029388593 -0.027671280697873304 0.0012971032178195569 -0.038286503958522657 0.0063947365122639793 0.033331121557297103 0.02854772485330908 -0.011645892162884367 0.022206647629331229 -0.010590524099027753 -0.003705199473700755 0.0057430337279944449 0.011978387874606646 -0.011834153216922542 -0.041514018778778104 -0.014968083050743592 -0.013166480622785618 0.010857934853079183 0.028046558691900425 -0.042884745457976547 -0.023018556755977936 -0.030104592926017918 -0.027128208676361502 -0.015618554379860542 0.0037291739716688692 -0.012044995875589087 0.00087733340691504495 -0.028519247443248893 -0.010621169323425269 -0.0072437162316507583 -0.039057439826724931 0.0069555809863908816 0.034375723668339346 -0.02893575822501513 -0.0018889647605881291 0.014079895811002932 0.0066849382659685272 -0.03378715189703535 -0.037677494835681974 -0.0048777247449853615 -0.033175979612229671 -0.011237864781566799 0.001817118503042568 -0.037138327052380946 -0.021312852877509749 -0.018594642840916793 0.0069297720682748778 -0.03805905510877107 -0.014506210892189992 -0.0096686382616341087 -0.010164094809358749 -0.046859388651564415
leaf_weight=9142.2372873723507 13.228289157152174 9.4760904312133771 88.701303616166115 7.7491066604852668 26.77823905646801 8.2464820593595523 9160.1147707998753 8.2082925736904127 12.981832936406137 7.9874188154935828 17.248143509030342 14.984531104564665 21.224911823868752 11.235119536519051 9.4662761241197586 14.736296176910399 11.491521269083021 50.428755223751068 99.837328568100929 76.882297053933144 7.9869645982980719 209.91328671574593 7.9821597039699581 10.733515024185179 20.967223018407822 19.471865251660351 7.486297324299815 10.983685299754141 14.474376842379568 29.946518257260323 167.74491405487061 30.191985860466957 14.227045893669127 13.235013037919996 23.472781673073769 58.254735663533211 25.140908136963844 96.076955273747444 680.01770576834679 164.01242005825043 710.35258533060551 733.31526403129101 12.448218256235121 27.121923699975014 219.93274383246899 718.74876867234707 18.677318319678307 54.534932672977448 199.94275157153606 85.624164894223213 80.142493337392807 224.87018118798733 153.60906495153904 75.221275106072426 235.58884674310684 143.45395503938198 7.7478769719600704 7.7470715790987006 8.2471992373466474 13.746917039155958 8.9980018585920316 132.14976058900356 205.83921605348587 8340.6638744771481 111.32982271909714 932.08150638639927 31.449631601572037 421.8482733219862 106.76223343610764 42.086937069892883 95.616100415587425 1160.0317121297121 7.7396386265754691 7.741031438112258 14.474819526076315 9.2488402575254423 84.235498681664467 8.2482177615165693 167.19929833710194 22.489869743585587 11.994965046644209 51.48806768655777 46.484759941697121 16.743885740637779 24.744042083621025 191.18247482180595 31.239809662103653 4583.7168925255537 24.45804688334465 538.40875646471977 18.222070842981339 9.9873143434524518 22.165755242109299 20.565652206540108 229.42216065526009 5809.937430948019 76.626291170716286 83.369219496846199 26.713132187724113 18.469238609075546 32.200570076704025 2873.448014497757 8.9140512794256228 10.668348923325537 24.791379287838936 10.158459156751634 7.6803314536809912 17.587163791060448 9.7281173169612902 11.485213294625281 8.7343738973140699 15.975533723831175 66.083327054977417 12.482111260294912 38.662375584244728 95.778206288814545 60.485663995146751 39.388329818844795 2294.0689800232649 432.45336037874222 8.9622871875762922 18.417255952954292 116.25165182352066 1398.3733792454004 8.464661091566084 8.420495390892027
leaf_count=37386 53 38 358 31 108 33 36704 33 52 32 69 60 85 45 38 59 46 202 400 308 32 841 32 43 84 78 30 44 58 120 672 121 57 53 94 234 101 386 2732 659 2854 2946 50 109 883 2887 75 219 803 344 322 903 617 302 946 574 31 31 33 55 36 531 827 33369 446 3734 126 1690 429 169 384 4659 31 31 58 37 337 33 669 90 48 206 186 67 99 765 125 18362 98 2157 73 40 89 83 926 23464 307 334 107 74 129 11604 36 43 100 41 31 71 39 46 35 64 267 50 155 384 242 159 9216 1737 36 74 467 5602 34 34
internal_value=2.91812e-05 0.0201531 -0.0201192 0.00781731 -0.0155221 0.00352598 0.0121223 -0.0194165 0.00449599 -0.0120386 0.00652611 -0.0116584 -0.00198573 -0.0121603 -0.0243347 0.00807508 0.00791518 -0.0117332 -0.0145267 -0.00991433 -0.00815648 -0.0192829 -0.0143183 -0.0103342 -0.0034964 -0.0114828 -0.00956296 -0.00462954 0.00910023 -0.0122028 -0.0140704 0.0107702 0.00479376 0.00036316 0.00709403 -0.0193681 -0.0205604 -0.0181353 -0.0215791 -0.0202082 -0.0187013 -0.0169894 -0.0187916 -0.0196888 -0.0162591 -0.0175484 -0.0134178 -0.0108669 -0.0122326 -0.0169717 -0.0212662 -0.0182133 -0.0154506 -0.0118662 -0.0181612 0.00694166 -0.00327814 0.00683476 0.023146 -0.0183632 -0.00870021 -0.0246246 -0.021475 0.00322929 -0.00981349 -0.0101127 -0.00858384 -0.0128706 -0.0237719 -0.0176325 -0.0113533 -0.0180913 0.00294863 -0.00385347 0.00780705 -0.00418244 -0.00197467 -0.0191967 0.00767276 0.00588852 0.0100257 0.00207373 0.011795 0.00915933 0.0111394 0.00711011 0.0209893 -0.0119135 -0.0148195 -0.0155845 -0.0295053 -0.0144931 0.0122243 -0.029364 -0.0246754 -0.0294943 -0.011635 -0.0167996 -0.0109108 0.00207699 0.00861815 -0.0283695 -0.0234937 -0.016526 -0.0295755 -0.00601312 0.0101959 -0.0157633 0.00332627 -0.00734489 -0.0145536 -0.0218268 -0.0287269 -0.0240372 -0.0114663 -0.0175779 -0.00436496 -0.0275408 -0.0205443 -0.01747 -0.0180716 -0.0211174 -0.0209858 -0.0113284 -0.0316793 -0.0235988
internal_weight=55532.5 27783.1 27749.3 18640.9 18533.6 9335.56 9305.34 9229.72 123.064 20.9693 839.488 9303.85 71.6471 35.6859 20.7014 35.9612 102.094 9232.2 758.551 385.413 334.985 373.137 163.224 276.328 97.8495 8473.65 1553.62 63.3867 22.4565 40.9302 178.478 90.6029 60.4109 50.9348 37.6998 9202.95 2997.55 887.647 2109.9 1429.88 1066.75 791.57 6205.4 3602.54 719.939 2602.86 361.506 273.155 254.478 795.977 88.3508 2241.35 684.352 295.154 389.198 822.24 54.7335 32.7401 15.9943 21.9934 16.7459 363.13 230.98 8496.07 1531.66 1496.71 963.531 533.178 270.775 2016.48 137.703 1878.78 34.9525 27.2129 21.9611 109.482 100.233 15.9973 767.507 536.08 256.907 279.173 231.427 184.942 168.198 203.177 53.7297 6920.03 604.304 591.076 42.6801 548.396 9182.28 9215.77 249.988 8965.78 6315.72 199.191 110.082 58.6568 40.1875 3155.84 216.31 79.7997 35.4597 44.34 16.5944 27.7456 8386.59 45.9232 34.438 25.7037 2939.53 89.1084 6116.53 134.441 111.974 136.51 2882.6 453.864 441.416 2428.74 2410.32 5982.09 35.5866 97.1218
internal_count=223587 112022 111565 74636 74348 37350 37286 37076 493 84 3359 37272 287 143 83 144 409 36985 3039 1544 1342 1495 654 1107 392 33946 6224 254 90 164 715 363 242 204 151 36968 12043 3566 8477 5745 4286 3180 24925 14471 2891 10454 1452 1097 1022 3198 355 9002 2748 1185 1563 3290 219 131 64 88 67 1459 928 33991 6136 5996 3860 2136 1088 8099 553 7546 140 109 88 438 401 64 3071 2145 1028 1117 926 740 673 813 215 27722 2421 2368 171 2197 36793 37217 1009 36208 25301 798 441 235 161 12744 873 322 143 179 67 112 33553 184 138 103 11871 357 24503 539 448 551 11580 1823 1773 9757 9683 23964 143 392
is_linear=0
shrinkage=0.03


Tree=7
num_leaves=127
num_cat=0
split_feature=0 0 18 18 18 36 21 25 37 22 29 37 4 37 8 20 41 40 36 21 9 36 9 4 5 21 28 29 42 37 22 40 42 28 3 22 23 24 22 32 29 28 11 21 16 4 25 28 35 27 42 23 20 9 41 8 9 37 9 39 11 29 8 4 36 22 29 16 29 30 42 9 11 5 23 8 7 27 42 3 16 9 35 35 25 35 9 9 27 21 4 4 26 36 5 9 32 30 37 39 26 36 25 36 4 4 18 21 28 20 21 3 26 41 7 20 22 34 7 29 20 27 30 18 42 3
split_gain=23604.6 9113.93 1243.68 360.429 292.865 8.6763 8.79655 8.51261 11.6173 10.5299 9.47544 9.2155 8.86124 8.44721 8.30816 14.8231 9.72037 7.68334 8.12263 7.55607 7.88187 7.54018 7.46453 8.22064 10.1268 9.14765 9.30054 7.2855 8.20897 7.16953 7.16681 8.30763 9.49159 7.67689 6.93089 8.58756 7.36524 7.09888 9.03109 7.57278 6.87988 6.87301 6.96238 10.6713 10.7232 9.34385 10.4279 11.9893 8.89413 8.51568 8.2398 15.0537 8.20491 8.03569 6.8127 6.74235 6.70844 6.67491 6.5879 6.55439 6.54042 8.7896 8.27878 7.62437 7.15459 6.70078 6.53134 6.52108 6.50027 6.39752 6.38765 9.92236 8.30785 10.3844 9.06312 8.69716 6.86333 6.5799 6.55024 6.30217 7.97026 6.28666 8.22453 6.5474 6.28449 6.20452 6.13491 7.99815 9.7749 8.97346 6.6961 7.71716 6.08758 6.06904 5.93133 11.9261 6.15745 5.86175 5.85918 8.53127 5.80134 5.79525 5.74175 5.70633 5.78695 7.35018 6.49826 8.13532 6.80842 5.9883 8.35497 5.68604 5.45194 5.29243 5.26836 5.26813 5.51728 5.56433 5.19631 5.31704 5.15294 5.05728 5.04345 5.0305 4.92539 8.16298
threshold=1.5000000000000002 3.5000000000000004 0.79750000000000021 0.41550000000000004 0.70750000000000013 0.049166666666666602 20.150000000000002 6.7575000000000012 -0.043333333333332544 29.550000000000004 12.800000000000002 0.19333333333333377 31.750000000000004 -0.10333333333333304 4.5000000000000009 3.6550000000000007 0.049269879801921407 1695.5996131528047 -0.10083333333333329 10.850000000000003 11.550000000000002 -0.080833333333333285 30.650000000000002 28.750000000000004 0.115 13.950000000000001 28.350000000000005 15.450000000000001 1823.9402985074628 -0.028333333333333748 42.20000000000001 2295.916666666667 2110.6132665832297 34.95000000000001 77.550000000000011 33.550000000000004 53.45000000000001 0.14950000000000002 31.150000000000002 3.2500000000000004 12.800000000000002 24.350000000000005 2.5000000000000004 18.150000000000002 1.0000000180025095e-35 28.050000000000004 6.7645000000000008 35.350000000000001 -2.7058333333333326 11.15 3396.0717009916102 44.95000000000001 3.4350000000000005 7.9500000000000011 0.061756784193388356 8.5000000000000018 12.15 0.035000000000000558 31.350000000000005 5.7500000000000009 1.5000000000000002 6.1500000000000012 6.5000000000000009 33.45000000000001 -0.019999999999999945 33.050000000000004 13.900000000000002 1.0000000180025095e-35 12.250000000000002 3.8350000000000004 1623.7824037706207 22.450000000000003 3.5000000000000004 0.115 53.95000000000001 1.5000000000000002 4.5000000000000009 10.050000000000002 2917.2252747252755 79.250000000000014 1.5000000000000002 18.850000000000005 -0.8249999999999994 -0.76833333333333276 6.7525000000000004 -0.23333333333333311 29.150000000000002 23.050000000000004 12.850000000000003 19.650000000000002 24.850000000000005 33.350000000000001 3.5550000000000002 -0.06416666666666658 0.065000000000000016 9.5500000000000025 1.7500000000000002 4.2250000000000005 -0.018333333333333045 2.2500000000000004 3.4650000000000003 0.014999999999999953 6.7585000000000006 0.10249999999999997 53.95000000000001 56.650000000000013 0.30300000000000005 15.050000000000002 33.150000000000013 3.4250000000000003 14.65 55.850000000000001 3.4750000000000005 0.041574131979495457 3.5000000000000004 3.0550000000000002 43.550000000000004 4.2500000000000009 1.5000000000000002 11.850000000000003 3.4650000000000003 19.250000000000004 3.0850000000000004 0.75250000000000006 4480.7894736842109 74.15000000000002
decision_type=2 2 2 2 2 2 2 2 2 2 2 2 2 2 2 2 2 2 2 2 2 2 2 2 2 2 2 2 2 2 2 2 2 2 2 2 2 2 2 2 2 2 2 2 2 2 2 2 2 2 2 2 2 2 2 2 2 2 2 2 2 2 2 2 2 2 2 2 2 2 2 2 2 2 2 2 2 2 2 2 2 2 2 2 2 2 2 2 2 2 2 2 2 2 2 2 2 2 2 2 2 2 2 2 2 2 2 2 2 2 2 2 2 2 2 2 2 2 2 2 2 2 2 2 2 2
left_child=-1 3 4 21 34 70 7 11 9 -9 81 14 -11 67 19 40 -17 123 -19 -7 -21 27 103 24 -24 111 -27 54 -29 -28 31 32 56 68 41 37 -37 -36 39 -39 -16 -3 43 48 53 46 49 -48 -43 -44 55 -52 -46 -45 57 -47 -15 66 60 97 62 64 65 -63 -62 -20 -2 -8 -33 -50 71 72 73 -5 75 -74 77 -72 86 94 113 82 -10 -83 122 -14 87 89 -89 -78 -88 -92 -34 -64 95 -79 -96 120 99 -68 -31 -99 -86 104 115 106 107 -106 -108 -107 -111 -25 -77 -81 -105 -23 121 -118 -75 -120 -60 -117 -26 -6 -4 -126
right_child=1 2 124 5 17 6 13 8 10 12 -12 -13 85 30 15 16 -18 18 58 20 -22 22 23 25 84 26 29 28 -30 100 -32 33 92 -35 35 36 -38 38 -40 -41 -42 42 45 44 52 50 47 -49 69 -51 51 -53 -54 -55 -56 -57 -58 -59 59 -61 61 63 93 -65 -66 -67 98 -69 -70 -71 76 -73 74 118 -76 112 78 79 -80 80 -82 83 -84 -85 102 -87 90 88 -90 -91 91 -93 -94 -95 96 -97 -98 101 -100 -101 -102 -103 -104 114 105 109 108 -109 -110 110 -112 -113 -114 -115 -116 116 117 -119 119 -121 -122 -123 -124 -125 125 -127
leaf_value=0.044268339838926488 0.027406538512620215 0.0093070176748531463 -0.027611558535515262 -0.019858750591667081 0.011922370867815568 0.026818810097953241 -0.0021151306101312769 0.014890396182846748 0.04089295398238741 -0.039653238842677567 -0.020769372967459718 -0.015080170665822032 0.0089625171136773311 -0.020128136492191112 0.020723580662870073 -0.014853593661485663 0.022847706218997645 -0.035692500873432204 -0.01511345066543817 0.016998348603572914 0.0044646592315138222 0.029740014700737331 0.034348972566664769 0.040195272884135783 0 -0.015089669787459854 0.026807064504795822 -0.026345961557693132 0.012047227177504177 0.021808353997436261 0.027708355484603996 0.014115560346598608 -0.028183421933953755 0.030631571043378561 -0.029347660693493371 0.019420263288246288 -0.0080056085669992314 0.03262039092612487 -0.028690382591358504 -0.009699465956833471 -0.0037699907047484232 -0.038992434326073439 0.019675772008931138 0.0070486981759438809 -0.0098712694124353656 -0.010786558092507274 -0.0028513468925973236 0.032560864573782183 -0.0067041837069584413 -0.0090799542897248044 0.0017352286511668636 -0.018437568241056145 -0.0027718233334409923 -0.013492102648268774 -0.013932197049338105 -0.019356141394870872 0.012131557548831117 0.021971558791049652 -0.020845787809106328 -0.043945575233976547 -0.020473667522353651 -0.023101300335757455 -0.045804341414898905 -0.019360177094842872 -0.017761480524557841 -0.018392796272258566 0.027455871218251871 -0.038349800845192163 -0.01611479462891495 -0.013658334091593257 0.019870054167445642 -0.030623123056482945 0.010326738460052236 -0.0016501429190638869 0.018969871376128534 -0.036787354507798152 0.0014164747574993697 0.044260103059899365 0.023955111840162129 0.00511767694224711 0.015919252693871924 -0.013076127197192424 0.01014439709045546 0.009970147347265269 0.029513324812292119 -0.022942686440389819 -0.026087215288529003 -0.012342697559729474 0.0065937907577988328 -0.0067051290228072923 0.0097841938703676582 -0.0099512326518420933 0.00095258266644249797 -0.02151040515956152 0.00162998846877777 0.0075645096160129504 0.0039309238732521661 -0.01385510338623985 -0.014278077089613907 -0.0036092024848243228 0.0062467164621381101 -0.029502242211326437 -0.0046606019171077763 0.039230463744389855 0.0094672251878504705 0.036188245849005915 0.026239265702642688 -0.022488611541860139 -0.0094778143573239475 0.026948691417128325 -0.010009313522431701 0.013118920737459334 -0.0098875963880839263 -0.023063885792267716 0.0081546831099799447 0.01208753050073471 -0.0051308135380956224 0.015953428317221664 0.0021746261758223305 0.029138783581580369 -0.050193363991959609 0.010054534009754475 -0.02821871293068328 -0.016278378469111395 -0.02925042108383287 -0.021094771454011608
leaf_weight=9076.6644424796104 9.4608834385871869 14.229733422398565 3232.4824343174696 10.498596727848051 11.929059088230135 16.991869330406189 9.246625483036043 10.247017115354536 10.983017712831495 12.49730199575424 9.9988666474819166 13.498542904853819 10.246214777231215 7.498048439621928 141.1751466691494 21.489591002464298 8.4944542050361616 26.1910410374403 1044.4346652626991 53.222909182310104 301.10486866533756 14.68901953101158 9.7112774252891523 27.892288789153099 19.219952955842022 7.740564912557601 56.306805014610291 12.991651505231859 7.9833673536777487 38.394890516996384 8.9883180111646634 15.492332100868227 20.496014848351482 11.990221723914145 13.704029917716978 21.465625032782555 14.734521374106405 7.4907713532447833 7.4757342785596839 7.4837118983268738 10.993743300437925 12.206184610724447 9.2364795506000501 17.479333460330963 423.64189481735229 3866.6845438927412 35.45060071349144 11.233095139265059 125.99039283394814 954.16593214869499 37.653427198529243 277.80501644313335 225.12400089204311 611.93227897584438 11.495235189795492 84.972899362444878 24.242769286036491 30.158728539943695 10.435518339276316 15.660539448261259 1243.7143490165472 861.07330472767353 9.6908650100231153 1180.2144884616137 3099.1345857232809 1245.6415508240461 12.219253629446028 8.7483443170785886 10.745393097400664 2598.4176400005817 22.244645327329636 11.247850611805914 7.998243734240531 14.247100248932837 7.4987723976373664 15.498355343937876 707.36799062788486 8.4976886510848981 11.245477467775343 7.9871160238981274 9.2360312938690168 15.744865670800207 27.737619295716286 36.735981166362762 9.9725230336189288 11.499391049146654 13.249101951718329 26.244721710681915 349.17373386025429 147.96283620595932 27.243260145187378 50.99162769317627 9.2474145293235761 273.91479554772377 1291.9422797858715 115.22114561498165 5574.900177821517 58.667664378881454 16.481106087565422 22.227530255913734 50.122414156794548 34.307846158742905 7.7305650562047949 12.925475060939791 10.724036976695063 8.7313801944255847 10.72593927383423 20.956150233745575 8.4824493229389173 9.9792704135179537 11.975039333105086 9.7148090898990613 12.49810007214546 22.692778363823891 8.2045569717884046 7456.0810984522104 33.933478251099586 16.713131427764893 9.9981143325567263 19.996747180819511 12.174847379326819 1308.4193735122681 7.9863152205944052 10.689878582954405 5839.7873342484236 115.16791544854641
leaf_count=37386 38 57 13092 42 48 68 37 41 44 50 40 54 41 30 565 86 34 106 4200 213 1205 59 39 112 77 31 226 52 32 154 36 62 82 48 55 86 59 30 30 30 44 49 37 70 1698 15498 142 45 505 3823 151 1114 902 2453 46 341 97 121 42 63 5003 3465 39 4749 12464 5010 49 35 43 10416 89 45 32 57 30 62 2830 34 45 32 37 63 111 147 40 46 53 105 1397 592 109 204 37 1102 5169 461 22305 236 66 89 201 138 31 52 43 35 43 84 34 40 48 39 50 91 33 29892 136 67 40 80 49 5245 32 43 23659 466
internal_value=2.87682e-05 -0.00863666 -0.0195485 0.00758511 -0.0150708 0.00342042 0.00633192 0.00762691 0.00114611 -0.0116023 0.00677132 0.0092891 -0.0195941 -0.000940841 0.00988876 0.0151443 -0.00408254 -0.0188934 -0.0189367 0.00730323 0.00635582 0.0117651 0.0118641 0.0170502 0.00673439 0.02 0.0166936 0.00436322 -0.011674 0.018412 0.0022041 -0.000105349 -0.00694465 0.010845 -0.011346 -0.00206834 0.00822451 -0.0124099 -0.00191993 0.0114469 0.0189428 -0.011418 -0.01145 -0.0123947 -0.0101248 -0.0107307 -0.00812904 0.00568891 -0.0134539 -0.00880069 -0.011346 -0.0160252 -0.00741086 -0.0129183 0.00768258 -0.0109717 0.00442455 0.0104555 -0.0188879 -0.0256093 -0.018789 -0.0193073 -0.017502 -0.0209401 -0.018539 -0.0168986 0.00465269 -0.0199283 0.0016639 -0.0133375 0.00313252 -0.00405827 -0.000973277 0.00678156 -0.010761 -0.0170318 0.00322663 0.00359992 0.00125103 0.00354795 -0.00831369 0.00982661 0.0189877 0.00301575 0.000666595 -0.00786854 0.00105501 0.00161328 0.00526305 9.15343e-06 -0.00643272 -0.00305602 -0.0191018 -0.0223617 0.00361601 0.0101308 0.00349827 -0.0230761 0.000350886 0.00741462 0.0130306 -0.0196705 0.0145637 0.0117216 0.0116841 0.00369791 -0.00327187 -0.0116283 0.0104215 0.0152783 0.00676785 0.0332939 -0.0249102 -0.0156857 0.02733 0.0117577 0.0117272 0.00181505 0.0131677 0.0202378 -0.0368659 0.0117843 -0.00834151 -0.00135248 -0.0285724 -0.0290933
internal_weight=55415.9 46339.3 27703.9 18635.4 18516.5 9335.04 839.357 712.661 145.69 44.4899 101.2 566.971 34.2429 126.695 553.473 182.153 29.984 9137.87 9115.26 371.32 354.328 9300.35 9177.33 244.792 54.6206 190.172 152.565 123.018 20.975 144.824 108.701 99.7122 61.4842 38.2279 9378.58 72.3544 36.2001 36.1542 22.4502 14.9745 152.169 9306.22 9291.99 4014.79 1278.18 5277.2 1010.09 46.6837 2736.61 963.402 4267.12 315.458 648.766 629.412 102.043 3951.66 31.7408 90.5475 9089.07 131.246 8957.82 6384.14 2573.68 2041.29 4342.85 2290.08 60.3888 17.995 26.2377 2724.41 8495.68 109.482 98.234 54.7406 43.4935 35.9947 8386.2 7052.72 1333.48 7030.48 39.9159 91.2015 38.7206 52.4808 44.9094 21.7456 1322.23 1230.75 375.418 855.331 91.484 78.2349 29.7434 283.606 6990.56 123.719 6866.84 115.586 50.9279 34.4468 88.5173 92.9755 17.7031 8932.54 8911.41 81.5743 50.8886 31.6802 19.2084 30.6857 21.9543 37.6071 27.9965 30.6799 21.13 8829.84 8815.15 50.6466 44.242 29.9949 22.6104 8764.5 27.2063 22.6189 9187.44 5954.96
internal_count=223587 186201 111565 74636 74348 37350 3359 2852 583 178 405 2269 137 507 2215 729 120 36757 36666 1486 1418 37286 36793 982 219 763 612 493 84 581 435 399 246 153 37591 290 145 145 90 60 609 37301 37244 16093 5123 21151 4047 187 10970 3860 17104 1265 2600 2523 409 15839 127 363 36560 528 36032 25681 10351 8214 17467 9210 242 72 105 10921 33991 438 393 219 174 144 33553 28218 5335 28129 160 365 155 210 180 87 5290 4924 1502 3422 366 313 119 1141 27969 495 27474 465 204 138 355 374 71 35811 35726 327 204 127 77 123 88 151 112 123 85 35399 35340 203 177 120 91 35137 109 91 37217 24125
is_linear=0
shrinkage=0.03


Tree=8
num_leaves=127
num_cat=0
split_feature=0 0 18 18 18 36 21 37 40 36 37 36 9 4 5 21 37 26 29 4 29 43 10 41 4 33 29 30 40 41 4 22 40 6 37 43 19 9 26 18 26 21 9 17 22 3 19 35 6 6 9 11 6 3 11 43 9 18 18 29 6 43 27 41 26 9 6 19 11 29 37 26 3 17 9 9 26 26 1 2 9 26 16 29 6 39 16 43 22 21 22 4 40 3 21 41 3 33 21 36 35 2 43 19 41 22 4 19 19 27 9 37 19 27 9 6 22 9 35 37 2 21 36 41 36 4
split_gain=22368.1 8591.9 1181.54 339.584 276.92 8.17013 8.2804 7.95828 7.25128 7.72368 7.20193 7.09803 7.05403 7.75459 9.56326 8.65611 8.38365 8.27988 7.65473 7.5359 6.85873 7.72642 6.8221 12.5367 13.7047 7.53299 12.6433 9.47831 7.95958 8.02108 6.76601 6.75527 7.82165 8.24275 6.68341 9.16014 7.90233 7.24739 9.94843 8.49398 7.12457 7.55652 8.69959 7.49371 6.4717 13.1226 9.00674 9.61244 9.8299 8.00871 7.83987 7.82539 10.8813 7.69367 8.35824 8.06363 7.51763 7.23649 6.97622 10.1248 6.85129 11.5287 6.70005 6.41721 6.36315 6.68039 8.0457 7.73978 6.35208 8.09286 6.29319 6.28638 6.25286 6.24468 13.0076 6.64329 10.4149 8.21436 7.42431 8.42029 7.36299 6.23406 6.22258 6.16355 6.60997 8.13901 6.14487 6.0408 5.95005 7.99449 10.464 10.342 9.18847 8.09331 7.40208 7.05997 6.18147 8.72991 6.81069 5.93035 5.81423 5.76376 5.68844 10.9122 6.63378 7.96421 7.90263 6.42633 6.28824 6.15899 6.23227 9.49381 6.99448 6.05907 6.02053 5.96887 5.75501 7.52281 8.04109 5.67683 5.65358 5.57854 5.50254 5.45093 5.40035 5.44679
threshold=1.5000000000000002 3.5000000000000004 0.79750000000000021 0.41550000000000004 0.70750000000000013 0.049166666666666602 20.150000000000002 -0.10333333333333304 1695.5996131528047 -0.10083333333333329 0.19333333333333377 -0.080833333333333285 30.650000000000002 28.750000000000004 0.115 13.950000000000001 -0.031666666666666642 3.4650000000000003 14.350000000000001 43.550000000000004 15.450000000000001 0.05481625909570751 1.5000000000000002 0.05195960878356131 41.550000000000004 5.2500000000000009 12.15 3.3750000000000004 2914.5502645502652 0.035984276601243106 36.150000000000013 42.20000000000001 2295.916666666667 6.6950000000000012 0.081666666666667415 0.026397038918057402 58.82500000000001 28.950000000000003 3.4750000000000005 0.59000000000000008 3.7650000000000001 15.950000000000001 18.550000000000004 15.490000000000002 34.050000000000004 77.550000000000011 92.225000000000023 2.5291666666666672 6.745000000000001 6.5450000000000008 21.450000000000003 2.5000000000000004 6.5550000000000006 44.45000000000001 1.5000000000000002 0.035227727636654757 30.150000000000002 0.6140000000000001 0.57000000000000006 8.7000000000000011 6.745000000000001 0.024759854426162253 16.250000000000004 0.061756784193388356 3.8150000000000004 31.350000000000005 6.5850000000000009 55.625000000000014 1.5000000000000002 6.1500000000000012 0.035000000000000558 3.8250000000000006 57.850000000000001 9.4300000000000015 19.350000000000005 30.550000000000004 3.6250000000000004 3.3750000000000004 6.9450000000000012 52.150000000000013 31.650000000000002 3.2950000000000004 1.5000000000000002 13.900000000000002 6.745000000000001 2.2500000000000004 1.0000000180025095e-35 0.045048240862359305 36.850000000000001 18.250000000000004 31.650000000000002 21.350000000000005 1882.9179331306993 79.250000000000014 12.950000000000001 0.057206979279163607 38.750000000000007 1.2500000000000002 25.500000000000004 -0.004166666666666599 -0.49166666666666642 55.350000000000001 0.026089019057833455 43.625000000000007 0.027280023347439005 28.950000000000003 33.050000000000004 76.175000000000026 42.625000000000007 14.050000000000002 32.45000000000001 0.056666666666666157 58.375000000000014 14.950000000000001 19.350000000000005 6.7150000000000007 31.250000000000004 22.250000000000004 -0.23333333333333311 0.014166666666666602 31.350000000000005 17.650000000000002 0.055833333333333311 0.046531729480113158 0.10249999999999997 53.95000000000001
decision_type=2 2 2 2 2 2 2 2 2 2 2 2 2 2 2 2 2 2 2 2 2 2 2 2 2 2 2 2 2 2 2 2 2 2 2 2 2 2 2 2 2 2 2 2 2 2 2 2 2 2 2 2 2 2 2 2 2 2 2 2 2 2 2 2 2 2 2 2 2 2 2 2 2 2 2 2 2 2 2 2 2 2 2 2 2 2 2 2 2 2 2 2 2 2 2 2 2 2 2 2 2 2 2 2 2 2 2 2 2 2 2 2 2 2 2 2 2 2 2 2 2 2 2 2 2 2
left_child=-1 3 4 11 34 73 10 86 -6 -10 22 20 124 14 -14 -15 -17 19 -19 -18 63 -22 23 24 -7 28 72 -28 29 -24 -12 32 33 -9 44 36 -36 40 82 99 41 42 -37 -43 49 46 60 -48 -49 50 53 52 -51 54 -3 -55 -54 120 59 -53 81 -62 -47 70 65 68 -67 -68 -11 -70 83 -66 -27 74 -5 88 77 123 79 -79 119 -46 -39 -2 85 -85 -8 -60 89 93 91 -91 -92 95 -90 -75 97 -96 -98 -40 -42 102 107 108 105 106 -105 109 -104 116 113 112 -112 -111 -115 -109 117 118 -4 -78 -52 -80 -119 -77 125 -13
right_child=1 2 101 5 8 6 7 31 9 64 30 12 13 15 -16 16 17 18 -20 -21 21 -23 25 -25 -26 26 27 -29 -30 -31 -32 -33 -34 -35 35 37 -38 38 39 -41 100 43 -44 -45 45 62 47 48 -50 51 57 58 56 55 -56 -57 -58 -59 87 -61 61 -63 -64 -65 71 66 67 -69 69 -71 -72 -73 -74 75 -76 76 80 78 121 -81 -82 -83 -84 84 -86 -87 -88 -89 94 90 92 -93 -94 -95 96 -97 98 -99 -100 -101 -102 -103 103 104 -106 -107 -108 115 -110 110 111 -113 -114 114 -116 -117 -118 122 -120 -121 -122 -123 -124 -125 -126 -127
leaf_value=0.043290273920415553 0.02664481465679901 -0.00036107211253188798 -0.030493319756612292 -0.0030195220078102739 -0.0013109067212248261 0.037973223600066323 -0.0020523085451079463 0.015718557298782559 -0.034770746514412448 -0.017022002900288921 -0.030622939701100724 0.011411809473677509 0.033410654116604821 0.032377397942680707 0.00064500605496213104 0.025365664492560395 0.028159921665541678 0.023729319411241484 -0.0026193688598181047 -0.0035891530154534726 0.01169691798483498 -0.025551788661979567 -0.017804160574286357 -0.010160888766991919 -0.0070966868687071163 0.020492604021471492 0.011246064545600039 -0.016889351375112157 0.035164515355424628 0.0057329943603575918 0.0081613491539503282 0.026914500433460904 0.010526117894714165 -0.012092185455033117 -0.012756299615602039 -0.0080386605995035124 0.020463722147617804 -0.011657274621043224 -0.026560551046757024 -0.0289064221734966 -0.0090737293039875721 -0.0053867023739374402 -0.015080901878886959 -0.011059170818361932 0.0014166468954501443 0.030521510143685975 -0.025501983491486024 -0.019368059871348483 0.0053341375575901694 0.018408788409881197 -0.013931981718744527 -0.031103542272379384 -0.013996271762488417 -0.016782425208055545 -0.03658209898728261 0.013205947692200948 -0.0036676649048548804 -0.0039750663800054032 -0.010925536667028293 0.006538016616977808 -0.043980505402731351 -0.011669268515192333 -0.0011588151153975128 -0.01351490833139833 0.014692414626530296 0.0048676984349396296 -0.041376151406193072 -0.022964439481110179 -0.018065397457884137 -0.020374213910656348 0.02134295383508461 -0.014917959481890432 0.049580452134180768 0.0036193309496160629 0.035542253079782857 -0.021143543466886659 -0.011027482363380805 0.0035625731589574387 0.0006083569440143811 0.028769453171825853 0.0014614751353197323 -0.0093811043408870316 0.013221834178290865 0.024642028947078707 -0.017781733847161221 -0.0040161989613961696 -0.037237342565654488 -0.0033241057809083522 0.032947586196117255 0.038515582027213495 -0.0072655656571261997 0.005685380275168299 0.00067074869557697491 -0.012121785330528977 0.0114263664291086 -0.0014975595127821393 0.0060239822889917548 -0.00025097035778963916 -0.0095257171321650805 0.00620897966207902 0.026220886534078669 -0.025607957599280789 -0.017130547816827602 0.016189281580981055 -0.027533675578343329 -0.023309760794602601 -0.020544895701111135 -0.027447615247286977 0.01376039699192653 -0.031325448393782422 -0.048373960722900892 0.012949834254507875 -0.011637643873161343 -0.029323402220783074 -0.027124866340331552 -0.03251409017401815 -0.024320557848526936 -0.036418330638879177 -0.017707262500467086 -0.040679515122412462 -0.042471354305583194 -0.032018878175313847 -0.011191963799962887 0.0021550371119393326 0.026579143105710756 0.0035904810416167239
leaf_weight=9004.3741483390331 9.4425442069768888 8.4785650223493594 110.7182854115963 15.491952851414682 22.615761369466782 26.721482068300247 9.2468360513448733 11.746501028537748 26.083064034581184 2561.4882367104292 8.4981203377246839 8824.6528062671423 9.6876505911350232 37.519063487648964 44.90128867328167 56.717527121305466 30.876471504569054 12.714314416050909 43.633035227656364 8.4654967188835126 7.9788495153188732 12.996600300073622 13.242846652865408 9.9907613694667798 7.7439839690923682 43.191686362028122 48.213047444820404 13.743880018591879 7.9899652749299994 517.64806611835957 7.4983735382556906 8.9789155125617963 38.213116213679314 49.735383912920952 10.21948190033436 302.46545086801052 16.951274797320366 40.899445742368698 7.979625508189204 58.598089426755905 7.4840262532234219 574.83720164000988 334.39561572670937 331.91305050253868 49.126251965761185 9.724739149212839 73.534832701086998 35.14958930015564 24.43765164911747 9.4761963635683042 8.4718901962041837 31.175586864352226 1741.4619931429625 17.950893402099609 18.184622496366501 14.461921557784079 66.318788409233093 7.974268063902854 2195.2297691851854 7.9786970764398566 9.9623261541128141 1320.3382344245911 15.228057801723478 11.497705966234205 10.187853500247003 7.4447570145130149 26.776478350162506 96.002294689416885 4321.4052886366844 2035.0577782541513 30.119109719991684 17.1289913803339 7.9878702610731116 4865.9284385442734 15.74105282127857 22.743844985961914 11.497214913368227 137.71436078846455 10.245246663689615 12.995842382311819 12.994444429874418 1863.1576762646437 11.470788300037382 14.195637598633764 13.242931336164473 23.478977367281914 8.7424701452255231 99.016886159777641 8.2473329156637174 8.9978756457567197 149.70684571564198 180.20107333362103 1061.4410510957241 30.417242169380188 67.976190164685249 254.93866065144539 1193.053304746747 373.63040237128735 25.741237163543701 12.720428183674811 9.2342794090509397 983.68941420316696 17.266000047326092 9.8525322973728198 725.84606270492077 122.61113758385181 11.075818940997122 337.46802742779255 8.8694088757038099 621.13670235872269 7.3811947554349961 8.1167174577712995 13.037727594375609 2114.2019025683403 2544.6955223381519 603.84731310606003 708.77376183867455 123.01548866927624 76.016225054860115 12.247219651937483 27.416055724024773 8.497035473585127 8.6116926670074445 14.745174810290335 21.08283568918705 81.549848556518555
leaf_count=37386 38 34 450 62 91 107 37 47 106 10316 34 35399 39 151 180 228 124 51 175 34 32 52 53 40 31 173 193 55 32 2072 30 36 153 199 41 1213 68 164 32 235 30 2305 1341 1331 197 39 295 141 98 38 34 125 6985 72 73 58 266 32 8803 32 40 5295 61 46 41 30 108 387 17406 8203 121 69 32 19469 63 91 46 551 41 52 52 7472 46 57 53 94 35 397 33 36 599 721 4247 122 272 1020 4774 1495 103 51 37 3996 70 40 2949 498 45 1372 36 2525 30 33 53 8595 10345 2455 2881 500 309 49 110 34 35 59 85 327
internal_value=2.85051e-05 -0.00838814 -0.0189971 0.00736022 -0.014634 0.00331812 0.00614387 -0.000912872 -0.0183547 -0.0183969 0.00740048 0.0114193 0.0115154 0.01656 0.00653766 0.0194279 0.016211 0.0107483 0.00333093 0.0212984 0.00423522 -0.0113233 0.00785939 0.0192409 0.0278119 0.00707824 0.0141225 0.00496347 0.0055942 0.0051398 -0.0124118 0.00213961 -0.000101412 -0.00673751 -0.0110119 -0.009315 0.00791302 -0.00959299 -0.0163674 -0.0230704 -0.00901936 -0.00923101 -0.0117405 -0.00746574 -0.0113927 -0.0104128 -0.0105733 -0.0182377 -0.00922021 -0.0121754 -0.020466 -0.011969 -0.0134496 -0.0132507 -0.0251647 -0.00335664 -0.0136184 -0.0300977 -0.0108147 -0.0233978 -0.0102576 -0.0119157 0.0112005 0.00745808 -0.0183493 -0.018393 -0.0251854 -0.0270224 -0.0182933 -0.0188051 0.0101518 -0.00380671 0.0251496 0.00303876 0.0164187 0.00298901 -0.00188808 0.000720881 0.00354026 0.00576376 -0.0165865 -0.00910287 -0.00616454 0.00451661 0.000339397 0.00677904 -0.0193458 -0.0105983 0.00313379 0.00272584 0.000714476 0.00727416 -0.000309519 0.00327231 0.00473437 0.00336427 0.00459135 0.0015453 0.00569358 -0.00641813 0.0103719 -0.0278112 -0.0280759 -0.0257837 -0.0263585 -0.0203903 -0.0031853 -0.0283574 -0.00657762 -0.0280083 -0.028425 -0.0142613 -0.0251615 -0.028501 -0.0281235 -0.0307024 -0.0258503 -0.0292427 -0.0253086 -0.0264912 -0.0358333 -0.0141954 -0.034789 -0.0119585 0.0113769 0.0113404
internal_weight=55287.3 46282.9 27653.8 18629.1 18497.6 9334.33 839.133 126.663 9124.19 9101.57 712.47 9294.75 9171.8 244.515 54.5889 189.926 152.407 95.6893 56.3473 39.342 122.952 20.9754 696.474 44.4562 34.4655 652.017 113.136 61.9569 538.881 530.891 15.9965 108.674 99.695 61.4819 9373.42 1719.17 27.1708 1692 131.668 79.2981 1560.33 1543.61 636.861 906.75 7654.26 3400.66 3375.71 133.122 59.5872 4253.6 102.938 4150.66 1817.26 59.076 26.6632 32.4128 1807.78 43.8622 2333.4 39.1543 3242.58 1330.3 24.9528 101.977 9075.49 9048.17 130.224 122.779 8917.95 6356.46 90.4792 27.3168 51.1796 8495.19 31.233 8463.96 243.68 206.942 169.452 150.71 36.7389 1912.28 52.3702 60.3601 50.9175 37.6746 17.9893 2294.25 8220.28 6551.63 1400.35 189.199 1211.15 5151.28 1668.65 5120.87 1660.4 441.607 1218.79 20.7001 16.7183 9156.23 8172.54 895.521 869.386 143.539 20.9284 7277.02 26.1354 6335.71 5308.57 28.5356 20.4189 5280.03 4658.9 941.315 1027.14 318.362 186.735 23.7444 35.8879 18.7423 131.627 37.489 8927.29 8906.2
internal_count=223587 186201 111565 74636 74348 37350 3359 507 36757 36666 2852 37286 36793 982 219 763 612 384 226 158 493 84 2788 178 138 2610 453 248 2157 2125 64 435 399 246 37591 6894 109 6785 528 318 6257 6190 2554 3636 30697 13638 13538 534 239 17059 413 16646 7289 237 107 130 7251 176 9357 157 13004 5335 100 409 36560 36450 525 495 35925 25609 363 110 205 33991 125 33866 975 828 678 603 147 7669 210 242 204 151 72 9200 32891 26214 5603 757 4846 20611 6677 20489 6644 1767 4877 83 67 37217 33221 3638 3532 583 85 29583 106 25756 21581 116 83 21465 18940 3827 4175 1294 759 95 144 75 535 150 35811 35726
is_linear=0
shrinkage=0.03


Tree=9
num_leaves=127
num_cat=0
split_feature=0 0 0 0 0 9 19 3 20 26 26 37 26 5 9 6 19 8 29 1 25 2 37 9 28 20 23 6 26 24 23 16 4 26 27 19 3 27 19 42 2 9 1 25 6 16 22 23 27 41 26 41 42 9 4 5 37 26 42 29 5 5 20 27 10 23 23 22 22 37 39 2 28 23 20 2 41 24 25 8 23 1 22 22 25 28 1 4 3 9 42 4 28 28 22 3 6 1 9 11 24 4 11 20 27 20 26 9 28 3 9 9 4 28 27 1 28 20 29 8 27 25 24 41 37 20
split_gain=21210.5 8101.13 1121.06 319.264 264.25 7.55314 8.8872 10.4088 7.56063 8.3862 9.83604 8.91778 6.89244 7.0508 7.02044 7.72991 6.84567 6.76975 6.73226 9.52039 10.1663 12.8129 6.94076 9.59194 7.84514 8.48869 7.05867 6.99892 6.99739 7.13391 14.0231 7.09769 6.60081 6.56797 6.92192 9.31064 10.5185 6.8747 6.6064 6.51331 7.39877 7.92987 8.73343 8.52165 7.72721 8.80812 6.81393 7.04414 6.86756 6.44128 6.38368 6.37104 6.14595 6.13782 7.35261 8.4269 6.92812 7.74555 8.82309 7.89895 6.95892 6.00734 6.76418 8.34756 9.40784 7.91856 6.88417 12.2843 11.2379 11.1646 6.6514 12.2911 7.1868 7.21988 6.673 6.53913 5.9886 5.95652 5.91867 5.91347 9.82202 12.0132 12.2021 9.92135 9.12776 7.90433 7.80317 7.89309 7.09556 6.52898 6.26333 5.88016 10.5365 9.23007 5.78837 12.8879 9.64773 8.37229 8.01404 7.85724 7.73677 8.43574 7.70948 7.4366 7.23485 7.00594 5.73672 10.7427 12.3593 8.87779 8.57233 8.55646 8.69084 8.44442 6.94364 6.74743 6.54821 11.764 7.81155 12.9305 6.80149 6.37728 7.02957 9.86166 6.219 6.13673
threshold=1.5000000000000002 3.5000000000000004 5.5000000000000009 2.5000000000000004 4.5000000000000009 29.950000000000003 43.175000000000011 28.450000000000003 3.7750000000000004 3.6150000000000007 3.4650000000000003 0.068333333333333759 3.8150000000000004 0.055000000000000007 31.350000000000005 6.5850000000000009 55.625000000000014 2.5000000000000004 8.9500000000000011 4.705000000000001 6.7585000000000006 35.850000000000001 0.081666666666667415 28.850000000000005 31.550000000000004 3.6750000000000003 51.050000000000004 7.0050000000000008 3.4750000000000005 0.14850000000000002 51.95000000000001 1.5000000000000002 50.750000000000007 3.3050000000000002 15.450000000000001 56.82500000000001 41.150000000000013 14.15 71.125000000000014 3035.1648351648359 29.350000000000005 29.050000000000004 3.8850000000000002 6.7495000000000003 6.7150000000000007 1.5000000000000002 33.050000000000004 53.550000000000004 16.150000000000002 0.059515170364226953 3.8250000000000006 0.032912617790140507 3832.5401069518725 30.650000000000002 28.750000000000004 0.115 -0.031666666666666642 3.4750000000000005 1769.6938459952582 14.350000000000001 0.16500000000000004 0.19500000000000003 3.8250000000000006 14.250000000000002 5.5000000000000009 42.850000000000001 44.550000000000004 24.900000000000002 26.750000000000004 -0.16166666666666654 4.7500000000000009 32.95000000000001 36.650000000000013 41.250000000000007 3.6850000000000005 23.650000000000002 0.05653561719030261 0.14850000000000002 6.7525000000000004 1.5000000000000002 53.250000000000007 4.4350000000000014 36.150000000000013 35.350000000000001 6.7465000000000011 27.050000000000004 5.0150000000000006 34.250000000000007 38.750000000000007 15.15 2096.4070567986241 37.250000000000007 36.050000000000004 33.750000000000007 34.050000000000004 77.550000000000011 6.5450000000000008 7.6150000000000011 21.450000000000003 1.5000000000000002 0.14250000000000002 44.150000000000013 2.5000000000000004 3.2050000000000005 16.850000000000005 3.4250000000000003 3.4550000000000005 23.850000000000005 35.95000000000001 29.950000000000003 24.850000000000005 28.550000000000004 35.750000000000007 38.150000000000013 19.050000000000004 2.6450000000000005 29.550000000000004 3.7850000000000006 14.800000000000002 2.5000000000000004 16.050000000000004 6.7555000000000005 0.15550000000000003 0.048851638207543104 0.12000000000000056 3.8450000000000002
decision_type=2 2 2 2 2 2 2 2 2 2 2 2 2 2 2 2 2 2 2 2 2 2 2 2 2 2 2 2 2 2 2 2 2 2 2 2 2 2 2 2 2 2 2 2 2 2 2 2 2 2 2 2 2 2 2 2 2 2 2 2 2 2 2 2 2 2 2 2 2 2 2 2 2 2 2 2 2 2 2 2 2 2 2 2 2 2 2 2 2 2 2 2 2 2 2 2 2 2 2 2 2 2 2 2 2 2 2 2 2 2 2 2 2 2 2 2 2 2 2 2 2 2 2 2 2 2
left_child=-1 3 4 32 18 61 -7 -8 9 10 17 -12 13 -6 49 -16 -17 -9 22 39 21 -21 94 24 25 26 -24 52 31 30 -30 -25 53 -34 35 -35 -37 -38 -39 40 44 42 -42 -43 45 -20 48 -48 -41 91 -14 -27 -26 106 55 -55 -56 58 -58 -59 -61 62 65 64 -64 70 68 -68 77 -70 72 75 73 -5 -73 -72 -69 -67 -57 80 81 82 89 -82 -85 88 -83 -88 -81 -63 -86 92 -15 -93 96 97 98 103 99 -3 101 -98 -102 -96 -97 -99 107 109 111 124 113 114 -113 -110 -109 -111 117 118 120 -120 -108 -118 -123 -124 -2 -117
right_child=1 2 -4 5 12 6 7 8 -10 -11 11 -13 50 14 15 16 -18 -19 19 20 -22 -23 23 28 27 51 -28 -29 29 -31 -32 -33 33 34 -36 36 37 38 -40 46 41 43 -44 -45 -46 -47 47 -49 -50 -51 -52 -53 -54 54 56 78 57 59 -60 60 -62 79 63 -65 -66 66 67 76 69 -71 71 74 -74 -75 -76 -77 -78 -79 -80 85 83 86 -84 84 90 -87 87 -89 -90 -91 -92 93 -94 -95 95 104 100 105 -100 -101 102 -103 -104 -105 -106 -107 116 108 110 115 -112 112 -114 -115 -116 125 121 -119 119 -121 -122 122 123 -125 -126 -127
leaf_value=0.042365480735962309 0.0060741495314839359 0.0039159261875433516 -0.027097729513924498 0.00030675771892834926 -0.026641865939672368 0.02737643361555106 -0.024555620280660349 -0.011756650822005454 -0.022010901636348439 -0.0094258805348237835 0.0039677387134380579 0.021525295555186438 0.01552278809659381 -0.019021144923083693 0.0047216744989220759 -0.039767243426635908 -0.022645342332769963 0.0017535063507105369 -0.012690798413034499 -0.033901547933524526 -0.0275286248128713 -0.012588746156167421 0.0013248875098592697 -0.013834834031472801 -0.0090910290623543531 -0.032479864525379119 -0.0073252247465073715 -0.022730336959865597 -0.024765287917811244 -0.028873933511909394 0.022698064030972468 0.013380378381408356 -0.018235714422739444 0.016090222310953136 0.01081624201914637 -0.039441448978716216 0.010435295825801782 0.0034873133756859725 -0.029068836417078185 -0.0075989509872983352 0.0021752381624671846 -0.0099811680329842129 -0.013163785178692934 0.033557904778180353 -0.022209821359164383 0.022489848791401073 -0.021498257639720506 0.011147839704844524 0.028085168006782627 -0.0014388545328117724 -0.013942583505655196 -0.00836979684626242 0.0098690250859536904 0.030801755293520885 0.02657459707691168 -0.0081109815817380984 0.0012122748604956252 0.02618843707895474 0.029515846074564398 0.010943827512819302 -0.011875670452820014 0.022033172793775809 0.0061484717392797164 0.00648406226217574 0.047037967684193494 0.029776010124735738 -0.014185715335068665 0.0032794003888299218 0.032943026805310249 0.003280602637452753 -0.0008392966571557581 -0.016637141361746603 0.0077187912480566308 -0.012134852533853021 0.00297200163622721 0.026604796017848487 -0.00056308698642272754 0.011820718168481953 0.014122632490667669 -0.00091827622579966585 -0.03275421976190266 -0.013707122770056611 0.042489459564606195 0.014466659975513687 0.0060248908203699436 0.0060729161647786146 0.01396350936117236 -0.0044927738770700497 0.033813101342753532 0.0021386206776912238 -0.023517633270333519 -0.015385362115793095 -0.01574009926776546 -0.018498419082900921 -0.015836779299646393 0.031127039932866783 -0.026562123357435893 -0.024524411417315255 -0.031287382321086743 -0.020850342559598355 -0.01273229099722187 0.0073252556454021303 -0.0099715747362224272 -0.0093566336521113784 -0.0024170721511824803 -0.0077130583123677307 0.0049803804681122629 0.0086775343119802843 0.0096971730097980338 -0.011854029103377146 0.012355679090476924 -0.011515875701657567 0.0053401540991554752 -0.010258430680396431 -0.0011456645897766698 0.011691798198752153 0.01280958035608833 -0.0091632346257411994 0.01788654753839208 0.0089391661407128616 0.016897360451662354 0.0097617010274465253 0.040596016334467397 0.013643567791304321 -0.014738629291085291 0.029853383475532822
leaf_weight=8926.0856143534184 131.07426202297211 16.205651700496674 9082.2888427227736 68.977385148406029 82.73258613049984 9.7419555932283384 16.745916754007339 52.479840308427811 13.995606213808058 64.477757766842842 124.20320545136929 32.983987390995026 10.444385766983034 4338.758751809597 7.4477913230657569 27.658062785863876 95.800512820482254 90.967337161302567 40.636193886399269 27.899270787835121 65.249213501811028 289.19209262728691 185.4732021689415 38.383615955710411 1002.7904130369425 14.951785832643507 156.0812850445509 33.630983829498291 16.945027858018879 50.290446758270264 8.2264378070831281 10.977053374052046 9.4766271710395795 21.425789892673492 148.7437027990818 7.7255695164203635 21.427261546254158 10.715624526143076 11.464459806680678 7.9738178700208691 43.617842197418213 7.7263358831405631 140.06020782887936 8.2263676971197111 86.954870268702507 7.4813255816698065 16.200356200337414 9.2211946249008161 11.9615121781826 22.118878602981567 17.603127703070641 29.660344123840332 15.473166853189467 10.15802066028118 66.769118815660477 27.213306099176407 13.173386976122854 15.172061830759047 41.48501181602478 28.893046110868454 20.430472165346146 22.229125797748566 9.7442792207002658 86.957199811935425 10.742648541927336 21.742551758885384 37.236437976360321 6471.0874259471893 11.744987890124319 331.88762274384499 10.996542200446127 21.743547350168228 34.490252390503883 106.21342366933823 54.478535905480385 25.992341220378876 386.13788738846779 73.724053159356117 17.686697170138359 7.4951859861612347 12.741815745830534 33.481106072664261 11.244108453392981 16.982057750225067 9.7389092147350329 888.32482773065567 36.224804565310478 48.722213268280029 17.23229093849659 44.973891198635101 18.486523434519768 1957.0358945578337 1118.1762533336878 1550.8728581368923 169.94888088107109 10.216237530112268 51.061900854110718 63.988255217671394 40.050747767090797 38.83535872399807 1634.6450446248055 7.4725953489541999 2085.5025409013033 2797.6329634338617 12.979978084564207 34.882979571819305 324.68134295940399 246.3766365647316 46.592565014958382 10.729628339409826 412.05694314837456 58.044518262147903 52.064588829874992 32.145759806036949 87.465979233384132 1976.1590708941221 3392.1835247427225 29.411326915025711 223.0005274116993 422.35843543708324 49.824659705162048 1212.1973924040794 15.438532233238218 60.035445690155029 14.2033833861351 16.940488293766975
leaf_count=37386 526 65 37054 276 336 39 67 210 56 258 497 132 42 17508 30 112 387 364 163 112 262 1161 744 154 4023 60 626 135 68 202 33 44 38 86 597 31 86 43 46 32 175 31 562 33 349 30 65 37 48 89 71 119 62 41 269 109 53 61 167 116 82 89 39 348 43 87 149 25894 47 1328 44 87 138 425 218 104 1545 295 71 30 51 134 45 68 39 3556 145 195 69 180 74 7895 4511 6258 682 41 205 257 161 156 6561 30 8367 11225 52 140 1303 989 187 43 1654 233 209 129 351 7932 13617 118 895 1695 200 4866 62 241 57 68
internal_value=2.8255e-05 -0.00814768 -0.0184642 0.00714215 -0.0142295 0.00322484 -0.000775986 -0.00147934 -0.000449858 0.000378321 0.00248847 0.00767288 -0.0178252 -0.0178705 -0.0177905 -0.024731 -0.0265223 -0.00318345 -0.0106567 -0.0133668 -0.0167164 -0.0144788 -0.0104141 -0.00860105 -0.00790558 -0.00423973 -0.00262458 -0.00924941 -0.0165887 -0.0223406 -0.00916571 -0.00773745 0.0110813 0.00605503 0.0071088 -0.000454326 -0.00740686 -0.00161997 -0.013328 -0.00998976 -0.0114353 -0.00774614 -0.00951388 0.0124465 -0.0168669 -0.00715449 0.000646304 -0.00960044 0.0137705 -0.0176889 -0.00290076 -0.0165384 -0.00880051 0.0112093 0.0159514 0.00626604 0.0188066 0.0144225 0.0227364 0.00732919 0.00145643 0.00340669 0.00310441 0.010582 0.0277867 0.00299914 0.00320165 0.00296922 0.00684625 0.00430808 -0.00159524 0.00425521 -0.00476169 -0.00723031 -0.00261663 0.0184251 0.0030628 0.0159526 0.000625717 0.00541452 0.00136558 0.00456634 0.0136655 -0.00947188 -0.00281879 0.00654263 -0.00145472 0.00336725 0.0232639 0.0087645 -0.013286 -0.0177288 -0.0183494 -0.0167626 -0.0108207 -0.00984771 -0.011596 -0.0100166 -0.0210541 -0.0135374 -0.011357 -0.0222053 -0.0111854 -0.00972877 0.0123625 -0.0186221 0.0110793 0.0100312 0.00734018 0.0112006 0.0106224 0.00370671 -0.00353435 0.00152838 0.00609982 0.0117202 0.011643 0.00949196 0.0100323 0.0120355 0.00657392 0.0121248 0.0103189 0.0192231 0.00402029 0.0118484
internal_weight=55148 46222 27599.6 18622.3 18517.4 9337.37 405.596 395.854 379.108 365.112 300.634 157.187 9228.65 9200.6 9117.87 130.906 123.459 143.447 9288.71 762.401 382.341 317.091 8526.31 1562.88 1438.06 386.167 341.554 1051.89 124.823 75.4619 25.1715 49.3607 9284.95 230.979 221.502 72.7587 51.3329 43.6073 22.1801 380.06 334.703 199.631 183.678 15.9527 135.072 48.1175 45.3569 25.4216 19.9353 8986.96 28.0475 44.6121 1018.26 9053.97 240.981 55.058 185.923 119.154 54.6584 64.4956 49.3235 8931.77 7763.9 107.444 20.4869 7656.45 7333.56 6894.46 439.099 343.633 322.892 113.211 209.681 175.191 76.2221 36.9889 6857.23 95.4666 44.9 1167.88 254.825 196.875 78.4471 57.9493 45.2075 913.052 118.428 84.947 24.7275 67.203 28.2254 8964.84 5456.94 3507.91 6963.42 3089.65 3873.77 3066.45 95.0918 55.041 3778.68 58.5345 3720.15 2967.58 23.1962 98.8712 8812.99 3083.85 934.747 2149.11 490.795 443.952 110.109 78.7383 333.843 2003.83 5729.13 1049.28 1019.86 645.359 374.506 4679.85 1287.67 75.474 145.278 1993.1
internal_count=223587 186201 111565 74636 74511 37365 1623 1584 1517 1461 1203 629 37239 37126 36790 529 499 574 37272 3060 1535 1273 34212 6270 5769 1549 1370 4220 501 303 101 198 37271 927 889 292 206 175 89 1525 1343 801 737 64 542 193 182 102 80 36261 113 179 4085 36344 969 221 748 479 220 259 198 35742 31067 430 82 30637 29345 27588 1757 1375 1292 453 839 701 305 148 27439 382 180 4675 1020 788 314 232 181 3655 474 340 99 269 113 36172 22019 14153 27942 12397 15545 12304 382 221 15163 235 14928 11907 93 397 35375 12378 3752 8626 1970 1782 442 316 1340 8043 22997 4211 4093 2590 1503 18786 5169 303 583 8000
is_linear=0
shrinkage=0.03


Tree=10
num_leaves=127
num_cat=0
split_feature=13 14 29 30 29 36 37 2 9 5 23 1 19 2 24 38 9 22 7 1 30 42 39 11 22 3 31 19 19 38 27 1 2 31 27 36 5 36 31 3 24 8 2 19 5 29 37 43 34 37 7 2 1 9 9 43 43 36 7 42 23 32 2 23 22 36 25 24 23 36 36 23 3 9 41 36 37 43 20 25 29 36 6 37 25 34 20 23 22 27 9 6 30 20 20 30 40 1 20 36 27 9 24 1 39 9 23 2 38 5 6 23 3 22 38 42 3 42 25 11 42 19 36 38 37 19
split_gain=20156.8 7732.61 1067.9 327.204 264.989 12.1667 10.0739 9.88913 10.531 10.6299 8.88051 8.23806 8.11682 13.4072 8.29998 8.12034 7.91605 7.90071 8.98186 7.75392 7.60263 7.3551 8.96597 8.67141 7.2635 7.25657 8.38471 9.48385 19.657 10.1978 7.19768 8.38839 8.03995 8.91382 8.17096 7.18743 9.63791 8.4088 7.11735 6.97611 9.40437 6.87467 6.77583 9.87355 6.63869 7.25901 6.59106 6.56908 7.78767 6.45949 6.42897 6.53662 6.41677 8.39505 6.5395 10.3528 11.6809 7.49411 6.99533 7.38371 6.95105 6.41189 6.40766 6.38835 8.86529 7.99324 13.7155 8.86901 7.78707 10.3664 7.01195 14.3382 8.41808 6.37683 14.5901 6.36379 8.87138 8.66332 6.92587 6.2396 6.88019 6.16345 5.96639 5.95004 8.04409 8.11387 12.9132 6.95284 8.28515 7.90039 6.8304 7.81066 6.42653 5.94445 5.89409 5.88996 5.88217 6.06438 6.25909 6.14555 5.97281 5.86734 5.85659 5.85576 7.37795 8.57615 7.52778 7.10161 7.58902 5.84817 5.82336 5.90982 5.80765 5.6369 5.62698 5.6151 5.59399 5.57838 8.68079 7.53366 6.24158 5.5235 5.51533 7.76311 5.46301 5.4589
threshold=1.0000000180025095e-35 1.0000000180025095e-35 5.0000000000000009 3.2200000000000002 7.0500000000000007 0.049166666666666602 0.19333333333333377 71.65000000000002 31.350000000000005 0.055000000000000007 55.95000000000001 2.3850000000000002 46.82500000000001 34.250000000000007 0.15950000000000003 2.7500000000000004 7.7500000000000009 28.250000000000004 6.5000000000000009 3.1750000000000003 3.0650000000000004 1761.8823529411768 4.7500000000000009 3.5000000000000004 42.45000000000001 44.45000000000001 5.2500000000000009 60.025000000000013 59.725000000000016 5.2500000000000009 15.850000000000003 7.7950000000000008 57.750000000000007 1.2500000000000002 16.050000000000004 -0.099999999999999936 0.055000000000000007 -0.085833333333333289 2.2500000000000004 52.250000000000007 0.15250000000000002 2.5000000000000004 19.550000000000004 46.32500000000001 0.095000000000000015 3.4000000000000004 0.023333333333332953 0.04839084945736196 5.7500000000000009 -0.22166666666666704 1.5000000000000002 60.350000000000001 2.6950000000000007 29.050000000000004 29.350000000000005 0.043764108491521257 0.042367484562531262 0.034999999999999955 5.5000000000000009 2617.4242424242425 47.550000000000004 1.7500000000000002 26.150000000000002 54.95000000000001 34.150000000000013 0.037499999999999957 6.7335000000000003 0.14950000000000002 46.150000000000013 -0.0099999999999999482 0.054166666666666606 54.45000000000001 63.650000000000013 31.350000000000005 0.036151385201824204 0.042499999999999961 0.10666666666666687 0.048786154683108103 3.5850000000000004 6.7575000000000012 15.15 0.014166666666666602 6.8550000000000013 -0.0058333333333332989 6.7575000000000012 3.7500000000000004 3.5150000000000001 52.350000000000001 36.650000000000013 19.350000000000005 11.450000000000001 6.8050000000000006 3.3250000000000006 3.2150000000000003 3.6250000000000004 3.0350000000000006 6257.2727272727288 6.0550000000000006 3.7350000000000008 0.069166666666666612 16.250000000000004 31.350000000000005 0.15650000000000003 6.0950000000000006 1.2500000000000002 22.850000000000005 60.650000000000013 52.350000000000001 4.7500000000000009 0.15500000000000003 6.8650000000000011 49.850000000000009 60.050000000000004 35.150000000000013 4.7500000000000009 4682.5757575757589 52.050000000000004 4860.9126984126988 6.7475000000000014 1.5000000000000002 4528.2857142857147 70.725000000000009 -0.074999999999999942 2.7500000000000004 -0.15749999999999967 70.325000000000031
decision_type=2 2 2 2 2 2 2 2 2 2 2 2 2 2 2 2 2 2 2 2 2 2 2 2 2 2 2 2 2 2 2 2 2 2 2 2 2 2 2 2 2 2 2 2 2 2 2 2 2 2 2 2 2 2 2 2 2 2 2 2 2 2 2 2 2 2 2 2 2 2 2 2 2 2 2 2 2 2 2 2 2 2 2 2 2 2 2 2 2 2 2 2 2 2 2 2 2 2 2 2 2 2 2 2 2 2 2 2 2 2 2 2 2 2 2 2 2 2 2 2 2 2 2 2 2 2
left_child=1 2 44 12 7 10 42 8 9 19 17 -6 24 15 25 75 20 18 21 -4 -17 22 23 -5 101 26 27 28 -15 -29 31 103 34 -34 -32 114 46 -38 95 40 -36 -41 43 -7 50 96 -37 48 -40 -23 117 -52 53 62 58 56 -56 -57 60 -60 -54 -51 82 64 65 73 125 -68 69 121 72 -72 -70 -13 -75 -14 77 -77 -79 80 -16 -9 -19 84 92 116 -87 90 -89 -90 91 -85 -44 -94 -71 -18 97 98 112 124 -100 102 -3 104 105 -12 -106 -105 -109 -20 111 -28 -46 -49 -27 -53 -86 118 -1 -120 -121 -66 123 -65 -99 -67
right_child=-2 3 4 5 11 6 -8 81 -10 -11 30 63 13 14 79 16 38 52 109 -21 -22 49 -24 -25 -26 35 110 29 -30 -31 32 -33 33 -35 39 36 37 -39 47 41 -42 -43 83 -45 45 -47 -48 113 -50 61 51 115 54 -55 55 57 -58 -59 59 -61 -62 -63 -64 122 68 66 67 -69 70 94 71 -73 -74 74 -76 76 -78 78 -80 -81 -82 -83 -84 87 85 86 -88 88 89 -91 -92 -93 93 -95 -96 -97 -98 99 100 -101 -102 -103 -104 107 106 -107 -108 108 -110 -111 -112 -113 -114 -115 -116 -117 -118 -119 119 120 -122 -123 -124 -125 -126 -127
leaf_value=-0.030106221008380091 0.041627316927286301 0.006504751031487347 -0.0014852621134697822 0.019902559461377024 -0.023800649207535468 -0.025468266039617909 -0.016770806360779773 -0.0088067381157442021 -0.02581716447195502 -0.017298226763797435 0.0038733529467788377 -0.011312491377768236 0.0097648313037528144 0.0038989314104901323 -0.009415371212619034 0.0090934348837738398 -0.0036087011300837109 0.0013875864690847312 0.039414087020317061 -0.031847555911641567 0.034648091268552943 0.03050244157622483 -0.035664712278587488 -0.021085609796450348 0.032759701435366703 0.0088290499599327135 0.023742705530715395 0.011020633264338237 -0.033158368967732381 -0.00023646440671962362 0.028400343822847219 0.032259288337880013 -0.013703996922063985 0.020802334271288896 0.0036256913209082005 0.018607125860576362 -0.008692785427558216 0.010999071465291568 0.013880672753702739 0.024880617399215436 0.017283428434638832 0.0091927271288627238 -0.0081700707122045 0.011024927993484278 -0.029214568543458264 -0.025818343462576946 0.048829261123000602 0.014035460942909967 0.026642805201137452 -0.00015991669548418561 -0.03181704387153432 -0.0033820064293981957 0.00063848395413698081 0.033545819742645429 -0.0035259490009969729 -0.0072229888058457786 0.013077617217936885 0.0095180950166923444 -0.0024287029838836152 0.01576966469230822 0.0030431675934869968 0.0059571757023113301 0.026804474844817096 0.027074128720683346 -0.02174039955945703 -0.038765781052470485 -0.010971600479845019 -0.0044655961297106368 -0.0073157227076237428 -0.0043145880376086092 -0.011752522552612093 -0.045987513349120691 -0.012948716964058488 -0.012898099836417281 0.016304304328016096 -0.0070524702625117657 -0.0060455254722997743 0.027785269045582119 0.0094015019433156804 -0.028148246883865819 0.024241946794700896 0.021369373212326705 0.022272254889376269 0.01098269146611063 -0.027617856496437575 -0.011057566200773221 0.026373319936788209 -0.0043614422911937359 0.015118722038521671 -0.012904902316603059 0.010737446806206283 0.037619970372357335 -0.012593182226647607 0.0090848294977694619 -0.032718130526177738 0.023900165304116844 -0.036714365634405284 0 -0.030621010937425037 0.0019719754342129958 -0.0086848816657339647 0.031378131866708708 0.026362629648594007 -0.025782202803365243 0.0024728975320684613 0.033388564665382918 -0.020233374828699611 0.0098288767202127647 -0.020471238610242328 0.006024203810658893 0.041046021266013616 0.006254425719903367 -0.044381289877403508 0.010086278456435456 -0.027375433648842692 -0.028727933212257133 -0.0045784417278173818 -0.030077650951171455 0.0001488760320634065 -0.027093817173464846 -0.0048394986607029197 -0.047779544030175362 -0.012539913804788418 -0.0091805407107912428 -0.025276379170797017 -0.0087918291919564309
leaf_weight=52.449302107095718 8790.4300395846367 596.72538003325462 8.6309845447540265 9.9962706118822151 40.579617083072662 13.740170717239382 16.242582559585571 21.093532472848896 136.70742884278297 8990.5795938074589 22.987852722406387 4310.4161116927862 808.75855830311775 194.92646819353104 14.945473149418836 15.930731639266012 7.4687138497829428 99.203033804893494 10.995366662740709 68.917637214064598 32.105993539094925 8.7425990849733335 8.7477272003889066 8.4980617463588697 10.210833832621573 7.4744712859392148 32.357722088694572 415.70895051956177 13.690596207976339 87.382510036230087 18.988420978188515 7.990816965699195 27.978019714355469 8.7455248981714231 261.34719060361385 23.425558239221573 19.438908368349075 4998.2449346631765 114.72894652187824 39.224237725138664 54.973220720887184 71.700524225831032 23.231016427278519 12.735456168651579 729.52407673001289 7253.3912155032158 9.2000302225351316 984.01871231198311 70.171829059720039 193.41771653294563 499.23059312999249 14.174829721450804 1449.6742854863405 10.990713343024252 79.470167234539986 228.42592932283878 72.978557631373405 26.738379836082458 408.3724377155304 20.987626150250435 4284.5129154771566 751.67268000543118 12.246032789349554 7.4734226912260082 24.164035901427269 17.654502913355831 324.89792339503765 452.75036555528641 2324.3886581659317 42.854242488741875 174.9309950619936 11.708725810050963 267.17412219941616 40.593708395957947 24.65516597032547 9.4550121724605543 12.944141060113905 69.676840543746948 25.635334551334381 7.7240330427885047 8.4688840508460981 8.4482717216014844 13.993983089923857 20.46776981651783 14.742109075188635 16.980987951159477 15.982739686965941 56.429673507809639 61.166945934295654 10.487455561757086 239.45063096284866 19.710207149386406 11.737490952014921 273.47880996763706 7.7220885008573523 89.859922498464584 74.931277677416801 8.0621092319488508 19.781487733125687 8.3005359172821027 26.36368690431118 8.9303711950778943 13.64103442430496 14.491936072707174 193.39601555466652 14.489306077361105 13.992077976465223 21.487929135560989 11.246770501136778 8.4970938414335233 8.2146223187446576 38.337383717298508 24.175360515713692 493.60768912732601 7.7244293987751007 18.085366815328598 26.980896309018135 105.88274194300175 22.953393787145615 37.367067098617554 16.593506991863251 10.958893075585364 1208.1427634805441 17.690643906593323 182.45061035454273 8.2124447226524335
leaf_count=215 37166 2395 35 40 163 55 65 85 554 36338 92 17310 3249 783 60 64 30 397 44 281 129 35 35 34 41 30 130 1670 55 351 76 32 112 35 1046 94 78 20078 461 157 220 287 93 51 2988 29709 37 3953 282 774 2046 58 5801 44 318 914 292 107 1634 84 17145 3008 49 30 97 71 1304 1817 9331 172 702 47 1073 163 99 38 52 280 103 31 34 34 56 82 59 68 64 226 245 42 959 79 47 1095 31 361 307 33 81 34 108 36 55 58 774 58 56 86 45 34 33 154 99 1983 31 74 108 434 94 153 68 44 4851 71 747 33
internal_value=-1.32428e-05 -0.00793266 -0.0179911 0.00703646 -0.0138626 0.00307035 0.00653016 -0.0174644 -0.01752 -0.0173944 0.00273046 -0.0102924 0.0110339 0.0112745 0.0104664 0.0130134 0.0141872 0.00242084 0.00490864 -0.0284939 0.0262409 0.00450461 -0.0108224 0.000975902 0.00773511 0.0105486 0.00786656 0.00683247 0.00144512 0.00906274 0.0057757 0.00211905 0.00804373 -0.00541158 0.00915538 0.0109668 0.0110289 0.0109223 0.0138558 0.0082901 0.00600872 0.0147711 0.00699705 -0.00788223 -0.0264129 -0.0261634 0.0272984 0.0133902 0.0187439 0.00494502 -0.0291166 -0.0309654 0.00204945 0.00849 0.00191537 -0.00176241 0.00441586 -0.00545979 0.00215886 -0.00153219 0.00243552 0.00470381 0.00625782 -0.0102329 -0.00992328 -0.0106654 -0.00790657 -0.00718677 -0.00858028 -0.0175019 -0.00830391 -0.0139317 -0.00789751 -0.0111715 -0.00183256 0.01072 0.0172562 0.0201525 0.0228715 -0.00493512 0.00274588 -8.34862e-05 0.00400007 0.00749801 0.00480415 -0.00401294 0.00707062 0.010024 0.00421345 0.010984 0.0126777 0.0241484 0.00694457 0.00818336 -0.0087369 0.0217723 -0.0284909 -0.0278688 -0.0290472 -0.023108 -0.0181668 0.00731487 0.00695526 0.00127861 0.00314905 0.0153828 0.000924706 -0.00837392 -0.000566393 0.0250405 0.0171538 0.0143024 -0.0297089 0.012718 -0.00953152 -0.0176824 -0.0128015 -0.0249218 -0.0206703 -0.0141855 -0.0202997 -0.0300202 -0.0122503 0.00159183 -0.0242091 -0.0293777
internal_weight=55011.4 46221 27645.1 18575.9 18551.3 9324.77 833.565 9234.38 9204.84 9068.13 8491.2 9316.97 9251.14 8621.63 5887.26 2734.36 1807.89 7708.16 1000.57 77.5486 48.0367 981.075 27.2421 18.4943 629.508 5856.13 790.618 711.709 208.617 503.091 783.04 300.083 482.957 36.7235 446.234 5065.51 5050.31 5017.68 1759.86 427.245 316.32 110.925 817.322 26.4756 9093.72 8326.98 32.6256 1662.53 184.901 953.833 766.737 531.491 6707.59 136.434 6571.16 407.613 152.449 255.164 6163.55 429.36 5734.19 945.09 125.443 9276.39 8043.08 5179.18 803.515 777.648 2863.9 85.6993 2778.2 186.64 2591.56 4375.66 65.2489 926.47 117.711 104.767 95.3122 31.1384 23.4144 29.5418 113.197 790.847 383.134 74.6867 32.9637 407.713 128.084 71.6544 279.629 40.178 308.447 285.216 50.5763 97.3286 1073.59 998.658 799.845 198.813 46.1452 619.297 610.366 292.092 244.865 37.4772 207.388 47.2266 32.7347 19.4925 78.9097 70.6951 753.699 1477.63 15.1989 32.2602 41.723 235.246 129.363 76.914 53.9606 35.1229 1233.31 25.1641 190.513 25.8669
internal_count=223628 186462 111984 74478 74736 37317 3338 37327 37208 36654 33979 37409 37161 34634 23649 10985 7263 30845 4004 316 193 3926 109 74 2527 23524 3176 2859 838 2021 3134 1201 1933 147 1786 20348 20287 20156 7070 1710 1266 444 3273 106 37248 34106 131 6679 743 3817 3142 2178 26841 546 26295 1631 610 1021 24664 1718 22946 3782 502 37246 32294 20797 3225 3121 11497 344 11153 749 10404 17572 262 3722 473 421 383 125 94 119 453 3167 1534 299 132 1633 513 287 1120 161 1235 1142 203 391 4397 4090 3276 814 189 2486 2450 1169 980 150 830 189 131 78 317 284 3087 5936 61 132 167 964 530 315 221 141 4952 101 780 104
is_linear=0
shrinkage=0.03


Tree=11
num_leaves=127
num_cat=0
split_feature=29 14 29 29 29 36 9 5 29 29 23 17 9 1 21 9 6 26 23 42 23 21 41 37 23 1 1 11 19 2 28 22 9 26 40 1 36 39 37 26 8 21 25 2 19 22 7 42 7 36 37 11 1 2 10 1 1 9 10 22 37 22 36 27 8 27 22 22 40 22 21 9 11 42 22 24 10 38 41 5 29 9 33 25 38 37 22 36 19 36 7 2 32 16 23 22 28 36 25 23 36 27 6 9 36 21 10 5 40 25 5 21 26 2 19 7 28 22 21 37 40 1 26 1 23 6
split_gain=19136.6 7292.98 1016.86 280.774 250.824 11.5046 9.36171 9.67686 9.32063 18.9939 8.97784 9.89625 12.6485 9.33296 9.72071 9.08494 8.44363 8.4015 9.16172 10.9045 9.88555 8.30145 12.6336 8.12748 8.07827 7.92473 7.77726 7.69331 7.62168 9.83411 9.51103 9.28316 9.64203 8.52869 7.51796 7.44522 8.01549 10.5695 7.64738 7.6595 7.39465 10.5576 10.5858 8.26331 7.74977 7.33328 12.8445 12.2695 7.463 13.4324 7.27166 7.20258 7.18677 7.151 7.09201 6.93456 7.47086 6.92549 6.90514 9.92181 8.97558 10.8932 9.62335 8.59559 6.82 6.68653 6.60786 7.93221 8.74933 7.88044 6.57022 8.81822 6.57798 8.14666 6.51141 6.45765 6.43264 6.43136 6.38655 6.34207 6.92487 6.34204 6.18021 9.68859 8.86368 6.49079 7.8265 6.16213 10.1897 8.15267 6.13145 6.22963 6.11117 6.74459 6.02194 8.35666 8.68434 7.50137 13.806 7.35268 9.87002 7.35605 6.87246 9.23109 9.17427 5.99724 5.86869 7.52128 6.76425 6.33484 6.27361 6.14817 5.86052 5.71999 5.97143 9.12483 5.68017 9.45125 6.27291 5.64544 5.62357 5.78256 10.3047 6.23828 5.5857 7.99687
threshold=34.400000000000006 1.0000000180025095e-35 5.0000000000000009 13.100000000000003 7.0500000000000007 0.049166666666666602 31.350000000000005 0.055000000000000007 13.700000000000001 13.450000000000001 57.850000000000001 10.490000000000002 20.750000000000004 6.1550000000000011 23.650000000000002 30.350000000000005 6.8550000000000013 3.3750000000000004 54.550000000000004 2177.9693486590045 53.650000000000013 20.150000000000002 0.045004091653027802 0.19333333333333377 42.850000000000001 6.2350000000000012 2.3850000000000002 3.5000000000000004 46.32500000000001 34.250000000000007 33.400000000000006 42.350000000000001 27.850000000000005 3.2150000000000003 1950.4237288135596 2.8850000000000002 -0.010833333333333297 1.2500000000000002 -0.085833333333333386 3.3550000000000004 4.5000000000000009 14.750000000000002 6.7465000000000011 25.950000000000003 74.675000000000026 28.550000000000004 6.5000000000000009 1761.8823529411768 6.5000000000000009 -0.040833333333333298 0.083333333333333467 1.0000000180025095e-35 3.1750000000000003 71.65000000000002 7.5000000000000009 5.1750000000000007 3.4950000000000006 13.850000000000003 7.5000000000000009 27.050000000000004 -0.058333333333333043 33.550000000000004 -0.079999999999999946 21.350000000000005 7.5000000000000009 15.750000000000002 39.850000000000001 38.050000000000004 2029.05701754386 33.050000000000004 13.550000000000002 13.450000000000001 5.5000000000000009 2143.4057971014495 36.850000000000001 0.14850000000000002 8.5000000000000018 4.2500000000000009 0.048150221890423402 0.095000000000000015 3.4000000000000004 7.7500000000000009 4.7500000000000009 6.7395000000000005 1.7500000000000002 0.06166666666666696 38.95000000000001 0.054999999999999959 43.625000000000007 0.037499999999999957 1.5000000000000002 60.350000000000001 1.7500000000000002 1.0000000180025095e-35 54.95000000000001 34.150000000000013 40.650000000000013 0.037499999999999957 6.7335000000000003 46.150000000000013 -0.025833333333333295 19.450000000000003 6.8650000000000011 26.750000000000004 0.054166666666666606 9.7500000000000018 3.5000000000000004 0.20500000000000004 2038.5290148448044 6.759500000000001 0.20500000000000004 13.050000000000002 3.4050000000000007 30.150000000000002 60.775000000000013 2.5000000000000004 38.95000000000001 38.150000000000013 18.450000000000003 -0.24416666666666656 6257.2727272727288 6.0550000000000006 3.4250000000000003 7.5850000000000009 49.350000000000001 6.705000000000001
decision_type=2 2 2 2 2 2 2 2 2 2 2 2 2 2 2 2 2 2 2 2 2 2 2 2 2 2 2 2 2 2 2 2 2 2 2 2 2 2 2 2 2 2 2 2 2 2 2 2 2 2 2 2 2 2 2 2 2 2 2 2 2 2 2 2 2 2 2 2 2 2 2 2 2 2 2 2 2 2 2 2 2 2 2 2 2 2 2 2 2 2 2 2 2 2 2 2 2 2 2 2 2 2 2 2 2 2 2 2 2 2 2 2 2 2 2 2 2 2 2 2 2 2 2 2 2 2
left_child=1 2 79 5 6 10 7 52 9 24 11 12 16 14 82 45 51 27 20 -20 -19 23 25 40 -5 -23 112 -17 30 81 31 32 87 -31 -34 36 38 -38 -32 -40 106 55 43 -43 -44 46 47 -13 74 -50 57 -3 -4 116 -39 56 -42 -15 59 105 61 -60 -62 -61 70 -16 67 68 -26 -70 71 -11 -72 -74 -47 -24 -57 -73 -79 90 120 -30 83 -12 -85 -84 -87 89 -89 -10 -1 -92 -59 -94 95 96 97 -28 -99 100 -97 -102 104 -104 -101 -35 107 108 -7 110 -108 -109 -6 -77 -115 -116 124 -118 -119 -83 121 -81 123 -123 -9 -126
right_child=-2 3 4 8 26 21 -8 53 28 64 13 15 -14 50 65 17 -18 18 19 -21 -22 22 75 -25 66 -27 94 -29 29 33 35 -33 34 58 -36 -37 37 54 39 -41 41 42 44 -45 -46 48 -48 -49 49 -51 -52 -53 -54 -55 -56 76 -58 92 60 63 62 -63 -64 -65 -66 -67 -68 -69 69 -71 72 77 73 -75 -76 113 -78 78 -80 80 -82 119 85 84 -86 86 -88 88 -90 -91 91 -93 93 -95 -96 99 -98 98 -100 102 101 -103 103 -105 -106 -107 109 111 -110 -111 -112 -113 -114 114 115 -117 117 118 -120 -121 -122 122 -124 -125 125 -127
leaf_value=-0.024274945561275532 0.040793638406244233 0.021755751899376844 -0.0014414632530639359 -0.0069661174673167478 -0.0052528264957996751 0.0033815472914243278 -0.024795910897594912 -0.016107358791513648 0.0067714627990096083 -0.011194009943171431 0.039554168411475424 -0.014040151289978457 0.021171841207804964 -0.030829890261556667 -0.029433096965607156 -0.0046701443230682113 0.03071663186965122 -0.0013734469893399331 -0.013632139229629778 0.028666603109365738 -0.029714473731617369 0.01503792243006959 0.0044072778782915595 -0.015027359837802791 0.011035563295043469 -0.014079859377737617 -0.010967208022199809 -0.031290527255800948 0.021193631575744099 0.025039790168377634 0.035160948853383493 0.042778900048635389 0.014447781938956836 0.00035049827826448153 0.04280886705129474 -0.026599059954930428 -0.033440533339392398 0.0071843877865981698 -0.019659184890270215 0.011308932691202067 0.016831262693732973 -0.00055301849749610178 0.0067262601503710008 0.032806707182893705 0.026330434630105908 0.0018256153056785769 0.02897659080810662 0.0050249844380584243 0.018530466170703672 -0.0077443909530140534 0.019220575201638685 -0.007480270002512771 -0.030683230622102046 -0.0017714222478431199 -0.011349127458691795 0.022177378670697238 -0.011637192710418664 -0.025769105703932864 0.0038526413646331145 0.0091681350467447634 -0.0099547237405451881 0.012540018817088373 0.01303181825498702 0.0010517962434496964 0.020182581418056341 0.0044083976866110229 0.02785394355132173 -0.004801101846758464 0.039315662808419159 0.012815616799895962 -0.0024419466494191859 0.024713592175716819 0.018055211291233442 -0.015767976207313565 0.0042226492334271181 -0.036146376234346515 -0.0096463928111291675 -0.016125938297429074 0.020736161138730606 -0.028309663215493847 -0.025148554064401005 0.036958701507006676 -0.0091618014911556672 0.029187114985873095 0.0095058301765276951 -0.0008998831710086367 0.020803924652877732 0.012851403426190332 -0.030071027320912942 0.023281252142660962 -0.031025169102579426 -0.017204359856747002 -0.012487971360724059 0.01784660347613615 -0.011892198930995558 -0.034123792385309895 0.0020884353065713686 -0.029460941807920037 -0.0070651920537483865 -0.0081291953237839915 -0.015311767991597848 0.012612790023149757 -0.0018796914824687949 -0.014637032889428895 -0.015488891095863081 0.016426545611406527 -0.00019480779454221454 0.029528562623937622 0.036300416050484063 -0.0057756932341511665 0.0088092393472912131 0.0020524129677405218 -0.030488880037165406 0.012422234899146983 0.0033515793874457282 -0.03293451496331868 -0.014806185185112909 0.019442343792050069 -0.0067987373851570547 0.012057844698712052 -0.035830938759830545 -0.038305196256643421 -0.018013890346381567 -0.014335230646589628 -0.019445462642967738 -0.016801764855378518
leaf_weight=234.30102038383484 8702.3078566789627 8.9958615899085981 8.6295028775930387 19.411516919732094 11.927734881639479 8.2384616285562533 136.78491798043251 3855.8571591824293 275.40402548015118 13.242731571197508 13.233403503894804 31.236129403114319 57.437858045101166 9.9923941195011121 8.7457931339740771 23.744468331336975 7.743566319346427 173.6870746165514 7.7464857250452068 17.989752575755119 11.745838358998297 44.426857113838196 18.73225961625576 13.740648195147513 274.37768757343292 10.236694827675818 4329.440205603838 16.747577726840973 72.076949879527092 34.591476887464523 9.718482553958891 7.4519456177949897 29.589801520109177 23.137700170278549 11.928584128618239 8.2219572216272336 9.2238891869783384 50.085050940513611 8.4813427329063398 43.594314426183701 10.980152949690817 7.7332521229982367 78.377100303769112 45.153961941599846 23.713553786277771 5018.3340322822332 19.481603533029556 963.24385251104832 19.992982789874077 135.2102318406105 9.9901446849107725 45.227016851305962 68.848239541053772 28.795147389173508 29.401409581303596 22.713009789586071 32.70011068880558 7.7447058707475653 263.66230262815952 3278.3421845138073 16.442280739545822 257.47174346446991 1406.3527957350016 122.26146785914898 17.987312719225883 12.741420969367026 24.622388109564781 24.127146616578102 20.143241792917252 20.891797885298729 245.3715410977602 29.984795600175858 30.234589979052544 7.9965954273939124 1282.0365757644176 10.240267634391783 7.4884554892778388 8.745868384838106 7.9955087751150122 796.13592614233494 7223.6311036646366 8.2031079679727537 21.730349317193031 24.729517444968224 125.64941814541817 29.727012544870377 29.717012718319893 9.7087208926677722 9.9649658501148206 29.879379495978355 496.65515533089638 32.171795338392258 11.736801058053972 14.738941445946692 1232.3404066711664 22.369776651263237 49.778195098042488 25.558153748512268 770.84707739949226 2260.623700261116 53.271669834852219 9.9584953039884549 290.14096727967262 61.969458162784576 164.06813956797123 234.80544152855873 103.63150572776794 8.7307903170585615 18.459833294153214 48.692741826176643 210.23194150626659 44.154817134141922 28.584894418716431 7.7445565313100806 10.743231251835825 14.491196170449255 310.53180441260338 11.36541563272476 28.641270145773888 2610.6383063793182 74.484589710831642 45.732464224100113 139.44554579257965 12.911413818597792 1537.660683080554 3230.1182438880205
leaf_count=964 37166 36 35 78 48 33 556 15610 1106 53 53 125 230 40 35 95 31 695 31 72 47 178 75 55 1103 41 17399 67 290 139 39 30 119 93 48 33 37 201 34 175 44 31 314 181 95 20082 78 3855 80 541 40 181 282 116 118 91 131 31 1060 13178 66 1035 5654 491 72 51 99 97 81 84 982 120 121 32 5131 41 30 35 32 3276 29709 33 87 99 503 119 119 39 40 120 2046 132 47 59 4952 90 200 103 3095 9080 214 40 1165 249 659 944 415 35 74 195 842 177 115 31 43 58 1257 46 116 10497 307 188 573 53 6227 13082
internal_value=-1.22453e-05 -0.00770664 -0.0174911 0.00682844 -0.013464 0.00300899 -0.0169725 -0.0168542 0.0103919 0.00716127 0.0026718 0.00247028 0.0110409 0.00759509 0.00990586 0.00233741 0.00160726 -0.00326539 -0.000854705 0.0158733 -0.00319178 0.00644028 -0.000946554 0.00770045 0.0118116 0.00954197 -0.00999048 -0.0157673 0.0106633 0.0108862 0.0071733 0.00978501 0.00909853 0.0101719 0.0227155 0.00100892 0.00254374 -0.00322105 0.0108356 0.00620852 0.00817027 0.0125533 0.0170023 0.0279086 0.0113159 0.00252642 0.00489934 0.0044233 0.0021534 -0.0043403 -0.00372637 -0.00257113 -0.0274517 -0.0167625 0.000304494 0.00319029 -0.00442456 -0.00897689 0.0100794 0.0093087 0.0115284 0.00814919 0.0127644 0.00887681 0.00222175 -0.00936893 0.0128183 0.0117156 0.0129849 0.0259244 0.00127147 0.010286 -0.000632345 0.0109188 0.00231368 -0.0102258 0.0142314 0.0164166 0.00140855 -0.0257306 -0.0254863 0.0123817 0.011607 0.014968 0.0127696 0.00480428 0.00994172 0.00734768 -0.00885561 0.00839935 -0.0283797 -0.0301906 -0.00248085 0.00434633 -0.00993266 -0.0096319 -0.0103528 -0.0104739 -0.00778941 -0.00832762 -0.0170024 -0.0108771 -0.00805906 -0.00413269 -0.00862843 0.014991 0.0058958 0.0132777 0.0262489 0.00426808 0.00583239 0.00666388 -0.023127 -0.0165984 -0.0103923 -0.0174747 -0.0168104 -0.0130384 0.000648525 0.0121378 -0.027765 -0.0271557 -0.0224982 -0.0330867 -0.0169634 -0.0176551
internal_weight=54854.1 46151.8 27583.6 18568.2 18528.1 8962.43 9217.23 9080.45 9605.77 745.133 8161.08 7840.6 119.404 320.477 266.274 7721.2 61.9664 251.661 211.169 25.7362 185.433 801.355 116.615 684.74 383.574 54.6636 9310.88 40.492 8860.64 8327.99 532.654 373.927 366.475 5637.07 41.5184 158.726 150.504 88.7103 61.7941 52.0757 671 228.86 154.978 52.8872 102.091 7469.54 1013.96 994.48 6455.57 155.203 54.203 54.2229 77.4777 9002.97 79.4865 73.8817 43.6803 44.2128 5602.48 3658.55 1943.93 521.134 1422.8 3400.6 361.559 21.4872 364.162 339.54 315.413 41.035 343.572 59.9689 283.603 38.2312 6300.37 61.9515 30.2015 46.7262 16.7414 9055.47 8292.34 2690.92 244.787 163.612 150.379 81.1744 59.444 324.957 19.6737 305.283 763.128 528.827 34.2204 26.4757 9270.37 8038.03 5175.62 5125.85 796.405 2862.4 85.5999 63.2302 2776.8 352.11 2424.69 257.943 442.14 79.5839 26.6983 362.556 313.863 52.8856 40.5126 43.2193 32.979 25.2344 8974.17 350.538 40.0067 2618.84 1068.71 994.225 198.089 58.6439 8623.64 4767.78
internal_count=223628 186462 111984 74478 74736 35870 37327 36771 38608 2989 32660 31377 478 1283 1066 30899 248 1007 845 103 742 3210 467 2743 1542 219 37409 162 35619 33480 2139 1502 1472 22660 167 637 604 356 248 209 2688 917 621 212 409 29892 4058 3980 25834 621 217 217 317 36454 319 296 175 177 22521 14706 7815 2095 5720 13669 1447 86 1464 1365 1268 165 1375 240 1135 153 25213 248 121 187 67 37248 34106 10820 980 655 602 325 238 1305 79 1226 3142 2178 137 106 37246 32294 20797 20597 3198 11497 344 254 11153 1414 9739 1037 1771 319 107 1452 1257 212 163 173 132 101 36338 1419 162 10530 4397 4090 814 241 34919 19309
is_linear=0
shrinkage=0.03


Tree=12
num_leaves=127
num_cat=0
split_feature=18 18 18 18 18 2 13 9 19 2 23 1 21 30 22 35 9 1 9 23 9 8 9 26 27 33 9 19 4 4 35 39 32 26 30 21 33 4 9 30 31 1 42 37 19 35 19 23 3 3 31 19 19 4 21 1 37 42 43 39 41 8 23 9 9 22 27 34 29 22 23 22 4 35 9 23 26 32 3 37 22 22 19 43 29 25 1 27 9 37 16 32 3 9 27 21 9 21 26 26 22 23 22 27 9 9 7 40 25 27 21 25 4 27 26 2 3 9 2 43 3 37 26 4 9 39
split_gain=18180.7 6870.85 971.361 291.326 235.741 8.85617 8.41921 8.4172 8.13756 11.1726 7.947 11.2583 9.97521 7.81074 13.4227 7.67207 8.85731 7.57987 12.4487 9.4979 8.98868 9.56275 11.4715 8.79168 8.74359 9.10601 8.67327 8.23999 8.04531 7.94781 8.55069 7.44137 7.43192 7.37323 7.33645 8.20435 7.85655 7.33215 9.27609 9.67623 7.13256 7.34427 9.24494 8.70717 7.02237 6.76041 6.75044 8.24215 7.63137 6.74499 7.36071 8.34643 18.8834 8.41808 6.74255 11.4512 7.76952 7.68821 7.50672 7.21923 6.61336 6.59226 6.47512 9.14755 10.0634 8.16451 7.37635 6.45007 6.3788 6.95138 6.36985 8.24377 7.71114 14.3485 9.73649 9.35355 8.22811 7.07581 6.18918 6.17882 6.17435 6.13984 6.035 6.75983 5.96722 5.84131 9.46855 9.41085 7.80672 7.62722 6.40391 5.8307 8.16222 7.4999 6.43345 6.54478 6.28836 5.71832 5.7139 6.01085 5.65558 5.62354 6.73317 5.60234 5.58907 5.54332 6.84328 8.09113 6.78956 6.66 7.13948 5.50314 5.26827 5.21551 5.05214 5.03424 4.9954 9.27005 7.90907 8.56527 7.07911 6.85418 6.72398 5.8565 5.50514 7.29318
threshold=0.27900000000000008 0.55400000000000016 0.79750000000000021 0.31700000000000006 0.63400000000000012 71.65000000000002 1.0000000180025095e-35 31.350000000000005 46.82500000000001 34.250000000000007 57.850000000000001 6.1550000000000011 23.650000000000002 3.3550000000000004 37.650000000000013 -2.5108333333333328 12.750000000000002 2.6950000000000007 20.850000000000005 46.650000000000013 30.550000000000004 8.5000000000000018 26.950000000000003 3.3750000000000004 20.650000000000002 4.2500000000000009 26.250000000000004 59.725000000000016 39.350000000000001 32.45000000000001 -2.1091666666666655 2.7500000000000004 4.2500000000000009 3.2150000000000003 3.3450000000000002 16.550000000000004 5.2500000000000009 36.95000000000001 7.7500000000000009 3.0650000000000004 2.2500000000000004 4.5750000000000011 2031.8330399798845 0.051666666666667159 69.325000000000031 0.8133333333333338 73.225000000000009 58.350000000000001 43.95000000000001 44.45000000000001 5.2500000000000009 60.025000000000013 59.57500000000001 24.250000000000004 17.950000000000003 3.4550000000000005 -0.24416666666666656 1778.4609720176734 0.042884205213651806 3.2500000000000004 0.042703492262224654 2.5000000000000004 48.850000000000001 29.050000000000004 22.750000000000004 34.95000000000001 17.550000000000004 2.2500000000000004 7.8500000000000005 31.650000000000002 54.95000000000001 34.150000000000013 43.250000000000007 -0.44166666666666615 27.750000000000004 46.150000000000013 3.4550000000000005 2.7500000000000004 52.650000000000013 -0.024166666666666847 42.45000000000001 34.550000000000004 42.625000000000007 0.046394296821729804 12.350000000000003 6.7495000000000003 6.0950000000000006 21.950000000000003 24.250000000000004 -0.11166666666666585 2.5000000000000004 5.7500000000000009 72.050000000000011 19.750000000000004 13.850000000000003 13.950000000000001 31.350000000000005 16.150000000000002 3.7650000000000001 3.7950000000000004 41.250000000000007 49.850000000000009 31.850000000000005 14.750000000000002 17.550000000000004 17.750000000000004 4.5000000000000009 1695.5996131528047 6.7425000000000006 22.750000000000004 10.65 6.7505000000000015 53.45000000000001 15.850000000000003 3.3350000000000004 25.550000000000004 74.15000000000002 12.850000000000003 61.150000000000013 0.030077495765195653 74.950000000000017 -0.024999999999999845 3.4850000000000008 26.250000000000004 31.150000000000002 3.7500000000000004
decision_type=2 2 2 2 2 2 2 2 2 2 2 2 2 2 2 2 2 2 2 2 2 2 2 2 2 2 2 2 2 2 2 2 2 2 2 2 2 2 2 2 2 2 2 2 2 2 2 2 2 2 2 2 2 2 2 2 2 2 2 2 2 2 2 2 2 2 2 2 2 2 2 2 2 2 2 2 2 2 2 2 2 2 2 2 2 2 2 2 2 2 2 2 2 2 2 2 2 2 2 2 2 2 2 2 2 2 2 2 2 2 2 2 2 2 2 2 2 2 2 2 2 2 2 2 2 2
left_child=6 3 4 8 15 7 -1 116 80 37 17 12 13 14 32 16 -3 18 19 31 21 54 26 24 25 -22 113 -24 34 30 -21 -5 111 -11 35 -25 -36 38 39 -10 114 42 -42 -43 105 84 47 100 -49 50 51 52 -35 -53 56 57 59 -56 -57 -19 -13 -18 66 64 -64 -66 -20 -58 -63 -70 71 91 75 74 -74 81 -75 -77 -48 -47 112 -73 83 -31 -30 86 90 88 -87 -88 -51 94 93 -93 95 -17 -96 -84 -72 -100 -15 102 -52 -62 -14 106 108 -108 -39 110 -107 -12 -2 -23 -40 -16 118 -118 124 123 -119 -121 -122 -120 -6 -126
right_child=1 2 -4 10 5 -7 -8 -9 9 33 11 60 104 46 115 70 61 20 62 29 23 22 27 28 -26 -27 -28 -29 45 82 -32 -33 -34 49 36 -37 -38 44 40 -41 41 43 -44 -45 -46 79 78 48 -50 85 101 53 -54 -55 55 58 67 -59 -60 -61 103 68 63 -65 65 -67 -68 -69 69 -71 98 72 73 76 -76 77 -78 -79 -80 -81 -82 -83 97 -85 -86 87 89 -89 -90 -91 -92 92 -94 -95 96 -97 -98 -99 99 -101 -102 -103 -104 -105 -106 109 107 -109 -110 -111 -112 -113 -114 -115 -116 -117 117 120 119 121 122 -123 -124 -125 125 -127
leaf_value=0.017823776158636815 0.0070515542321302159 0.0044376183749142203 -0.025057486560598394 0.0047693275209203037 -0.016497608850125679 -6.6639535912388937e-06 0.040000433103746853 -0.02394456615626599 0.0061637989200566505 0.023864619144688886 0.0034335263593737388 0.012315406317808695 0.0078767463178644592 0.021396165876872316 0.0054745563750243512 -0.008594478286928782 -0.036771914172115498 0.0023521031082671469 0.03588686043123801 -0.02739314027833294 -0.012945918265188316 0.014663679842804894 0.0046091966155684871 -0.0066711626264915466 0.0090938037151483478 -0.048943784092674615 -0.024892500577767488 0.039454215835362509 0.023834400199245657 -0.010896979187298065 0.0081477064193028661 -0.029680787193804809 0.022046322159607577 0.0044035046883826243 -0.005519019894272453 0.018306398571314261 -0.029071478294581229 0.0028501217721743246 -0.00078107060513529737 0.037161601110622312 0.012312763190968367 0.0016076296481915943 0.019184431463703602 0.017335150530968992 0.033009252355747865 -0.026315492983599992 0 0.0066694813070704304 -0.0098667039433312335 0.013015801253807189 0.014538465164122836 -0.0032733689184610078 -0.02441528630068858 0.0096777066518017631 -0.026101947609545696 -0.0011222398127877396 0.0016941175287199111 -0.0026760209603220548 0.0030235146249159503 0.036949248491057671 -0.0274503645398823 0.0020091277850547849 0.028302042008512017 0.037003143735176047 -0.020329092841004436 0.010362856735777259 0.0061171711490389602 0.0038482439670401475 -0.0037742687314661137 -0.034260031200031245 -0.011881180031298136 -0.0011407436550452173 0.0052932931589017721 -0.0012045017847541837 -0.017261847192480854 -0.0060895662788034068 -0.012408378451571162 -0.0095503107090660691 0.03271824137397325 0.007946881343204891 0.030521826231921994 -0.023610106124360236 0.045881458068194693 0.017883575034106619 0.00076197916084388224 0.01061205345819739 0.00028438658446875321 -0.003759390157617391 0.0070245758965653124 0.0097186256330973955 9.0468261473313923e-05 -0.0036417819880272292 -0.024774943965015579 -0.0098191192940099443 -0.010127179703240785 -0.015554525778208267 -0.00012385675826860523 0.01349093038526001 0.020222500814104063 -0.014329936369553029 -0.0058321834148788911 0.0084048480597947606 0.041532765717369344 -0.0038054103596182414 -0.021424353241064249 0.027275794761975294 0.038619617528426783 0.01539830688629276 0.013068767003072152 -0.015847860270497532 0.0081812124398222569 -0.027679261194571501 -0.016591695791803616 0.0034073349724359895 0.024178033523027252 0.026307503664302564 -0.03745635147852952 -0.033496521341113791 -0.032239244440262771 0.0053367956207166769 -0.0065807203150603935 -0.010663801233812551 -0.022269249062220494 -0.013356057710955386 0.0099404618863150763 -0.021998739793051721
leaf_weight=15.905255317687987 606.25295016169548 11.926289036870001 9055.0019174516201 9.4935288131237048 8629.2776756584644 29.532820090651512 8610.0270652472973 136.35774749517441 13.411510452628134 34.032376438379288 11.490342348814016 16.231811136007309 9.9924211055040377 33.464825227856636 12.487000718712805 178.04168482124805 22.365752816200256 10.238434806466104 24.712115064263344 10.74298480153084 21.745334297418598 61.914712995290756 9.4920461624860781 24.986147850751877 9.4933554381132108 8.9958699196577054 7.4938300251960746 17.731346532702446 26.487738534808159 13.740207999944689 13.736501187086104 13.492689684033392 9.2372271567583066 184.29209367930889 77.713714435696602 22.23435665667057 15.239683732390402 73.806354641914368 7.949608862400054 28.996348485350609 1117.7265140414238 104.85803100466728 210.81922566890717 45.47080160677433 12.171096324920653 7.9970859289169338 7.7406862825155285 63.424511134624481 41.439818695187569 1509.2780972421169 22.837880432605743 50.000201657414436 22.912144839763641 447.93845477700233 12.989906340837477 496.9447074085474 1883.176156938076 359.52763368189335 1871.3177978098392 11.729973986744879 11.993310362100599 11.925473242998121 11.2336298674345 9.2226616442203504 15.23075842857361 15.728610739111899 10.985577359795569 3746.1469149887562 10.434428274631502 19.638935223221779 1197.9812597483397 13.679204419255255 146.31710597872734 89.562251269817352 19.403094559907913 829.65691320598125 174.65824571251869 1501.0335506945848 15.724038839340208 11.242180868983267 9.9162923842668516 57.892919152975082 7.7408021986484554 15.489266917109488 16.489181235432625 1786.8143307566643 86.281322702765465 48.795250937342644 792.05010423064232 754.2435524314642 35.546467036008835 332.07765534520149 23.880773663520813 381.36306165158749 3759.3784973472357 395.12606884539127 57.732369691133499 13.991436243057249 10.194873631000521 7.9602706879377356 8.4832671582698804 41.763968497514725 13.405097365379332 36.461260288953781 13.742163702845572 18.133451983332634 17.889430016279221 57.400577813386917 291.23008514940739 9.9501572996377927 624.20566612482071 8.9935727715492231 8.4735062867403013 93.385203436017036 74.982459306716919 72.382529094815254 28.09695740044117 22.441333949565887 17.007900923490524 40.469480708241463 47.815662547945976 58.981989532709122 51.542704433202744 120.55201786756516 16.016128927469257 10.590286195278166
leaf_count=64 2436 48 37410 38 35010 119 37166 556 54 137 46 65 40 134 50 716 90 41 99 43 87 248 38 100 38 36 30 71 106 55 55 54 37 741 311 89 61 297 32 117 4498 422 849 183 49 32 31 254 166 6072 92 201 92 1802 52 1989 7538 1439 7490 47 48 48 45 37 61 63 44 14994 42 79 4818 55 588 360 78 3334 702 6032 63 45 40 233 31 62 66 7188 347 196 3187 3034 143 1334 96 1532 15120 1589 232 56 41 32 34 168 54 146 55 73 72 231 1172 40 2512 36 34 374 302 290 114 91 69 164 194 239 209 489 65 43
internal_value=-1.12488e-05 -0.00749646 -0.017009 0.00661583 -0.0130611 -0.0164595 0.0399599 -0.0165123 0.0104205 0.0106627 0.0029 0.00719136 0.00957763 0.011137 0.0172001 -0.00967841 -0.0191724 0.00272196 0.0087249 0.00139408 0.00259548 0.00275657 0.00941316 -0.00309507 -0.015886 -0.0236532 0.00637759 0.027421 -0.000538275 0.00655327 -0.00743659 -0.0154286 -0.000102481 0.00992115 -0.00452967 0.00507196 -0.00942365 0.0122578 0.013557 0.0274314 0.0131776 0.0126933 0.0134057 0.00638315 0.0103688 0.00842317 0.00704034 0.00463142 0.00011732 0.00983861 0.0072408 0.00626821 0.00119932 0.00837382 0.00260556 0.00138347 0.00319795 -0.00350371 0.00215295 0.0209769 -0.00416698 -0.0235705 0.0169795 0.0100863 0.00409368 -0.00470489 0.0268101 0.00312793 -0.0164341 -0.0237798 -0.0095991 -0.00928885 -0.00798632 -0.00427772 0.0026346 -0.00864923 -0.00861819 -0.00831935 0.021965 -0.00627965 0.00710564 -0.0193442 0.0133041 0.00431223 0.0150392 0.010244 0.0113225 0.00926399 0.00951112 0.00875212 0.0127194 -0.0100078 -0.00752958 -0.00694684 -0.0104235 -0.013397 -0.00997628 0.0252541 -0.0116276 0.00499503 0.0158533 0.015994 0.0246509 -0.0097333 -0.00904417 0.0101122 0.0127209 0.0209797 0.0110081 0.00834722 0.00872676 -0.0102219 0.00672057 0.0079112 0.0217694 0.02327 -0.0163997 -0.0218743 -0.0163071 -0.0108726 -0.0182398 -0.00413884 -0.0147485 -0.0157234 -0.0164556 -0.00275106
internal_weight=54689.2 46063.3 27515.9 18547.4 18460.9 9208.68 8625.93 9179.15 9163.84 8539.19 9383.54 373.289 308.602 284.868 114.591 9252.23 76.2909 9010.25 185.541 98.4274 8824.71 8582.09 190.017 242.625 40.2346 30.7412 162.794 27.2234 202.39 75.4412 24.4795 22.9862 29.7211 5830.19 140.174 47.2205 92.9534 2709 1604.21 42.4079 1561.81 1478.87 1328.55 150.329 1104.79 62.2162 170.277 146.812 104.864 5796.16 783.15 705.143 207.204 497.939 8392.07 2740.78 5651.29 372.518 2368.26 21.9684 64.6864 64.3646 87.1134 51.4157 42.193 30.9594 35.6977 5629.32 41.9988 30.0734 9175.94 7959.8 2832.2 429.941 165.72 2402.26 264.22 2330.69 23.4647 19.2393 624.643 71.5721 50.9617 29.2295 42.9769 5013.01 2385.35 2627.66 2578.86 840.525 1544.82 5127.6 737.321 713.441 4390.28 573.168 3817.11 21.7322 1216.14 18.1551 41.9481 78.0069 36.243 48.4546 23.7346 1092.62 440.326 75.29 365.036 652.289 642.339 20.4839 614.726 155.3 82.9321 84.8695 9042.79 149.897 8892.9 237.011 121.8 99.4515 99.3584 137.56 8655.88 26.6064
internal_count=223628 186398 111971 74427 74561 37362 37230 37243 36867 34357 37560 1495 1236 1141 459 37199 307 36065 743 394 35322 34351 761 971 161 123 652 109 810 302 98 92 119 23454 561 189 372 10903 6457 171 6286 5952 5347 605 4446 249 682 588 420 23317 3150 2836 833 2003 33590 10970 22620 1491 9479 88 259 259 349 206 169 124 143 22532 169 121 36892 32001 11382 1728 666 9654 1062 9366 94 77 2510 288 204 117 172 20167 9596 10571 10375 3381 6215 20619 2962 2866 17657 2305 15352 87 4891 73 168 314 146 194 95 4397 1772 303 1469 2625 2585 82 2470 622 334 340 36687 608 36079 961 494 403 403 558 35118 108
is_linear=0
shrinkage=0.03


Tree=13
num_leaves=127
num_cat=0
split_feature=0 0 0 0 0 36 21 40 37 9 5 4 9 22 22 28 36 39 29 6 22 4 17 22 28 22 9 28 21 7 42 9 8 21 25 21 21 36 6 35 8 2 35 9 6 25 25 33 37 9 40 4 37 21 25 7 9 4 35 29 2 22 37 21 28 9 17 4 39 7 22 26 5 28 29 25 4 8 17 2 35 29 22 17 3 39 2 17 37 24 3 35 35 6 29 2 33 8 8 6 2 3 5 29 20 22 7 17 20 29 36 10 33 21 9 4 4 37 22 2 2 6 24 4 25 35
split_gain=17275.3 6489.48 923.552 274.011 224.945 10.8136 8.97195 10.6767 9.56149 8.46196 9.27883 7.76333 9.74849 12.1456 10.9848 9.36099 11.785 9.02646 8.98279 9.79282 9.58753 8.72736 7.72096 7.66265 11.2954 11.2479 10.1348 9.20993 9.12347 9.38909 9.38035 9.50242 9.24823 11.3282 8.48092 8.22429 7.64823 8.15998 7.63792 7.24601 7.23993 8.31976 7.22798 7.64832 7.05266 10.4418 8.57527 8.87886 13.7263 8.04386 7.50186 7.57346 7.20114 7.2536 6.89371 6.84039 6.78092 6.77343 6.67276 8.93476 6.66673 11.3016 11.1533 13.3013 9.73611 6.62759 6.58912 8.57587 6.97655 6.56026 6.47256 9.63902 8.1277 7.08054 13.0972 7.46837 6.91894 6.43807 6.35661 6.33406 6.29949 6.2792 6.57413 6.22327 6.20793 6.81806 6.59701 9.46165 9.70691 7.71539 7.08456 6.59305 6.30726 7.49817 6.1314 9.12232 8.30102 8.21838 7.89959 6.64115 6.42355 8.81213 6.11164 6.6602 6.28002 6.60774 6.05331 6.77655 5.97638 5.89408 5.87778 6.0486 5.85959 5.74048 7.26206 5.72392 5.71104 6.70861 6.55414 6.26296 6.68052 5.80946 5.64916 5.74904 7.71006 6.66362
threshold=1.5000000000000002 3.5000000000000004 5.5000000000000009 2.5000000000000004 4.5000000000000009 0.049166666666666602 20.150000000000002 2225.611210494932 0.19333333333333377 31.350000000000005 0.055000000000000007 50.45000000000001 26.150000000000002 34.750000000000007 32.250000000000007 29.450000000000003 0.017499999999999953 3.2500000000000004 15.000000000000002 6.8050000000000006 33.550000000000004 49.550000000000004 24.975000000000005 36.850000000000001 37.250000000000007 41.350000000000001 27.350000000000005 38.050000000000004 19.450000000000003 3.5000000000000004 1769.6938459952582 27.250000000000004 6.5000000000000009 20.550000000000004 6.7525000000000004 20.050000000000004 13.050000000000002 0.01249999999999995 6.785000000000001 -1.3749999999999996 4.5000000000000009 39.150000000000013 -2.5108333333333328 12.750000000000002 6.7550000000000008 6.7575000000000012 6.7435000000000009 5.2500000000000009 0.046666666666666357 12.550000000000002 1828.4366576819411 32.45000000000001 -0.10499999999999994 15.350000000000003 6.7525000000000004 3.5000000000000004 21.250000000000004 30.950000000000003 3.2950000000000008 15.15 32.95000000000001 36.650000000000013 0.086666666666667266 10.050000000000002 28.750000000000004 24.050000000000004 7.4650000000000007 40.150000000000013 5.2500000000000009 2.5000000000000004 28.550000000000004 3.6050000000000004 0.085000000000000006 39.45000000000001 11.750000000000002 6.7705000000000011 40.550000000000004 2.5000000000000004 14.470000000000002 71.65000000000002 1.23 7.8500000000000005 31.650000000000002 12.970000000000002 77.550000000000011 4.7500000000000009 34.250000000000007 14.710000000000003 -0.041666666666666442 0.15950000000000003 44.45000000000001 -0.10333333333333324 2.7416666666666671 6.7550000000000008 12.65 30.950000000000003 5.2500000000000009 2.5000000000000004 2.5000000000000004 6.745000000000001 61.95000000000001 72.65000000000002 0.095000000000000015 3.4000000000000004 3.8050000000000002 25.750000000000004 2.5000000000000004 17.795000000000005 3.4050000000000007 15.250000000000002 0.067499999999999963 6.5000000000000009 4.2500000000000009 25.750000000000004 21.850000000000005 34.95000000000001 35.250000000000007 0.2433333333333336 25.100000000000005 33.350000000000001 62.850000000000001 6.4650000000000007 0.15150000000000002 22.550000000000004 6.7515000000000009 0.88833333333333309
decision_type=2 2 2 2 2 2 2 2 2 2 2 2 2 2 2 2 2 2 2 2 2 2 2 2 2 2 2 2 2 2 2 2 2 2 2 2 2 2 2 2 2 2 2 2 2 2 2 2 2 2 2 2 2 2 2 2 2 2 2 2 2 2 2 2 2 2 2 2 2 2 2 2 2 2 2 2 2 2 2 2 2 2 2 2 2 2 2 2 2 2 2 2 2 2 2 2 2 2 2 2 2 2 2 2 2 2 2 2 2 2 2 2 2 2 2 2 2 2 2 2 2 2 2 2 2 2
left_child=-1 3 4 11 42 23 8 83 44 10 39 21 15 14 17 -13 36 -14 108 20 -20 58 -9 28 94 26 55 -27 60 30 -30 34 40 -34 -32 -33 -17 38 -38 -6 65 -42 43 -3 45 52 47 48 -46 78 -47 -52 53 -7 -23 112 -51 -28 84 115 61 62 64 -64 -5 -31 67 68 -44 -56 71 76 -73 75 -75 -72 -62 -45 -48 -12 -54 -79 -83 -8 86 92 87 88 -2 90 -88 -89 93 -86 100 97 98 -96 -97 -99 113 -102 104 -104 122 -106 110 -108 -18 -91 111 -85 -26 -25 -115 -60 121 118 -118 -120 -121 -105 -4 -124 -125 -126
right_child=1 2 102 5 9 6 7 22 -10 -11 79 12 13 -15 -16 16 18 -19 19 -21 -22 54 -24 24 25 27 57 -29 29 32 31 35 33 -35 -36 -37 37 -39 -40 -41 41 -43 66 77 46 50 49 -49 -50 56 51 -53 80 -55 69 -57 -58 -59 59 -61 70 -63 63 -65 -66 -67 -68 -69 -70 -71 73 72 -74 74 -76 -77 -78 81 -80 -81 -82 82 -84 106 85 -87 89 91 -90 109 -92 -93 -94 -95 95 96 -98 99 -100 -101 101 -103 103 116 105 -107 107 -109 -110 -111 -112 -113 -114 114 -116 -117 117 -119 119 120 -122 -123 123 124 125 -127
leaf_value=0.039244222605047341 0.013634126517309426 0.0030896744536338819 -0.029306523616600771 -0.0056292900121870807 -0.0054742770308466538 0.0046015353937788935 -0.032335786417346864 0.013571317225858593 -0.016249458724200732 -0.023498162097248376 -0.015877257670504671 0.021199241590189197 -0.0044430205715418683 0.034543845599475244 -0.01911487782094002 0.013573534737138288 0.043717905010646721 0.032122092940205606 0.032301995040385764 -0.027380821578652886 -0.010451727939084244 0.028613258329386958 -0.014834287198728134 0.0064945396349483332 0.00099119343167928175 -0.0066694423020341193 0.034790708617487169 0.026027620458326125 -0.020508083052898782 -0.0090781623507470693 0.0072705933851196208 -0.021367000181856367 -0.0060339145813634552 0.033722745941347769 -0.0015494965884748693 -0.00094265156886837577 0.00010219205973880342 -0.037887545561375163 -0.017473112593049414 -0.030436351766264462 -0.027537612465737712 -0.0049099137243046528 -0.034177262258434822 -0.03578641892212564 0.0074422645642902956 -0.031427521367462546 0.0029168546785694667 0.018453627828147294 -0.024456899872477081 0.0049767020260707484 -0.014366847546180684 0.0064986962467509192 0.0072988156024162282 0.02541949882309134 0.024342705397946512 -0.019622977556866258 0.015798178796286391 0.00082327125968053726 0.0014712333980569845 0.0176202309149277 0.0043360729502448531 -0.016045207956860742 -0.024627300133201992 0.010335317705872553 0.003719280115532483 0.0044481464956844319 -0.0092738874926415454 -0.00061714347035781152 -0.0043726305554699779 -0.0054660298504863886 0.0007857692729053387 -0.018560128477275516 0.012781046888605957 -0.0090250828498911629 0.017765061645020574 0.015225906633651944 -0.0032026759439685508 0.0021101440056037332 0.029952006641623712 -0.0017184911192268571 -0.0060671697468922953 -0.0036632035785317371 -0.033331969258453734 0.011589970205237925 0.031896056140269594 0.033544541199587427 0.0069013168786060571 0.011300017059392901 0.0043202045100123026 -0.013816062082743975 0.010021695516224611 0.01556842949202319 -0.0045630446287067208 0.0061228809625725241 -0.031463110253140289 0.01175382709753163 0.020811083509740796 0.010883883798116112 -0.0046077513621940675 -0.016386833175016654 -0.020255491775329201 0.0057992689858740376 -0.026437900594634054 0.0015228562280073404 -0.027705668500328549 0.0098621185488150399 0.0071800829087502703 -0.023893974591798341 0.013558378233738471 0.016528106655711208 0.025507142831696736 -0.022767886001777787 -0.014542772843891313 -0.024677585922326974 0.012477948913190135 -0.027743809021781134 -0.031842944482271957 -0.00049999258659309039 -0.021027822233429867 -0.024176060044114236 -0.016843017211215609 -0.02474838441703002 -0.0052679243138869748 -0.029755479661122814 -0.022899662599714793 -0.0047539106073914098
leaf_weight=8514.1132372021675 147.47232492268085 12.178773343563078 497.65691784024239 107.18393716216087 12.741667136549948 26.45619697868824 9.2377638816833478 45.399244904518127 14.984452590346335 135.87473195791245 8938.9774724543095 19.889642864465714 10.435768321156504 20.116473495960236 11.179476231336592 15.656298488378523 8.1909626424312609 14.162084221839903 9.1924223452806526 8.9495838731527311 9.44860592484474 41.468074604868889 10.4889809936285 1271.1603428274393 58.953234374523163 12.480723232030867 7.7450813204050091 19.9644785374403 17.244021996855736 99.465284809470177 249.61620759963989 25.736503809690475 15.237894833087923 10.99308021366596 161.16911023855209 57.218381091952324 60.169242277741432 7.9520201832056037 35.059569045901299 64.192172437906265 31.739477500319481 27.488618075847626 30.025572046637535 22.296007573604584 31.180354297161102 8.4912459850311262 9.9655330479145032 20.425914347171783 19.708890363574028 94.546721860766411 25.471889808773994 40.205138683319092 188.92526793479919 35.672143846750259 12.663236632943155 39.727601438760757 117.79093557596207 16.488761395215988 11.673441857099535 12.674246951937674 463.66590884327888 25.233561098575592 9.9958754032850248 310.05994419753551 1509.8364297300577 48.231500953435898 9166.056789919734 15.38549894094467 9.434189096093176 13.669453769922255 3200.4963113069534 7.7423449605703345 139.63531692326069 22.987871497869492 56.467155262827873 32.476909071207047 143.15022926032543 12.422183245420454 39.114475190639496 28.791390538215637 37.936701774597168 10.431346595287325 19.583775773644447 9.4931316077709251 20.375583976507187 20.617213815450668 764.05375748872757 2379.9577044844627 320.12153767049313 21.669909238815311 4775.6193371117115 380.88872143626213 13.416433945298193 20.62245224416256 13.241865858435629 39.214019298553467 21.723827823996544 15.232498154044153 81.679854586720467 16.737517148256302 19.733772337436676 28.220691829919815 1058.6202883720398 7.4722054153680793 8.1784609258174914 8.4278151839971525 8.7420283406972903 21.727765053510666 22.114497125148773 7.7062798887491217 8.2422408461570722 8.7421694695949537 34.46979284286499 11.744813591241838 7.7466245442628852 12.175290152430533 76.147675633430481 12.049015909433363 1142.212782561779 2129.104476198554 120.56074190139771 3671.9244235605001 14.686412259936331 126.67145304381847 75.789869785308838 24.339680895209312
leaf_count=37166 593 49 2069 429 52 106 37 182 60 556 36338 80 42 81 45 63 33 57 37 36 38 167 42 5089 236 50 31 80 69 398 999 103 61 44 645 229 242 32 141 265 127 110 121 90 125 34 40 82 79 379 102 161 757 143 51 159 472 66 47 51 1856 101 40 1241 6043 193 36878 62 38 55 12809 31 559 92 226 130 573 50 157 116 152 42 79 38 82 83 3075 9587 1287 87 19228 1535 54 83 53 157 87 61 327 67 79 113 4397 31 34 35 35 87 89 31 33 35 138 47 31 49 316 50 4740 8836 499 15237 61 527 315 101
internal_value=-1.02427e-05 -0.00727532 -0.0165379 0.0064311 -0.012703 0.00280308 0.00606613 -0.00143609 0.00735656 -0.0160343 -0.0159218 0.0100954 0.00489349 0.0159404 0.0053714 0.00173905 -0.000453282 0.0165932 0.0106255 -0.00171252 0.0106112 0.0102415 0.00819645 0.00248267 0.00427395 -0.00262111 -0.0059444 0.0134221 0.00202849 -0.00110402 0.00116992 0.00193407 -0.00609238 0.0106354 0.0038069 -0.0073154 -0.00586773 -0.00884249 -0.00636416 -0.0263341 -0.00822425 -0.017087 -0.00941335 -0.0185917 0.00786928 0.00496874 0.0110281 0.00177988 -0.00490628 0.0135436 -0.00505543 -0.00158044 0.00754745 0.0166003 0.0209839 -0.00919878 0.0109914 0.0118392 0.0101594 -0.00259828 0.00241539 0.00385212 0.0041129 0.00923134 0.00309837 -0.00465087 -0.00933643 -0.0197261 -0.0271184 0.00884993 0.00172167 0.00423051 0.0111129 0.00114987 0.0099937 0.000931758 0.00255495 -0.0226925 0.0245102 -0.015832 0.00505541 -0.0157098 -0.0231172 -0.00959275 0.0102121 0.0188302 0.0101382 0.0112206 0.00726317 0.00951029 0.00959172 0.01189 0.0131762 0.0190148 0.00513253 4.86001e-05 0.00377981 -0.0116705 0.00069234 -0.00335318 0.00584471 -0.00491117 -0.0244341 -0.0241933 -0.0270462 -0.00860503 -0.00582695 -0.0149352 0.0218762 -0.0057759 0.00461492 -0.00483403 -0.00473367 0.00624586 -0.00984571 -0.0134346 -0.0238609 -0.0229783 -0.0230559 -0.0228573 -0.0237845 -0.0246946 -0.0274572 -0.0236294 -0.024809 -0.0185129
internal_weight=54518 46003.9 27452.2 18551.6 18478.4 9322.29 832.949 122.073 710.876 9180.58 9044.7 9229.36 252.517 55.8938 35.7773 196.623 176.733 24.5979 57.8961 27.5906 18.641 8976.85 55.8882 8489.34 1716.27 189.83 157.384 32.4452 6773.07 744.14 510.984 493.74 233.156 26.231 410.785 82.9549 118.837 103.181 95.2288 76.9338 206.925 59.2281 9297.81 76.9121 695.891 363.159 332.733 71.3152 50.8892 261.418 74.1683 65.677 288.99 62.1283 67.8008 133.151 212.338 24.2338 8909.04 36.523 6028.93 1962.31 1937.08 320.056 1617.02 147.697 9220.9 54.8453 39.4598 26.3327 4066.62 754.194 147.378 3312.43 79.455 3232.97 606.816 64.7333 49.08 8967.77 226.862 42.4373 30.0151 66.1851 8872.52 75.0317 8797.49 3228.44 467.594 5569.05 5539.67 2760.85 54.4145 40.998 1526.44 187.83 142.618 45.2119 120.894 31.97 1338.61 47.9545 8973.84 8218.09 755.751 16.6063 56.9473 30.4698 30.3055 29.3762 26.4775 18.2353 93.423 1290.65 19.4914 23.8487 7159.47 3480.07 3468.03 3391.88 2249.67 3679.4 739.144 241.487 226.801 100.13
internal_count=223628 186462 111984 74478 74736 37317 3338 489 2849 37327 36771 37161 1016 225 144 791 711 99 233 111 75 36145 224 33979 6871 760 630 130 27108 2978 2045 1976 933 105 1644 332 478 415 383 317 828 237 37409 310 2789 1455 1334 286 204 1048 297 263 1158 249 273 533 851 97 35872 147 24130 7854 7753 1281 6472 591 37099 221 159 106 16276 3019 590 13257 318 12939 2429 261 197 36454 909 171 121 265 35725 302 35423 13002 1880 22421 22303 11122 219 165 6111 752 571 181 484 128 5359 192 37248 34106 3142 69 228 122 122 118 106 73 374 5167 78 96 29709 14441 14391 14075 9335 15268 3073 1004 943 416
is_linear=0
shrinkage=0.03


Tree=14
num_leaves=127
num_cat=0
split_feature=18 18 18 18 18 36 21 40 37 2 13 1 23 1 21 9 23 3 9 19 2 22 30 40 19 33 4 4 25 4 4 40 35 4 22 4 6 27 27 36 36 35 9 35 10 33 1 18 29 16 11 9 28 4 27 10 2 6 40 35 40 36 24 30 28 9 23 27 32 9 23 22 7 23 4 19 21 18 37 37 36 27 20 32 32 37 19 3 37 36 42 7 23 22 6 28 36 23 3 4 3 9 36 36 4 30 1 36 7 37 43 3 22 9 20 21 4 1 31 11 37 28 22 23 6 29
split_gain=16427.8 6114.96 883.108 258.746 211.527 10.4515 8.57886 9.77564 9.04682 7.97316 7.87735 7.67142 8.0933 8.08704 11.226 8.02769 10.0838 10.2318 7.59903 7.46844 10.1514 7.35735 9.59348 9.45566 7.3557 6.92941 12.074 11.6825 11.4239 8.7136 8.2868 7.28212 7.24272 9.20355 7.9483 6.91477 7.87074 6.89675 11.7353 8.04265 6.85004 6.84619 7.92743 6.68497 10.7511 8.33044 6.68169 9.02637 6.70742 11.1076 9.09584 6.66819 6.69021 6.8098 6.66376 6.6475 10.2025 11.4402 8.36209 13.8433 9.03537 7.89904 6.58175 6.52113 7.31504 6.96979 6.46797 6.35697 6.54769 11.5643 6.33248 6.21676 10.8089 6.39493 6.20251 7.82618 6.85251 7.35813 6.37722 7.07062 8.00525 7.5901 6.90781 8.68525 6.6354 6.47765 6.56235 7.16684 6.2889 6.1538 9.20685 6.31798 6.01729 7.80588 8.07024 8.02495 7.35934 13.6389 9.46148 10.6674 9.51312 7.4214 7.08584 5.95504 7.30371 5.91601 5.88051 5.82304 5.69022 7.02438 5.65114 5.61554 5.6107 5.5381 5.52814 8.98193 5.9135 5.48067 5.44771 6.62381 5.32853 5.27131 7.24544 6.19725 8.01295 7.52983
threshold=0.27900000000000008 0.55400000000000016 0.79750000000000021 0.31700000000000006 0.63400000000000012 0.049166666666666602 20.150000000000002 2225.611210494932 0.19333333333333377 71.65000000000002 1.0000000180025095e-35 2.6950000000000007 57.850000000000001 6.1550000000000011 23.650000000000002 20.950000000000003 46.650000000000013 22.950000000000003 31.350000000000005 47.32500000000001 34.250000000000007 37.550000000000004 3.3550000000000004 2333.7121212121215 79.675000000000026 3.7500000000000004 24.050000000000004 29.250000000000004 6.7575000000000012 32.45000000000001 34.45000000000001 2088.1652661064431 -0.35416666666666691 40.150000000000013 29.450000000000003 49.750000000000007 6.7950000000000008 23.400000000000002 22.850000000000005 -0.019166666666666596 -0.11249999999999993 -2.5108333333333328 12.750000000000002 1.7600000000000005 6.5000000000000009 2.2500000000000004 4.9150000000000009 0.30100000000000005 13.900000000000002 1.0000000180025095e-35 1.0000000180025095e-35 30.350000000000005 39.150000000000013 48.750000000000007 15.750000000000002 7.5000000000000009 35.550000000000004 6.6250000000000009 1774.2165242165245 -0.65166666666666584 1594.9293966623879 -0.087499999999999939 0.15050000000000002 3.3550000000000004 34.850000000000001 18.750000000000004 52.650000000000013 14.050000000000002 4.2500000000000009 20.750000000000004 58.250000000000007 28.250000000000004 6.5000000000000009 47.550000000000004 24.850000000000005 44.025000000000006 19.150000000000002 0.29700000000000004 0.088333333333334263 -0.068333333333332844 -0.059166666666666597 15.750000000000002 3.5750000000000006 1.7500000000000002 3.7500000000000004 0.10500000000000086 43.175000000000011 29.250000000000004 0.014166666666666602 -0.065833333333333285 3243.519846963176 5.5000000000000009 54.95000000000001 34.050000000000004 6.5450000000000008 40.650000000000013 0.054166666666666606 54.45000000000001 63.650000000000013 43.95000000000001 66.850000000000009 8.1500000000000004 0.037499999999999957 -0.074999999999999942 37.650000000000013 3.0850000000000004 3.5850000000000004 0.014166666666666602 3.5000000000000004 0.098333333333334064 0.04839084945736196 36.95000000000001 27.150000000000002 13.350000000000003 3.2450000000000006 19.350000000000005 19.850000000000005 6.8250000000000011 2.2500000000000004 2.5000000000000004 0.10500000000000086 38.95000000000001 38.150000000000013 48.95000000000001 6.705000000000001 6.1500000000000012
decision_type=2 2 2 2 2 2 2 2 2 2 2 2 2 2 2 2 2 2 2 2 2 2 2 2 2 2 2 2 2 2 2 2 2 2 2 2 2 2 2 2 2 2 2 2 2 2 2 2 2 2 2 2 2 2 2 2 2 2 2 2 2 2 2 2 2 2 2 2 2 2 2 2 2 2 2 2 2 2 2 2 2 2 2 2 2 2 2 2 2 2 2 2 2 2 2 2 2 2 2 2 2 2 2 2 2 2 2 2 2 2 2 2 2 2 2 2 2 2 2 2 2 2 2 2 2 2
left_child=10 3 4 19 41 11 8 -8 25 18 -1 15 40 14 21 16 -5 -18 89 70 35 23 -23 -14 63 28 62 106 32 31 -31 -30 33 -7 -34 46 67 38 55 -40 -13 42 -3 44 -15 -45 48 118 49 -21 -51 71 53 -53 -16 58 57 -57 60 -60 -22 -58 -27 64 -9 -65 -39 -37 69 -69 74 72 -42 -73 75 -2 77 -77 79 82 81 -81 83 -76 -84 -80 87 -87 -82 90 120 111 93 94 117 102 98 101 99 -95 -100 -98 -96 104 -94 -41 -28 -11 109 -38 -88 -92 -17 -29 115 -50 -116 -43 -48 -120 -6 123 -123 125 -125 -91
right_child=1 2 -4 5 9 6 7 24 -10 107 -12 12 13 43 54 112 17 -19 -20 20 37 22 -24 -25 -26 26 27 113 29 30 -32 -33 34 -35 -36 36 108 66 39 105 51 92 -44 45 -46 -47 47 -49 114 50 -52 52 -54 -55 -56 56 61 -59 59 -61 -62 -63 -64 65 -66 -67 -68 68 -70 -71 -72 73 -74 -75 78 76 -78 -79 85 80 88 -83 84 -85 -86 86 110 -89 -90 121 91 -93 103 96 95 -97 97 -99 100 -101 -102 -103 -104 -105 -106 -107 -108 -109 -110 -111 -112 -113 -114 -115 116 -117 -118 -119 119 -121 -122 122 -124 124 -126 -127
leaf_value=0.017042910367538178 0.028229691969775286 0.0042112780513997939 -0.023803790060816805 -0.015563239457275889 -0.029475619673808209 0.0081023866611350023 -0.0089443218368770276 0.011650568401843314 -0.015772961515191253 -0.0084284248806208786 0.038521888631488754 -0.025912399992195221 0.0096648332034811237 0.0044798981766154752 -0.031662323404745334 0.040109424261493345 -0.014395916634706787 0.013446230227162315 -0.022689850079057425 0.02425400696326049 0.010838061265045003 0.02210039369336703 0.0082624173113270607 -0.016072874311005639 -0.015200386641070551 -0.02592938933347878 0.0045559639608053646 0.018153383390739422 -0.038725762433715873 0.027824749125875667 -0.0039955589421402319 -0.0065497624048134837 -0.0094495148321758465 0.026734836869346745 0.0067457589932498193 -0.016275994034069499 -0.018818975350996806 0.014272618539187504 0.012584135654770906 -0.038750244151417285 0.0041118661057605562 -0.020516723863675933 -0.022283086134399915 -0.016959608702475915 -0.031601485317722278 0.017487134727424015 0.022837460439410307 0.030220589613853602 -0.013170767532267228 0.03392765301469481 0.0054814046465926714 -0.0026423109437440861 -0.026549168971489224 0.022501759496279646 0.0021156028754379733 -0.023270190867129736 -0.012331916016063328 0.0056864786007914999 0.016067642143276602 0.0088884725493608742 0.0052916606316704981 0.011508825166409534 0.0052333743391645296 -0.018464356783289792 0.048339171686100725 0.014595806861556598 0.042768465351782296 -0.014444639621094919 0.026897145353422802 0.021674968235112932 0.023541319757396033 0.00031446238346845691 0.027890045974535697 0.0024757846072502592 0.033900894343502408 0.033751428278600275 -0.014899221214650243 0.0041174717211916196 0.025840644541068259 0.0052258173745843494 -0.00073729478449809636 -0.030627869025121414 0.011721072855403736 0.010101945663144532 -0.0115298613927432 0.0034296273187838554 0.026869757239277998 0.038993320026901271 0.0072705152344684394 -0.013511564820760902 -0.026024276685718984 0.0033997380793446765 -0.0097770671995531418 -0.0072768480291119366 -0.009907853736915273 0.003113714143218069 0.016598959271030611 -0.044157665705958818 -0.019926835866254319 -0.0014301323512768988 -0.008314545494622308 -0.012356059817981106 -0.006746361545430085 -0.011317057973907887 0.023714086359931993 -0.0063651206582426463 0.031931656414476699 0.020898529754203622 -0.028090538746883612 0.019654205907955451 -0.00096912297823297834 -0.014481419880563062 0.012850661480589731 0.0076601984167532179 0.02026045384441056 0.008626200014353002 0.011199587413306756 0.0023704844439413736 -0.008853658874143527 0.017451486463590085 -0.0093292367286147791 -0.013212951695359026 0.00059641357809632901 -0.017942479288950177 -0.015337934049471686 -0.016520664210648326
leaf_weight=15.868672370910643 25.104622721672058 11.93295933306217 8970.181361630559 21.239577829837799 92.137099966406822 91.788622185587883 68.399399876594543 13.718286171555521 14.977144241333006 21.071182027459148 8415.0542849302292 7.7442087680101386 41.450956925749779 14.982346892356874 8.7462329417467135 7.474646419286727 14.737202018499373 58.926831185817719 135.40285897254944 94.927050903439522 360.42383860051632 75.295429170131683 114.0423825532198 18.481265395879745 9.9890232384204847 11.469849258661272 8.9822318106889707 58.505364164710045 10.48771193623543 8.9832868725061399 38.699855387210846 16.22361958026886 34.199351012706757 32.421256631612778 132.22534365952015 7.4508714973926535 8.4376174211502128 25.34471806883812 10.443013563752176 8.4616179913282412 935.19994506239891 86.68215999007225 64.090916648507118 8.9905101060867327 14.487355068325995 20.476823076605797 23.759346172213554 41.619638904929161 20.586481541395187 11.649291187524794 75.121170848608017 240.36191783845425 9.9967632591724378 9.9933667033910734 12.740409672260283 13.657954916357992 12.454706326127051 113.44142019748688 273.72940422594547 2117.8648015856743 1002.191359564662 1858.2022766470909 12.712015852332113 8.9772973358631152 7.7181908488273612 15.462128996849058 10.165370047092436 14.90799739956856 19.333744660019875 16.888707041740417 19.850388437509537 1617.0783925950527 17.456861227750778 5197.6761068403721 16.878233999013901 10.940623849630354 9.6963040828704816 24.360734581947327 24.108169496059418 8.9423488825559634 189.92847093939781 12.685868620872496 21.857404291629791 76.993434980511665 22.130544155836105 9.7034723460674304 7.451331138610839 10.939316764473913 164.28638981282711 2293.9038089811802 51.150158107280731 13.937639281153677 14.412646323442461 2136.9006317853928 4099.4083915501833 46.238484635949135 8.2067421674728376 11.886576905846594 97.092152118682861 324.16910700500011 186.27229608595371 180.6370512098074 760.7633945196867 1190.0286369919777 9.7053511142730695 12.933715850114821 36.126060798764229 8.4558801054954511 9.94493719935417 8.4435299783945066 49.47069738805294 155.44400036334991 76.062898889183998 206.00545264780521 67.43569740653038 94.961271584033966 2074.1956965476274 10.410853266716002 17.350654169917107 16.856224805116653 13.948109611868857 298.26245547831059 38.378199741244316 1583.4027597755194 3338.8266362845898 1126.540335521102
leaf_count=64 101 48 37410 85 377 368 274 55 60 85 37166 31 166 60 35 30 59 236 556 383 1452 302 457 74 40 46 36 235 42 36 155 65 137 130 530 30 34 102 42 34 3744 350 259 36 58 82 96 168 83 47 303 962 40 40 51 55 50 457 1103 8533 4037 7489 51 36 31 62 41 60 78 68 80 6472 70 20805 68 44 39 98 97 36 764 51 88 310 89 39 30 44 661 9336 209 57 58 8598 16512 186 33 48 391 1304 750 727 3060 4794 39 52 145 34 40 34 199 636 305 826 272 383 8365 42 70 68 57 1214 156 6452 13602 4591
internal_value=-9.28599e-06 -0.00707789 -0.0160851 0.00623084 -0.0123239 0.0027299 0.00592809 -0.00133548 0.00719469 -0.0155518 0.0384818 0.00241594 0.00228433 0.00689251 0.00908548 0.00857247 0.00257864 0.00784384 -0.0156021 0.00982079 0.010069 0.0108826 0.0137822 0.00168957 0.00795309 0.00769126 0.0108187 0.0124155 0.00482506 -0.00564767 0.00201354 -0.0193363 0.00751197 0.0129955 0.00340504 0.0116212 0.00319666 0.00936866 0.00928697 -0.00883112 0.00209499 -0.00911943 -0.0181047 -0.00315491 -0.0132539 0.00690486 0.011904 0.0195473 0.0115905 0.017155 0.00935236 0.00212252 -0.00259671 -0.00162407 -0.0116473 0.00938767 0.0107896 0.00254719 0.00864098 0.00971143 0.00676052 0.0113486 -0.00953177 0.0130493 0.025093 0.00236498 0.0225694 0.00936855 0.0131593 0.00470094 0.00684649 0.00228092 0.00455204 0.00196316 0.00635748 0.0148202 0.00725971 0.0134134 0.00538874 0.00402418 0.0018865 -0.015779 0.00983563 0.0144285 0 0.0122577 0.00798874 0.0224455 0.00297353 -0.0154951 -0.0195623 -0.0160381 -0.00904452 -0.0087428 -0.00946551 -0.00929502 -0.00751421 -0.0130688 -0.00710693 -0.00650742 -0.0123043 -0.0110817 -0.00941344 -0.0110176 0.00368048 -0.0193635 0.0265358 0 -0.0102102 0.000338439 0.00268953 -0.0173578 0.0153527 0.00999277 0.0111411 0.00472176 0.0114865 -0.0180473 0.0118192 0.00407817 -0.0268522 -0.0153416 -0.0116345 -0.0154909 -0.0161764 -0.0145035
internal_weight=54341 45910.1 27379.9 18530.2 18409.7 9381.71 838.071 124.264 713.807 9170.86 8430.92 8543.64 8365.2 329.694 270.757 178.441 94.9036 73.664 9141.33 9148.51 8443.18 249.27 189.338 59.9322 55.8649 698.83 333.801 309.619 365.029 74.3945 47.6831 26.7113 290.635 124.21 166.425 2623.87 85.4074 5819.31 5783.8 31.8383 8035.51 9238.84 76.0239 58.937 29.4697 29.4673 2538.46 99.5859 2438.88 181.698 86.7705 8027.76 260.352 250.355 21.4866 5751.97 1997.76 127.099 3754.21 2391.59 1362.62 1870.66 24.1819 45.8759 21.4365 24.4394 35.5101 58.5813 51.1304 31.7967 705.328 7767.41 952.657 6814.75 685.478 70.1023 44.9977 35.3014 615.376 513.703 375.843 21.6282 137.86 93.8717 43.9879 101.673 77.5648 20.6428 354.215 9005.93 326.617 220.532 9162.81 7948.67 5003.5 4906.41 2945.16 200.73 2744.43 2461.07 283.364 188.844 4860.17 1214.15 24.118 21.3953 45.1083 29.5271 26.8261 16.8811 56.922 206.594 83.5375 264.511 2257.18 115.548 2141.63 97.093 57.9662 34.2069 106.085 8679.31 336.641 8342.67 4922.23 3420.44
internal_count=223628 186398 111971 74427 74561 37560 3360 498 2862 37362 37230 34200 33485 1321 1085 715 380 295 37243 36867 34029 999 759 240 224 2802 1339 1242 1463 298 191 107 1165 498 667 10582 344 23447 23304 128 32164 37199 307 236 118 118 10238 402 9836 733 350 32133 1042 1002 86 23176 8051 512 15125 9636 5489 7539 97 184 86 98 143 236 206 128 2838 31091 3814 27277 2758 282 181 142 2476 2067 1512 87 555 378 177 409 312 83 1425 36687 1336 902 36892 32001 20150 19758 11851 808 11043 9902 1141 760 19572 4891 97 86 181 119 108 68 229 845 335 1061 9103 466 8637 392 234 138 434 35351 1370 33981 20054 13927
is_linear=0
shrinkage=0.03


Tree=15
num_leaves=127
num_cat=0
split_feature=0 18 18 18 18 1 5 36 22 23 22 1 19 24 25 1 35 25 9 9 1 29 27 7 21 18 19 19 9 8 9 28 28 9 40 40 3 25 28 40 42 23 43 22 17 32 8 5 21 40 19 18 23 22 6 6 28 22 28 36 28 37 24 1 25 23 3 27 27 40 36 7 25 6 25 38 37 21 22 37 3 23 9 6 21 40 17 18 23 20 25 3 25 27 37 5 27 9 23 3 1 3 1 5 9 27 21 40 3 29 20 28 43 20 8 35 18 27 40 21 19 19 27 28 37 25
split_gain=15550.6 5664.76 836.214 238.007 197.25 9.34652 8.04977 13.6648 8.19529 13.6346 8.13458 7.35215 7.48574 9.2248 7.57724 9.81273 9.31067 8.79078 8.51639 8.17493 7.20533 7.56798 9.39766 7.72028 6.92949 8.38472 6.81425 7.19557 6.78235 6.7815 8.4437 13.6287 7.85956 6.9788 6.53706 6.50583 7.65303 6.4727 8.71875 8.21246 6.46577 7.12386 6.38052 6.32774 12.0549 8.39703 12.7489 8.27068 6.86028 6.83069 6.67489 6.48926 6.25926 10.2959 12.6689 8.86756 7.91552 7.27298 6.66979 6.03751 5.77867 5.92221 6.36699 6.21084 7.00844 7.81794 6.5238 6.39982 9.25027 5.72676 5.70014 5.68662 5.62156 5.61528 5.51605 5.50083 5.37652 5.34622 5.33923 5.33079 5.23083 5.64528 5.004 8.57037 5.2165 5.76838 4.9735 4.93689 5.02581 6.44128 4.92641 4.87525 8.5851 6.48497 5.03284 4.7776 4.7269 7.44434 4.70179 4.6439 9.72902 6.82773 6.75379 4.88436 4.60644 6.333 5.69269 6.0798 4.56165 4.39438 9.79786 7.71016 6.85208 6.79514 11.5773 10.1564 6.97182 6.63361 6.80226 5.13362 5.18594 8.55892 4.50989 6.3314 4.33466 4.29822
threshold=1.5000000000000002 0.55400000000000016 0.79750000000000021 0.31500000000000006 0.63400000000000012 2.3850000000000002 0.055000000000000007 -0.10499999999999994 35.050000000000004 45.350000000000001 45.100000000000001 2.6950000000000007 49.675000000000011 0.15450000000000003 6.7335000000000003 7.3450000000000006 1.5983333333333343 6.7325000000000008 30.550000000000004 20.950000000000003 7.9850000000000012 8.5500000000000025 13.250000000000002 1.5000000000000002 19.150000000000002 0.59400000000000008 98.875000000000014 97.975000000000023 6.2500000000000009 2.5000000000000004 21.050000000000004 32.45000000000001 34.45000000000001 9.5500000000000025 1784.8076923076924 2143.257575757576 27.150000000000002 6.7565000000000008 26.750000000000004 1936.2852664576806 3243.519846963176 51.350000000000001 0.044417082576303411 35.150000000000013 15.490000000000002 3.7500000000000004 8.5000000000000018 0.055000000000000007 17.850000000000005 2397.6467331118502 63.625000000000014 0.74250000000000005 54.750000000000007 34.050000000000004 6.5450000000000008 6.535000000000001 40.750000000000007 39.350000000000001 28.950000000000003 -0.034166666666666588 28.650000000000002 0.2433333333333336 0.14950000000000002 2.6450000000000005 6.7535000000000007 47.050000000000004 23.950000000000003 17.950000000000003 15.750000000000002 2422.1111111111118 0.10249999999999997 1.0000000180025095e-35 6.7365000000000004 6.6150000000000011 6.7395000000000005 5.7500000000000009 0.058333333333333959 16.250000000000004 33.550000000000004 0.14166666666666708 30.850000000000005 45.350000000000001 19.350000000000005 6.4750000000000005 20.750000000000004 2795.3463203463207 18.490000000000006 0.56200000000000017 56.350000000000001 3.2350000000000008 6.7395000000000005 69.950000000000017 6.7515000000000009 13.750000000000002 -0.11333333333333279 0.23500000000000001 12.250000000000002 11.750000000000002 50.350000000000001 65.65000000000002 6.0950000000000006 68.050000000000011 7.035000000000001 0.15500000000000003 11.850000000000003 15.750000000000002 18.450000000000003 3686.5151515151524 43.95000000000001 13.900000000000002 3.4950000000000006 28.750000000000004 0.059115054804709959 3.4150000000000005 4.5000000000000009 1.2050000000000007 0.30900000000000005 20.450000000000003 2056.2051282051284 9.4500000000000011 96.02500000000002 77.125000000000014 10.300000000000002 27.950000000000003 0.014166666666666602 6.767500000000001
decision_type=2 2 2 2 2 2 2 2 2 2 2 2 2 2 2 2 2 2 2 2 2 2 2 2 2 2 2 2 2 2 2 2 2 2 2 2 2 2 2 2 2 2 2 2 2 2 2 2 2 2 2 2 2 2 2 2 2 2 2 2 2 2 2 2 2 2 2 2 2 2 2 2 2 2 2 2 2 2 2 2 2 2 2 2 2 2 2 2 2 2 2 2 2 2 2 2 2 2 2 2 2 2 2 2 2 2 2 2 2 2 2 2 2 2 2 2 2 2 2 2 2 2 2 2 2 2
left_child=-1 3 4 70 5 24 7 -5 9 -9 11 29 13 37 15 17 18 -14 -16 -17 52 22 -22 -23 25 -3 27 43 -18 30 35 -32 -33 -31 -15 36 -8 38 -13 -39 41 -28 -36 44 51 46 47 -45 76 50 -47 59 53 54 58 71 -56 -57 -7 -6 99 63 -63 64 65 67 -67 68 -62 98 109 -55 -53 -24 -68 -75 -46 -25 -50 -51 81 -35 91 -84 85 -85 -10 -54 89 -89 -12 96 93 -93 -94 -90 97 -65 -11 100 125 103 -103 -101 -42 -106 107 -107 -98 110 111 -2 119 117 116 -116 -115 118 -113 -112 121 -121 123 -111 -29 -4
right_child=1 2 60 6 26 20 10 8 86 69 90 12 14 34 16 19 28 -19 -20 -21 21 23 73 77 -26 -27 40 124 -30 33 31 32 -34 80 42 -37 -38 39 -40 -41 104 -43 -44 45 48 49 -48 -49 78 79 -52 72 87 55 56 57 -58 -59 -60 -61 61 62 -64 82 -66 66 74 -69 -70 -71 -72 -73 -74 75 -76 -77 -78 -79 -80 -81 -82 -83 83 84 -86 -87 -88 88 95 -91 -92 92 94 -95 -96 -97 108 -99 -100 101 -102 102 -104 -105 105 106 -108 -109 -110 122 112 113 -114 114 115 -117 -118 -119 -120 120 -122 -123 -124 -125 -126 -127
leaf_value=0.037730922325218796 -0.012927067450085405 0.0052198843309124686 -0.01894677888428838 -0.014060552790673512 -0.01975681823127929 0.0055400761345084674 -0.016106279272389449 0.04205904787817695 0.048341568024714052 -0.014334514320811981 0.036566834222351068 0.016434334055256506 0.003040228121671647 -0.013924338381338474 0.0031354846873931528 0.0094656774893959426 -0.027451057773493971 0.017165108724829629 -0.0032826327365613143 0.050494617931460699 0.034833731549871107 0.0084129136546122647 -0.023176368870739417 -0.036097926271761428 -0.044793629317778069 -0.028378621273011134 0.024071875797660333 -0.046762440604064419 0.0001229305214209503 -0.012980590228828139 0.039460462301765885 -0.026179641287796724 0.012342956254219753 0.032908482457558945 -0.00060891075148996655 -0.022167423881893994 0.018437754237309683 -0.0087054738089548649 -0.0032881903094543687 0.0062481837619640466 -0.031223112832887184 -0.01234579531162463 0.015438606966871096 -0.031974120225402615 -0.0036268840964678258 -0.018371864780083791 -0.031554995699066724 -0.013934473504050167 0.025599592955881132 -0.017622070889171428 0.0069706310518001914 -0.018119351896686273 -0.03060778911273819 -0.017467718629557604 -0.0091644534343914164 -0.0067719982735466484 0.0043213634711691132 -0.012402072536706695 -0.022155610158266031 -0.015259438755013559 0.018830651093234403 0.0067050553705558886 -0.020693535995805389 -0.0055218288915829328 -0.027099364271496618 -0.033695528189543272 -0.031894488726416245 0.025307975174697857 -0.023103196762722562 0.02400943126922709 0.024086788961035957 0.010044738421627312 -0.01358150183061404 -0.00085866230195300085 -0.007611273312297097 0.021136628609839694 -0.019944019076922188 -0.0083032577489931918 -0.0037104065152764798 -0.025394287435474852 0.024273812483822672 0.0073266746819702442 0.00096653505217228063 -0.015591229819623742 -0.025827377243152046 -0.022594664185027175 0.019433541610020803 -0.02332114689078121 -0.0085201458613548085 -0.011702245940620661 0.0092170300319192652 -0.0035878182582809279 -0.033998890893788873 -0.027420755647694896 -0.008689851739019502 -0.028101679077822312 -0.023360273967047766 -0.023481062282485636 0.010819016969119889 0.023037853699345499 -0.032067021646447987 0.0030922010165127679 -0.027280531252619936 -0.011426144040497795 0.01479736333468314 -0.039839462992931084 0.0053599009700875718 -0.0069893062999159478 -0.025572139866932214 0.03004469332981851 0.039570789794371695 0.0073773108527896113 -0.0027958019335752376 -0.0047813292607294475 0.022702680525526989 -0.011091164304720553 0.023299499258467221 0.031462751367567064 0.020544238444798094 0.017331519489898362 0.039449556329882937 0.0054240602305091912 0.0092016913142941529 0.00023996295160069649 -0.015983489609720226 -0.038086432572158005
leaf_weight=8350.4291589260101 14.888700112700461 10.610422343015673 460.7304143756628 14.740517795085905 328.84589441120625 8.4192493706941587 10.737069800496103 9.4917442202568036 9.9846786111593264 17.237194046378139 9.4522235393524188 20.731011494994164 177.02426034212112 10.94015498459339 6686.4343008697033 9.2370752692222613 7.9910383969545355 51.181877911090851 191.09359183907509 8.4885237365961057 7.4526540935039511 10.184102296829222 8.4260551929473859 12.654934585094454 10.13114547729492 17.545544728636742 11.561947941780092 10.31475977599621 1029.3794653862715 8.7406999915838224 10.947558030486109 7.4803982526063946 12.714703023433684 8.7247478067874891 32.463965639472008 16.98481185734272 12.225908502936361 40.715828642249107 620.44923846423626 172.59992253780365 8.5715889334678632 8.1157137751579267 69.85039047896862 23.307381317019463 63.832246989011765 17.638471499085426 39.144890397787094 1581.7624517530203 10.574512183666231 1324.6507576853037 19.601483479142189 266.72133256494999 11.163666918873785 7.9485532939434043 4810.8566235899925 2565.0852547734976 39.286792084574699 225.48694108426571 92.221448197960854 1581.0329186022282 7.4061178267002168 12.19878903031349 19.83707931637764 30.780243456363678 42.985164627432823 17.422295987606049 10.50200694799423 7.162621244788169 12.65106253325939 7.992018148303031 24.050041571259499 41.486328169703484 3652.5968002378941 67.774391114711761 42.986922323703766 11.93061253428459 25.526663661003113 12.660795688629149 11.547786265611647 86.020380198955536 35.167806640267372 69.094484880566597 13.619282677769659 111.33306193351746 456.57004252076149 3774.9903544932604 12.483851581811903 47.361379355192184 680.22248899936676 499.59070838987827 16.435374692082405 11.732301086187361 7.9032881110906592 94.297641918063164 66.545482710003853 11.394572287797926 1529.3535441607237 65.886952906847 10.739516139030455 7.3970035612583143 62.496413484215736 9.0796086490154249 22.962382674217224 7.1619326621294022 9.1111779659986478 9.5724904537200981 9.5959959924221021 11.047738119959829 1999.6891341209412 20.803541943430904 8.1769125908613187 128.63208542764187 18.102413639426231 84.776538997888565 39.162094622850418 9.9225862771272642 8.6713279932737333 15.605281442403792 49.056976586580276 265.65618486702442 7.9400766342878333 68.933741196990013 8316.5776747316122 9.4039875268936139 7.3648940920829764 10.981820985674856
leaf_count=37332 60 43 1930 59 1344 34 43 38 40 69 38 83 709 44 26773 37 32 205 765 34 30 41 34 51 41 71 47 42 4122 35 44 30 51 35 130 68 49 163 2484 691 35 33 280 97 260 72 160 6460 43 5409 80 1089 45 32 19389 10328 158 908 373 6452 31 51 83 129 180 73 44 30 53 32 98 167 14912 273 180 48 104 51 47 351 141 277 57 466 1914 15821 50 191 2743 2014 66 49 33 394 278 46 6412 276 43 31 262 38 96 30 37 39 39 45 8384 84 33 519 73 342 158 40 35 63 198 1072 32 278 33542 38 30 46
internal_value=8.26971e-05 -0.00678676 -0.015489 0.00601469 -0.0118228 -0.00872552 0.00267533 0.0119953 0.0176839 0.0102711 0.00259262 0.00254567 0.00242293 -7.02787e-05 0.00271877 0.00790676 0.00255728 0.00622085 0.00295689 0.029371 -0.00866331 -0.00166465 0.00271718 -0.0134794 -0.0235271 -0.0156905 -0.0149509 -0.0150219 -9.06562e-05 0.00834474 0.000957318 0.0126641 -0.00191084 0.0126425 0.00796952 -0.0081405 0.00222075 -0.00113843 -0.00264571 0.00338419 -0.00541471 0.00898971 0.0103365 -0.0149838 -0.0144073 -0.0160905 -0.0146153 -0.0141993 -0.00461035 -0.0177636 -0.00500957 -0.0145943 -0.0087646 -0.00844722 -0.00927437 -0.0070045 -0.00905482 -0.00722789 -0.0198206 -0.0160356 -0.0230244 -0.0232279 -0.0102255 -0.0232778 -0.0169707 -0.0124956 -0.0177368 0.00111849 -0.0075281 0.0017477 0.00947856 0.00556444 -0.0138912 -1.81069e-05 -0.0124576 0.00243726 -0.00832196 -0.0223438 0.0102845 -0.0180988 0.0146476 0.0102526 -0.0233864 -0.0226821 -0.0227566 -0.0223948 0.0325036 -0.0107411 -0.0105584 -0.0127152 0.0193631 -0.0241915 -0.0193082 -0.0248036 -0.0114387 -0.00884894 -0.0244337 -0.0177897 -0.00462117 -0.0200972 -0.0208935 -0.0109105 -0.0186444 0.00601947 -0.0113699 -0.00693657 -0.0135667 -0.0224303 -0.0246147 0.00943937 0.011699 0.00809599 0.0151181 0.00903607 0.00404703 0.015832 -0.00213746 0.0127032 0.0110304 0.0160476 0.0154703 0.0148851 0.00924427 0.020847 -0.0341871 -0.0194035
internal_weight=54115.4 45764.9 27244.6 18520.3 18328 9209.89 9429.96 82.6695 67.929 45.4605 9347.29 9321.4 9128.58 967.751 8160.83 245.932 7914.9 228.206 6877.53 17.7256 9171.61 131.084 95.5837 35.4998 38.2871 28.156 9118.06 9050.48 1037.37 192.818 71.0904 31.1427 20.1951 121.728 113.255 39.9478 22.963 854.496 641.18 213.316 67.5767 19.6777 102.314 9032.8 5940.68 3092.13 1644.21 1605.07 111.481 1447.91 37.24 5829.2 9040.52 7790.79 4950.78 2840.01 4850.14 2790.57 100.641 1909.88 8916.66 8335.85 32.0359 8303.82 141.116 98.131 70.9112 27.2198 20.0572 35.9687 9090.36 49.4349 3919.32 88.1311 53.4889 79.705 89.3589 25.3157 22.1223 1410.67 112.987 77.8192 8162.7 4356.51 4342.89 3886.32 22.4685 1249.73 1238.57 546.952 25.8876 3806.19 180.479 106.03 74.4488 691.617 3625.71 96.6672 27.9767 580.81 534.209 46.6009 32.042 14.5589 47.899 39.3274 30.2162 20.6202 3529.04 9066.31 719.525 350.716 368.809 335.827 142.533 49.0847 93.4479 193.294 177.689 350.707 342.53 334.59 8346.79 30.2075 17.6797 471.712
internal_count=223466 186134 111709 74425 74338 37111 37760 331 272 182 37429 37325 36552 3875 32677 985 31692 914 27538 71 36956 528 385 143 155 114 37227 36952 4154 773 285 125 81 488 454 160 92 3421 2567 854 275 80 410 36880 24251 12629 6717 6557 454 5912 152 23797 36428 31389 19954 11435 19547 11236 407 7796 37371 34938 134 34804 591 411 297 114 84 144 36665 199 16001 355 224 321 364 102 90 5760 453 312 34213 18258 18201 16287 90 5039 4994 2205 104 15955 754 443 311 2789 15201 405 112 2433 2238 195 134 61 195 160 123 84 14796 36567 2903 1415 1488 1355 575 198 377 780 717 1415 1382 1350 33664 122 72 1976
is_linear=0
shrinkage=0.03


Tree=16
num_leaves=127
num_cat=0
split_feature=0 18 18 18 18 1 5 36 22 23 22 4 4 19 23 5 33 35 35 20 23 43 19 27 29 5 23 1 29 27 7 1 2 36 36 3 2 31 22 19 3 17 28 2 30 28 38 36 22 22 11 22 6 22 4 22 23 25 27 22 36 20 40 27 23 36 36 8 39 41 18 7 19 28 4 17 32 3 3 1 25 23 2 27 27 36 30 30 6 19 31 39 33 20 1 1 35 23 23 39 22 32 11 40 40 38 23 27 29 28 23 30 27 6 18 22 32 8 41 40 28 11 18 5 36 4
split_gain=14797.7 5345.09 797.893 224.444 186.894 8.84504 8.38599 13.364 8.11845 12.533 7.70982 7.08067 10.792 10.8821 9.20507 8.3769 8.05303 7.92488 8.21434 7.78383 13.1541 9.37352 7.51029 7.24439 7.16518 6.84282 6.82422 6.78816 7.13275 8.83433 7.28756 6.47806 9.19537 8.05656 7.04321 7.0193 12.3859 12.4337 12.5912 9.72213 7.325 6.45262 6.89501 10.8031 9.87967 9.03432 7.82485 6.97513 6.58036 6.50317 6.02412 11.668 10.7886 9.8538 12.0637 7.58499 13.2786 7.02263 6.84784 6.49013 6.47708 6.05699 6.16479 5.98011 5.85905 5.53962 5.53796 7.75766 7.48657 6.67704 5.71713 11.6581 5.98162 5.51736 6.53898 5.72309 6.95223 6.45227 6.85048 5.53726 6.88753 7.50057 9.36137 6.00202 8.73308 5.48318 5.39562 9.8411 5.38261 5.34432 6.99242 5.33929 5.29764 7.47813 6.59538 8.28942 7.76214 8.80888 10.1119 7.43612 7.93627 7.15088 7.10469 11.2917 7.21552 5.99105 5.8088 11.2857 10.3843 6.37645 6.60683 6.34488 5.52103 5.29659 5.25911 5.21469 9.08224 11.6146 7.04222 7.772 6.74126 6.04219 5.90842 11.9624 6.14773 5.40037
threshold=1.5000000000000002 0.55400000000000016 0.79750000000000021 0.31700000000000006 0.63400000000000012 2.3850000000000002 0.055000000000000007 -0.10499999999999994 35.050000000000004 45.350000000000001 45.100000000000001 50.45000000000001 49.550000000000004 65.52500000000002 53.750000000000007 0.10500000000000002 5.2500000000000009 -0.32999999999999979 -0.19833333333333297 3.6250000000000004 49.650000000000013 0.055635497564816859 74.325000000000031 18.050000000000004 15.250000000000002 0.14500000000000005 47.250000000000007 7.9850000000000012 8.5500000000000025 13.250000000000002 1.5000000000000002 2.6950000000000007 25.950000000000003 0.0049999999999999515 0.057499999999999961 28.050000000000004 17.150000000000002 5.7500000000000009 35.350000000000001 49.875000000000014 26.050000000000004 15.845000000000001 32.350000000000001 62.550000000000004 4.245000000000001 31.250000000000004 4.2500000000000009 -0.004166666666666599 31.350000000000005 32.250000000000007 2.5000000000000004 33.95000000000001 6.5650000000000004 34.550000000000004 34.45000000000001 33.95000000000001 54.550000000000004 6.7645000000000008 9.8000000000000025 40.050000000000004 0.047499999999999952 3.3750000000000004 2901.1363636363644 17.350000000000005 49.650000000000013 -0.084166666666666584 0.049999999999999954 6.5000000000000009 2.7500000000000004 0.038280287303367008 0.47250000000000003 5.5000000000000009 81.02500000000002 28.650000000000002 42.850000000000001 4.955000000000001 4.7500000000000009 65.65000000000002 70.15000000000002 2.6450000000000005 6.7535000000000007 47.050000000000004 16.250000000000004 17.950000000000003 15.750000000000002 -0.039999999999999945 4.245000000000001 4.2350000000000012 6.8350000000000009 67.625000000000014 1.2500000000000002 2.2500000000000004 5.2500000000000009 3.9150000000000005 6.1950000000000012 6.495000000000001 0.21500000000000008 58.250000000000007 57.350000000000001 1.7500000000000002 23.850000000000005 2.2500000000000004 1.0000000180025095e-35 1983.7100737100743 1950.4237288135596 2.7500000000000004 45.050000000000004 11.350000000000003 15.250000000000002 40.95000000000001 53.750000000000007 3.0750000000000006 13.450000000000001 6.6150000000000011 0.58600000000000008 35.150000000000013 3.7500000000000004 8.5000000000000018 0.039124531101710609 2720.606060606061 36.350000000000001 1.5000000000000002 0.74250000000000005 0.065000000000000016 -0.079166666666666594 53.95000000000001
decision_type=2 2 2 2 2 2 2 2 2 2 2 2 2 2 2 2 2 2 2 2 2 2 2 2 2 2 2 2 2 2 2 2 2 2 2 2 2 2 2 2 2 2 2 2 2 2 2 2 2 2 2 2 2 2 2 2 2 2 2 2 2 2 2 2 2 2 2 2 2 2 2 2 2 2 2 2 2 2 2 2 2 2 2 2 2 2 2 2 2 2 2 2 2 2 2 2 2 2 2 2 2 2 2 2 2 2 2 2 2 2 2 2 2 2 2 2 2 2 2 2 2 2 2 2 2 2
left_child=-1 3 4 11 5 91 7 -5 9 -9 31 12 92 14 26 22 17 -17 -19 20 -20 -21 24 25 -13 -18 -14 50 29 -29 -30 32 34 -34 -8 36 40 38 -38 -39 -33 65 45 -44 48 47 64 -43 -45 -47 51 61 55 54 -53 -52 -57 58 -54 -59 -55 62 -7 -63 -46 86 70 69 -69 -68 72 -72 -37 74 75 76 -4 -77 -79 80 81 83 -83 84 -75 -84 87 -6 -78 -76 -91 -3 93 106 96 101 99 98 -98 112 -101 -96 103 -97 -104 -95 107 -2 -109 111 -111 -108 -94 -31 -115 122 117 120 119 -118 -117 -120 -67 124 -124 -125
right_child=1 2 73 6 41 27 10 8 -10 -11 -12 15 13 -15 -16 16 23 18 19 21 -22 -23 -24 -25 -26 -27 -28 28 30 113 -32 35 33 -35 -36 66 37 39 -40 -41 -42 42 43 44 46 49 -48 -49 -50 -51 52 53 57 60 -56 56 -58 59 -60 -61 -62 63 -64 -65 -66 115 67 68 -70 -71 71 -73 -74 79 89 77 88 78 -80 -81 -82 82 85 -85 -86 -87 -88 -89 -90 90 -92 -93 94 105 95 102 97 -99 -100 100 -102 -103 104 -105 -106 -107 109 108 -110 110 -112 -113 -114 114 -116 116 118 -119 121 -121 -122 -123 123 125 -126 -127
leaf_value=0.03706867477368038 0.031623525637773868 -0.0068902612236299669 -0.021205619722986808 -0.013638940248191081 -0.021575379042553848 -0.012332069085461384 0.0069259532859285407 0.040874115069479203 0.032633991542877654 0.00216677756352176 0.018815762558297578 -0.0056582731941057221 0.023774182903452037 0.035379402707000011 0.039051320611416064 0.016404473528468484 0.0042794528973700554 -0.02597441564374953 -0.015290499368636742 0.04090103923447861 0.01038423808927927 0.00073510185608151063 0.012719497698509838 0.013051282290602052 -0.040035232207446356 -0.0279683679495112 -0.0062852435209119518 0.033748345636130196 0.0081583037358720287 -0.022534110966988277 -0.021723874512740424 0.010739117895045893 0.041930687762830522 0.0062533062842816678 -0.019887746832656667 0.0027067103327924505 0.0088783028051103545 -0.015893223763550859 -0.013247522040340574 0.0021094547303339493 -0.017663734012382352 -0.021686968946903494 -0.026255261996658705 -0.013998546291540168 0.01273886682873852 0.036024942924300009 -0.036316835037266876 0.0026394749912154532 0.015166756607100889 0.00091203499970749467 -0.021440320588413154 0.005580823893263951 0.018976746355933872 -0.0077805640821079509 -0.0086834552181352248 -0.0010636587313051394 -0.027394362189450974 -0.0015526933202225342 -0.0078806442853475139 -0.026539735021804366 -0.014472902868378094 -0.0093704381348855385 -0.035738522677050265 -0.012662449038479896 -0.019226500146813645 -0.015413976533415315 -0.0072183244607706707 0.024507469131016639 0.0064609037887041242 0.004657084913287919 -0.0014890014409175421 -0.036689474657960006 0.00039999931121554249 0.018202406843569833 -0.016973004893696415 -0.027237414460170643 -0.0069270459998611433 -0.0016784413670561768 -0.026729870829746871 -0.022750938707258885 -0.026698115587795179 -0.037450049158091019 0.011598880222527173 0.024431471262548819 -0.022529518376298414 -0.015282069738429929 -0.029727897712757079 0.011087852611890206 -0.026871924842347829 -0.017916325050317108 0.011980246161025684 -0.030861928216641753 -0.00090107784266680072 0.040851113562369666 -0.019873521693948466 -0.01459870161577527 0.015501783022355279 0.041133326203819813 -0.013685716628963214 -0.019789862449333236 0.0092982629859763386 0.0032424891036007711 0.015817412307890556 0.025722963920968164 0.003345918512786073 0.014091591320941909 0.0078170436687410721 0.0084222368791536106 0.0016095440381553483 0.026973336257856549 0.00019542316149131331 0.0097908039053040529 0.017747438452892988 0.021846260898921128 -0.00065855269863330037 -0.014510629228741771 -0.029162171358904188 -0.030378208057059052 -0.020835242295484807 -0.017453170135558832 -0.0092392771789272226 -0.0053919234481295351 0.026494289018973154 -0.013425873525530612 -0.0028776002263230295 -0.026043058007574917
leaf_weight=8246.2076430916786 15.841953963041304 12.823757693171499 191.56138914823532 14.743341371417044 43.210909530520439 24.774885088205338 158.8543618619442 9.4770058393478376 22.187232837080956 35.715909570455551 25.851821258664131 14.149888351559641 9.8945476561784762 28.456042617559433 8.160906568169592 74.373501941561699 9.4301320165395754 7.6937336921691886 27.063801676034927 11.147894814610483 52.839398428797722 9.9238194823265058 9.1843294054269773 11.41160476207733 8.9531752616167051 15.39283165335655 21.051886945962906 7.4645896255969992 10.189906120300291 8.4093276709318143 25.265981614589691 78.432803928852081 12.452105745673181 10.708875894546507 9.2134798765182477 6627.5431883633137 76.92693817615509 104.14933595061302 32.96710678935051 36.214717596769333 8.9943708628416044 19.358090028166771 37.288065135478973 10.058824181556703 8.5936927795410174 8.3505543917417544 12.299401983618734 23.075283661484718 21.859269455075264 11.051674008369444 87.40037439763546 106.94347761571407 8.4354500323533994 1380.4513409882784 106.21801629662514 59.367687448859215 24.270018696784973 231.32936355471611 4728.64185513556 9.6641564518213254 144.48528911173344 1283.3161734044552 17.588214486837387 820.68909120559692 12.512426987290381 1900.8760601729155 45.634416669607162 33.366681218147278 55.313188880681992 609.0901131182909 125.14395433664322 8.9940603673458082 1195.9260297566652 7.4348852634429994 65.387579947710037 172.37286792695522 66.117379158735275 20.757613271474838 18.81329633295536 8152.2017259001732 43.208675965666771 16.128685832023621 7.8504955172538748 7.200001746416091 12.587522268295286 46.89694344997406 43.373605757951736 10.138058990240095 14.985839977860449 12.599651277065279 15.680031985044478 25.360469624400139 15.601316526532171 11.145144805312155 16.84053847193718 23.288040429353718 339.4375364780426 11.62831364572048 10.901650145649908 8.4160287827253324 741.63958790898323 41.365897998213768 121.63177615404129 8.4190627038478834 64.161703169345856 24.282152473926544 2355.4323741495609 599.23157766461372 304.23283782601357 33.896069943904877 11.119406476616858 3944.881074860692 151.03918713331223 10.689230412244795 69.025987058877945 1291.9094250798225 53.741999879479408 38.22974856197834 32.525159910321236 1266.3796343952417 265.74577565491199 77.496925517916679 8.0211157351732236 3840.8507227301598 30.170031726360321 31.051520049571991
leaf_count=37332 64 52 806 59 179 100 637 38 89 143 104 57 40 115 33 300 38 31 109 45 213 40 37 46 36 62 85 30 41 34 102 314 50 43 37 26533 308 417 132 145 36 79 152 41 35 34 50 94 89 45 354 431 34 5565 428 239 98 932 19063 39 583 5179 71 3312 51 7776 183 134 222 2443 501 36 4788 31 275 726 278 87 79 34344 182 68 33 30 53 197 180 42 63 53 66 103 63 45 68 94 1371 47 44 34 2995 167 491 34 259 98 9507 2419 1228 137 45 15926 610 43 278 5288 220 157 133 5185 1087 317 33 15709 124 127
internal_value=8.11641e-05 -0.00659528 -0.015065 0.00583724 -0.0114854 -0.0084705 0.00256282 0.0121064 0.0177738 0.0103892 0.00247785 0.0091701 0.00931021 0.021268 0.0108976 0.00419328 0.00629868 0.00885961 0.00367173 0.0059689 0.00166102 0.0221484 -0.0100343 -0.00658558 -0.0191602 -0.0156894 0.003323 -0.00841001 -0.00161558 0.00263586 -0.0130949 0.00243173 0.0078979 0.0255969 0.00543615 0.00231583 -0.00192492 -0.00532414 0.00222113 -0.0112396 0.0077831 -0.0145348 -0.0086149 -0.0133806 -0.00597964 -0.000673521 -0.0173718 -0.00844787 0.0059136 0.0162085 -0.00850839 -0.00940276 -0.00783323 -0.00757184 -0.00152075 -0.0152502 -0.00874581 -0.00757779 -0.0078321 -0.00257152 -0.00841654 -0.0108843 -0.0221465 -0.0106558 -0.00614186 -0.0146435 0.0024806 0.00495845 0.013288 0.0038261 0.00224887 -0.00388597 0.0023543 -0.0224486 -0.0195818 -0.0209902 -0.0180792 -0.0247179 -0.0136639 -0.0226481 -0.0166919 -0.0122466 -0.0173827 0.00108552 -0.00731477 -0.011386 -0.0218266 -0.0153311 -0.0106594 -0.0122644 -0.00130313 -0.0228895 0.00921855 0.00887839 0.0108145 0.00658968 0.0117237 0.0154537 0.0145856 0.0102477 0.00896728 -0.00344242 0.00928167 -0.00379788 0.0115227 0.0226434 0.00881074 0.00657456 0.00613022 0.00913437 0.0204072 0.00905327 0.015993 -1.7783e-05 0.00236398 -0.0145644 -0.0155809 -0.0140174 -0.0173235 -0.0179332 -0.0136129 -0.00998573 -0.0140346 -0.0133632 0.00330515 -0.0135281
internal_weight=53930.4 45684.2 27172.8 18511.5 18301 9202.8 9337.9 82.1235 67.3801 45.1929 9255.78 9173.56 8922 67.5634 39.1073 251.564 219.277 183.042 108.669 100.975 79.9032 21.0717 32.2874 36.2346 23.1031 24.823 30.9464 9164.62 131.045 95.5891 35.4559 9229.93 191.229 23.161 168.068 9038.7 337.685 250.258 109.894 140.364 87.4272 9098.17 164.447 102.612 65.3236 61.8356 33.4055 42.4334 31.9181 19.4022 9033.58 3884.47 5149.11 1738.1 213.161 171.038 83.6377 4978.07 4737.08 240.994 1524.94 2146.37 42.3631 2104.01 21.1061 8933.72 8701.01 743.404 88.6799 654.725 7957.61 134.138 7823.47 8871.78 578.276 484.608 272.665 211.944 39.5709 8293.51 141.307 98.0985 70.8761 27.2224 20.0224 54.7474 96.7226 53.349 81.1032 93.6673 28.2797 38.1842 8854.43 7300.06 1554.37 275.707 1278.66 361.968 350.339 916.696 750.056 58.2064 217.501 31.7071 185.793 35.4273 7264.64 919.306 903.464 6345.33 45.0155 6300.31 166.641 88.1245 79.7152 8837 3026.03 1595.88 1430.14 1320.12 1557.66 110.022 5810.97 3910.09 38.1911 3871.9
internal_count=223466 186134 111709 74425 74338 37111 37392 329 270 181 37063 37033 36019 273 158 1014 884 738 438 407 322 85 130 146 93 100 125 36956 528 385 143 36959 767 93 674 36192 1352 1002 440 562 350 37227 670 418 266 252 136 173 130 79 36428 15669 20759 7007 859 691 337 20068 19097 971 6148 8662 171 8491 86 36557 34840 2982 356 2626 31858 537 31321 37371 2433 2039 1147 892 166 34938 594 412 298 114 84 230 401 221 341 394 119 155 35746 29469 6277 1113 5164 1462 1415 3702 3029 235 878 128 750 143 29326 3711 3647 25615 182 25433 673 355 321 36156 12387 6532 5855 5405 6375 450 23769 15993 157 15836
is_linear=0
shrinkage=0.03


Tree=17
num_leaves=127
num_cat=0
split_feature=0 18 18 18 18 1 22 35 2 40 40 22 43 19 22 2 3 31 38 2 21 43 3 26 30 4 10 23 23 4 4 19 23 10 5 23 21 39 4 1 29 27 7 33 27 5 35 20 20 43 10 19 19 35 18 1 2 32 1 4 11 43 16 21 29 34 19 21 22 26 4 10 32 40 2 40 5 23 22 11 4 43 33 22 27 4 19 4 22 17 4 1 32 8 5 38 40 19 18 2 39 32 8 7 33 3 20 27 11 43 22 26 21 22 3 11 22 26 23 27 20 5 38 10 1 35
split_gain=14086.4 5043.73 761.517 211.668 177.101 8.37265 7.72122 9.0515 7.6706 8.99701 7.0581 6.77405 6.68833 9.19047 8.80052 7.38245 9.82098 8.49005 9.07989 8.03015 13.4217 8.34225 7.93263 7.31734 7.16179 8.63415 10.6249 7.03547 6.68127 6.6313 10.1845 9.47699 8.42075 8.41028 7.89531 6.64728 6.62158 9.50595 6.44166 6.39658 6.72031 8.31038 6.87775 6.28378 7.04331 8.69118 6.94488 8.27384 13.0795 8.59244 6.24337 6.22536 6.90776 6.20716 7.46303 6.18401 10.7351 7.48699 10.8931 7.08489 6.1638 6.09747 6.05677 8.21268 6.66206 6.35821 8.3352 6.05472 6.01503 5.97649 8.28362 6.94487 7.23028 6.38393 6.35796 6.02618 5.9608 5.91399 9.2816 12.0086 9.34157 7.66038 9.4953 7.1308 5.81174 5.78139 7.58885 5.76716 5.70763 11.1717 8.5445 9.31353 7.53478 11.5406 7.79147 7.3562 6.2652 6.32264 5.82987 5.77637 5.58196 9.28581 6.52515 5.31273 5.26215 7.49811 7.0477 6.97876 13.3742 7.62496 6.90665 12.4626 10.7813 7.1674 7.02495 6.47261 6.21183 6.01411 8.5205 6.14398 15.5298 5.85681 5.68709 5.18329 5.17679 6.81488
threshold=1.5000000000000002 0.55400000000000016 0.79750000000000021 0.31500000000000006 0.63400000000000012 2.3850000000000002 36.95000000000001 -0.18666666666666601 38.750000000000007 1718.8089622641512 3230.9018567639264 45.100000000000001 0.059697685044166907 75.975000000000009 32.850000000000001 17.150000000000002 27.150000000000002 5.7500000000000009 3.7500000000000004 32.95000000000001 20.450000000000003 0.058618668391478307 26.650000000000002 3.4150000000000005 3.3450000000000002 35.250000000000007 8.5000000000000018 47.250000000000007 49.350000000000001 50.45000000000001 49.550000000000004 65.52500000000002 53.750000000000007 2.5000000000000004 0.10500000000000002 47.95000000000001 19.150000000000002 2.2500000000000004 18.150000000000002 7.9850000000000012 8.5500000000000025 13.250000000000002 1.5000000000000002 5.2500000000000009 18.050000000000004 0.14500000000000005 -0.31666666666666704 3.6250000000000004 3.3950000000000005 0.055635497564816859 5.5000000000000009 98.875000000000014 97.975000000000023 -1.4533333333333331 0.45149999999999996 4.245000000000001 28.350000000000005 1.7500000000000002 2.7450000000000006 22.250000000000004 2.5000000000000004 0.027262256831506706 1.5000000000000002 22.250000000000004 12.800000000000002 2.7500000000000004 81.675000000000026 17.050000000000004 30.950000000000003 3.3550000000000004 24.050000000000004 8.5000000000000018 2.2500000000000004 2067.0542635658917 61.550000000000004 2421.8695652173915 0.17500000000000002 54.750000000000007 34.050000000000004 2.5000000000000004 55.750000000000007 0.029044604250774455 5.7500000000000009 39.350000000000001 17.750000000000004 43.350000000000001 64.325000000000031 36.050000000000004 35.150000000000013 15.490000000000002 32.350000000000001 7.9850000000000012 3.7500000000000004 8.5000000000000018 0.055000000000000007 1.2500000000000002 2397.6467331118502 63.625000000000014 0.74250000000000005 34.050000000000004 2.2500000000000004 3.7500000000000004 3.5000000000000004 2.5000000000000004 5.2500000000000009 68.050000000000011 3.9150000000000005 18.350000000000005 1.0000000180025095e-35 0.057395174226895961 34.150000000000013 3.6950000000000007 20.750000000000004 22.750000000000004 51.95000000000001 5.5000000000000009 34.050000000000004 3.2050000000000005 46.750000000000007 21.750000000000004 3.3950000000000005 0.16500000000000004 2.7500000000000004 7.5000000000000009 2.6450000000000005 -1.3016666666666661
decision_type=2 2 2 2 2 2 2 2 2 2 2 2 2 2 2 2 2 2 2 2 2 2 2 2 2 2 2 2 2 2 2 2 2 2 2 2 2 2 2 2 2 2 2 2 2 2 2 2 2 2 2 2 2 2 2 2 2 2 2 2 2 2 2 2 2 2 2 2 2 2 2 2 2 2 2 2 2 2 2 2 2 2 2 2 2 2 2 2 2 2 2 2 2 2 2 2 2 2 2 2 2 2 2 2 2 2 2 2 2 2 2 2 2 2 2 2 2 2 2 2 2 2 2 2 2 2
left_child=-1 3 4 29 5 36 10 8 11 -10 12 55 15 23 27 24 17 22 -19 20 -18 -21 -17 67 53 26 -26 -15 -11 30 104 32 35 84 -35 -32 37 -3 -9 77 41 -41 -42 46 45 -45 100 48 -48 -49 -33 52 88 54 -5 57 -57 58 -8 -59 61 -53 69 64 -64 66 -65 -14 -27 71 75 72 -40 -73 -72 -71 -58 78 79 -7 -81 82 -80 -83 -31 86 -30 -62 89 98 91 -91 93 94 -90 -92 97 -94 -6 -100 101 -36 -102 -89 106 110 117 108 -107 -109 113 112 -112 -106 -113 -110 -115 118 -2 -119 -121 -120 -108 -124 125 -4
right_child=1 2 124 6 51 39 7 38 9 28 -12 -13 13 14 -16 16 19 18 -20 21 -22 -23 -24 -25 25 68 -28 -29 85 33 31 50 -34 34 43 -37 -38 -39 62 40 42 -43 -44 44 -46 -47 47 49 -50 -51 -52 60 -54 -55 -56 56 76 59 -60 -61 87 -63 63 65 -66 -67 -68 -69 -70 70 74 73 -74 -75 -76 -77 -78 -79 81 80 -82 83 -84 -85 -86 -87 -88 103 92 90 95 -93 96 -95 -96 -97 -98 -99 99 -101 102 -103 -104 -105 105 107 122 109 115 -111 111 114 -114 116 -116 -117 -118 119 121 120 -122 -123 123 -125 -126 -127
leaf_value=0.036432557842700657 -0.006338750087274146 0.0098534823727186027 -0.017802108632427337 0.02529008869808709 -0.015163155517958743 -0.010438269065795938 0.025604400527359586 0.021369665975845099 0.025399038419228769 -0.032302268577188945 0.02631480922916421 0.026911603759146797 -0.012801476519358179 0.013627202756946233 0.028569652543209978 0.008009251299171247 0.0043623650685381899 -0.0017621330494492645 -0.019271952121894316 0.0015031390855981866 -0.0059854907019279398 0.023862092555530214 -0.023850237074451674 -0.0042270643216908519 -0.012922536387006441 3.432109249423372e-05 0.022901487989557462 -0.023010863825438085 0.0059195892389331591 -0.021999985733102231 0.021939130510353948 0.018333375271817429 0.038061144015437864 -0.0083336701238904218 0.02923229395813471 -0.0068500799761654681 -0.043151366716834914 -0.026966995763378299 -0.027900699454955113 0.032717143051231704 0.0079118022809465706 -1.7419708052819206e-05 -0.021118788654714029 0.010054307504428697 0.017401351408744849 -0.028213094097790634 0.021408240567080496 0.039995033856557428 -0.0071252979040860994 0.00095194962955581915 0.047272529550477276 -0.035692769021030482 -0.033034700488775347 0.034477993565702005 -0.0068111898546245183 0.036087817542305882 0.0025234308123888187 -0.011923584415048786 -0.00932656436165041 0.003886010158789522 0.012082730883811585 -0.0055911007640493376 0.01126408640565376 0.022778443129123728 0.031455598315196676 -0.020206301147623087 -0.017303107706596786 -0.044707080903777292 0.025196954975788628 -0.001232191796302588 0.0072491056315698481 0.028049899345071964 -0.0025811594947478885 -0.0071714437783777481 -0.0043698560207816742 -0.02818382943382455 0.015533882393738848 -0.01018274001937486 -0.016559052506612312 -0.0073300167518975676 -0.033122621794900199 -0.0057454454959104733 0.0022580307519945147 -0.011484971732809955 0.0050541028223810066 -0.02088334015336998 -0.0099789909084958325 0.0044093919715159653 -0.030764609300255357 0.017079671541524739 0.0067432212101597123 -0.015855805825890558 -0.017621263031013613 -0.030014231541050297 -0.013162704807444461 -0.01537033060475638 -0.017127490791949005 0.0070732604411587853 -0.011612731625102669 -0.014015205559821841 0.036654475941572125 -0.011531772892714271 0.013578728278508263 -0.028847786441901474 -0.014017338556460712 -0.024487009659953436 0.039807941650746734 -0.023941053595247539 0.0077148630306351079 0.011270632562008533 0.005583320734403336 0.038530510365817186 0.015373323397098508 0.012766596759541058 0.0065798895902204751 0.032866094385913674 0.029146819661673068 0.0086599049952281234 0.041495644830316265 0.017983247943779614 -0.0020255523019395007 0.010742176103606177 0.0034139490675093834 0.032594662574567515 -0.021985096140832626 0.010357406395806503
leaf_weight=8140.0941844582558 7.4069120287895229 9.3733601868152636 139.0928390622139 13.96592837572098 1900.9305800944567 2130.577353656292 8.7178979068994504 24.706938117742538 8.4816468209028226 8.2397340983152372 10.720444113016127 10.668617174029349 17.973946914076809 9.9853648096323067 12.985428020358084 53.189140781760216 1993.5828527063131 55.674478590488434 51.441751271486282 4997.624620243907 119.37280106544495 14.973603934049605 7.9902074933052054 81.387080788612366 33.203628048300743 14.478248506784437 9.4826929718255979 8.7377825975418073 54.398202508687973 17.370423302054409 11.353245243430139 12.819070219993593 8.1251559108495695 29.320692971348763 8.4167639166116732 19.3328917324543 10.047268018126486 18.652560546994209 13.483140185475348 7.4718961864709845 10.195195898413656 88.116766735911369 25.213849022984505 8.6821344196796471 9.6622156947851163 13.435893326997755 19.815496936440468 11.106069684028627 52.63296303153038 9.4254662245511991 15.034784793853758 9.2753484249115008 17.564705803990364 15.710236310958861 11.977854177355765 11.227749720215796 124.30913999676704 26.950592219829559 88.865254089236259 438.53996159136295 23.330689877271652 17.674532383680344 144.517742395401 11.980585321784025 16.447539195418358 12.226693183183668 7.4842178970575324 7.7425321936607352 21.212604060769081 37.936110585927963 588.71909521520138 10.230569183826448 40.924739494919777 8.2378021180629712 45.444071054458618 9.241334065794943 42.650156363844872 1247.4772483557463 127.91871123015881 2799.2238168269396 12.637435242533682 2466.8791242390871 29.54739610850811 212.22509498894215 11.911551132798193 16.718258872628212 53.408362209796906 9.3211205750703829 23.056516543030739 26.494009435176849 17.639686539769173 10.761296927928923 17.566289842128754 38.75839926302433 1575.2307519316673 56.346432209014893 1403.1176527440548 19.592027753591537 1446.4457191973925 2456.9799512326717 20.523452132940292 12.136081501841543 24.765022814273834 7.8251463323831549 8.6693522036075574 10.158100128173826 11.097420588135718 15.596139699220659 48.747914373874664 8.4087438434362394 457.6829155087471 19.051737904548649 130.38932007551193 796.81322583556175 9.4054120779037458 11.376278355717657 21.519987627863884 6970.1055233329535 15.27522347867489 46.763008385896683 136.4704357534647 9.1213050931692106 15.838663414120676 8.4109369814395887 8678.953275308013 8.058341905474661
leaf_count=37332 30 38 587 56 7796 8607 35 99 34 33 43 43 72 40 52 213 7984 223 206 20012 478 60 32 326 133 58 38 35 218 70 46 52 33 118 34 78 41 76 54 30 41 355 102 35 39 54 80 45 212 38 61 38 72 63 48 45 498 108 356 1757 95 72 579 48 66 49 30 31 85 152 2359 41 164 33 182 37 171 5039 516 11296 51 9944 119 856 48 67 214 38 97 108 72 44 72 160 6460 230 5760 80 5929 10072 83 49 100 32 35 41 45 63 197 34 1850 77 527 3222 38 46 87 28162 62 189 550 37 64 34 36750 34
internal_value=7.97064e-05 -0.00640943 -0.0146534 0.00566512 -0.0111581 -0.00822311 0.00251692 0.00424671 0.00206394 -0.00434395 0.00209019 0.00327004 0.00205526 -0.00446343 0.0096803 0.00217757 0.00205579 -0.00510251 -0.0101952 0.00222513 0.00377679 0.0015707 0.0037917 -0.00866987 0.00955766 0.00418088 -0.00489431 -0.0034229 -0.00627305 0.0089359 0.00907234 0.0207672 0.011082 0.00409649 0.00611262 0.00378928 -0.0222728 -0.0146077 0.00625138 -0.00816429 -0.00156715 0.00255719 -0.0127191 0.008346 -0.00378653 -0.0131466 0.010784 0.00547242 0.000677033 0.0222356 0.0341209 -0.0141308 -0.0141989 0.0196046 0.0104426 0.00292417 0.00779534 0.00137889 -0.00616752 0.00296509 -0.00500521 -0.0161003 0.00585309 0.010606 0.0133548 -0.00330687 0.00728075 -0.0226015 0.0150601 0.00463579 0.00551002 -0.00351338 -0.00892294 0.0123047 0.00641357 -0.00659178 0.00586327 -0.00825984 -0.00795116 -0.00873733 -0.00744764 -0.00658056 -0.0130194 -0.00620107 -0.0109639 -0.00451414 -0.00194476 0.0023665 -0.0141616 -0.0136128 -0.00417163 0.00750904 -0.0152155 -0.0138151 -0.0134195 -0.0100758 -0.0168051 -0.00457658 -0.0137934 -0.0131257 0.0182426 0.00514994 0.0241268 -0.0107607 0.00898291 0.0105819 0.00864202 0.00236221 0.00714448 -0.0115488 0.0111175 0.00870373 0.00775879 0.0129139 0.028083 0.0125454 0.0132027 0.00857569 0.0216114 0.00851722 0.00307974 0.0301496 0.0220208 0.0136891 -0.0218897 -0.0162439
internal_weight=53742 45601.9 27099.6 18502.3 18273.5 9195.56 9428.17 1864.76 893.176 141.246 7563.41 751.929 7552.69 138.812 31.7086 7413.88 7293.85 168.296 107.116 7125.55 2112.96 5012.6 61.1793 107.104 120.031 78.3772 42.6863 18.7231 132.765 9074.18 8824.97 66.6651 38.8113 249.204 219.922 30.6861 38.0732 28.0259 971.581 9157.48 130.998 95.5887 35.409 190.602 31.7802 22.118 158.821 92.98 72.4485 20.5315 27.8539 9077.91 9010.48 41.654 25.9438 741.261 178.187 563.074 97.5832 465.491 67.4268 26.9499 946.874 192.657 160.965 31.6915 19.4648 25.7165 35.6909 754.217 681.341 72.8763 54.4079 18.4684 634.163 47.1774 166.959 9026.49 7779.01 4942.44 2811.86 2836.57 157.466 2679.1 29.282 124.525 107.807 40.477 8992.92 5915.6 111.241 37.2553 3077.32 1637.05 1598.29 73.9861 1440.28 37.1583 5804.36 3903.43 65.8413 20.5528 45.2885 17.1463 8758.31 1537.82 7220.49 94.2872 70.2823 24.0049 1443.53 616.529 588.072 827.003 28.4571 60.1242 818.333 7185.14 31.8034 7153.34 183.233 24.3965 35.347 24.2496 8826.1 147.151
internal_count=223466 186134 111709 74425 74338 37111 37760 7472 3579 566 30288 3013 30245 556 127 29689 29208 674 429 28534 8462 20072 245 429 481 314 171 75 532 36665 35660 270 157 1005 887 124 155 114 3893 36956 528 385 143 769 128 89 641 375 292 83 113 37227 36952 167 104 2970 714 2256 391 1865 275 110 3794 772 645 127 78 103 143 3022 2730 292 218 74 2541 189 669 36428 31389 19954 11347 11435 635 10800 118 499 432 165 36880 24251 454 152 12629 6717 6557 302 5912 152 23797 16001 266 83 183 70 35390 6217 29173 381 284 97 5836 2492 2377 3344 115 243 3309 29030 129 28901 739 99 143 98 37371 621
is_linear=0
shrinkage=0.03


Tree=18
num_leaves=127
num_cat=0
split_feature=0 18 18 18 18 1 22 35 2 40 9 28 40 40 24 21 11 1 2 39 4 9 9 40 3 21 6 37 25 19 2 24 35 40 2 1 22 21 39 4 4 19 9 23 35 1 36 37 18 37 33 4 9 28 32 18 7 40 4 4 29 26 1 29 27 7 10 19 19 11 25 22 22 10 36 22 17 32 8 4 6 40 23 22 6 11 6 21 22 28 4 7 4 28 4 26 35 6 37 24 1 25 23 2 27 27 36 36 21 21 3 3 20 28 22 3 2 20 23 4 9 27 19 34 26 7
split_gain=13413.8 4759.6 726.939 199.575 167.844 7.93339 7.26903 8.51883 7.22035 8.47777 7.90723 8.61808 6.65546 6.45388 7.57216 6.6859 7.03461 6.42491 13.7357 9.22942 8.40047 9.32004 7.33865 6.4158 6.41433 6.31619 8.30684 9.29473 11.2582 10.9081 7.13562 10.5 8.83359 8.22669 13.4596 11.3223 7.99487 6.3104 8.9893 6.24443 9.6469 8.99394 8.85895 7.98433 6.83002 7.47224 7.4038 6.77021 6.69167 6.51338 12.0236 6.07107 9.45208 6.43774 7.91794 7.44702 10.9536 6.94367 6.88366 6.36113 9.86518 7.81716 6.02778 6.33261 7.82233 6.49226 5.95351 5.88351 6.56786 5.81964 7.06946 5.81375 8.34006 5.60151 5.59313 5.59328 10.3625 7.75515 10.9453 7.37674 6.20413 5.95336 5.58028 8.75596 11.5257 13.2904 8.23714 9.52091 6.72177 6.31225 5.44872 6.12311 5.42669 5.30999 6.26912 6.24052 10.7999 7.70176 5.71803 6.08564 5.42254 6.40021 7.03935 9.09466 5.65766 8.2717 5.11039 5.10894 5.10153 5.10093 6.60961 9.46524 11.7046 5.85038 6.75773 7.2169 6.77557 5.37504 7.04862 5.48663 5.34764 5.60508 5.09341 8.3194 5.1433 5.03055
threshold=1.5000000000000002 0.55400000000000016 0.79750000000000021 0.31500000000000006 0.63400000000000012 2.3850000000000002 36.95000000000001 -0.18666666666666601 38.750000000000007 1718.8089622641512 9.7500000000000018 36.750000000000007 3230.9018567639264 2451.1416709911787 0.14850000000000002 21.250000000000004 2.5000000000000004 4.245000000000001 28.350000000000005 1.2500000000000002 33.45000000000001 12.250000000000002 29.550000000000004 2175.3787878787884 79.250000000000014 19.250000000000004 6.995000000000001 0.11333333333333366 6.7525000000000004 83.77500000000002 32.95000000000001 0.14950000000000002 -0.70333333333333237 2125.2450980392164 55.550000000000004 5.995000000000001 32.150000000000013 19.150000000000002 2.2500000000000004 50.45000000000001 49.550000000000004 65.52500000000002 27.550000000000004 53.750000000000007 -0.34166666666666651 4.7950000000000008 -0.039999999999999945 0.06000000000000006 0.30300000000000005 -0.033333333333332743 4.7500000000000009 18.150000000000002 22.650000000000002 35.550000000000004 2.2500000000000004 0.44849999999999995 2.5000000000000004 1729.2857142857147 21.050000000000004 44.650000000000013 12.050000000000002 3.7150000000000003 7.9850000000000012 8.5500000000000025 13.250000000000002 1.5000000000000002 5.5000000000000009 98.875000000000014 97.975000000000023 2.5000000000000004 6.7485000000000008 30.550000000000004 34.850000000000001 6.5000000000000009 -0.084166666666666584 35.150000000000013 15.490000000000002 3.7500000000000004 8.5000000000000018 32.350000000000001 6.9750000000000005 2556.6699604743089 54.750000000000007 34.050000000000004 6.5450000000000008 2.5000000000000004 6.5250000000000012 19.050000000000004 39.350000000000001 28.950000000000003 32.550000000000004 3.5000000000000004 36.050000000000004 28.650000000000002 42.850000000000001 3.5750000000000006 -0.58833333333333349 6.8150000000000004 0.2433333333333336 0.14950000000000002 2.6450000000000005 6.7535000000000007 47.050000000000004 16.250000000000004 17.950000000000003 15.750000000000002 -0.039999999999999945 0.10249999999999997 16.250000000000004 12.15 35.95000000000001 33.550000000000004 3.7950000000000004 36.550000000000004 29.150000000000002 29.650000000000002 62.550000000000004 3.6950000000000007 46.750000000000007 32.150000000000013 30.050000000000004 17.650000000000002 67.625000000000014 2.7500000000000004 3.7050000000000005 2.5000000000000004
decision_type=2 2 2 2 2 2 2 2 2 2 2 2 2 2 2 2 2 2 2 2 2 2 2 2 2 2 2 2 2 2 2 2 2 2 2 2 2 2 2 2 2 2 2 2 2 2 2 2 2 2 2 2 2 2 2 2 2 2 2 2 2 2 2 2 2 2 2 2 2 2 2 2 2 2 2 2 2 2 2 2 2 2 2 2 2 2 2 2 2 2 2 2 2 2 2 2 2 2 2 2 2 2 2 2 2 2 2 2 2 2 2 2 2 2 2 2 2 2 2 2 2 2 2 2 2 2
left_child=-1 3 4 39 5 37 12 8 13 -10 -11 73 24 17 15 16 -15 20 -19 -20 21 -8 -22 -13 25 30 27 28 -27 -29 31 36 -33 35 -35 -32 -5 38 -3 40 107 43 44 49 46 48 -41 -48 -46 -42 -51 52 -9 58 55 -55 -57 -56 -53 61 -61 -60 82 64 -64 -65 -43 68 74 70 -69 -44 -73 -12 -6 76 80 78 -77 -78 -76 -79 83 84 89 -86 87 -85 -88 -7 -26 -92 -71 94 95 96 -4 -98 100 -100 101 102 104 -104 105 -95 -105 -2 -67 110 111 -102 -113 114 115 -111 -116 119 -119 -112 -115 -122 124 -124 -96 -94
right_child=1 2 93 6 67 62 7 51 9 10 11 23 -14 14 -16 -17 -18 18 19 -21 22 -23 -24 -25 90 26 -28 29 -30 -31 33 32 -34 34 -36 -37 -38 -39 -40 42 41 66 71 -45 45 -47 47 -49 -50 50 -52 53 -54 54 57 56 -58 -59 59 60 -62 -63 63 65 -66 108 -68 69 -70 92 -72 72 -74 -75 75 77 79 81 -80 -81 -82 -83 -84 86 85 -87 88 -89 -90 -91 91 -93 125 98 122 -97 97 -99 99 -101 109 -103 103 106 -106 -107 -108 -109 -110 113 117 112 -114 120 116 -117 -118 118 -120 -121 121 -123 123 -125 -126 -127
leaf_value=0.035820507812715549 0.0086835203131083224 0.0095504732334283499 0.017830879098381047 0.003902243783699114 -0.02099183543481762 0.0061176585171989406 -0.017734402200029808 0.0058969150341781924 0.024675177185443528 0.020895738079516484 0.0018666097099712441 -0.0073433258547381053 0.025567202308501121 0.023459119621155135 0.015205285109808293 -0.018461469868361221 -0.005984136163383778 0.04127087359658909 0.023918824349379843 0.0017939122742145366 0.0048061461906520383 -0.0012633370692729249 -0.017227128227221861 -0.044660489929053956 -0.025760363746707461 0.0032827211398920989 0.028318055512343395 -0.013086513423695576 -0.0037644583312203017 0.018226607775109226 0.0017438828031348329 0.0039170739644319753 0.0094195004225778971 0.0019275349276474056 0.0081820842716598084 -0.0032652548190324131 -0.0017927158610367634 -0.04214224106003199 -0.026262621334421764 -0.015122867400716587 0.023626318469768925 0.017827752483153183 0.039506166382666227 0.037118870138127862 -0.0046531087789791741 0.0012989426711229794 0.01692058492180696 -0.0038860547242312682 -0.034365262623510966 -0.025518628861408665 0.020336706806015344 -0.011277499158013637 0.044132695797983811 0.0057843287807087763 0.029318650564389592 -0.0016793500637031129 -0.032685074868970911 0.0032990882908809703 0.0093557710031866494 -0.013962320105451819 0.0077447838445483036 -0.0070461402518015208 0.031735493337514964 0.0076731121888766142 -1.6897690737042316e-05 -0.034027520367372908 0.046148036535579098 0.00017266237595829056 -0.03222130502154822 0.011704231775886991 -0.030444161984650324 -0.0060642774387397918 0.028767459679382035 -0.011844491930933289 -0.013431024012018776 -0.012904322314057508 0.0068610350932964709 -0.0096299098880786166 -0.029161626083036699 -0.0095293223732337354 -0.0045963016798841617 -0.016907788659910872 -0.0098875525060619588 0.020468889828962916 -0.010082309744032746 -0.0069029294682151892 -0.0061358915132529871 -0.010290895850606257 -0.011543519147122944 -0.020850146716220059 -0.013215405236435284 0.017330084947485964 0.0042761147317343495 0.018128759435349036 -0.0091651389695387841 -0.020892242062254925 -0.028543744332483204 0.0071771887077009414 0.0078962983324551012 -0.019034950362013563 -0.023358887817742934 -0.025429118592182172 -0.03630419663126689 0.011716004088861882 0.024171715519265446 -0.02157382960524246 -0.01426511358370248 0.022664815486525894 -0.0068144350028417179 -0.03100655005973646 -0.032750561208086809 0.0029017834969246063 -0.03915948159317291 -0.023708756881291496 -0.021657484303375853 -0.017630440876448925 -0.016099774664013185 -0.023427009216983982 -0.003865156201536052 -0.024900154436259501 0.0015928451791718768 -0.020071927753123817 -0.01056838339624017 0.026012349113304779 -0.026636606476436293 -0.028116949468421974
leaf_weight=8032.4409146904945 8726.571103528142 9.3836398273706454 10.367908358573912 492.35240465402603 96.474855422973633 8.4030513763427717 37.935857057571411 15.212009057402613 8.4716283679008466 8.9847363978624326 54.147545725107193 7.7385080754756954 10.706038758158682 13.225619688630106 76.602227240800858 12.968872934579847 15.965620204806326 9.9626409858465177 19.708660095930099 120.00064294040203 264.51579336822033 166.70389175415039 14.220337107777594 9.2387742102146131 13.199456766247748 516.65007168054581 8.9924960583448392 84.18163900077343 336.94939841330051 11.236862584948538 1338.6118642538786 860.1833171993494 379.21330051124096 2136.9697925150394 362.3568407446146 582.8132416009903 403.26178942620754 9.9825870245695096 18.581997871398926 10.438410118222235 9.8858793526887911 12.790432438254358 8.633665591478346 8.0846207141876203 18.371160268783573 101.67812010645866 55.884059086441994 18.613422811031342 10.924746349453924 11.882899075746538 8.8997935354709607 17.720555484294891 9.4731668978929502 24.198512494564056 9.7206057459115964 23.968248382210732 17.981543019413948 160.69295540452003 584.79781073331833 29.954753234982491 50.393876239657402 27.200811386108398 7.4749637693166724 10.200007006525992 88.11665104329586 12.553569257259371 14.942912161350248 12.979762077331545 17.471797108650208 23.365311473608017 13.906011462211607 12.64955708384514 11.854640886187552 52.677635073661804 5655.2297184020281 1562.5974050909281 37.043416455388069 111.09406630694866 38.310420915484428 73.40113839507103 73.113028421998024 1325.2214719355106 1246.2009494751692 21.608845308423042 2084.4624145030975 2753.6273100078106 2572.0612059384584 15.385606974363325 225.84384822845459 91.716507971286774 15.959676131606104 9.2274238020181638 9.326325789093973 7.438253313303 39.821664780378342 443.34193420410156 18.558453112840656 7.5300846248865119 12.098613902926447 19.547719553112984 84.80044062435627 42.306904807686806 15.920184090733526 7.8441345840692511 7.2107475101947776 12.474552258849142 46.325369790196419 23.659490987658501 12.60408779978752 38.752884671092033 132.70395261049271 30.527236476540565 7.2799864262342444 1238.5891161859035 5109.0683380663395 695.5722334086895 209.12355726957321 200.33341687917709 18.32358056306839 219.38821262121201 15.035528302192686 36.413509085774422 20.557576969265941 7.5713495463132849 24.98233899474144 7.7908071875572196
leaf_count=37332 35293 38 44 1972 403 34 152 61 34 36 217 31 43 53 307 52 64 40 79 481 1060 668 57 37 53 2069 36 337 1349 45 5361 3446 1519 8557 1451 2334 1615 41 76 42 40 52 35 33 74 410 226 75 44 48 36 71 38 97 39 96 72 644 2344 120 202 109 30 41 355 51 61 53 72 95 57 51 48 211 23233 6422 151 456 159 300 300 5456 5039 87 8429 11118 10374 62 912 373 64 37 38 31 169 1884 79 32 51 83 361 180 68 33 30 53 196 97 51 165 565 130 31 5274 21756 2961 886 853 78 934 64 155 87 32 106 32
internal_value=7.83443e-05 -0.00622896 -0.0142537 0.00549817 -0.0108403 -0.00798298 0.00244172 0.00412031 0.00200261 -0.00421383 -0.00608537 -0.00807087 0.00202767 0.00317303 0.00959073 -0.000586893 0.007339 0.00196535 0.00739487 0.00494066 0.000279872 -0.00433122 0.00367092 -0.0278812 0.00199376 0.00205648 -0.000217408 -0.000492333 0.000499049 -0.00936803 0.00238899 0.00381376 0.00560246 0.00170049 0.00283522 0.000223623 0.00133643 -0.0216822 -0.0142012 0.00867627 0.00880876 0.0202065 0.00397836 0.0107706 0.00175028 -0.00253759 0.00837518 0.0117036 -0.0158633 0.00367806 -0.00580677 0.00606546 0.0207496 0.00567881 0.00138397 -0.00740947 -0.0150516 0.0048084 0.00710714 0.00758142 -0.000336487 0.00862329 -0.00792577 -0.00152006 0.00248093 -0.0123558 0.0332518 -0.0137387 -0.013805 -0.00486239 -0.0156617 0.0184013 0.0107741 -0.00488533 -0.0137686 -0.0136897 -0.013143 -0.0147397 -0.0132961 -0.00401715 -0.0133186 -0.0163466 -0.00801859 -0.00771863 -0.00848263 -0.00827324 -0.00638702 0.00764252 -0.00657332 -0.0185679 -0.0102163 -0.00194131 0.00229375 -0.0213467 -0.0185219 -0.0199087 -0.00788281 -0.0181881 -0.0215435 -0.00869926 -0.0215929 -0.0156644 -0.0113777 -0.0163954 0.00154613 -0.00665184 -0.0104606 0.00872175 -0.020534 -0.0216954 -0.0241843 -0.0177927 -0.00523971 -0.0214599 -0.0210643 -0.0183425 -0.0214395 -0.0255513 -0.0217971 -0.0278717 -0.0233127 -0.0137207 -0.0113322 -0.000611691 -0.0159543 -0.010458
internal_weight=53550.8 45518.4 27025.3 18493 18245.5 9188.21 9427.25 1864.38 893.069 141.259 132.787 123.802 7562.87 751.81 118.762 42.1601 29.1912 633.048 149.672 139.709 483.376 204.64 278.736 16.9773 7552.16 7513.77 958.01 949.018 853.599 95.4185 6555.76 2135.01 1239.4 4420.75 2499.33 1921.43 895.614 37.9482 27.9656 9065.76 8816.72 66.4865 249.048 38.7532 215.91 130.974 84.9359 74.4975 29.2959 30.6686 20.7827 971.315 24.6852 946.63 236.562 66.1483 41.9498 170.414 710.068 692.347 80.3486 611.999 9150.26 130.949 95.5916 35.3577 27.7333 9057.33 8989.96 67.3682 26.8858 33.1379 24.5042 106.825 8972.49 8876.01 5838.79 3037.22 1600.91 110.445 5728.34 1436.32 9019.31 7773.11 4938.21 4838.09 2834.9 36.9945 2797.91 100.12 38.3866 25.1871 40.4824 8779.81 572.731 479.798 36.4564 26.0885 8207.08 31.6463 8175.43 139.52 97.2132 70.0897 27.1236 19.9128 54.1695 8750.23 25.1577 8035.91 693.357 122.608 37.8072 7342.56 6052.52 734.325 5318.19 570.749 218.657 352.092 1290.04 51.449 92.9329 28.1289 64.804 17.1171
internal_count=223466 186134 111709 74425 74338 37111 37760 7472 3579 566 532 496 30288 3013 476 169 117 2537 600 560 1937 820 1117 68 30245 30091 3836 3800 3418 382 26255 8552 4965 17703 10008 7695 3587 155 114 36665 35660 270 1005 157 871 528 343 301 118 124 84 3893 99 3794 948 265 168 683 2846 2775 322 2453 36956 528 385 143 113 37227 36952 275 110 134 99 428 36880 36477 23984 12493 6581 451 23533 5912 36428 31389 19954 19547 11435 149 11286 407 154 101 165 37371 2433 2039 155 111 34938 134 34804 591 411 297 114 84 229 35390 102 34213 2952 522 161 31261 25768 3126 22642 2430 931 1499 5493 219 394 119 275 70
is_linear=0
shrinkage=0.03


Tree=19
num_leaves=127
num_cat=0
split_feature=0 0 0 0 0 17 5 36 22 23 22 17 2 3 2 31 22 29 3 27 40 27 36 17 43 1 29 27 4 4 19 23 5 37 8 35 40 23 19 29 8 37 33 43 39 21 37 25 29 8 35 35 36 40 37 36 19 43 22 6 26 8 26 22 40 42 1 38 3 2 6 4 22 32 8 37 36 25 35 6 38 25 1 35 36 26 6 29 1 35 33 3 4 42 29 2 3 3 36 5 37 27 29 36 23 3 21 6 21 3 33 26 23 1 1 5 35 23 39 4 27 23 25 21 3 19
split_gain=12777.4 4491.62 692.433 186.783 159.798 7.7827 7.71352 12.4583 7.43184 11.816 6.87861 6.15436 6.7177 6.49435 10.6831 10.8152 11.2623 8.09303 6.34336 5.80662 5.76629 6.09389 5.78715 5.80538 6.39051 5.73894 5.99528 7.35413 5.71929 9.00658 8.91881 7.85689 7.43019 8.29427 8.44643 8.42266 7.73445 8.30459 6.84505 6.8047 6.49303 6.48108 11.8532 5.60254 10.1931 8.45682 7.35437 6.31144 6.236 9.2047 8.72592 9.23641 8.69304 7.58987 7.20822 6.21738 5.7904 5.40459 7.06136 5.3 5.25011 5.4128 5.1943 8.95887 5.39215 8.37371 5.16253 7.14968 8.61081 6.48845 6.31101 9.26378 5.13062 7.88681 10.5816 5.68981 5.37922 9.94157 7.66622 5.00949 5.16375 4.89406 10.3263 6.74554 4.81233 4.7243 4.68408 4.67694 4.58503 6.50069 5.50925 4.88683 6.21766 4.86511 6.4129 4.66107 9.46753 6.91866 4.98832 7.34707 7.35199 6.66287 4.96777 4.89513 5.94896 6.15434 5.79586 6.69131 6.64575 4.56188 4.52454 6.5758 7.81384 6.18546 7.91268 7.33076 7.04446 8.51094 7.18644 6.01337 5.83413 10.3385 5.48626 4.52084 5.17242 4.50441
threshold=1.5000000000000002 3.5000000000000004 5.5000000000000009 2.5000000000000004 4.5000000000000009 7.5850000000000009 0.055000000000000007 -0.10499999999999994 35.050000000000004 45.350000000000001 45.100000000000001 10.490000000000002 25.950000000000003 28.050000000000004 17.150000000000002 5.7500000000000009 35.350000000000001 11.750000000000002 26.050000000000004 19.250000000000004 1695.5996131528047 16.250000000000004 -0.10083333333333329 17.045000000000005 0.028410845639845004 7.9850000000000012 8.5500000000000025 13.250000000000002 50.45000000000001 49.550000000000004 65.52500000000002 53.750000000000007 0.10500000000000002 0.046666666666666357 6.5000000000000009 -0.45499999999999935 1633.6021505376345 45.150000000000013 74.325000000000031 15.250000000000002 3.5000000000000004 -0.033333333333332743 4.7500000000000009 0.029948999930671055 2.7500000000000004 11.450000000000001 0.071666666666666753 6.7695000000000007 8.8500000000000032 8.5000000000000018 -0.20833333333333362 -0.52833333333333299 0.060833333333333302 2236.2669245647971 -0.17666666666666622 0.069999999999999965 92.225000000000023 0.034696957670207702 34.95000000000001 6.4350000000000014 3.5750000000000006 3.5000000000000004 3.3950000000000005 34.750000000000007 2527.8423772609826 2751.8620689655177 2.5050000000000003 3.7500000000000004 29.250000000000004 20.050000000000004 6.8250000000000011 42.150000000000013 35.150000000000013 3.7500000000000004 8.5000000000000018 0.14166666666666708 -0.017499999999999946 6.738500000000001 2.7416666666666671 6.6150000000000011 5.7500000000000009 6.7335000000000003 7.3450000000000006 1.5983333333333343 0.10249999999999997 3.4750000000000005 7.0550000000000006 15.000000000000002 2.6450000000000005 -1.3016666666666661 1.2500000000000002 29.650000000000002 31.050000000000004 4323.4432234432243 4.3500000000000005 62.550000000000004 68.250000000000014 74.950000000000017 0.027499999999999952 0.16500000000000004 0.13666666666666627 15.950000000000001 4.1500000000000012 -0.039999999999999945 46.650000000000013 22.950000000000003 10.850000000000003 6.8950000000000005 19.650000000000002 64.250000000000014 5.2500000000000009 3.2050000000000005 47.350000000000001 6.1950000000000012 6.5250000000000012 0.13500000000000004 0.21500000000000008 58.250000000000007 1.7500000000000002 38.850000000000001 21.750000000000004 51.250000000000007 6.7425000000000006 17.750000000000004 75.750000000000014 69.52500000000002
decision_type=2 2 2 2 2 2 2 2 2 2 2 2 2 2 2 2 2 2 2 2 2 2 2 2 2 2 2 2 2 2 2 2 2 2 2 2 2 2 2 2 2 2 2 2 2 2 2 2 2 2 2 2 2 2 2 2 2 2 2 2 2 2 2 2 2 2 2 2 2 2 2 2 2 2 2 2 2 2 2 2 2 2 2 2 2 2 2 2 2 2 2 2 2 2 2 2 2 2 2 2 2 2 2 2 2 2 2 2 2 2 2 2 2 2 2 2 2 2 2 2 2 2 2 2 2 2
left_child=-1 3 4 28 5 62 7 -5 9 -9 11 12 66 14 18 16 -16 -17 19 -13 21 -6 -22 72 -25 43 27 -27 29 84 31 41 38 34 35 40 -37 -38 39 -30 -34 -31 -43 44 47 46 -46 56 49 52 51 -50 -45 -51 -52 -47 -7 -28 -59 -15 61 -11 63 -3 -64 -66 70 69 -69 -68 71 -8 76 74 -74 -75 77 -24 -78 -29 -81 82 -61 -83 110 -12 88 -42 89 90 -4 92 -92 -93 -95 97 102 103 99 100 -98 -101 -97 104 109 -106 107 -105 -108 -90 111 112 -2 116 115 -115 118 -118 -112 -116 122 -122 -113 124 -100 -10
right_child=1 2 86 6 20 25 10 8 125 60 85 13 -14 59 15 17 -18 -19 -20 -21 22 -23 23 24 -26 26 57 79 32 30 -32 -33 33 -35 -36 36 37 -39 -40 -41 87 42 -44 48 45 55 -48 -49 50 53 54 -53 -54 -55 -56 -57 -58 58 -60 81 -62 -63 64 -65 65 -67 67 68 -70 -71 -72 -73 73 75 -76 -77 78 -79 -80 80 -82 83 -84 -85 -86 -87 -88 -89 95 -91 91 93 -94 94 -96 96 98 -99 123 101 -102 -103 -104 106 105 -107 108 -109 -110 -111 113 120 -114 114 119 -117 117 -119 -120 -121 121 -123 -124 -125 -126 -127
leaf_value=0.035230663607115423 -0.0018225650865820557 0.015610426227242536 -0.030663576034729103 -0.013341185193033967 -0.016426214992936363 -0.0071197255870736817 0.0027767504963870158 0.039607867237004817 0.042167714753757767 -0.0051480978901154951 0.032650551420083565 0.012917650938623668 0.026882226490410249 0.026578817504963381 0.0083921177635501217 0.0021716783416027311 -0.012589486150115774 -0.014205306073770543 -0.015038694165893552 -0.0091621277306172654 -0.027526459491386022 0.015356665218553332 -0.020810476769588332 -0.012875407467348386 0.024342476695968146 0.030799293868822613 0.0027399198038190122 -0.021913089872270725 -0.0051292262096589323 0.022984588116141177 0.032143400010769443 0.036220304812537234 0.02782786636175073 -0.0031304549684477291 0.028077333651663407 0.023364464777153579 0.02085370180250639 -0.0063763551819723489 0.012423199919968587 -0.038368333651275205 0.015451436827053543 -0.025559750375749604 0.019776793770858829 -0.0068068855278512119 -0.035942202650167669 -0.012158357352069349 -0.0014498737059872495 0.021343775536528106 -0.0089955236260849582 0.0070768396642147801 0.0064567857025788922 0.00087422257551196005 -0.011875196426166065 -0.016208268208137994 -0.012871071973323428 0.0057762559770996686 0.016929176313030998 -0.03414877179470531 0.0011426023874978309 0.0046714368002643576 -0.016319102791923307 0.022249489623423511 -0.037620598870467085 -0.026291112691929186 0.0051743719140861207 -0.023092468232148351 0.038933374643891398 -0.0098983547369860311 0.027230851140396955 0.0085141885798769718 0.019000970809662673 -0.025979250618497141 -0.012593803222681306 -0.015550084403166022 -0.028573230083914651 -0.023459211653621342 -0.012443846569727184 -0.013498050011063221 -0.0019574933883975067 -0.00085548062515325202 0.020431490046653573 0.0024375098474167323 0.028369646539926734 -0.00016334740995642386 0.021758700675691394 0.0065007738112483641 0.0013048083410198571 -0.012908652244261014 -0.019894405126092307 0.010474955092706635 -0.032790387190764991 0.0074838219140814745 -0.013113409870550069 -0.022637815192779319 0.0045483127098829923 0.013338354695693323 -0.02076022390535795 -0.047264755343194229 -0.027067873434276732 -0.020550608824445191 0.0003868711896829492 0.0043803480747275324 -0.016764161376632426 -0.026610488369664398 0.00094196943075178902 -0.024354731813633134 -0.020147566629806459 -0.0087060230535366719 -0.022603118616386073 -0.0036873501406945006 0.014982512446782059 0.0065022948587890065 0.030737865612525089 -0.017269714067552254 0.0052011343126902275 0.0040700605569726281 0.013433692879335487 0.039610255387440917 0.0080676047869362808 0.016211033292807903 -0.0027825799765736907 0.011822133519695795 0.0085623188776643728 -0.034780890072174664 -0.0057150883761747148 0.013715624859487604
leaf_weight=7923.5704820752144 9.1246227622032148 10.345351070165636 22.532528787851334 14.743086934089659 9.2888985723257083 305.67776615917683 50.584599673748016 9.4510511755943281 13.42504206299782 12.236547470092775 10.903703823685648 70.632416248321533 15.650229185819624 7.9771668314933768 76.88569600880146 35.46678152680397 32.72175469994545 113.41629204154015 10.491414144635199 12.478572174906729 26.296582862734795 12.744550257921217 187.52178387343884 8.8330148160457629 7.6301966756582251 7.4741556197404853 13.571912005543707 8.3909378051757795 14.663488015532495 9.8602175265550631 28.58813850581646 8.03978782892227 24.620811849832535 64.489027231931686 19.522723913192749 12.393742471933363 11.842557743191717 64.211004287004471 9.1754002124071103 8.9754039347171766 14.809289023280146 12.156484335660936 8.8803350031375867 6598.1157537698746 23.458362609148029 523.27785627543926 7.4150637537240973 7.4320067316293708 371.93410935997963 13.605726405978201 17.778974413871765 110.36611974239349 320.32563573122025 149.74250619113445 541.79707200825214 17.823887079954147 9.1565732359886152 13.801575243473055 7.9244998544454566 243.89048027992249 9.9907039403915388 13.480938404798506 13.751972287893294 8.0819627940654737 12.278508514165877 39.036714151501656 13.458452299237253 17.205729454755787 8.2167505770921689 12.222163394093512 14.432499840855597 12.471501588821409 1583.8720609694719 1350.9734496325254 38.325182750821114 88.380777195096016 3995.232310578227 1654.056244045496 64.132741004228592 68.274078041315079 11.946272149682043 7379.4418159872293 17.699288249015808 1020.5117502212524 24.308885172009468 14.863546654582022 8.4544368237256986 7.9243731349706641 233.63066092133522 8.0496910214424116 21.814897462725639 14.400233462452887 44.588790416717529 22.343750461935997 11.80567556619644 13.139973163604738 176.21956762671471 9.1332320570945722 28.652630224823952 15.286446064710615 15.995724543929098 25.624623998999596 7.7484757751226416 240.06068356335163 8.6206687986850721 862.33693461120129 5588.0420994758606 20.791271045804024 1231.5620740652084 17.052495807409286 166.01187244057655 1479.5081024318933 23.296346992254257 22.517284139990807 149.98745004832745 40.047861650586128 349.58677209913731 11.546467065811155 751.08771778643131 64.000812456011772 115.32926772534847 69.933398649096489 5610.281338557601 29.383148968219757 16.241936251521111 8.4652907252311689
leaf_count=37332 37 42 96 59 38 1236 203 38 54 49 44 283 63 32 308 142 131 454 42 50 112 52 773 36 31 30 55 34 59 40 117 33 100 260 79 50 48 259 37 36 60 49 36 26667 95 2116 30 30 1503 55 72 446 1294 607 2192 72 37 56 32 977 40 54 56 33 50 159 54 69 33 49 58 50 6526 5577 160 365 16447 6816 263 275 48 29555 71 4087 100 60 36 32 1002 34 93 61 190 95 50 56 750 39 122 65 68 109 33 1028 37 3699 23912 89 5274 73 673 5988 95 91 607 162 1417 47 3042 259 465 283 22707 125 69 34
internal_value=7.6962e-05 -0.00605382 -0.0138643 0.00533782 -0.0105462 -0.00777068 0.00233238 0.0115036 0.0170006 0.00996006 0.00225049 0.00220668 0.00835611 0.0021081 -0.00188323 -0.00503085 0.00210892 -0.0102951 0.00678925 0.00957746 -0.0133847 0.00187614 -0.0134222 -0.0133805 0.00432621 -0.007687 -0.00144692 0.00242601 0.00836481 0.00849057 0.0194192 0.00997998 0.00390007 0.00589259 0.00964812 0.006969 0.00147815 -0.00209476 -0.009379 -0.0179214 0.0171683 0.00300871 -0.00634771 -0.00777773 -0.0100377 -0.0124442 -0.0277378 -0.00575924 -0.00752866 -0.00720876 -0.00970072 -0.00673418 -0.00704193 -0.0142565 -0.0122533 -0.0115639 -0.00641038 -0.012009 -0.0212614 0.00227039 0.00198245 0.00918599 -0.0169017 -0.00272876 -0.0208822 -0.0163028 0.0060706 0.0134653 0.00210301 0.0246034 0.00116347 -0.00291911 -0.0134132 -0.0144156 -0.012974 -0.0160384 -0.0128926 -0.0142446 -0.0122786 0 0.00231735 0.00224752 0.00629083 0.00212135 0.00840714 0.0177078 -0.0208332 0.0054869 -0.020855 -0.015509 -0.0170477 -0.0143414 -0.0196398 -0.00703827 -0.0132098 -0.0209457 -0.0173963 -0.0210872 -0.0187244 -0.0165343 -0.0189933 -0.00492594 0.00207382 -0.0210573 -0.0229205 -0.0241025 -0.0207617 -0.025193 -0.0205916 -0.0187998 0.0083701 0.00805593 0.0215504 0.00984512 0.005762 -0.00360152 0.0107268 0.0142855 0.00932246 0.00850708 0.00799529 0.00272575 0.00813274 -0.0255469 -0.0194061 0.0313455
internal_weight=53357.3 45433.7 26953.6 18480.1 18260.1 9232.79 9273.42 81.7927 67.0496 45.1592 9191.62 9165.86 144.242 9021.61 352.093 258.491 109.607 148.883 93.6024 83.111 9027.29 22.0334 9005.25 8978.96 16.4632 9149.29 131.383 96.0854 9206.72 8954.09 67.525 38.9368 252.628 219.814 155.325 135.802 88.4473 76.0536 32.8143 23.6389 47.3545 30.897 21.0368 9017.91 894.242 571.975 30.8734 322.266 8123.67 7081.79 1041.88 482.3 6918.44 163.348 559.576 541.102 314.834 35.298 21.7261 8669.52 35.7082 25.7175 83.4945 18.4273 65.0672 51.3152 128.592 51.1031 25.4225 25.6806 77.4886 63.0561 8962.49 3061.55 1622.2 1439.35 5900.94 1841.58 4059.37 88.6113 80.2204 8661.54 261.59 8399.95 8886.57 25.7673 8693.51 22.7337 8685.06 145.536 137.486 114.953 66.4037 48.5497 34.1494 8539.52 328.293 8211.23 307.404 233.126 192.215 40.9111 20.8884 8202.1 1121.64 870.958 7080.46 260.852 6819.6 250.683 8862.26 7307.47 32.421 1554.79 276.553 62.5651 1278.23 361.133 917.1 213.988 7275.05 185.263 7089.79 74.2777 44.8946 21.8903
internal_count=223466 186134 111723 74411 74518 37322 37143 328 269 181 36815 36711 579 36132 1410 1035 439 596 375 333 37196 90 37106 36994 67 36982 530 387 37268 36248 275 158 1020 888 628 549 357 307 132 95 192 125 85 36452 3616 2313 125 1303 32836 28623 4213 1949 27961 662 2264 2188 1273 143 88 34722 143 103 340 75 265 209 516 205 102 103 311 253 36927 12628 6686 5942 24299 7589 16710 357 323 34690 1048 33642 35973 104 37205 92 37169 619 585 489 283 206 145 36550 1397 35153 1308 992 818 174 89 35114 4811 3736 30303 1117 29186 1075 35873 29575 132 6298 1119 253 5179 1464 3715 866 29443 748 28695 316 191 88
is_linear=0
shrinkage=0.03


Tree=20
num_leaves=127
num_cat=0
split_feature=0 0 18 18 0 43 18 40 37 21 22 23 6 36 36 36 43 8 4 20 37 9 9 7 36 22 19 27 35 27 37 8 19 18 9 38 37 17 3 1 27 20 27 22 19 4 9 19 29 29 35 38 9 29 31 21 9 6 35 18 3 3 22 20 3 3 35 3 43 35 36 5 9 23 35 27 1 22 23 22 35 7 4 4 4 4 35 1 9 9 6 27 9 1 5 6 15 1 27 19 35 30 9 27 43 6 36 23 36 4 40 4 36 3 30 3 27 36 1 8 3 1 8 9 6 29
split_gain=12324.6 4228.33 678.597 162.661 155.205 8.98775 8.91476 9.41486 9.95525 8.27838 13.2508 13.1323 7.19832 6.7766 6.72606 6.55604 6.25756 6.57765 8.35284 10.0561 8.17369 6.71468 6.10621 6.07288 9.70275 8.07994 10.644 7.15138 6.98482 6.98356 6.73322 6.5388 6.04153 10.2693 9.44783 7.89584 8.73873 8.3697 7.85674 6.04002 6.03002 9.4085 6.02836 6.20896 5.9655 5.92129 5.79697 5.79401 5.75716 5.60386 11.0171 11.5963 12.1859 10.6913 10.1622 8.85436 8.4408 7.18836 7.0273 8.42522 6.78118 10.6314 9.68441 6.12715 5.84919 9.1998 7.53672 6.94147 6.58171 5.55929 8.74735 8.54755 11.8295 9.63734 8.71708 7.97394 9.24276 7.86621 6.81316 7.88952 6.82994 6.7428 7.76178 7.92193 6.84504 6.22143 5.47772 8.12645 5.39319 10.3864 5.45405 5.34996 12.6222 5.33823 7.90733 7.13384 5.31067 5.29278 9.55898 10.1811 6.28133 6.19954 8.17628 5.28894 5.17726 6.06003 6.33952 6.18753 6.17029 6.1027 6.33845 5.85678 5.63814 10.2857 8.29291 5.16599 5.12981 5.02002 8.41934 8.81867 7.81722 6.62629 9.1417 5.79722 5.01176 5.00397
threshold=1.5000000000000002 3.5000000000000004 0.79750000000000021 0.41550000000000004 4.5000000000000009 0.029948999930671055 0.62600000000000011 3579.2857142857147 0.078333333333333574 15.750000000000002 35.050000000000004 46.350000000000001 6.8050000000000006 -0.082499999999999934 -0.11249999999999993 -0.065833333333333285 0.03141170036599495 5.5000000000000009 35.250000000000007 3.6350000000000002 -0.066666666666665944 13.450000000000001 31.550000000000004 6.5000000000000009 -0.019166666666666596 29.350000000000005 50.275000000000013 18.050000000000004 -0.79666666666666652 15.350000000000003 -0.0083333333333332482 2.5000000000000004 46.32500000000001 0.31300000000000006 29.250000000000004 2.7500000000000004 0.038333333333333504 12.610000000000001 35.750000000000007 4.3250000000000011 14.950000000000001 3.5950000000000002 10.050000000000002 45.100000000000001 92.925000000000026 46.350000000000001 21.850000000000005 52.175000000000011 5.7500000000000009 8.8500000000000032 -0.18666666666666601 2.7500000000000004 29.850000000000005 8.3000000000000025 3.7500000000000004 12.050000000000002 10.550000000000002 6.5450000000000008 -1.8624999999999998 0.59800000000000009 43.650000000000013 56.850000000000001 36.350000000000001 3.7350000000000008 77.550000000000011 69.450000000000017 1.6325000000000001 82.450000000000017 0.033341884727210509 -0.6775000000000001 -0.040833333333333298 0.14500000000000005 30.450000000000003 53.45000000000001 -0.92166666666666652 10.65 5.7750000000000012 41.250000000000007 47.750000000000007 32.350000000000001 -1.9308333333333334 4.5000000000000009 23.450000000000003 35.250000000000007 20.250000000000004 37.45000000000001 0.25666666666666732 4.3950000000000005 28.450000000000003 25.450000000000003 6.6650000000000009 11.950000000000001 28.650000000000002 3.5850000000000004 0.095000000000000015 6.705000000000001 3.5000000000000004 3.4350000000000005 18.350000000000005 58.675000000000011 1.5383333333333338 3.8650000000000007 9.3500000000000032 12.950000000000001 0.020149371631216901 6.9850000000000012 0.0099999999999999516 48.650000000000013 -0.0058333333333332989 16.350000000000005 4183.9743589743603 56.650000000000013 0.024999999999999956 60.050000000000004 4.2650000000000006 53.050000000000004 25.100000000000005 0.049999999999999954 2.9750000000000005 1.5000000000000002 29.950000000000003 2.6950000000000007 2.5000000000000004 30.350000000000005 6.8050000000000006 15.450000000000001
decision_type=2 2 2 2 2 2 2 2 2 2 2 2 2 2 2 2 2 2 2 2 2 2 2 2 2 2 2 2 2 2 2 2 2 2 2 2 2 2 2 2 2 2 2 2 2 2 2 2 2 2 2 2 2 2 2 2 2 2 2 2 2 2 2 2 2 2 2 2 2 2 2 2 2 2 2 2 2 2 2 2 2 2 2 2 2 2 2 2 2 2 2 2 2 2 2 2 2 2 2 2 2 2 2 2 2 2 2 2 2 2 2 2 2 2 2 2 2 2 2 2 2 2 2 2 2 2
left_child=-1 3 4 13 5 6 7 97 12 11 -11 -10 44 40 -5 16 17 18 19 21 -20 -6 104 42 27 28 46 30 -26 -28 39 -32 33 34 35 -15 37 -37 -38 -25 41 -2 86 117 -9 -24 -27 -18 -22 53 55 52 56 64 63 -51 -52 96 59 -57 62 -62 -59 -53 65 66 -7 -66 -67 70 77 78 74 -74 -73 76 85 93 80 -80 -72 91 84 -84 -83 -71 87 -16 89 90 -42 92 -77 95 -95 -34 -55 101 99 -99 -100 -3 -103 -93 -4 108 107 -107 109 110 -106 112 113 -110 -114 -56 -17 121 120 -120 -119 122 -44 -123 -60 -92
right_child=1 2 22 14 15 49 -8 8 9 10 -12 -13 -14 32 23 116 47 -19 20 -21 48 -23 45 24 25 26 29 -29 -30 -31 31 -33 69 -35 -36 36 38 -39 -40 -41 88 -43 43 -45 -46 -47 -48 -49 -50 50 51 54 -54 57 115 58 -58 60 124 -61 61 -63 -64 -65 67 68 -68 -69 -70 75 71 72 73 -75 -76 81 -78 -79 79 -81 -82 82 83 -85 -86 -87 -88 -89 -90 -91 125 103 -94 94 -96 -97 -98 98 100 -101 -102 102 -104 -105 105 106 -108 -109 111 -111 -112 -113 114 -115 -116 -117 -118 118 119 -121 -122 123 -124 -125 -126 -127
leaf_value=0.034742991481611765 0.023186827674471024 -0.0028005474919727256 -0.021576192829452077 -0.025133806063009707 -0.019390304520049931 -0.0082318312381324601 -0.027985295068909372 -0.0081469225669207959 0.012596273921016117 0.025072621673101213 -0.0040015417085500901 -0.025347493459342708 -0.019482958603250569 0.0085993554249804548 0.024607367361374515 -0.012983448800705679 -0.006372170500214925 -0.023881561997953864 -0.0026567380250642485 -0.025758976300827536 -0.010423140175570425 0.0030834432609592411 -0.011049243017104662 0.045872245792768794 0.032933411330635494 -0.049573177442658774 -0.019312605266341272 -0.0097552092766684546 -0.0017021862423512648 -0.0021987017258527377 -0.018888280909646411 0.013106123524177761 0.031724183551467021 0.033351256898953838 0.01960390699171017 0.010085886216554358 0.0033339215228435429 -0.0056987678461793007 0.023249765073407841 0.012927482072032689 -0.023159459039306704 -0.013952441989653761 -0.0013199705685221137 0.018084926569164436 0.013900295650402666 -0.03671897635894035 -0.012899922530383997 -0.027882743056555834 -0.030155588590241183 -0.020192954754548423 0.013232340170105952 -0.014617668475769107 0.028494482378985032 -0.018597647073908982 -0.023532474701908977 -0.030824564431393385 -0.0098220421527716786 -0.0086272190017927883 -0.0058145823895046998 -0.005231178344049266 -0.002567647338297016 -0.0072906882576653179 -0.0025222051491944081 0.0023301762436852215 0.011961866684868689 -0.027078432684853541 -0.0032946156260354243 -0.019560582345914217 -0.012048802992021835 0.02197819965629225 0.020448506944869393 0.0091347887347919422 0.0012708473213591553 -0.036059467120200778 0.014830212921547228 -0.00065080935093296836 0.042836648315478613 -0.010818505626269508 0.014801542177727377 0.0059245573159985481 0.00033599232479674198 0.010627474458119951 0.013340027425447976 0.0078124819624464346 -0.0077925972580202051 -0.010903975728947536 0.031713996011401048 -0.015803069506040747 -0.028131654378075382 0.024043450889626988 0.0031310469611335562 0.011337561204419137 0.034664198357931664 0.0047887993927439951 0.018436882085354517 0.01530466010140023 0.0060902866463657555 0.0027915471295573827 -0.021810108539872041 -0.011543905891486838 0.00122577926228982 4.7469271970474498e-05 -0.030561439944879618 0.0070519488779189846 0.014368239807962325 0.013043973634585825 -0.022956605639742136 -0.012978716942753352 -0.019186268574264361 -0.02150324581684869 -0.018791715138857988 0.00070827923546559366 0.010203863025548701 -0.012659710627438226 -0.021024275316785794 -0.049940546334796013 -0.038156661164816877 -0.019943336519383181 -0.001029945006483498 0.0070872208390082058 0.0041728441410952147 0.0020525884916192338 0.012967915358606466 -0.0024213190216418501 0.0014299827092630842 -0.022602023816918875
leaf_weight=7811.0589785724878 20.245912462472919 14.072877213358877 3331.3540059179068 7.9952412694692603 14.666012600064276 3540.9347013235092 25.429365783929825 275.79235911369324 13.844449564814566 25.5038892775774 31.211096942424774 19.779190599918365 51.346993982791901 160.9402196854353 9.2267833799123817 8661.9974389374256 13.704132646322249 55.950082331895828 21.249744474887848 18.506975576281548 19.511316999793053 62.791781574487686 95.440245509147644 7.9845484048128155 7.4811375439167049 8.4917431473731977 28.722497344017029 16.724721789360046 16.70629908144474 85.166808858513832 8.4894619882106799 17.224054843187332 34.489450603723526 11.027354583144186 33.497214689850807 36.171874225139618 93.357669323682785 180.30932210385799 22.03206567466259 13.978135004639624 13.646796762943266 8.6596222966909391 62.764213368296623 22.257504060864449 11.369183108210562 8.8394548892974836 7.4915627837181082 70.886489734053612 44.737840548157692 37.072579219937325 15.555723190307615 321.37069283425808 8.6467084884643537 59.302754461765289 27.65383592247963 19.726424276828766 159.90161399543285 981.23305980861187 291.31445254385471 28.364585772156715 1153.6677275300026 684.35367795825005 308.1480388045311 20.230279728770256 25.857270196080208 33.122510746121407 303.33275602757931 8.1772680431604368 131.45782062411308 14.506636247038843 16.280064791440964 903.24660643935204 31.516252428293228 7.6336240321397772 332.68836523592472 143.49564050137997 12.284687131643294 10.61064764857292 118.6113298535347 380.64082181453705 212.8036562949419 32.58351930975914 461.78329186141491 477.263218998909 40.733003199100494 7.8780080974102011 11.721838548779486 8.4871068894863111 7.4461259245872489 11.86714071035385 37.102398186922073 275.51993398368359 9.6216055899858457 76.461394906044006 77.207887604832649 80.382953688502312 8.8856682032346708 55.823431000113487 94.628705248236656 217.70395614206791 11.85367041826248 9.3853338211774808 45.145736247301102 4798.5533857494593 8.6420763880014437 14.251936376094816 20.764692083001137 19.116371244192123 1398.2936481684446 2217.1720294207335 12.589746445417402 13.032278358936308 7.5798484534025183 260.09634073078632 1275.1372463256121 9.131592780351637 7.2801654189825049 23.442652508616447 152.30989640951157 569.94642859697342 24.659152299165726 7792.4177588671446 111.53983817994595 269.30400669574738 121.41866140067577 8.2124632447957975
leaf_count=37319 82 57 14343 32 61 14324 103 1117 56 103 126 80 208 650 37 35761 57 233 88 77 81 261 410 32 30 34 115 67 67 341 34 69 140 45 136 146 377 728 89 56 55 35 252 90 46 38 30 296 186 150 63 1302 35 241 112 80 648 3969 1178 115 4665 2768 1246 82 104 134 1227 33 532 59 66 3663 128 31 1349 581 50 43 481 1543 863 132 1871 1934 165 32 47 34 30 48 150 1116 39 310 313 326 36 226 383 881 48 38 183 19442 37 61 89 82 6013 9542 54 56 32 1116 5483 37 30 94 611 2288 99 31206 448 1078 491 33
internal_value=-6.25712e-05 -0.00605608 -0.0136524 0.0049877 -0.010359 -0.00761944 -0.0104666 -0.00995403 -0.00676578 0.00206686 0.0090674 -0.00968874 -0.00912732 0.00781457 0.00218596 -0.0131624 -0.0173849 -0.0148602 -0.0120588 -0.0059511 -0.0188816 -0.00117195 -0.0205532 0.00220994 -0.0027286 -0.00682018 -0.00979025 0.00703143 0.00904028 -0.00654109 0.0129596 0.00245263 0.00790296 0.00480887 0.00420177 0.00314805 0.000498143 -0.00305094 0.0071664 0.0251262 0.000300343 0.0119991 0.00232924 0.00228476 -0.00726428 -0.0132726 -0.0326643 -0.0244273 -0.024212 -0.00730938 -0.00935129 -0.0122311 -0.00603759 -0.00700992 -0.0152381 -0.00609312 -0.00776317 -0.00571106 -0.00495142 -0.0158026 -0.00549983 -0.0043273 -0.00716966 -0.0136092 -0.00803603 -0.00814132 -0.00784275 0.0043091 -0.0150973 0.00809702 0.0093684 0.0086724 0.0101554 -0.0060431 0.0106702 0.00763411 0.0219893 0.0143532 0.00607303 0.00803908 0.00178015 0.00755376 0.00979944 0.0105334 0.000376593 0.010342 0.0158697 0.00518163 -0.00401044 -0.00141738 -0.00659928 0.00711836 0.00157971 0.015357 0.0116633 0.0202708 -0.0153544 -0.0129963 -0.0115969 -0.00861279 -0.0192329 -0.0206977 -0.0252754 0.00728517 -0.0206414 -0.0200471 -0.0099788 -0.00181358 -0.0201516 -0.0213497 -0.00522008 -0.0192426 -0.0193315 -0.0181644 -0.0208378 -0.0302463 -0.0130052 0.00224534 0.0045627 0.00537349 -0.00756617 0.00202835 0.00781666 0.00190292 -0.0036799 -0.00153906
internal_weight=53172.2 45361.2 26875.3 18485.8 18193 9201.75 902.89 877.461 428.847 90.3386 56.715 33.6236 338.509 9201.31 9284.53 8991.28 322.004 237.414 181.464 95.9648 85.4989 77.4578 8682.31 9276.54 218.461 154.06 129.873 64.4009 24.1874 113.889 47.6762 25.7135 9094.13 537.336 526.308 492.811 331.871 216.481 115.39 21.9627 107.18 28.9055 9058.08 9028.64 287.162 104.28 15.9833 84.5906 64.2492 8298.86 1060.39 562.49 184.104 7238.47 378.386 497.897 175.457 3195.59 460.824 48.091 3127.4 1838.02 1289.38 341.601 4042.88 4008.85 3844.27 34.0345 164.58 8556.8 2282.57 2003.42 1275.08 39.1499 1235.93 6274.22 34.6693 279.152 728.336 499.252 229.084 6239.55 1012.36 939.047 73.3165 22.3846 29.4357 17.7139 78.2749 70.8288 58.9617 5227.19 153.117 268.542 153.669 114.872 68.1884 448.614 380.01 273.527 106.482 68.6039 54.5311 5074.07 8578.03 5246.68 54.133 33.3683 5192.54 2238.4 21.2318 2954.14 2941.11 1658.39 1282.72 36.7854 8669.28 9006.38 770.358 722.256 48.1018 8236.03 174.304 8061.72 412.733 45.3149
internal_count=223505 186186 111714 74472 74358 37227 3655 3552 1736 365 229 136 1371 37281 37191 37131 1340 987 754 399 355 322 37356 37159 875 617 520 258 97 456 191 103 36848 2171 2126 1990 1340 874 466 88 433 117 36284 36166 1163 448 64 353 267 33572 4293 2279 746 29279 1533 2014 711 12925 1864 195 12648 7433 5215 1384 16354 16217 15551 137 666 34677 9256 8124 5171 159 5012 25421 141 1132 2953 2024 929 25280 4102 3805 297 91 118 71 316 286 238 21178 620 1089 623 466 277 1816 1538 1107 431 278 221 20558 36908 22565 232 143 22333 9633 91 12700 12644 7129 5515 149 35791 36076 3092 2899 193 32984 700 32284 1669 183
is_linear=0
shrinkage=0.03


Tree=21
num_leaves=127
num_cat=0
split_feature=0 0 0 0 0 2 43 24 40 33 4 25 43 27 39 6 3 2 5 22 8 24 5 40 6 22 22 1 40 27 27 37 22 2 40 25 23 42 3 31 37 16 40 36 27 36 36 21 36 23 20 21 22 36 1 36 4 37 2 2 39 1 6 22 4 37 3 3 7 36 25 40 33 38 21 27 22 3 6 37 37 27 40 36 8 6 36 1 6 37 2 43 21 20 6 38 20 20 11 21 39 22 29 37 21 33 22 24 42 25 40 8 2 4 37 39 3 1 16 33 33 23 20 11 36 4
split_gain=11745.8 3990.88 646.989 152.82 148.287 8.75138 8.4855 8.43813 8.88804 10.2371 8.39593 7.66837 10.7201 10.8616 16.6458 10.1058 20.0043 9.30333 8.5321 8.21663 13.8668 7.91053 7.52898 9.06936 9.0149 9.72537 7.74972 9.2452 8.61078 8.24318 8.48445 8.23568 7.6839 11.8408 7.73345 7.46997 8.26861 7.27451 6.74169 6.69061 8.44159 6.64059 6.43259 6.53984 6.53167 6.33842 6.24018 6.18276 6.14068 8.35549 5.93096 8.35498 8.30429 5.92803 9.33307 8.93996 5.90459 10.4976 7.431 16.4943 9.29611 6.90121 7.50758 6.57242 6.41502 10.2404 8.42984 5.88085 5.72982 9.13596 10.358 9.00595 8.14787 7.45885 7.04245 5.67687 5.85329 5.60653 7.8869 6.71187 6.08472 5.52884 8.62937 8.24562 5.72144 5.98158 5.86133 5.47678 6.83375 8.74454 7.84506 7.78763 7.07036 5.97397 8.26701 6.80216 8.34241 9.4104 6.15925 5.4654 11.6745 10.1476 5.42128 7.5161 7.2936 7.01814 5.67429 6.23287 5.40535 5.38878 5.32789 8.66146 14.4192 8.33806 8.76576 8.71411 10.1962 7.67814 7.46639 8.81896 8.18276 6.16559 8.73209 5.88598 6.9461 9.78187
threshold=1.5000000000000002 3.5000000000000004 5.5000000000000009 2.5000000000000004 4.5000000000000009 71.65000000000002 0.029948999930671055 0.15650000000000003 3579.2857142857147 5.7500000000000009 32.350000000000001 6.7495000000000003 0.052189122260468554 21.350000000000005 2.7500000000000004 6.7150000000000007 37.350000000000001 28.950000000000003 0.25500000000000006 44.550000000000004 2.5000000000000004 0.15750000000000003 0.12500000000000003 2046.9223484848487 6.5450000000000008 35.050000000000004 34.050000000000004 6.4050000000000011 2067.0542635658917 19.650000000000002 19.150000000000002 0.023333333333332953 35.45000000000001 28.750000000000004 1650.3424657534249 6.7585000000000006 53.550000000000004 2195.789007092199 43.250000000000007 4.2500000000000009 -0.029999999999999746 2.5000000000000004 1983.7100737100743 -0.004166666666666599 18.650000000000002 -0.11249999999999993 -0.065833333333333285 11.050000000000002 0.0074999999999999512 51.95000000000001 3.2350000000000008 19.750000000000004 37.250000000000007 -0.082499999999999934 4.495000000000001 -0.040833333333333298 32.850000000000001 0.22000000000000017 30.950000000000003 26.550000000000004 2.7500000000000004 7.1050000000000013 6.535000000000001 40.550000000000004 37.650000000000013 -0.063333333333333838 74.950000000000017 41.350000000000001 6.5000000000000009 -0.019166666666666596 6.7445000000000013 2310.1282051282055 4.2500000000000009 3.7500000000000004 13.050000000000002 10.050000000000002 45.100000000000001 55.850000000000001 6.7150000000000007 0.23083333333333297 0.029999999999999753 12.950000000000001 2616.9047619047624 -0.079166666666666594 5.5000000000000009 6.6450000000000005 -0.069999999999999937 4.8150000000000004 6.8950000000000005 0.17666666666666717 25.350000000000005 0.022756851256691305 22.150000000000002 3.3250000000000006 6.8450000000000006 4.2500000000000009 3.2050000000000005 3.1350000000000002 1.5000000000000002 11.450000000000001 2.7500000000000004 26.750000000000004 4.1500000000000012 0.0066666666666663514 23.150000000000002 3.2500000000000004 41.750000000000007 0.14750000000000002 5162.9120879120892 6.7525000000000004 2295.916666666667 8.5000000000000018 60.550000000000004 28.550000000000004 -0.0075000000000002495 2.2500000000000004 44.45000000000001 5.8150000000000004 1.0000000180025095e-35 4.7500000000000009 3.7500000000000004 51.050000000000004 3.5050000000000003 2.5000000000000004 0.044999999999999957 33.550000000000004
decision_type=2 2 2 2 2 2 2 2 2 2 2 2 2 2 2 2 2 2 2 2 2 2 2 2 2 2 2 2 2 2 2 2 2 2 2 2 2 2 2 2 2 2 2 2 2 2 2 2 2 2 2 2 2 2 2 2 2 2 2 2 2 2 2 2 2 2 2 2 2 2 2 2 2 2 2 2 2 2 2 2 2 2 2 2 2 2 2 2 2 2 2 2 2 2 2 2 2 2 2 2 2 2 2 2 2 2 2 2 2 2 2 2 2 2 2 2 2 2 2 2 2 2 2 2 2 2
left_child=-1 3 4 11 6 46 7 8 -3 99 -7 19 13 15 -15 50 47 -18 56 22 -21 -19 24 41 25 -2 29 28 -28 30 -25 -29 53 34 -34 36 -11 -35 -31 40 -16 42 44 -44 -24 -5 81 -17 49 -43 -13 67 -53 54 -26 -55 57 58 59 -14 -60 62 -58 -64 65 -63 -66 -52 75 72 -71 74 -70 -74 -72 -47 -77 87 80 -80 -79 83 -83 -6 86 -86 -84 88 102 92 91 -91 -90 94 95 96 97 -89 -98 100 -10 -101 106 104 105 -104 -4 -108 -109 -73 113 123 -113 115 121 -8 -117 -118 119 -116 -120 122 -115 124 -112 -126
right_child=1 2 77 45 5 10 110 -9 9 35 -12 12 18 14 39 16 17 21 -20 20 -22 -23 23 26 32 -27 27 31 -30 38 -32 -33 33 37 -36 -37 -38 -39 -40 -41 -42 48 43 -45 -46 68 -48 -49 -50 -51 51 52 -54 55 -56 -57 61 -59 60 -61 -62 64 63 -65 66 -67 -68 -69 69 70 71 109 73 -75 -76 76 -78 78 79 -81 -82 82 84 -85 85 -87 -88 93 89 90 -92 -93 -94 -95 -96 -97 98 -99 -100 101 -102 -103 103 -105 -106 -107 107 108 -110 -111 111 112 -114 114 118 116 117 -119 120 -121 -122 -123 -124 -125 125 -127
leaf_value=0.03419249087585105 0.002896461773330021 -0.012625739909010692 -0.02133228936954595 -0.024399380054909377 -0.024891920840611748 0.023046251688760573 -0.014349752453115698 -0.027238458327263435 0.0020088269369429091 0.013868736802848537 -0.010808024514753267 0.027242519491860299 0.0013745705763008609 -0.027033021490219831 0.020025115761309675 0.022203774465304308 0.027778835318999055 0.0094604385092732519 0.028290156413992434 0.016856699695606676 -0.033345895916351967 -0.01271511542729759 0.0089871726464932043 0.0096442748412227074 0.010873606628199342 -0.036321607139606596 -0.010530939066008226 0.00075716306928040275 0.0067881475443139633 0.013803717070961962 0.032965716054763068 -0.026261044685527216 -0.027302802912558915 0.014315113524147882 0.0032235016300849405 -0.015865090070563585 -0.01447051900816722 -0.0095814153930327307 -0.013566523990821679 0.025928679070333572 -0.01608698163861786 -0.024625005979234154 0.0069635774226918549 0.017817989542775182 0.012938530909681245 0.015411277327275825 -0.012711472933475149 -0.0011179528173995877 0.0093630270015024174 0.011942539132779355 0.017500872106209528 -0.007551207150594319 0.012741940257698954 0.0094223290040419301 -0.020329200890249449 0.0028321215024856021 0.020597011207875111 0.036341261894582477 0.006413700445996184 0.015162954350952666 0.00012715242171762665 -0.016769232494616142 0.0054246137135167934 0.014554511681000261 0.020940067925697543 0.011787875832609549 -0.0023670974288733057 0.010626367910382585 0.014975070662184876 0.0066078023197844431 0.0081968220514014051 -0.012622156220354615 -0.024379520956758001 0.0091011746281004328 -0.020630539004029801 0.0021842407063145121 0.017578086575634918 -0.016491225275798643 -0.020286597904596419 0.0028830444757742932 0.0098220474230301096 -0.035583597274224887 -0.011454074094953071 0.0097258336576518077 -0.042504904142346735 -0.019719696232510645 -0.023962462244487885 -0.034492480158702182 -0.011129904456926711 0.0011992237069921303 -0.026979353758735263 -0.032671190791525993 -0.03569961254998924 -0.021213357150913978 -0.038745882389091747 -0.032131956666534754 -0.011756517737106101 0.0038762671813204804 -0.028307647174509714 0.017802076744564441 -0.0427312724202462 -0.0087924831378379236 -0.01758426150254136 -0.021234047577010369 -0.034302050630005528 -0.0091113704442100443 0.0030895921420979982 -0.011971505886630776 -0.035937099922694199 0.0096479630832121584 -0.0071738522443038494 -0.015913956236213417 0.022197149047503775 0.0003234290141622422 -0.011460610081792224 -0.0096010787056401807 0.016356975009148997 -0.0028145385846028914 0.0035245700763796403 0.0020652531567086387 -0.014833859629714334 -0.019857862803423311 -0.014852382643848817 -0.005948918558464562 -0.017646760285902938 -0.0073872395280787113
leaf_weight=7700.3957880884409 15.29900746047497 447.9561063349247 2530.7787648141384 7.9918779730796805 9.9804500639438647 11.862581670284273 48.71164108812809 25.346791878342628 9.1213595420122164 47.5365189909935 14.539590775966643 22.90959320962429 169.49797709286213 19.052385687828064 9.649149477481842 10.590663552284239 24.621164232492447 776.22592894732952 14.934982568025587 8.8921268433332461 10.880242511630057 14.612790822982786 1766.3379698544741 277.68596492707729 15.075215652585028 8.8919332325458509 29.341760128736496 23.698343947529793 208.30654302239418 12.081125885248182 14.777232527732847 17.523922324180603 8.3989453464746457 271.57295607030392 61.437081500887871 14.092988297343252 11.369099214673041 11.827824980020521 23.939234212040901 11.849199563264845 14.356613859534264 15.561369374394419 69.275968924164772 185.8252239972353 482.45723769068718 29.410570278763771 8660.2810891866684 237.33279137313366 26.385473683476448 8.6357547640800458 173.12232212722301 38.004677012562752 34.502138942480087 338.47370171546936 19.807814955711365 411.36175666749477 31.576048582792282 8.8786762952804548 331.30937848985195 145.1292128264904 587.48233398795128 14.805672168731688 1605.4774663597345 74.419581860303879 85.817921876907349 46.382467344403267 16.519539430737495 326.42118802666664 40.659280270338058 39.439850047230721 8.4851201921701414 16.731771036982536 11.488616347312929 12.230773136019705 66.179798901081085 9009.3439225852489 22.215808942914009 739.96175138652325 1313.7223138362169 11.211939021944998 7.861668497323989 23.657982856035233 161.57372792065144 15.902160525321959 13.154202714562414 53.414209738373756 43.136411502957344 7.6138802617788341 215.40582200884819 20.394509598612789 87.756311967968941 8.5712184906005842 11.07896965742111 1749.7494609504938 40.63011509180069 60.927079096436501 28.165145114064217 22.382889926433563 77.321023568511009 13.327417358756064 12.044185072183607 321.01226857304573 785.55824363231659 691.84932923316956 21.692592158913612 100.35042215883732 17.322075128555298 35.126772210001945 11.311050355434416 23.227142944931984 2770.9688584804535 153.25173071026802 9.3701581805944425 44.98459480702877 72.585202813148499 52.403667315840721 41.056603744626045 34.356438905000687 25.445123806595802 107.21624894440174 147.97753204405308 122.93932953476906 138.72900597751141 4177.0850419104099 144.72124324738979 200.49394860863686
leaf_count=37319 62 1816 10953 32 42 48 197 103 37 192 59 93 687 77 39 43 100 3150 61 36 44 59 7164 1127 61 36 119 96 845 49 60 71 34 1101 249 57 46 48 97 48 58 63 281 754 1956 118 35843 963 107 35 703 154 140 1373 80 1668 128 36 1343 589 2381 60 6509 302 348 188 67 1324 163 158 34 67 46 49 265 36091 90 3198 5680 48 34 99 675 66 55 224 179 33 932 88 379 37 48 7577 176 264 122 97 335 54 49 1301 3399 2993 94 434 75 152 49 93 11226 623 38 182 294 212 166 139 103 434 599 498 562 16901 586 812
internal_value=-6.0226e-05 -0.00588604 -0.0132818 0.00484065 -0.010078 -0.012814 -0.00739732 -0.0101656 -0.00966707 -0.00656837 0.00437578 0.00758358 0.00676112 0.00867102 -0.00443132 0.00910598 0.0073494 0.00961797 0.00571573 0.00850053 -0.0107218 0.00904724 0.00858902 0.00934927 0.00651869 -0.0115475 0.00604628 0.0023599 0.00463997 0.00916966 0.0108386 -0.010728 0.00690505 0.0105836 -0.000460137 0.00364605 0.00835843 0.0133095 -0.00433229 0.00757869 -0.00148659 0.0101337 0.0103512 0.0148801 0.0098361 0.0021265 -0.0128648 -0.000107109 -0.000598825 -0.0115172 0.0122413 0.0116332 0.00208881 0.00524613 -0.00680903 0.00580978 0.00560619 0.00399856 0.0037616 0.00774235 0.00239612 0.00667028 0.0061053 0.0058308 0.0125669 0.00483736 0.0171645 0.0130148 0.00214977 -0.00264739 -0.00661725 -0.0111826 0.00682509 -0.00708668 -0.0173279 0.00226561 0.00222247 -0.0200647 -0.0186917 -0.0200892 -0.0162113 -0.0169925 -0.0181602 -0.00360962 -0.0166226 -0.0243017 -0.0141076 -0.0205004 -0.0199187 -0.0158158 -0.0225046 -0.00884965 -0.0123536 -0.0218271 -0.0263404 -0.0237481 -0.0199459 -0.00589502 -0.023918 -0.00867043 -0.0234611 -0.00772288 -0.0202537 -0.0188649 -0.0170552 -0.0166273 -0.0211085 -0.0121825 -0.0179058 0.000277246 -0.00709596 -0.00684029 -0.0136965 -0.00937217 -0.0109224 -0.00356573 0.000540404 0.00761085 -0.00768815 -0.00339009 -0.0121311 -0.0146393 -0.0111301 -0.00668702 -0.00767571 -0.0116964
internal_weight=52975.4 45275 26798.3 18476.6 18201.6 9007.5 9194.1 901.807 876.46 428.504 26.4022 9189.23 4845.48 1713.25 54.9073 1658.34 1063.38 815.46 3132.23 4343.75 19.7724 790.839 4323.98 3161.83 1162.15 24.1909 607.354 278.871 237.648 328.484 292.463 41.2223 1137.96 353.237 69.836 72.9986 58.9056 283.401 36.0204 35.855 24.0058 2554.48 2503.9 255.101 2248.8 9287.4 8981.1 247.923 50.5826 24.1971 594.96 572.05 72.5068 784.718 34.883 749.835 3117.3 1242.3 1233.42 314.627 918.792 1875 1711.47 1679.9 163.526 61.1881 102.337 499.544 9279.41 218.442 154.064 114.624 64.3787 23.7194 74.6649 9060.97 9031.56 8596.74 2072.76 1324.93 747.823 320.819 294.937 25.8826 271.279 66.5684 204.71 6523.99 4537.2 343.207 116.722 28.9657 226.485 1986.79 237.04 196.41 135.483 29.9968 105.486 355.505 21.1655 334.34 4193.99 1599.45 907.601 885.909 2594.54 63.7599 46.4378 39.9589 8292.3 7455.89 162.622 836.405 659.877 176.528 127.817 75.413 353.224 179.801 173.423 306.653 183.714 7293.27 3116.18 345.215
internal_count=223505 186186 111714 74472 74517 37290 37227 3655 3552 1736 107 37266 19650 6951 222 6729 4315 3309 12699 17616 80 3209 17536 12824 4712 98 2464 1131 964 1333 1187 167 4614 1432 283 295 238 1149 146 145 97 10360 10155 1035 9120 37206 37183 1006 205 98 2414 2321 294 3182 141 3041 12638 5036 5000 1276 3724 7602 6939 6811 663 248 415 2027 37174 875 617 459 258 95 299 36299 36181 37197 8960 5728 3232 1340 1232 108 1133 279 854 28237 19633 1484 504 125 980 8604 1027 851 587 130 457 1441 86 1355 18149 6920 3927 3833 11229 276 201 160 33572 30186 661 3386 2672 714 517 305 1430 728 702 1242 744 29525 12624 1398
is_linear=0
shrinkage=0.03


Tree=22
num_leaves=127
num_cat=0
split_feature=0 0 0 0 0 2 43 24 40 33 25 43 28 27 39 1 6 3 3 23 19 10 22 8 2 5 2 6 22 36 20 26 39 1 5 34 22 27 22 2 41 28 25 5 42 21 8 2 43 26 24 21 23 36 36 27 27 3 19 36 36 7 41 1 2 25 23 28 6 7 22 32 19 25 2 2 20 29 3 6 19 39 29 30 30 33 3 19 1 6 26 23 23 20 6 22 39 22 20 32 21 36 2 22 40 29 5 26 3 21 23 27 28 33 22 28 29 29 22 3 22 24 42 40 40 42
split_gain=11197 3766.87 618.112 144.091 140.58 8.26572 8.01217 7.99179 8.38835 9.64272 7.23278 10.1147 11.1555 10.2522 11.7779 9.86031 9.23129 15.8308 9.01144 8.96789 8.41932 8.02004 7.73762 13.0229 7.48866 7.10514 8.82029 8.4869 9.11681 8.05791 10.67 8.74758 7.87701 8.63503 8.1362 7.54566 7.91419 7.34754 7.24808 11.1732 7.37151 7.09788 7.25424 7.00866 6.86198 6.79349 10.1406 9.28324 7.92599 9.27092 6.92296 7.30451 6.72381 6.64178 6.19911 6.13097 6.13075 6.11462 6.06623 5.97192 5.94107 5.90271 5.86564 5.85757 7.34064 5.54873 5.46986 7.47961 5.46626 5.48546 8.58955 13.0186 11.3496 9.38557 10.5002 8.52196 5.9298 9.11049 5.37145 7.53806 6.74488 7.14933 7.04978 10.8818 6.53356 6.48022 6.46657 6.42225 10.3976 9.94546 8.24384 7.82808 6.44239 6.3065 6.51044 6.49267 7.62399 6.2863 6.24969 11.9626 6.1977 6.18371 6.27752 5.88116 5.79589 5.50354 8.41089 10.4949 7.03049 6.3242 5.41362 5.36494 7.79523 5.72445 5.49428 5.32836 9.82506 11.2462 12.986 9.46144 8.02558 6.99158 6.5091 7.05657 6.27359 12.8536
threshold=1.5000000000000002 3.5000000000000004 5.5000000000000009 2.5000000000000004 4.5000000000000009 71.65000000000002 0.029948999930671055 0.15650000000000003 3579.2857142857147 5.7500000000000009 6.7495000000000003 0.052189122260468554 30.550000000000004 21.050000000000004 2.7500000000000004 2.9150000000000005 6.8050000000000006 38.150000000000013 26.050000000000004 43.750000000000007 101.77500000000002 10.500000000000002 44.550000000000004 2.5000000000000004 21.250000000000004 0.12500000000000003 34.250000000000007 6.5450000000000008 35.050000000000004 -0.035833333333333293 3.5750000000000006 3.4750000000000005 3.7500000000000004 3.4350000000000005 0.21500000000000002 5.2500000000000009 30.350000000000005 23.600000000000005 35.45000000000001 28.750000000000004 0.058308702932956459 32.150000000000013 6.7585000000000006 0.25500000000000006 2195.789007092199 17.350000000000005 3.5000000000000004 64.850000000000009 0.06319748566691992 3.6350000000000002 0.14450000000000002 19.850000000000005 40.350000000000001 -0.0099999999999999482 -0.085833333333333289 13.350000000000003 11.350000000000003 82.450000000000017 57.775000000000013 -0.11249999999999993 -0.065833333333333285 4.5000000000000009 0.048851638207543104 2.6450000000000005 26.150000000000002 6.7575000000000012 48.150000000000013 37.050000000000004 6.4350000000000014 6.5000000000000009 30.950000000000003 5.7500000000000009 50.275000000000013 6.7435000000000009 30.350000000000005 37.850000000000001 3.5450000000000004 12.050000000000002 55.850000000000001 6.7150000000000007 71.925000000000026 3.2500000000000004 3.8500000000000001 4.745000000000001 4.705000000000001 3.2500000000000004 58.45000000000001 63.32500000000001 4.6050000000000013 6.8950000000000005 3.7250000000000005 51.850000000000001 53.750000000000007 3.3250000000000006 6.8550000000000013 41.150000000000013 5.2500000000000009 33.550000000000004 3.3350000000000004 1.7500000000000002 15.15 0.049166666666666602 30.750000000000004 41.150000000000013 3916.954022988506 4.1500000000000012 0.17500000000000002 3.3850000000000002 45.050000000000004 23.550000000000004 41.150000000000013 10.050000000000002 25.200000000000006 2.2500000000000004 45.100000000000001 32.550000000000004 8.0000000000000018 8.7000000000000011 38.150000000000013 45.850000000000001 38.750000000000007 0.15750000000000003 3051.2854317732367 2978.8676236044662 2383.3001493280244 2291.1805555555561
decision_type=2 2 2 2 2 2 2 2 2 2 2 2 2 2 2 2 2 2 2 2 2 2 2 2 2 2 2 2 2 2 2 2 2 2 2 2 2 2 2 2 2 2 2 2 2 2 2 2 2 2 2 2 2 2 2 2 2 2 2 2 2 2 2 2 2 2 2 2 2 2 2 2 2 2 2 2 2 2 2 2 2 2 2 2 2 2 2 2 2 2 2 2 2 2 2 2 2 2 2 2 2 2 2 2 2 2 2 2 2 2 2 2 2 2 2 2 2 2 2 2 2 2 2 2 2 2
left_child=-1 3 4 10 6 60 7 8 -3 -10 22 13 45 15 -15 19 24 18 -18 -12 43 -19 25 -24 53 27 32 28 -2 30 31 -28 35 34 -34 58 -37 62 63 40 -40 -11 -43 54 -41 47 50 48 49 -13 -47 -52 -35 -17 -14 -21 -56 -7 -27 -5 -6 -26 -31 -29 -65 -50 -16 -68 -61 111 71 76 -72 75 -75 -74 -71 -78 87 80 81 104 97 -84 86 -86 -82 88 89 105 91 101 100 94 95 -89 -97 -83 99 -95 -93 102 -90 -94 -80 108 109 -108 -4 -107 -81 -70 113 -113 -114 116 121 118 119 -118 -120 124 -119 -124 125 -8
right_child=1 2 78 59 5 57 115 -9 9 41 11 12 20 14 66 16 17 21 -20 55 -22 -23 23 -25 61 26 29 38 -30 37 -32 -33 33 52 -36 36 -38 -39 39 44 -42 42 -44 -45 -46 46 -48 -49 65 -51 51 -53 -54 -55 56 -57 -58 -59 -60 68 -62 -63 -64 64 -66 -67 67 -69 69 70 72 -73 73 74 -76 -77 77 -79 79 110 84 82 83 -85 85 -87 -88 93 90 -91 -92 92 103 98 -96 96 -98 -99 -100 -101 -102 -103 -104 -105 -106 106 107 -109 -110 -111 -112 112 114 -115 -116 -117 117 122 120 -121 -122 -123 123 -125 -126 -127
leaf_value=0.033659606750857662 0.0028110548618051606 -0.012265414176248353 -0.020293017123196425 -0.023693291934447334 -0.016544452701869911 0.019350739633759172 -0.012012279380771186 -0.02651915313997931 -0.0084194295290442103 -0.0092863045231443564 -0.031240538483439315 0.010873142423799593 -0.012457345453927965 -0.01961974600183369 0.022326014969289508 0.0085927504741750305 0.02634195408586442 0.010517976225385476 -0.0067813878235726353 0.025742869230484768 0.032180565606944468 -0.003733929471120865 0.01638692588741469 -0.032252517088537866 0.0094550134985825086 0.0028754988480614637 0.0036739539910105321 -0.015694986028147746 -0.035117580746587843 0.0046699728957305857 0.016250385499952585 -0.035777505154716331 0.0074250726884987767 -0.0089835574520895408 0.029992171713320068 0.003259647494715114 0.015762879033776822 0.034238921454013319 0.0042242710788856566 0.013909555685063284 -0.02065398009016645 0.016589367964800508 -0.011376889714932687 0.027140270807543977 -0.0092859161540538634 -0.0087116408911027694 0.0068782579384278029 -0.024478033147773526 0.012209832564654424 0.0011754272494624777 0.026083168391210949 0.010761046911072122 0.017684530160373975 0.034901884004885732 0.025816565197990061 -0.00093858454919457026 0.0044341638158879263 -0.0094154487021221762 0.010989187612426836 0.027595186572826832 -0.012359729239241274 0.015491277926660595 0.0088034793339493624 0.013354780779602478 0.0043332931961257599 0.042870086456927928 0.015967795840102075 -0.015232323308962596 0.014962408713913784 -0.0071583137550923458 -0.026982620698835613 -0.022888653053857198 -0.006108570980702323 0.016481858705112432 -0.011091403104772031 0.025795217306616554 0.00057802150997104213 0.029941750154121535 0.0053476350206891066 -0.033915812227298961 -0.0040215528860604952 -7.3880199012914849e-05 0.0040459726160224693 -0.034210016641334266 -0.016796506771624493 -0.0056837051208160679 -0.029790518900021032 -0.026371286444683055 -0.034243033628794627 -0.014280875567552294 -0.030841369052456363 -0.016639680545024193 -0.015570844742975201 0.016047370753757936 -0.036411306803915876 -0.01996032670803952 0.0075308474733767079 0.036766663025361732 -0.02092084105753227 -0.018667586778087671 0.013520107993669104 -0.033476044073785488 -0.011905481466751433 0.011209243270657795 -0.022967367231398195 -0.01966543831959934 -0.026911993691981183 -0.012410168497396085 -0.024930923984891096 -0.037038245674144439 -0.019331430381407659 0.0075196960358944048 0.0021576654403150514 -0.017953031575367408 0.017087215289406311 -0.0075168726527517762 -0.0070434817548744267 -0.0097905522904885873 0.014988122433131636 -0.0020198147104648454 0.00050943531814148086 0.0097725436971690931 0.017225125611228808 -0.0047959320930236462 -0.0092280088288138294 0.0048664028910917366
leaf_weight=7589.3244228214025 15.294030472636225 447.2954560816288 1825.8237108439207 7.9862057715654364 319.68308685719967 12.571222424507141 75.034728989005089 25.257336810231209 355.1375288516283 25.225217401981354 7.9307255297899237 181.0833148509264 19.32210385799408 24.514450088143349 13.328002586960791 14.765591368079184 7.8795864880084983 312.79248525202274 98.479818359017372 8.6323748230934125 9.8651685118675214 39.871857270598412 8.8757482320070284 10.914460331201552 889.77446308732033 216.90981201827526 8.3909729421138781 11.883582532405851 8.9238137006759626 385.8938976675272 11.332100763916968 12.33288913965225 194.43792985379696 8.6137219965457898 15.507591456174849 60.129516318440437 193.04610307514668 9.5963356643915159 56.728728860616684 271.11631059646606 13.107692599296568 37.178390502929688 10.613200873136519 12.196669250726698 11.841062843799589 7.644405633211135 130.44754755496979 8.3840300440788251 13.802483171224596 174.65603716671467 77.377807796001434 44.840525820851326 313.04625529050827 21.625677227973938 12.063117280602453 68.222166776657104 2429.5628036558628 13.837564140558243 134.99007634818554 7.4639947563409796 8639.8567757755518 175.93159747123718 1594.0715574622154 92.381155148148537 679.95691287517548 8.8718177825212461 12.603165924549105 15.06335613131523 29.387442499399185 9.9884115159511548 20.718836843967438 10.723426297307013 13.478012740612032 14.235478013753889 92.171124279499054 16.726303830742836 15.714629068970678 24.416603356599808 8.0353524982929212 23.692773804068565 10.575893506407736 9.6632847040891665 20.020489200949672 9.8982858061790449 538.63028913736343 52.369782790541649 56.443390429019928 181.48740147054195 12.408142641186712 287.40054678916931 22.792750760912895 8.0563303977251035 43.432119205594063 11.922469958662985 42.509805649518967 48.43441615998745 11.023155093193052 7.1242276877164832 2063.0176241993904 34.42725969851017 24.356186211109161 16.109288990497589 134.45141491293907 8.7448579967021924 31.716774299740791 978.99255700409412 53.115820556879044 300.98336516320705 357.67458784580231 19.473678573966026 1293.8601332008839 10.731307953596113 8961.5312511622906 29.197451427578926 22.171932056546211 4935.5465293526649 653.02120287716389 470.55986216664314 44.503584444522858 700.51197429001331 152.53153057396412 19.250301703810692 15.547903165221213 79.961768105626106 1051.1537609398365 88.128881022334099
leaf_count=37319 62 1816 7947 32 1340 51 304 103 1441 102 32 735 78 99 54 60 32 1271 400 35 40 162 36 44 3615 881 34 48 36 1566 46 50 789 35 63 244 784 39 230 1101 53 150 43 50 48 31 529 34 56 708 314 182 1273 88 49 276 9857 56 549 30 35843 715 6471 375 2759 36 51 61 118 40 83 43 54 57 369 67 63 98 35 103 46 42 87 43 2338 227 245 792 54 1248 99 35 189 52 186 211 48 31 8987 150 106 70 585 38 138 4258 231 1308 1558 85 5625 43 35902 117 90 20001 2645 1908 180 2836 618 78 63 324 4258 357
internal_value=-5.79474e-05 -0.00572083 -0.0129215 0.00469795 -0.00979179 -0.0124599 -0.0071816 -0.00987334 -0.00938841 -0.00637713 0.00736315 0.00656406 0.00554837 0.00842042 -0.00319723 0.0088839 0.0094251 0.00584142 -0.00429093 -0.00106277 0.0046325 0.00890182 0.00825421 -0.01039 0.0109157 0.00834021 0.00907929 0.00632818 -0.0111902 0.0078871 -0.00699237 -0.0197909 0.0111974 0.0138679 0.00911261 0.00884687 0.0128017 0.00812793 0.00670359 0.010279 -0.000446569 0.00353358 0.0103367 0.00452071 0.0129306 0.00905905 0.0128123 0.00652664 0.00722382 0.00611777 0.0187516 0.0204873 0.0169632 0.024321 0.0044069 0.00206837 0.00454147 0.00424271 0.00599444 0.00206289 -0.0125094 0.0104543 0.0079989 0.00509213 0.00541591 0.0244078 0.00661067 -0.000959126 0.00208548 0.00206448 -0.00263217 0.00692058 -0.00633801 -0.00317857 -0.00737645 0.0115362 0.0133612 0.0185108 -0.0195742 -0.0182267 -0.0157967 -0.00787315 5.88565e-05 -0.00863242 -0.0168342 -0.0158154 -0.0257585 -0.020002 -0.0192736 -0.0196769 -0.0135593 -0.0119503 -0.00451362 -0.0212468 -0.025486 -0.0235379 -0.0148343 0.0155967 -0.0206753 -0.0096903 0.00594945 -0.015796 -0.013825 -0.011041 -0.0172072 -0.0201146 -0.0185947 -0.0145967 -0.0210545 -0.0200094 -0.0195974 0.00217786 0.00213589 -0.0110678 0.00219487 -0.0068887 -0.00596262 -0.00472025 -0.00339697 -0.00444497 0.00379324 -0.00809258 -0.00834106 -0.0011812 -0.00837781 -0.00288908
internal_weight=52777.9 45188.6 26721.1 18467.5 18172.4 8985.95 9186.46 900.707 875.45 428.154 9180.86 4841.53 3130.12 1711.42 65.509 1645.91 1561.12 459.024 106.359 84.7853 2483.01 352.664 4339.32 19.7902 1102.1 4319.53 3158.3 1161.23 24.2178 2021.62 32.056 20.7239 1136.68 531.605 209.946 605.076 253.176 1989.56 1137.02 352.794 69.8364 73.0168 47.7916 2473.14 282.957 647.108 260.31 386.798 378.414 355.739 129.863 122.218 321.66 36.3913 2460.95 76.8545 2441.63 26.4088 351.9 9286.64 8959.54 1065.71 1979.97 784.222 772.338 22.6743 40.9945 27.6665 9278.66 9271.19 218.173 60.8431 157.33 136.611 106.407 30.2043 50.1196 40.1312 8548.67 2062.03 744.478 86.4584 46.7063 29.9188 658.019 591 67.0193 6486.64 4093.82 3823.46 270.351 247.558 84.5895 2392.82 283.455 240.945 59.4576 16.7875 2109.37 46.3497 32.4125 162.969 146.86 52.177 39.7521 3536.06 1352.57 354.099 2183.5 998.466 1317.55 9053.02 9023.63 39.9288 8983.7 8285.75 3350.21 2116.64 1550.57 1353.53 197.035 1233.57 566.07 95.5097 1214.32 163.164
internal_count=223505 186186 111714 74472 74517 37290 37227 3655 3552 1736 37266 19650 12699 6951 265 6686 6343 1865 432 343 10074 1433 17616 80 4478 17536 12824 4712 98 8206 130 84 4618 2160 852 2458 1028 8076 4614 1432 283 295 193 10034 1149 2625 1056 1569 1535 1443 527 496 1308 148 9984 311 9906 107 1430 37206 37183 4330 8037 3182 3134 92 166 112 37174 37144 874 244 630 547 426 121 201 161 37197 8960 3232 376 203 130 2856 2565 291 28237 17811 16635 1176 1077 368 10426 1237 1051 259 73 9189 202 141 709 639 227 173 15387 5882 1539 9505 4343 5728 36270 36152 160 35992 33572 13571 8574 6279 5481 798 4997 2295 387 4919 661
is_linear=0
shrinkage=0.03


Tree=23
num_leaves=127
num_cat=0
split_feature=0 0 18 18 0 2 43 18 40 33 25 43 28 27 39 35 37 17 9 21 9 10 27 19 22 8 3 5 41 28 22 2 37 25 3 22 27 27 40 19 18 18 11 28 37 25 25 28 2 3 22 2 21 39 3 8 37 9 17 17 22 8 7 40 25 5 42 27 27 22 9 7 3 5 43 26 21 16 21 35 3 7 25 21 39 22 29 35 29 9 21 28 37 2 11 8 35 40 37 8 28 27 27 3 35 35 5 3 3 35 3 42 7 42 26 33 19 34 17 22 11 3 2 27 39 8
split_gain=10676.4 3555.48 591.84 136.38 132.185 7.7928 7.56577 7.5732 7.91869 9.08292 6.88869 9.54404 10.5243 9.6989 14.9189 8.90159 8.60943 8.51241 8.45998 7.75761 7.56525 8.30781 7.30203 7.29312 7.29306 12.2374 7.24671 7.07421 8.3871 9.60208 8.71544 7.86167 9.24978 9.39149 7.94682 7.69369 8.40469 8.3812 8.31826 8.21039 7.05346 7.02039 6.87942 6.81884 6.84656 8.88782 6.72055 7.66174 6.71195 7.63006 7.18353 7.06486 6.70405 6.67006 6.58003 6.48298 6.45147 6.44678 11.5313 7.50651 6.31349 6.86728 7.38213 6.26494 6.03498 9.9775 9.94972 7.42051 6.19419 6.00806 5.89954 5.84827 5.74789 5.71553 5.69825 5.35536 5.33637 5.28383 5.27863 9.82544 11.5163 5.77222 5.23997 5.18399 11.107 9.55786 5.18051 10.421 9.76971 9.67227 8.38464 8.01743 12.1484 10.9171 8.30935 7.95291 7.79677 10.1759 7.85897 7.65487 7.14208 6.55316 8.01446 6.1354 6.10088 6.0435 5.9027 5.50232 8.74984 7.09579 6.52766 6.26371 5.13202 5.09255 8.97594 8.14897 8.37507 7.31367 8.58839 8.10193 8.00958 7.47914 8.77864 6.57238 6.04597 10.6706
threshold=1.5000000000000002 3.5000000000000004 0.79750000000000021 0.41550000000000004 4.5000000000000009 71.65000000000002 0.029948999930671055 0.62600000000000011 3579.2857142857147 5.7500000000000009 6.7495000000000003 0.052189122260468554 30.550000000000004 21.350000000000005 2.7500000000000004 0.86833333333333373 0.09166666666666716 14.590000000000002 16.150000000000002 12.15 10.550000000000002 2.5000000000000004 16.050000000000004 97.975000000000023 44.550000000000004 2.5000000000000004 72.65000000000002 0.12500000000000003 0.048851638207543104 28.750000000000004 27.250000000000004 36.250000000000007 -0.051666666666667145 6.7325000000000008 31.750000000000004 34.050000000000004 19.650000000000002 19.150000000000002 2067.0542635658917 87.075000000000031 0.30300000000000005 0.28500000000000003 2.5000000000000004 39.250000000000007 0.10833333333333377 6.7565000000000008 6.7585000000000006 31.850000000000005 63.350000000000001 66.65000000000002 30.050000000000004 39.750000000000007 10.850000000000003 1.7500000000000002 43.250000000000007 3.5000000000000004 0.026666666666665905 21.150000000000002 23.290000000000003 15.370000000000003 34.750000000000007 3.5000000000000004 2.5000000000000004 1983.7100737100743 6.7545000000000011 0.20500000000000004 1858.3702064896756 14.250000000000002 17.050000000000004 27.850000000000005 31.550000000000004 2.5000000000000004 82.450000000000017 0.045000000000000005 0.05591100831564081 3.6550000000000007 13.950000000000001 1.0000000180025095e-35 18.450000000000003 -0.34166666666666651 41.95000000000001 2.5000000000000004 6.7545000000000011 11.450000000000001 2.7500000000000004 26.750000000000004 8.8500000000000032 -0.18666666666666601 8.3000000000000025 10.050000000000002 12.950000000000001 32.550000000000004 -0.059999999999999144 62.250000000000007 1.5000000000000002 1.5000000000000002 1.6958333333333335 2383.3001493280244 -0.17666666666666622 4.5000000000000009 34.45000000000001 15.850000000000003 17.050000000000004 59.45000000000001 -0.54999999999999993 -0.51500000000000024 0.19500000000000003 77.550000000000011 69.450000000000017 1.6325000000000001 82.450000000000017 2997.8713768115945 1.5000000000000002 4841.5824915824924 3.5450000000000004 2.2500000000000004 91.52500000000002 5.7500000000000009 3.6750000000000003 34.45000000000001 1.5000000000000002 27.650000000000002 24.850000000000005 15.050000000000002 4.7500000000000009 2.5000000000000004
decision_type=2 2 2 2 2 2 2 2 2 2 2 2 2 2 2 2 2 2 2 2 2 2 2 2 2 2 2 2 2 2 2 2 2 2 2 2 2 2 2 2 2 2 2 2 2 2 2 2 2 2 2 2 2 2 2 2 2 2 2 2 2 2 2 2 2 2 2 2 2 2 2 2 2 2 2 2 2 2 2 2 2 2 2 2 2 2 2 2 2 2 2 2 2 2 2 2 2 2 2 2 2 2 2 2 2 2 2 2 2 2 2 2 2 2 2 2 2 2 2 2 2 2 2 2 2 2
left_child=-1 3 4 10 6 73 7 8 -3 83 24 13 20 17 -15 18 19 60 -16 22 78 75 56 69 27 -26 42 31 35 30 -30 32 33 -2 -35 36 37 -29 71 -40 -32 77 -23 44 52 -46 47 -11 49 51 -50 -33 -19 -51 -38 -45 -14 59 -59 -34 61 76 -63 -43 65 67 -66 -18 -68 -21 113 -37 -7 -6 -25 -22 -12 -31 79 80 -13 -81 -80 84 -10 -85 88 90 107 99 104 92 106 -94 95 -93 98 -98 -91 103 -96 105 -103 -89 -88 -92 -90 108 109 -8 -109 -110 -24 114 -4 116 124 118 119 -117 -120 -119 -123 -118 -116 -126
right_child=1 2 70 -5 5 72 86 -9 9 46 11 12 16 14 15 -17 64 43 -20 23 21 26 112 74 25 -27 -28 28 29 41 40 48 57 34 -36 38 54 -39 39 -41 -42 63 -44 55 45 -47 -48 -49 50 53 -52 -53 -54 -55 -56 -57 -58 58 -60 -61 -62 62 -64 -65 66 -67 68 -69 -70 -71 -72 -73 -74 -75 -76 -77 -78 -79 82 81 -82 -83 -84 85 -86 -87 87 89 91 96 101 94 93 -95 100 -97 97 -99 -100 -101 -102 102 -104 -105 -106 -107 -108 110 111 -111 -112 -113 -114 -115 115 117 123 121 120 -121 -122 122 -124 -125 125 -127
leaf_value=0.03314304051618102 -0.032276893443933641 -0.01191577160380081 -0.019455145983355175 0.0019952905659688402 -0.023458391115182883 0.018737650690592352 -0.0075704556173921047 -0.02582553739651431 0.0022006426329367521 -0.0072661940176781308 0.025557877313305777 0.013770290517736976 -0.0063568141084410258 -0.025534138614722937 0.039868578130777294 -0.01564187074598929 0.024942390306547647 0.020617018801353238 0.0036546394321416531 -0.0033440154652937771 0.0019921671470404961 0.0050384747358517444 0.0049918209975842055 0.0049366137953331815 0.015931575831982823 -0.031214661777143823 -0.014137795495992639 0.0092691771050471636 0.022904537841517032 -0.015962366891099252 -0.0036916163522112415 0.013779853022348404 -0.010975173451634054 0.012838795366418031 -0.0052749840402048186 0.00035534406690329156 0.013170393198934718 0.032321372886974731 0.0056227776234371567 -0.01483915397888334 0.0092926981589047889 0.0097763284601934536 0.011961059051434724 0.03895666511933963 -0.0031906066968909593 0.01038358231804885 -0.015114022417219007 0.015562231529981584 0.020543853616960747 0.041470219477273314 -0.012957051088237536 0.0060499580308680115 0.0091316747707098495 0.014430534450111237 -0.013841065960584984 0.01016034038590863 0.017367153240677426 0.013020297802942437 -0.014141005182073769 0.0047534546875418532 0.0099764166894403105 -1.0518500039841366e-05 -0.031067474540906359 0.014915398859785291 0.0085213371047026098 -0.020700331805516319 0.01310582397707051 0.0038497962323507176 0.035090579486351518 0.0034311129984479901 -0.011879017799815391 -0.023629627058908888 -0.0091431407671708192 -0.012096432366365784 0.034724940844490661 -0.024164800264261987 -0.0042996486545704314 0.0080673736155228298 0.012513535952152559 0.012073008759603722 -0.030585751633318586 0.038938110493171613 0.043202366407759818 0.017504707007875254 -0.04151083293820225 -0.0082934659057503878 -0.021439195897216178 0.020905226394028573 -0.0067998065075551752 0.0096267634684860555 -0.012192754326812496 -0.0024322047367854615 -0.0023575708708386323 0.013657471938091756 -0.0080940160286795196 -0.01156899329368806 -0.022807149339782843 0.00040856465512607761 -0.015043520247385639 -0.01548398280141018 -0.0034980793064456014 0.0060875115691385092 -0.0047648439270575804 -0.009073721618589322 0.0013941770828091553 0.0018796909110846808 -0.01903624426488227 0.012009567929488176 -0.011302147992178307 -0.0027755807508243291 -0.018584521801702093 -0.025993309235290838 0.018288831553420339 -0.019972699881914909 -0.016446360465632609 -0.020510948327999618 -0.01410321408831817 -0.024894021530804136 -0.022891274979607197 -0.038066709228796326 -0.016225865039446927 0.00029892989944224895 -0.015212976046375013 0.02100513960803687 -0.020171655137789894 -0.0029886179309591599
leaf_weight=7478.0745505988598 9.3620637655258161 446.62102954089642 2964.7246675044298 9282.1074801683426 40.326936408877373 12.59595450758934 3532.0213925093412 25.161757901310921 9.114421561360361 19.769378960132599 7.4121683090925243 14.499330058693888 36.46475650370121 19.130125299096107 9.1124321669340151 10.634914517402647 16.978615641593933 47.589880213141441 16.049192562699318 125.8806881159544 18.70471823215485 226.84503354132175 39.421939715743065 11.804669111967089 8.8586670905351657 10.941919252276419 12.326105386018751 277.63403655588627 17.731438055634499 15.986990332603453 108.06553339958191 140.37820529937744 32.600464999675751 27.845947399735451 98.7549137622118 18.503600582480431 12.047811657190321 14.947627216577528 222.74607279896736 19.037336856126785 57.627244412899017 2095.1439330726862 303.84967522323132 13.254884719848635 91.951522439718246 81.891834035515785 14.051677659153937 39.210293740034103 7.3878420889377585 10.347983241081236 24.659590557217598 447.39228655397892 1318.4529764205217 41.392270609736443 24.208282172679901 15.466758802533148 14.267702445387838 140.81129303574562 15.493853554129599 164.63429880142212 31.8621496707201 12.61233873665333 15.338500544428824 239.57023750245571 184.35475435853004 13.288799479603766 23.876519873738289 127.53607098758221 23.14183384180069 1773.0075844824314 102.78291098773479 17.761609822511673 13.82535994052887 8860.33885397017 11.558856055140494 11.100139513611792 18.797243192791939 16.703980773687363 8.8611041009426135 16.739044636487964 8.1345559209585172 13.026832342147825 12.304719612002371 13.341103494167326 11.957551687955855 320.36696100234985 45.053958237171173 19.230588912963871 308.88359245657921 11.821224585175512 120.35201808810234 108.93125379085541 962.81252533197403 39.774872288107872 480.32482390105724 411.51500661671162 21.862443342804909 74.545545011758804 410.07689692080021 14.28188920021057 836.49091736972332 89.540527015924454 192.91849102079868 8.8560752272605878 13.562284037470816 35.318571448326111 40.250413879752159 25.855863630771637 131.0744803249836 302.75232808291912 8.1567584127187711 32.970789074897766 80.037650525569916 3899.6488472819328 331.7673953473568 61.172560259699821 8.3040840625762957 34.644215628504753 230.22682356834412 39.816929653286934 572.08025680482388 52.997636348009109 85.398296847939491 11.024659678339956 50.171042069792747 93.007653668522835
leaf_count=37319 38 1816 12968 37191 174 51 14324 103 37 80 30 59 148 77 37 43 69 194 65 511 76 921 160 48 36 44 50 1129 72 65 439 570 132 113 401 75 49 61 905 77 234 8517 1234 54 374 333 57 158 30 42 100 1817 5363 168 98 63 58 572 63 669 129 51 62 975 749 54 97 518 94 7196 448 72 56 36850 47 45 76 68 36 68 33 53 50 54 49 1301 183 78 1252 48 488 442 3900 161 1947 1670 89 303 1667 58 3390 363 782 36 55 143 163 104 532 1227 33 134 325 17079 1450 267 36 151 1006 174 2500 231 373 48 219 406
internal_value=-5.57193e-05 -0.0055603 -0.0125711 0.00455949 -0.00950054 -0.0121 -0.0069721 -0.00958956 -0.00911776 -0.00619111 0.00715309 0.00637276 0.0053859 0.00817715 -0.00420038 0.00719824 0.00449623 0.00858917 0.016935 0.00373257 0.00879797 0.00762778 0.00987422 0.00318754 0.00802266 -0.0100723 0.00847572 0.0081062 0.00884369 0.00959882 0.00297267 0.00609857 0.00320114 -0.00344011 -0.00127202 0.00566626 0.00877298 0.0104627 0.00198484 0.00399999 0.000818107 0.0101114 0.00900634 0.0090931 0.0088202 0.00319741 0.00342524 0.00788564 0.0082075 0.0088798 -0.0051476 0.00790068 0.00953438 0.0199369 -0.00481243 0.0235908 0.000306708 0.00575969 0.010311 0.00214186 -0.0005824 -0.00682867 -0.017157 0.0103049 0.00859621 0.00405439 0.0116843 0.00635381 0.0240098 0.00298104 -0.0190826 -0.0113832 0.00411257 -0.0121483 0.0198232 -0.00774747 0.00415226 -0.00365108 0.0178667 0.0126688 -0.00216958 0.0239716 0.0305442 -0.00817527 -0.022612 -0.00725267 -0.0066874 -0.00865334 -0.00639922 -0.0114591 -0.00548178 -0.00515646 -0.0034 -0.00171942 -0.00644766 -0.00966035 -0.012586 -0.0048587 -0.0143466 0.00228773 -0.00517613 -0.00404943 -0.00131836 0.0114006 -0.0161372 -0.00899121 -0.00821984 -0.00738142 -0.00748378 -0.00719238 0.00459568 -0.014278 0.0139212 -0.01917 -0.0184791 -0.0166347 -0.0134274 -0.0181047 -0.0191913 -0.0274783 -0.018143 -0.0124162 -0.00926606 0.0058496 -0.0142161 -0.00903005
internal_weight=52580 45101.9 26643.7 18458.3 18105.9 8927.09 9178.83 899.594 874.432 427.811 9176.15 4837.57 3128.01 1709.56 54.9267 35.7965 2481.62 1654.63 25.1616 2092.44 646.391 572.826 170.192 1922.25 4338.58 19.8006 543.021 4318.78 3157.72 2550.83 183.424 1161.06 489.503 135.963 126.601 606.886 328.838 292.582 278.049 241.783 165.693 2367.41 530.695 1568.61 1539.89 173.843 73.0314 58.9797 671.558 639.511 32.0474 587.77 1366.04 51.7403 36.2561 28.7216 50.7325 353.54 156.305 197.235 86.0224 54.1603 27.9508 2334.71 389.177 157.803 231.373 144.515 47.0184 1898.89 8537.77 36.2652 26.4213 8900.67 23.3635 29.8049 26.2094 32.691 73.5656 52.3998 22.6339 29.7659 21.1658 354.78 21.072 333.708 8279.24 1057.42 7221.82 560.675 496.746 3188.98 1351.72 1002.59 1837.26 520.446 518.306 96.408 421.898 42.3686 1316.82 438.13 282.459 28.0867 58.6162 155.671 349.134 4032.83 3998.82 3834.77 34.0126 164.045 119.46 8434.99 4535.34 1570.61 494.275 1076.34 903.297 100.989 802.307 173.04 138.396 19.3287 474.946 143.179
internal_count=223505 186186 111714 74472 74358 37131 37227 3655 3552 1736 37281 19650 12699 6951 222 145 10074 6729 102 8493 2625 2326 691 7802 17631 80 2205 17551 12836 10370 745 4715 1988 552 514 2466 1337 1190 1129 982 673 9625 2155 6381 6264 707 295 238 2727 2597 130 2387 5557 210 147 117 206 1436 635 801 348 219 113 9492 1581 641 940 587 191 7707 37356 147 107 37024 95 121 106 133 299 213 92 121 86 1441 86 1355 33572 4293 29279 2279 2014 12925 5476 4061 7449 2112 2107 392 1715 172 5337 1776 1145 114 238 631 1415 16354 16217 15551 137 666 485 36908 19829 6861 2159 4702 3947 441 3506 755 604 84 2075 625
is_linear=0
shrinkage=0.03


Tree=24
num_leaves=127
num_cat=0
split_feature=13 18 18 18 18 25 43 28 27 39 1 6 18 9 23 37 21 9 6 9 35 10 38 25 35 9 41 27 22 22 8 5 41 28 38 20 22 6 23 28 22 23 1 22 1 23 6 34 7 16 43 1 22 21 30 37 41 9 21 6 31 43 43 23 28 32 25 9 4 7 27 27 25 42 5 27 27 36 42 5 21 8 6 25 43 6 35 41 37 9 4 36 23 4 25 38 4 26 42 28 27 22 41 9 31 4 9 22 28 26 27 22 7 6 7 16 7 36 25 41 33 38 21 26 25 26
split_gain=10182.1 3356.01 565.441 128.6 125.309 6.49793 9.00496 9.92838 9.15322 10.4064 8.79805 8.48983 10.1879 9.57849 8.29725 8.12099 7.31682 7.16162 8.87734 7.83345 8.45716 11.3867 7.55773 7.18025 7.09043 9.2259 7.26115 6.92021 7.17249 6.86878 11.5053 6.67554 7.91363 9.05934 10.2701 11.0749 8.28 7.87116 8.71813 7.41604 7.24257 8.94029 7.05512 7.04314 8.25054 7.42527 7.25257 6.65856 8.19929 7.15076 6.36637 7.61161 8.83569 10.0416 7.2479 6.15083 6.20688 6.03289 10.2417 6.50139 5.94849 6.10256 7.99371 5.94393 8.35379 5.91885 7.3885 8.96448 6.92843 6.57134 5.75952 5.75385 5.69669 9.42111 9.38085 7.01681 5.88495 5.67943 5.87081 6.02446 5.79024 6.83028 8.69129 6.73884 5.65388 7.84502 8.16589 7.26798 5.64146 5.63669 5.79846 5.62436 5.57133 6.49499 5.36241 7.26888 6.12877 8.27032 13.7088 7.49422 8.30638 7.59927 7.40966 5.61182 7.23836 5.47162 7.3615 5.32212 5.2505 8.30088 6.46334 5.21741 5.18064 5.16365 5.15439 8.86664 5.1485 8.26336 9.3362 9.02511 7.40021 6.96161 6.59236 5.76359 5.37998 5.26747
threshold=1.0000000180025095e-35 0.51750000000000018 0.79750000000000021 0.41550000000000004 0.63800000000000012 6.7495000000000003 0.052189122260468554 30.550000000000004 21.050000000000004 2.7500000000000004 2.9150000000000005 6.8050000000000006 0.31500000000000006 11.750000000000002 43.750000000000007 0.09166666666666716 12.15 10.550000000000002 6.8550000000000013 13.15 1.070000000000001 2.5000000000000004 5.7500000000000009 6.7545000000000011 0.84999999999999998 16.150000000000002 0.048851638207543104 16.950000000000003 30.050000000000004 44.550000000000004 2.5000000000000004 0.12500000000000003 0.048851638207543104 28.750000000000004 2.2500000000000004 3.6550000000000007 33.20000000000001 6.5450000000000008 50.750000000000007 29.150000000000002 34.050000000000004 49.250000000000007 6.4050000000000011 35.45000000000001 4.4850000000000012 52.350000000000001 6.6550000000000011 5.2500000000000009 5.5000000000000009 2.5000000000000004 0.029948999930671055 3.3750000000000004 26.750000000000004 10.850000000000003 3.8950000000000005 -0.035833333333333543 0.026367848117669856 15.450000000000001 17.250000000000004 6.8650000000000011 5.2500000000000009 0.029177766339994252 0.028927612231723705 47.750000000000007 31.750000000000004 2.7500000000000004 6.7485000000000008 20.450000000000003 31.150000000000002 3.5000000000000004 13.350000000000003 14.15 6.7545000000000011 1858.3702064896756 0.20500000000000004 14.250000000000002 17.050000000000004 -0.065833333333333285 3243.519846963176 0.055000000000000007 19.850000000000005 2.5000000000000004 6.7150000000000007 6.7525000000000004 0.030401586252478501 6.8450000000000006 0.74416666666666675 0.024473579812845602 0.14666666666666697 31.550000000000004 46.350000000000001 -0.11249999999999993 40.050000000000004 40.650000000000013 6.7315000000000014 4.2500000000000009 30.450000000000003 3.7150000000000003 2835.2083333333335 41.650000000000013 22.850000000000005 33.95000000000001 0.024627904768936951 24.750000000000004 2.7500000000000004 47.350000000000001 14.550000000000002 37.650000000000013 35.150000000000013 3.3350000000000004 18.550000000000004 37.750000000000007 3.5000000000000004 6.4350000000000014 4.5000000000000009 1.0000000180025095e-35 6.5000000000000009 -0.019166666666666596 6.7445000000000013 0.043349687674808811 4.2500000000000009 3.7500000000000004 13.050000000000002 3.5950000000000002 6.7525000000000004 3.4650000000000003
decision_type=2 2 2 2 2 2 2 2 2 2 2 2 2 2 2 2 2 2 2 2 2 2 2 2 2 2 2 2 2 2 2 2 2 2 2 2 2 2 2 2 2 2 2 2 2 2 2 2 2 2 2 2 2 2 2 2 2 2 2 2 2 2 2 2 2 2 2 2 2 2 2 2 2 2 2 2 2 2 2 2 2 2 2 2 2 2 2 2 2 2 2 2 2 2 2 2 2 2 2 2 2 2 2 2 2 2 2 2 2 2 2 2 2 2 2 2 2 2 2 2 2 2 2 2 2 2
left_child=1 3 4 5 50 29 8 17 10 -10 14 114 13 -13 -7 16 27 18 22 20 21 -19 23 -8 25 -11 -27 112 -29 31 -31 37 39 34 35 -34 -36 38 -1 107 41 -41 -42 92 46 -46 -45 49 -49 -35 51 54 53 -53 65 -56 -57 58 -21 -59 -54 62 -62 64 -18 68 67 -67 -3 -68 -16 -65 74 -74 75 -17 -75 78 -6 -80 81 82 -81 -83 85 87 88 -52 -87 -4 -91 -5 -39 -94 95 105 97 102 -99 100 -98 -101 -96 104 -97 106 -86 -33 110 -110 -89 -82 -9 -93 -12 -116 -115 120 123 124 -118 -122 -121 125 -120 -119
right_child=-2 2 89 91 77 6 7 15 9 24 11 12 -14 -15 70 72 63 19 -20 57 -22 -23 -24 -25 -26 26 -28 28 -30 30 -32 32 33 47 36 -37 -38 43 -40 40 42 -43 -44 44 45 -47 -48 48 -50 -51 84 52 60 -55 55 56 -58 59 -60 -61 61 -63 -64 71 -66 66 69 -69 -70 -71 -72 -73 73 76 -76 -77 -78 -79 79 80 111 83 -84 -85 94 86 -88 108 -90 90 -92 113 93 -95 96 103 99 98 -100 101 -102 -103 -104 -105 -106 -107 -108 -109 109 -111 -112 -113 -114 116 115 -117 117 118 119 122 121 -123 -124 -125 -126 -127
leaf_value=0.0033407191743552393 0.032641595557869219 0 -0.018703031593558194 -0.023070732265139331 -0.021698741991086113 -0.029994351967175807 0.0031780683227697866 -0.0022802430854932335 -0.01843672905933293 0.037303747826205422 0.0094078298129611614 -0.0042800585155351413 -0.026127133752753485 0.0079356215859534285 0.024994234150256308 0.024277340101582171 -0.0086431718529852881 -0.015100388723421584 0.03912183444628526 0.0093282382334680322 -0.01844554447922335 0.012994889124383301 -0.014846525556979694 0.025914429608208188 -0.01318188408447549 -0.019438509748929092 0.017830626829977297 0.020948705830722416 0.0036133603566253902 0.015490023297118157 -0.030227610623861069 0.020707775707888263 0.0078070929147805671 0.0093824721580395079 0.00546123772376502 0.044978784933067159 -0.010057463865911167 0.025092073767262624 -0.033357775539553824 0.0038574569090867104 0.0028793517886096095 0.014733917676176952 -0.011097562607055873 -0.011722835368512943 0.022003652353871663 0.0097471068244819291 0.007115440522359291 0.012229153692777594 0.029415706467033672 -0.0031187679491971967 0.020799103221702486 -0.019769177384510599 -0.0095650729628522571 0.014476465343201779 -0.040732266549978607 -0.00017420591859057356 -0.027809709559501686 0.0090668109159018056 0.040271521183811256 -0.0022489361081249469 0.00062251381851745802 -0.013479704675209649 0.035402712839572373 -0.001859247873197131 0.0019596925989780398 -0.0034141765859910626 -0.0040776566418544782 -0.044034052399846355 -0.030739927592100862 0.026305890721155863 -0.00090722871273979865 0.0047896644557240756 0.0082747759412255956 0.012735599124868822 -0.020035190194728041 0.0037361840524907678 0.034201187536557869 -0.011608690956863012 -0.022101370501893609 0.015222511119026351 0.016065657471539509 -0.010978991613025447 -0.012466165260328984 -0.027436942803403357 0.014964196724709356 0.027325465782307018 -0.010738608887127113 -0.0050489644342317863 -0.0014466703136727824 -0.0093535473407578233 -0.035035907410919373 0.026777493705385406 0.0059099027450945944 -0.00055609298162558301 0.023708872829384935 -0.0098204908001915808 -0.0070044088876673087 0.015719154154531737 -0.010757826439270996 0.028809330014794625 -0.018711863941732156 -0.010310276870744359 -0.0056376099089589212 -0.0066887990885448551 -0.041107562333527956 -0.031933646767946654 -0.009488327748975069 -0.0066449059969512008 0.0098311916858968961 -0.02011109869873659 0.015847150930738213 -0.010903374826316434 0.015156765165812013 0.0020469967795196083 0.021315402130001271 0.0079424163250988947 0.014233076680168355 -0.0010139845086244853 -0.01221505794165287 0.0077970399406657332 -0.023522548365632424 0.0088233825435810199 -0.020104189925656199 -0.016363604717810728 0.0099861070401797807 0.023464156863356751
leaf_weight=14.808911830186846 7366.8569319695234 9.5799035131931323 8387.044146746397 7.9791748374700537 101.2538233101368 7.9548592418432227 21.624928683042526 53.183563694357872 24.586041674017906 10.048529833555223 918.91096620261669 67.840852722525597 8.8990522623062116 381.49897304177284 8.6009336113929731 16.923982441425323 77.59266272187233 18.724489793181419 13.713978871703146 30.021755695343018 19.475905910134315 41.594082355499268 7.8722785264253607 30.175663575530052 11.878640428185461 8.1339504569768923 10.857417792081831 62.209434613585472 33.204531028866768 8.8409737348556536 10.96316249668598 42.324349015951157 51.411806851625443 1939.2419401705265 63.757740691304207 8.3435226678848249 59.842967674136162 11.804540321230887 9.4212369620800001 195.0409394800663 218.70833776891232 104.88586263358593 38.057090014219284 21.441889017820358 65.824930757284164 140.51730234920979 124.27636906504631 356.24086062610149 26.995278373360634 41.846426218748093 9.6136706471443159 10.257420390844343 671.30764158070087 29.825120702385902 15.665786653757094 11.816770896315576 19.582983314990997 396.82974041998386 14.265298202633856 51.369466736912727 29.499960899353027 18.194054022431374 7.3803003877401343 129.01300282776356 479.67274318635464 14.497369021177294 19.6409085392952 7.3649207949638358 20.591136544942856 9.351411044597624 68.225109979510307 1235.2338876277208 184.15848051011562 23.837006017565727 13.320886284112929 127.47580529749393 23.035523548722267 8624.066617205739 49.715484634041786 15.593732029199598 13.165016517043115 62.857638999819756 28.981779158115387 35.361553132534027 13.524561360478399 20.238542899489406 11.846718594431875 109.69418589770794 8.6290667951107007 93.80349500477314 8.6267902702093107 7.4477901756763449 589.34324471652508 182.72844636440277 7.6554590910673133 10.530689850449564 5583.7333430051804 42.456560537219048 29.861318826675415 10.386725679039957 55.176438808441162 7.6453557312488547 2153.0884238779545 13.722842365503309 19.075826197862625 7.3599805086851111 58.659202963113785 7.3988141864538184 10.351764366030691 40.40334290266037 15.041132196784018 12.436024412512777 21.383630827069283 9047.8926595449448 94.631984397768974 85.611274540424347 40.372149720788002 14.720469370484354 16.731766074895859 8.4794420152902585 11.491125896573068 12.224526792764662 65.938297346234322 7.9873702079057685 23.469226136803627 16.708435729146004
leaf_count=60 37319 39 36908 32 429 32 88 216 99 41 3743 276 36 1553 35 69 315 76 56 122 79 169 32 123 48 33 44 253 135 36 44 172 209 7894 259 34 243 48 38 794 889 427 154 87 268 572 505 1451 110 170 39 42 2730 121 64 48 80 1613 58 209 120 74 30 524 1947 59 80 30 84 38 276 5016 749 97 54 518 94 35938 214 65 55 263 121 148 55 82 48 445 35 410 38 30 2395 742 31 43 22664 172 121 42 224 31 8732 56 78 30 239 30 42 164 61 52 87 36255 386 349 162 59 67 34 46 49 264 32 94 67
internal_value=-5.35378e-05 -0.00540427 -0.0122304 0.00442512 -0.00923079 0.00694536 0.00618717 0.00522835 0.007941 -0.00303532 0.00837991 0.00889231 0.00545298 0.00608743 -0.00101452 0.00436415 0.00362247 0.00854453 0.0173798 0.00740608 -0.0012959 0.00423798 0.0123009 0.0164761 0.00620449 0.0142039 0.00177158 0.0095911 0.0149417 0.00779042 -0.00976767 0.00787159 0.00858854 0.00932266 0.00288519 0.0130888 -0.00204228 0.00592058 -0.0109453 0.00550087 0.00450379 0.00766965 0.000798377 0.00628259 0.00981133 0.0136731 0.00432703 0.00982111 0.0134511 0.00911751 -0.00675859 -0.00916711 -0.00802993 0.00564803 -0.0159484 -0.0253285 -0.0174907 0.00881903 0.0193974 0.00776632 -0.00878743 0.000664274 0.00770004 0.00309322 0.000479391 -0.0104569 -0.00415895 -0.0173046 -0.0209739 0.00572767 0.00200175 0.00415971 0.0083486 0.0113521 0.00393519 0.00616917 0.0233672 -0.0117552 -0.0157016 -0.0129021 -0.0101657 -0.0125219 -0.00273394 -0.0169414 -0.00649679 -0.00180525 0.0100906 -0.00443392 0.0186979 -0.0186172 -0.0115632 0.00193557 0.00469478 0.00437776 -0.00662879 -0.0128605 -0.00653139 -0.00519749 0.00476587 -0.00705758 -0.00711956 0.012175 -0.00553185 -0.0227525 -0.0301001 -0.00743147 -0.00487172 0.0166024 -0.00583583 -0.0139674 -0.00250653 0.0029153 0.00271368 0.0019575 0.0103242 0.0149798 0.0019371 -0.0026135 -0.00638375 -0.0107174 0.00642076 -0.00681941 -0.0168987 0.00617542 0.000701318 0.0119848
internal_weight=52382.1 45015.3 26566.2 18449.1 18076.7 9167.66 4833.59 3125.91 1707.68 65.5046 1642.17 1557.39 458.239 449.34 84.7809 2480.25 2091.49 645.668 73.3868 572.281 79.7945 60.3186 59.6729 51.8006 40.9185 29.0399 18.9914 169.981 95.414 4334.07 19.8041 4314.26 3154.1 2547.68 183.356 59.7553 123.601 1160.17 24.2301 606.415 556.692 299.927 256.765 1135.94 352.06 206.342 145.718 2364.32 383.236 1981.09 9133.25 894.556 766.464 40.0825 128.091 47.0655 31.3998 492.486 44.2871 448.199 726.382 55.0743 36.8803 1921.51 557.265 81.0256 50.8546 21.8623 30.171 28.9923 76.826 1364.25 388.752 231.031 157.721 144.4 46.8725 8943.43 319.365 218.111 168.396 142.795 44.5755 98.2192 8238.7 225.818 40.7143 185.104 28.8676 8489.47 102.43 9281.44 783.876 772.072 8012.88 122.873 7890 2233.06 72.3179 5656.94 5638.91 18.0321 2160.74 43.3294 29.6065 79.5437 72.1838 49.7232 175.49 50.7551 124.735 25.601 74.5672 9273.46 1099.15 180.243 9266.02 218.123 154.035 114.619 64.0878 23.7157 74.4177 39.4163 40.201 31.4289
internal_count=223505 186186 111714 74472 74358 37281 19650 12699 6951 265 6686 6343 1865 1829 343 10074 8493 2625 299 2326 324 245 243 211 166 118 77 691 388 17631 80 17551 12836 10370 745 243 502 4715 98 2466 2264 1221 1043 4617 1432 840 592 9625 1561 8064 37073 3639 3117 163 522 192 128 2002 180 1822 2954 224 150 7802 2262 330 207 89 123 118 311 5540 1581 940 641 587 191 37285 1347 918 704 597 186 411 33434 916 165 751 117 37356 448 37191 3185 3137 32518 501 32017 9056 293 22961 22888 73 8763 177 121 324 294 202 712 206 506 107 303 37159 4478 735 37129 874 617 459 257 95 298 158 161 126
is_linear=0
shrinkage=0.03


Tree=25
num_leaves=127
num_cat=0
split_feature=0 18 18 0 18 22 17 40 10 23 17 19 4 5 10 37 4 37 4 40 40 18 4 4 11 43 22 22 25 20 20 43 26 37 34 27 5 5 30 20 43 23 18 37 19 36 38 37 5 22 20 23 40 4 27 27 21 27 27 22 25 20 5 35 35 36 4 17 33 27 33 23 38 41 1 23 1 36 25 17 1 35 22 36 41 10 27 16 17 26 19 4 25 42 37 37 16 43 23 17 42 36 20 11 20 25 37 40 27 37 27 35 16 11 25 30 5 7 37 26 38 7 27 25 26 26
split_gain=9593.05 3357.52 571.161 135.485 130.732 7.54983 7.29757 6.9103 6.85722 7.44263 7.31106 8.83255 7.95639 7.71826 7.07088 6.71605 10.0245 6.58266 9.57222 7.923 8.30678 11.2881 7.2441 9.14781 6.57073 8.10236 9.15343 8.88011 8.78508 8.47803 8.00328 8.92492 7.69881 7.29606 9.50026 6.88995 6.69017 6.62536 9.70712 6.57047 6.38032 8.18241 6.95308 6.22363 6.56153 9.00879 6.17894 6.88502 6.28995 6.17317 9.72299 8.39148 11.0216 9.52358 7.43028 11.1252 9.4409 7.05073 10.9009 11.4768 11.7413 9.80352 8.44121 7.34574 10.1317 6.5641 11.2853 7.72996 6.17111 10.809 8.36245 8.25375 7.81365 7.1297 6.78139 8.0697 7.9767 6.62755 9.51429 6.02943 6.01763 5.89319 8.37703 6.59083 5.88912 10.3209 8.44604 8.77793 8.66805 10.7708 9.33565 7.20287 7.00474 6.70936 6.51772 7.46224 5.93541 5.8754 5.81325 5.79632 9.05854 6.21205 5.77787 5.70386 6.07979 5.54838 5.4474 5.41325 5.33624 5.32908 5.31305 5.31065 5.27339 11.2254 19.1301 10.4021 9.49153 8.6946 8.44285 8.36683 8.5521 11.1797 8.1976 6.97271 11.4737 7.41377
threshold=1.5000000000000002 0.55800000000000016 0.79750000000000021 4.5000000000000009 0.41550000000000004 41.850000000000001 7.5850000000000009 1695.5996131528047 7.5000000000000009 62.250000000000007 25.310000000000006 65.075000000000031 53.45000000000001 0.24500000000000002 2.5000000000000004 -0.056666666666666143 15.050000000000002 0.038333333333333504 52.250000000000007 1481.0000000000002 1928.119594761552 0.31100000000000005 23.850000000000005 20.250000000000004 1.5000000000000002 0.030712070599711001 42.050000000000004 29.050000000000004 6.7505000000000015 3.5250000000000004 3.5650000000000004 0.030233860256777451 3.5950000000000002 0.058333333333333057 4.7500000000000009 20.050000000000004 0.055000000000000007 0.065000000000000016 4.2250000000000005 3.1350000000000002 0.053822320659194907 55.750000000000007 0.30500000000000005 0.15499999999999978 78.975000000000023 -0.019999999999999945 1.2500000000000002 0.016666666666667003 0.20500000000000004 28.550000000000004 3.5550000000000002 43.150000000000013 2467.0289855072465 40.850000000000001 18.250000000000004 19.550000000000004 17.850000000000005 12.750000000000002 11.550000000000002 31.550000000000004 6.7555000000000005 3.3950000000000005 0.055000000000000007 1.9700000000000006 -0.2566666666666661 0.049166666666666602 26.450000000000003 10.490000000000002 4.2500000000000009 11.750000000000002 5.7500000000000009 48.850000000000001 4.2500000000000009 0.049929662598111262 6.705000000000001 49.550000000000004 7.0550000000000006 0.052499999999999956 6.7425000000000006 13.645000000000001 3.4750000000000005 2.2666666666666675 25.550000000000004 0.045833333333333302 0.061756784193388356 11.500000000000002 14.850000000000003 2.5000000000000004 24.670000000000005 3.6250000000000004 68.175000000000026 35.95000000000001 6.7615000000000007 1910.0458715596333 -0.0083333333333332482 0.029999999999999753 1.0000000180025095e-35 0.057395174226895961 46.650000000000013 15.970000000000002 1940.838270792188 0.054999999999999959 3.7250000000000005 2.5000000000000004 3.4950000000000006 6.7465000000000011 0.09166666666666716 3835.2419354838717 18.850000000000005 0.0091666666666667014 16.250000000000004 -1.7974999999999999 1.0000000180025095e-35 2.5000000000000004 6.7665000000000015 3.8450000000000002 0.065000000000000016 4.5000000000000009 0.12833333333333427 3.5950000000000002 5.2500000000000009 3.5000000000000004 18.350000000000005 6.738500000000001 3.4850000000000008 3.3450000000000002
decision_type=2 2 2 2 2 2 2 2 2 2 2 2 2 2 2 2 2 2 2 2 2 2 2 2 2 2 2 2 2 2 2 2 2 2 2 2 2 2 2 2 2 2 2 2 2 2 2 2 2 2 2 2 2 2 2 2 2 2 2 2 2 2 2 2 2 2 2 2 2 2 2 2 2 2 2 2 2 2 2 2 2 2 2 2 2 2 2 2 2 2 2 2 2 2 2 2 2 2 2 2 2 2 2 2 2 2 2 2 2 2 2 2 2 2 2 2 2 2 2 2 2 2 2 2 2 2
left_child=-1 4 3 6 8 49 46 110 9 10 12 -12 13 99 -14 40 -17 39 19 -19 22 79 23 -21 25 26 30 33 29 -29 31 -9 -30 35 -35 -27 80 38 -38 -10 41 -13 -42 44 111 -46 47 -3 -48 50 103 52 53 54 56 -56 -51 58 63 60 -60 -61 98 64 -53 67 -67 -64 73 -70 72 -72 -71 77 75 -75 -76 -52 -79 -22 -26 83 -83 -39 86 94 88 92 89 -41 -90 -87 -88 -89 96 -96 -86 -16 -59 101 -101 -2 -18 -6 -105 -24 -23 -32 -100 -54 -5 -7 113 119 116 123 122 -118 -116 -8 121 -121 -115 124 -114 -125
right_child=1 2 -4 7 5 43 112 24 17 -11 11 15 14 -15 97 16 102 18 -20 20 21 106 105 -25 36 27 -28 28 32 -31 107 -33 -34 34 -36 -37 37 81 -40 84 42 -43 -44 -45 45 -47 48 -49 -50 51 68 57 109 -55 55 -57 -58 62 59 61 -62 -63 65 -65 -66 66 -68 -69 69 70 71 -73 -74 74 76 -77 -78 78 -80 -81 -82 82 -84 -85 85 91 87 93 90 -91 -92 -93 -94 -95 95 -97 -98 -99 108 100 -102 -103 -104 104 -106 -107 -108 -109 -110 -111 -112 -113 115 114 118 -117 117 -119 -120 120 -122 -123 -124 125 -126 -127
leaf_value=0.032071233088393804 0.0053794595517864356 0.020146141707995443 -0.018449064711476136 -0.013247643396288098 0.025360840234932024 -0.012339732276910481 -0.0098802578604780273 -0.0080931780037763017 -0.012375831060224458 0.026049860789848188 -0.026280740632995275 0.012654379904895043 -0.032383420549189412 0.022987618209831931 -0.0077122049165953051 -0.025654049388010868 0.0040876163465539571 -0.0088482752265040127 -0.013179593735901109 0.01570531140975397 -0.017764839804581007 0.0021025890106368727 0.01791337572837165 -0.009341062543763063 0 -0.012724318856518336 -0.024661945371075647 -0.014029596400584644 -0.019967382487035334 -0.0042181089153509425 -0.0094447281872107724 0.0032126832303081146 -0.0089636634201011398 -0.0058774694620421647 0.025040699993688079 0.015950752599439733 -0.0273562040465203 -0.012067207728997586 0.006104794506208518 0.0030181899675358888 0.0074422444854834032 -0.004101677752369858 -0.0029491111158325483 0.034556790296819767 -0.026253926023998383 0.0052623111159437004 -0.022972173958855542 -0.01924153968171893 0.0055529107185875977 -0.0045923599405582769 0.0076877732610052792 -0.0013061346795135108 -0.0082226803683648486 0.010419109437607717 -0.031828951065357519 0.00085411349627310528 0.022869117089974529 -0.009999142538501626 -0.0079768745140246407 -0.0090722314681481193 -0.035214566646851839 0.0026652125743350302 0.0099530999085199381 -0.017319756958866159 0.013125992448265207 -0.0048979994812338697 0.0065154816229871437 0.0015773438479913045 0.030575201547644988 -0.00029746770248897123 0.0062518359133094505 -0.017123034398808409 -0.012510807155400192 0.0037985760953742074 -0.038838072401174518 -0.025234161329747706 -0.0031389150355938238 -0.033337267753137736 0.0022673221902744412 0.0093615562326723502 -0.027211156680114385 0.021614392416903178 -0.0089134518503755627 -0.015320915763428389 0.0031409350357403647 -0.00027420382889901799 0.008802887345884294 -0.021238541018781153 -0.01522072638950645 0.015603300879860608 0.0025924661425303758 -0.028967031816360716 0.015970223613671095 0.011049885914172141 -0.0070585920716367979 0.017179574353447653 0.014958953158661793 0.022639934379937294 0.022362906106008818 0.0067896944767232735 0.010399449325283279 -0.0086411942519051838 0.011067505871023028 -0.0095888612273563236 0.015696122528682237 0.011807000156063421 -0.025042276678667749 -0.01543960849129785 -0.0020592720246155266 -0.034511258677181418 0.016151651963772135 0.010653597081629747 0.0192342776416351 -0.00016094903021930318 0.011762976259642023 -0.0052155929344766642 -0.0072846749932298669 -0.0024293795194091721 -0.020231651432184448 0.00043210005228549363 -0.014487558578791047 -0.010801941518418188 0.029982031273505284 0.0055948148297653138 -0.015043989185718901 -0.012857198291758467
leaf_weight=7203.9494528770447 557.4878076761961 8.2758572548627836 8507.8280458450317 8.9203688800334948 28.183113947510719 9.4576218426227552 1510.4706848710775 1042.0920775383711 14.982908576726912 17.548685505986214 7.8690927624702445 278.99871975183487 7.4282510727643958 28.802179113030434 21.988832876086239 9.8364161401987058 1637.0842030644417 18.402602866292 15.351949632167814 24.29071506857872 7.417408123612403 13.008299425244333 204.01727756857872 28.26581309735775 8.6888290047645551 84.823775976896286 33.909453392028809 249.9188104569912 269.35630771517754 116.95108617842197 351.85533101856709 66.624385342001915 73.674779489636421 24.484101966023445 13.92568317055702 8.1467597782611829 9.7628809660673124 5311.9874948561192 37.206492826342583 151.75686590373516 250.95540697872639 28.758529514074326 75.048427984118462 7.4407356381416312 11.721821472048758 26.15271882712841 57.205518648028374 7.5261092483997336 7.7860416173934928 91.867015868425369 500.93368954956532 86.588623583316803 13.980214864015581 45.430108472704887 20.223708286881447 17.226169839501381 12.733978465199469 7.9697538316249839 55.414818063378334 102.8160794377327 19.224598258733749 169.20524448156357 100.72372248768806 12.983870193362234 88.063074380159378 90.636336877942085 549.27360810339451 6339.4295717477798 10.219202056527136 133.21338006854057 160.62973234057426 14.727755874395369 73.094857692718506 164.17114323377609 7.9901135563850429 8.9849936962127668 18.973749697208405 8.2284740060567838 35.395059838891029 328.46286368370056 44.931686595082283 8.2039083838462812 287.50502088665962 632.49629969894886 78.627259626984596 18.445831894874573 1246.1979392766953 14.779874801635744 31.474856689572334 102.9737596064806 163.87292297184467 13.782130911946295 136.9259387254715 9.3359277695417386 55.776653736829758 14.256373256444929 75.233125582337379 7.6541408598422995 39.348536342382431 1969.2345513552427 921.88470448553562 29.802641868591309 114.44949387013912 12.472912043333052 26.447651609778404 403.41014610230923 13.293244823813437 224.03333881497383 9.9592151492834073 14.224726244807242 14.115570232272146 155.31936702132225 17.712006956338882 29.294707074761391 73.029147937893867 4155.5407165288925 2069.8518268167973 396.66729736328125 8.1394103169441205 243.08019742369652 73.329586252570152 118.36168842017651 11.0818774998188 20.699870824813843 17.226331040263176 320.93785488605499
leaf_count=37052 2264 34 37651 37 113 38 6144 4353 61 72 32 1135 30 118 89 40 6660 75 62 99 30 53 832 115 37 354 142 1045 1126 488 1466 278 308 102 58 34 41 22205 156 618 1020 117 305 30 47 105 235 31 32 368 2008 347 56 182 81 69 51 32 222 412 77 678 405 52 353 364 2206 25394 41 534 644 59 293 658 32 36 76 33 142 1339 196 34 1197 2645 320 75 5074 60 128 419 667 56 557 38 227 58 306 31 158 8016 3759 121 466 50 106 1643 54 935 40 57 58 625 72 119 296 16878 8403 1610 33 988 298 481 45 84 70 1304
internal_value=-7.15694e-05 -0.00521414 -0.0120396 -0.00902167 0.0046179 0.00211305 -0.00645528 -0.0116518 0.00716412 0.0065625 0.00650431 0.00522424 0.00737159 0.00751796 -0.0064187 0.00532946 0.00437421 0.00829035 0.0102312 0.0105793 0.0109314 0.00726776 0.0129382 0.00221429 -0.0116943 -0.0104059 -0.00922061 -0.012824 -0.0141514 -0.010908 -0.00890745 -0.00741221 -0.0176117 -0.00563457 0.00532905 -0.010181 -0.0122141 -0.0121232 -0.00086176 0.00732633 0.00798085 0.0110829 0.00504531 0.00773673 0.00672803 -0.00449562 -0.0154418 0.00128935 -0.0195285 0.00198284 0.00398486 0.00167708 -0.00415544 -0.00151158 -0.00534241 -0.0167932 -0.00121626 0.00184131 -0.00148091 -0.00463514 -0.0150502 -0.00176739 0.00209023 0.00433797 0.00596561 0.00199708 0.00489603 0.00170873 0.00332722 0.000275746 -0.000539397 0.00427146 -0.00463588 0.00493078 8.07559e-05 0.00226973 -0.0138774 0.00671002 -0.00447516 0.00875294 -0.0228007 -0.0122077 -0.00805442 -0.0124139 0.00746729 0.00319137 0.00805592 0.00920112 0.00447073 0.00811568 -0.000276278 -0.0126426 0.00951462 -0.0086828 0.00548189 -0.00208567 0.0089353 0.000124387 0.0135555 0.00738878 0.00794157 0.00466406 0.00454516 0.0150798 0.00755077 0.013863 -0.011603 -0.0117817 0.0174056 -0.021609 0.00469427 0.00931808 -0.00637486 -0.00709984 -0.00580345 -0.00564921 -0.00626798 -0.00650458 0.00851522 -0.00882348 -0.00514716 -0.00324454 0.00812876 -0.0104276 0.00229588 -0.0117335
internal_weight=52231.9 45027.9 26577.7 18069.8 18450.3 9301.08 9146.22 8923.61 9149.17 5964.83 5947.28 2403 3544.28 3507.21 37.0712 2395.13 1761.37 3184.34 1055.92 1040.57 1022.17 362.182 659.984 52.5565 8900.58 2559.8 1718.51 841.281 709.901 366.87 1684.61 1108.72 343.031 131.38 38.4098 92.9705 6340.78 6287.16 46.9694 2128.42 633.761 307.757 326.004 210.092 202.652 37.8745 80.7935 15.802 64.9916 9090.99 1203.67 7887.32 215.686 187.481 142.051 37.4499 104.601 7671.64 534.296 346.661 74.6394 272.021 7137.34 187.636 174.652 7080.06 639.91 6440.15 1136.56 391.885 381.666 175.357 206.308 744.677 200.12 173.156 26.9639 544.557 43.6235 335.88 53.6205 6240.19 295.709 5944.48 2113.44 256.121 1857.32 1407.24 450.078 254.731 195.348 32.228 1383.12 24.1158 223.893 70.033 153.86 29.643 57.2775 3478.41 2891.12 587.29 1751.53 67.1037 38.9206 607.427 26.3015 575.889 49.3078 28.2049 23.0359 164.777 9065.42 4533.31 2588.06 4532.12 2506.9 2466.52 81.1686 1945.24 434.771 361.442 40.3766 376.576 34.9383 341.638
internal_count=223670 186618 112103 74452 74515 37274 37157 37295 37241 24275 24203 9775 14428 14278 150 9743 7166 12966 4302 4240 4165 1476 2689 214 37200 10689 7174 3515 2967 1533 7032 4631 1434 548 160 388 26511 26278 197 8664 2577 1252 1325 845 815 152 332 65 267 36429 4825 31604 864 751 569 150 419 30740 2141 1389 299 1090 28599 752 700 28369 2570 25799 4556 1571 1530 703 827 2985 802 694 108 2183 175 1369 233 26081 1231 24850 8603 1042 7561 5729 1832 1037 795 131 5631 98 911 285 626 120 230 14160 11775 2385 7126 269 156 2475 107 2401 198 113 95 663 36825 18417 10506 18408 10177 10013 329 7911 1767 1469 164 1530 142 1388
is_linear=0
shrinkage=0.03


Tree=26
num_leaves=127
num_cat=0
split_feature=0 18 18 0 18 22 17 40 10 23 17 19 4 37 4 24 37 10 21 23 37 37 40 37 4 18 4 18 4 36 32 3 36 19 37 19 36 38 37 22 23 23 28 4 8 19 27 27 22 34 3 30 27 38 25 3 36 4 40 40 4 40 36 28 28 25 25 21 27 23 3 28 26 43 33 32 36 37 3 28 4 40 4 22 37 37 8 32 42 21 26 43 37 36 25 43 2 42 36 26 8 37 26 3 18 28 27 21 19 37 22 22 37 30 37 36 21 8 42 28 37 25 16 43 28 36
split_gain=9152.12 3169.05 545.715 128.437 123.277 7.11102 6.90204 6.52618 6.47253 7.06381 6.77114 8.30245 7.86885 6.51607 9.41182 6.45729 8.218 6.44691 6.34877 9.08163 6.32035 12.457 7.22837 7.73494 6.44489 7.54822 6.15103 6.12284 9.20047 15.0254 6.44216 6.08037 6.04013 6.03227 5.88877 6.17896 8.47392 5.84526 6.48202 5.80982 7.99907 10.9134 7.65841 9.37914 8.41997 6.52739 6.72022 10.6628 9.82483 7.14701 6.51258 7.14178 11.4011 8.0853 6.85831 6.112 6.00397 11.2978 6.56575 5.98944 17.881 9.24195 8.87129 8.73354 8.72351 9.50905 8.19612 7.98633 8.57917 6.38956 9.16584 6.21317 6.02007 7.93773 7.00225 5.93517 5.82488 5.79494 11.7834 8.4087 7.92074 7.29377 6.88507 6.18291 7.15073 9.96616 6.18195 7.41523 5.78708 5.76046 5.70756 5.68179 8.15881 6.44281 5.60823 5.44891 5.43942 5.34521 7.60604 6.32616 5.27677 6.39558 5.18557 5.18213 7.53582 5.39299 5.13511 5.12849 5.4571 5.57772 5.40533 8.26333 6.66255 6.29495 6.24294 8.80171 10.1297 6.76564 5.80017 5.56899 5.29965 5.1098 5.08325 5.05051 5.04689 11.3343
threshold=1.5000000000000002 0.55800000000000016 0.79750000000000021 4.5000000000000009 0.41550000000000004 41.850000000000001 7.5850000000000009 1695.5996131528047 7.5000000000000009 61.800000000000004 25.310000000000006 65.075000000000031 53.45000000000001 -0.056666666666666143 15.050000000000002 0.15550000000000003 -0.10666666666666684 2.5000000000000004 18.550000000000004 55.850000000000001 0.016666666666667003 -0.012500000000000148 1811.8845843422116 0.09000000000000026 32.250000000000007 0.31500000000000006 33.45000000000001 0.31300000000000006 35.050000000000004 0.00083333333333331398 1.2500000000000002 61.250000000000007 -0.10083333333333329 75.625000000000014 0.15499999999999978 78.975000000000023 -0.019999999999999945 1.2500000000000002 0.016666666666667003 28.550000000000004 42.650000000000013 41.750000000000007 34.350000000000001 36.050000000000004 3.5000000000000004 39.775000000000006 12.750000000000002 11.550000000000002 31.550000000000004 5.2500000000000009 50.45000000000001 3.3750000000000004 18.250000000000004 2.2500000000000004 6.7555000000000005 44.850000000000001 0.049166666666666602 26.450000000000003 2491.9871794871801 2451.1416709911787 32.45000000000001 2175.3787878787884 0.022499999999999954 29.450000000000003 28.150000000000002 6.7535000000000007 6.7355000000000009 15.950000000000001 13.050000000000002 42.050000000000004 52.45000000000001 26.950000000000003 3.4650000000000003 0.043130938320163459 2.7500000000000004 2.7500000000000004 -0.015833333333333297 0.038333333333333504 29.650000000000002 28.350000000000005 52.250000000000007 1481.0000000000002 25.050000000000004 32.150000000000013 0.0091666666666667014 -0.084999999999999437 3.5000000000000004 1.7500000000000002 2879.1575252303651 16.550000000000004 3.6150000000000007 0.054290396342534554 -0.073333333333332737 0.0058333333333333006 6.7475000000000014 0.048198709291380308 21.550000000000004 2063.1965944272447 -0.020833333333333297 3.6350000000000002 9.5000000000000018 -0.051666666666666243 3.4050000000000007 25.450000000000003 0.29700000000000004 37.050000000000004 17.150000000000002 10.850000000000003 48.025000000000013 -0.0058333333333332989 29.250000000000004 29.450000000000003 -0.14250000000000002 4.7750000000000012 -0.07999999999999953 -0.045833333333333288 16.850000000000005 1.5000000000000002 4250.8064516129043 32.150000000000013 -0.16166666666666654 6.7505000000000015 1.0000000180025095e-35 0.057395174226895961 27.050000000000004 -0.019166666666666596
decision_type=2 2 2 2 2 2 2 2 2 2 2 2 2 2 2 2 2 2 2 2 2 2 2 2 2 2 2 2 2 2 2 2 2 2 2 2 2 2 2 2 2 2 2 2 2 2 2 2 2 2 2 2 2 2 2 2 2 2 2 2 2 2 2 2 2 2 2 2 2 2 2 2 2 2 2 2 2 2 2 2 2 2 2 2 2 2 2 2 2 2 2 2 2 2 2 2 2 2 2 2 2 2 2 2 2 2 2 2 2 2 2 2 2 2 2 2 2 2 2 2 2 2 2 2 2 2
left_child=-1 4 3 6 8 39 37 -5 9 10 12 -12 27 18 -15 77 106 -14 31 -20 21 24 33 121 -18 -26 -25 97 30 -30 -29 -13 -9 -22 35 -7 -37 38 -3 59 41 50 44 -44 -43 75 47 49 -49 -47 51 52 -41 -53 76 -46 58 -58 -48 61 72 66 64 -62 71 -66 95 68 -64 70 -68 -63 74 90 -61 -42 -52 79 86 83 81 -80 -83 84 85 -10 -79 -88 -65 -16 -74 92 -85 -93 -71 -6 -89 99 -99 -2 103 -102 -39 104 -81 -105 -17 108 109 -4 112 118 -109 -113 115 -114 117 -117 119 -112 -115 -24 -23 -19 125 -8
right_child=1 2 107 7 5 34 124 32 15 -11 11 13 17 14 89 16 20 123 19 -21 22 122 23 26 25 -27 -28 28 29 -31 -32 -33 -34 -35 -36 36 -38 102 -40 40 45 42 43 -45 55 46 56 48 -50 -51 54 53 -54 -55 -56 -57 57 -59 -60 60 63 62 67 88 65 -67 69 -69 -70 94 -72 -73 73 -75 -76 -77 -78 78 80 100 -82 82 -84 91 -86 -87 87 96 -90 -91 -92 93 -94 -95 -96 -97 -98 98 -100 -101 101 -103 -104 105 -106 -107 -108 110 -110 -111 111 113 114 120 -116 116 -118 -119 -120 -121 -122 -123 -124 -125 -126 -127
leaf_value=0.031596766611299551 0.0071131235753485282 0.019489032622621656 -0.023801899928915404 0.004548615546466973 0.0065154970040228119 0.0090438470650834463 -0.011917556709344813 -0.026595369474223494 -0.022244390401014891 0.023194136805314951 -0.025421392723014701 0.0085180290744144189 -0.031353286072788644 -0.024814597686458786 0.0061453995672130094 0.0070787199980389161 -0.011089113969462383 -0.0074764823207053169 0.015906941555317983 -0.0019744990036804845 0.009301474380492003 -0.0087785732190189085 -0.0043798153016416002 -0.036717465039336809 0.0012230081845679827 0.031856779039376733 -0.00069891755366542987 -0.0029935747021193108 -0.0126820351815982 0.019861173440096087 0.026882653753744774 0.0013078620226362448 -0.011331181331014597 0.038332030885684237 0.03364153766597662 -0.025451721599552845 0.0051065491557937305 -0.0027735787921525359 -0.018732868996244722 0.027874360698795803 0.034553186408978094 -0.034377325889871663 -0.013975748486141889 0.022816619652908397 0.011679727220106911 0.006928087853387172 0.0013280682752784252 -0.01418811458816039 -0.0019672204140251336 -0.0084295586438421239 0.0015512482940228101 0.017192391413485431 -0.011467709938948635 -0.019344848184921219 0.010776010966098292 -0.020379297608676405 -0.0050737790533925816 0.0063423394387067409 0.004233042285621773 0.041654924227630945 0.018178504994282828 0.0069437425719386658 0.032292628994632651 -0.012975808157505899 0.0081788788522025747 0.01980445774309145 0.00096105572674024767 -0.020499585250763355 0.001263324997827902 0.0076012175787502937 -0.017393746712094437 -0.03027525998545863 -0.011514814442561852 0.023005129487295179 0.010071143012749566 0.0050311263149247706 -0.028882367427291215 0.0078316672137627788 -0.0077819188149808646 0.00070924566870929503 -0.011641864252994304 0.0041905036798520444 0.012766701323847874 0.036976387173966188 -0.031519360522919246 0.0098130079296704868 0.014858504306466649 -0.026453044104927954 0.014204431249464855 0.0026974607409468313 0.013722330720605695 -0.017171341262590085 0.0042116441353760251 0.0097754904353419148 0.00074722221476198464 0.036230959908698374 0.002918648799369144 0.015588818872826512 0.0075597217660467609 0.0029932080223531855 0.0039994800141951933 0.042058591523255966 -0.023479591656546506 0.0069163925035557209 0.027320505584852394 0.011839913351400397 0.038198179680451222 -0.024917897330543233 -0.023116098688576069 0.0029924746642284472 -0.031577710048115437 -0.017867961738772236 -0.029293156235838926 -0.00077477854748070351 -0.016342204815297755 -0.017278084804277376 -0.032010328821976221 -0.0012549116514023939 -0.031695383649124796 0.0041540205998425398 -0.023035997433057145 0.01979909499823743 -0.036062316289800757 0.021025170869869898 -0.0063000073106479395 0.0028801738841096537
leaf_weight=7094.428048491478 2481.8388497978449 8.3012209236621839 12.588261961936952 23.049587398767471 12.466169819235803 164.67660810053349 67.190464332699776 23.496061712503433 14.2538461536169 22.359893873333931 7.8940342515707007 294.79994033277035 7.4451560527086249 9.8669971972703916 864.33128599822521 11.056692212820055 20.421380370855331 22.004552662372593 142.01043924689293 30.966866254806519 26.239834472537041 12.044585615396501 15.688128918409349 7.8875430524349239 25.52478452026844 10.072042554616926 9.356783986091612 7.3873186856508246 23.117188811302185 28.213039219379425 47.92016239464283 164.59034802019596 8855.196559086442 8.5883039236068708 7.4169495105743399 11.731530860066412 26.145093396306038 14.10915970802307 7.5016474872827521 24.204271987080574 10.169117853045465 22.228108093142509 17.728263184428219 9.4845887422561628 8.4863952845335024 154.66578821837902 5724.5103136301041 75.918683275580406 269.81151060760021 32.937749519944191 8.9904893338680267 8.9806811809539813 8.9890130460262281 13.481098443269728 11.479701355099676 13.98668786883354 90.658796653151512 551.07329651713371 798.54223828017712 9.7308742403984088 9.9707127511501294 8.4669735431671125 8.7176551818847638 98.02115498483181 184.11780633032322 97.274643793702126 80.800550997257233 13.462460085749624 90.258598282933235 171.35888794064522 34.942505538463593 7.4808647632598868 25.190831139683723 13.968859791755674 18.44965198636055 15.666070431470869 14.733672544360161 30.666281938552856 17.193771108984947 14.772564977407454 13.388028934597967 94.939213141798973 797.72928620874882 9.8055094778537732 9.8363480567932111 22.121173754334453 7.8680726289749137 19.442430913448337 7.4630051851272574 885.19131012260914 11.710190832614897 15.728304594755175 22.62432798743248 15.9633322507143 289.36148436367512 10.221732467412947 7.8469819426536551 149.50263863801956 373.1322398930788 389.63957670331001 7.3689409792423275 8.8333491384983045 50.675080358982086 1608.4997827857733 27.792312577366829 230.11480136215687 8.5781921297311765 71.313126727938652 278.65419137477875 15.344660863280295 6.7509621232748023 6565.8267566263676 18.841920465230942 10.100388899445532 961.98858425021172 30.829626590013504 13.698541700839995 102.85398913919926 65.389180853962898 9.0038200169801694 295.4978238940239 15.462266921997069 13.033402308821676 7.390413135290145 8839.9406820386648 151.06806369125843
leaf_count=37052 10113 34 56 95 50 663 273 104 58 92 32 1200 30 40 3520 45 83 89 578 126 107 49 64 32 104 41 38 30 94 115 195 670 37096 35 30 47 105 58 31 97 41 89 71 38 34 620 22933 304 1081 132 36 36 36 54 46 56 364 2214 3200 39 40 34 35 393 738 390 324 54 362 687 140 30 101 56 74 63 59 125 70 60 54 387 3257 40 40 90 32 79 30 3602 47 64 92 65 1160 41 32 610 1523 1586 30 36 209 6555 113 938 35 317 1243 68 30 29225 84 45 4278 137 61 457 291 40 1319 63 53 30 35939 613
internal_value=-6.90304e-05 -0.00506806 -0.0117138 -0.0087656 0.00448182 0.00204984 -0.00626686 -0.0113306 0.0069561 0.00637135 0.00630736 0.00507462 0.00714297 0.00517696 0.00423588 0.008051 0.00258171 -0.00661456 0.0077918 0.0126978 0.000375311 -0.0055718 0.00618819 -0.00128719 0.00227776 0.00999775 -0.017377 0.00728836 0.01438 0.00517962 0.0228669 0.00593888 -0.011372 0.0165923 0.00750932 0.0065289 -0.00436087 -0.015018 0.00124701 0.00192348 0.00162685 -0.00495026 -0.0136758 -0.00106087 -0.0213024 0.00176571 0.00171485 -0.00153215 -0.00465846 0.00422068 0.00194685 0.00834239 0.0171727 -0.00465857 -0.00811659 -0.00820845 0.00195678 0.00472668 0.00168398 0.00386592 -0.000947467 0.00479535 0.00826828 -0.00847825 0.0109824 0.0122087 0.00241661 0.00107405 0.00404131 0.00171589 -0.00457749 -0.0105015 0.0100293 0.00381598 0.0211389 0.0167977 -0.0173282 0.00838612 0.0102706 0.00745656 0.0111451 0.0114833 0.0118568 -0.000581465 -0.00894863 -0.00273436 -0.00197072 -0.0105614 -0.011027 0.00440199 -0.00345006 0.00542981 0.0142477 -0.00356277 0.00330083 0.0200695 -0.0179727 0.00706469 0.0098619 0.00655473 0.00792477 0.0249717 -0.0190044 0.00777583 0.0181433 0.00753403 0.020875 -0.0180012 -0.0218447 -0.00907101 -0.0178562 -0.0181795 -0.0159798 -0.0180659 -0.0154113 -0.0100086 -0.0075148 -0.00497148 -0.0277464 -0.0111651 -0.0223056 0.00759893 -0.0231048 -0.000212819 -0.00618867 -0.00167178
internal_weight=52034.1 44939.7 26499.2 18040.5 18440.5 9300.13 9138.79 8901.74 9140.34 5959.6 5937.24 2399.65 3537.59 2391.76 1759.39 3180.74 183.954 36.8401 632.368 172.977 164.319 81.0962 83.2229 48.3947 56.0182 35.5968 17.2443 3500.75 106.638 51.3302 55.3075 459.39 8878.69 34.8281 209.97 202.553 37.8766 80.5871 15.8029 9090.16 7886.73 162.773 71.914 27.2129 44.7012 7723.95 7698.12 533.334 345.73 187.604 90.8589 55.6551 33.1933 22.4618 35.2039 22.4731 7164.78 641.732 6523.05 1203.44 194.505 1008.93 409.779 115.455 297.34 281.392 599.151 112.439 98.9763 576.463 115.743 15.9478 79.0504 50.8699 28.1805 25.8352 23.7242 2996.79 989.074 2007.71 923.25 909.862 892.668 110.333 46.2114 36.375 65.8238 35.1575 105.484 1749.52 36.901 64.1215 32.4298 31.6916 460.72 22.6879 27.2894 3394.11 522.635 2871.48 1897.38 16.2023 64.7842 1881.18 42.5649 1838.61 19.6349 8458.68 306.587 27.9329 8152.09 6952.57 1199.53 6871.42 1128.21 166.224 147.382 133.684 81.144 15.7548 305.598 31.1504 25.078 29.395 9058.2 218.259
internal_count=223670 186618 112103 74452 74515 37274 37157 37295 37241 24275 24183 9768 14415 9736 7162 12966 749 149 2574 704 669 330 339 197 228 145 70 14266 434 209 225 1870 37200 142 845 815 152 332 65 36429 31604 652 288 109 179 30952 30848 2137 1385 752 364 223 133 90 141 90 28711 2578 26133 4825 780 4045 1643 463 1192 1128 2402 451 397 2311 464 64 317 204 113 104 95 12217 4036 8181 3768 3714 3644 449 188 148 268 143 423 7122 148 261 132 129 1847 91 111 13832 2133 11699 7732 66 267 7666 173 7493 80 37651 1367 124 36284 30950 5334 30589 5017 739 655 594 361 70 1364 127 102 119 36825 886
is_linear=0
shrinkage=0.03


Tree=27
num_leaves=127
num_cat=0
split_feature=0 18 18 0 18 22 17 40 11 43 22 22 6 25 9 9 20 5 5 5 4 1 10 6 22 17 17 39 42 34 5 36 40 43 4 1 1 38 28 25 24 6 18 22 20 28 23 32 1 39 35 36 36 41 41 38 5 6 23 23 28 18 9 7 28 28 1 25 23 28 41 22 20 9 18 9 25 35 25 23 23 20 9 28 4 43 42 6 40 11 22 6 36 4 17 41 23 4 40 24 35 16 28 5 25 6 40 6 9 23 34 35 28 6 11 20 4 34 9 4 1 9 36 9 36 23
split_gain=8732.84 2991.19 521.428 121.746 116.244 6.69857 6.53218 6.16578 6.24722 7.69804 8.72451 8.44033 9.79919 8.36615 8.16846 8.03404 7.24885 6.81025 6.31773 6.30577 7.30307 9.3289 6.11177 8.31844 7.36658 6.81273 8.71737 11.3008 9.78305 8.65018 6.88378 6.54953 7.07115 6.36117 6.22448 6.24647 12.8054 10.49 10.2078 6.95414 6.08714 6.95493 6.05201 6.04969 5.90649 6.1111 8.60079 10.0899 5.78469 5.76747 5.6053 8.35056 6.27455 5.5332 10.132 5.53093 5.95794 5.66442 5.45235 8.54354 5.95631 5.46726 5.41174 5.3112 5.14754 6.21348 5.63378 5.20904 5.13074 8.57266 5.92638 5.1282 9.55904 10.5771 9.21141 9.02522 8.88054 8.30234 7.47287 7.24208 10.2425 8.63209 7.85684 7.57868 8.4577 5.82113 6.56554 5.95627 5.71124 6.49188 7.6672 5.74751 5.50737 8.51305 6.73387 5.4719 5.42329 5.10342 5.09564 5.03335 4.98827 4.97905 11.0426 13.9188 9.07182 8.59567 8.42837 8.3004 7.65918 9.05002 8.66279 6.61432 8.3564 7.26082 6.53309 6.50294 5.73671 5.46625 5.41676 5.40378 4.97613 4.91948 4.8655 4.74947 9.20874 4.72334
threshold=1.5000000000000002 0.55800000000000016 0.79750000000000021 4.5000000000000009 0.41550000000000004 41.850000000000001 7.5850000000000009 1695.5996131528047 1.5000000000000002 0.030712070599711001 42.050000000000004 29.050000000000004 6.8950000000000005 6.7505000000000015 13.450000000000001 6.7500000000000009 3.5650000000000004 0.21500000000000002 0.055000000000000007 0.065000000000000016 35.550000000000004 4.2650000000000006 7.5000000000000009 6.6850000000000014 43.250000000000007 25.310000000000006 14.710000000000003 2.7500000000000004 2063.1965944272447 1.2500000000000002 0.24500000000000002 0.047499999999999952 1594.9293966623879 0.070832914554826418 15.050000000000002 5.2550000000000008 5.3150000000000004 5.7500000000000009 31.050000000000004 6.7355000000000009 0.15550000000000003 6.5850000000000009 0.77250000000000008 25.100000000000005 3.6650000000000005 30.650000000000002 48.850000000000001 5.2500000000000009 3.4750000000000005 3.2500000000000004 2.2666666666666675 0.064166666666666608 0.045833333333333302 0.073539781217857064 0.098393693953853625 1.2500000000000002 0.20500000000000004 6.7650000000000006 41.150000000000013 40.650000000000013 34.850000000000001 0.31500000000000006 19.550000000000004 4.5000000000000009 32.850000000000001 38.650000000000013 6.5250000000000012 6.7365000000000004 50.550000000000004 32.250000000000007 0.051399258601785604 28.550000000000004 3.5550000000000002 30.450000000000003 0.44249999999999995 27.850000000000005 6.7475000000000014 -2.3008333333333324 6.7485000000000008 42.650000000000013 41.750000000000007 3.7950000000000004 11.850000000000003 34.350000000000001 36.050000000000004 0.050597652833169811 2315.5303030303035 6.785000000000001 2928.8690476190482 1.5000000000000002 37.150000000000013 6.785000000000001 0.049166666666666602 26.450000000000003 10.490000000000002 0.039388698739639454 42.250000000000007 34.350000000000001 1794.3529099123041 0.14550000000000002 -0.65166666666666584 1.0000000180025095e-35 32.350000000000001 0.065000000000000016 6.767500000000001 7.0150000000000006 2795.3463203463207 6.8450000000000006 13.15 51.750000000000007 5.7500000000000009 -2.2274999999999991 32.050000000000004 6.9450000000000012 2.5000000000000004 3.8950000000000005 15.050000000000002 5.2500000000000009 10.950000000000001 29.650000000000002 5.6550000000000011 27.650000000000002 -0.089166666666666589 25.650000000000002 0.062499999999999951 57.45000000000001
decision_type=2 2 2 2 2 2 2 2 2 2 2 2 2 2 2 2 2 2 2 2 2 2 2 2 2 2 2 2 2 2 2 2 2 2 2 2 2 2 2 2 2 2 2 2 2 2 2 2 2 2 2 2 2 2 2 2 2 2 2 2 2 2 2 2 2 2 2 2 2 2 2 2 2 2 2 2 2 2 2 2 2 2 2 2 2 2 2 2 2 2 2 2 2 2 2 2 2 2 2 2 2 2 2 2 2 2 2 2 2 2 2 2 2 2 2 2 2 2 2 2 2 2 2 2 2 2
left_child=-1 4 3 6 22 53 55 -5 9 10 15 12 42 14 -13 -9 -17 -15 48 20 21 -20 23 24 58 26 27 31 30 -30 33 32 -25 -28 -27 37 38 39 -37 -36 125 -42 -11 -38 45 -43 47 -47 -10 -31 52 -52 -21 71 100 57 121 -3 59 60 62 123 -2 -48 -7 66 67 -66 69 -29 -70 72 85 75 -75 77 -77 -74 -76 80 81 82 -73 96 -85 86 87 -6 92 91 -91 -90 94 -94 -81 -88 -82 -63 -46 -69 -55 102 115 106 114 108 122 -106 109 110 -103 112 -110 -113 -105 116 -8 -118 -111 -108 -102 -57 -104 -60 -125 -24
right_child=1 2 -4 7 5 64 101 8 18 11 -12 13 -14 17 -16 16 -18 -19 19 50 -22 -23 40 25 -26 34 28 68 29 49 -32 -33 -34 -35 35 36 43 -39 -40 -41 41 44 -44 -45 98 46 63 -49 -50 -51 51 -53 -54 54 -56 56 -58 -59 61 -61 -62 97 -64 -65 65 -67 -68 99 70 -71 -72 79 73 74 78 76 -78 -79 -80 88 83 -83 -84 84 -86 -87 95 -89 89 90 -92 -93 93 -95 -96 -97 -98 -99 -100 -101 120 105 103 104 107 -107 119 -109 111 118 -112 113 -114 -115 -116 -117 117 -119 -120 -121 -122 -123 -124 124 -126 -127
leaf_value=0.031134334860883035 0.018263618638264409 0.020436467204900645 -0.017564512503538264 0.0044093322665817256 0.013094296627286317 0.01280816787213316 -0.02687622050590564 -0.029169091094782548 0.00035481908101452254 -0.0095654264469501125 -0.023776169184802475 -0.0023519068207778723 0.021436357258653799 -0.017781182547207727 -0.012834492601328998 -0.0066983049699176709 -0.010890220725939219 0.0023551882561934144 0.033169648639150187 -0.011423643424500635 -0.013530229315781808 -0.0038704070912965508 0.008415153374916216 0.038531319209982984 0.028218158753857719 -0.018669297000524832 0.005848382319999847 0.012381302948927026 -0.015681562202041786 0.0082453959469930092 0.025080887280296889 -0.016284894771982469 0.0093112078482771293 0.01990823983430233 0.029341078442365932 0.044250459236924576 0.017627457914052971 -0.017998050172884156 0.012271107811327174 0.00050110643741657288 0.029586081851138493 0.013794074756804353 0.016379648189792199 0.0040544600225377548 0.0039622547090165383 0.018499300434868152 -0.0092840392670872005 -0.020158699338147412 -0.026279982742495232 0.015979945322719128 -0.0086711940581870577 0.014318334437605884 -0.01460700694144363 0.0019384351465401605 0.012214464541422554 -0.025502367704409445 0.005922347827686825 -0.015338415771132808 0.0066084997479980943 0.048004558489234635 0.032168340957655639 0.034392305564266562 -0.011958154590481104 0.010797540933424039 -0.017563480999269705 0.022692193824436834 -0.015811547909961459 -0.014459811841075757 -0.023153536227281307 -0.0066247871453703902 -0.0037556317500504395 -0.01721952152669393 0.024283098032870369 0.014549132015417155 -0.040815659709147134 0.022543813354351135 0.005136512808523769 0.0023340780509196277 -0.0085217915821092748 0.0088087999963029056 -0.029843502519054928 -0.018021715731280381 0.01038995010425737 -0.012876997379311939 0.022159776305073108 0.036868936254475626 0.0062694026821239921 -0.011062054350805452 0.0081658300947651963 0.0078640797456551829 -0.016319617271214334 0.032349767273904789 -0.0040521716857645287 0.0056318724029489784 0.0012958040676901432 0.03967903441102142 -0.0085980416587551275 0.0051126025420755832 -0.0282603872119713 0.0086878525002342406 -0.038793417207093908 -0.002219997054317894 -0.025344070712721368 -0.010069295233182323 0.0095135372051162494 -0.026003033155960708 0.03768389542285689 -0.020465751911590536 -0.030558958649791492 -0.0034983994785481001 0.0074535895263726842 -0.0058967903624850089 -0.0069674364274607513 0.0033190154789528668 -0.0070912825403329086 -0.028764417478702418 -0.0052793551942370703 -0.00064744694274716937 -0.011246040800711701 0.0093798675885842214 -0.0092942582881218715 -0.00025698760234818682 0.0049275456515665318 0.012487701510652998 -0.017760386655644802 0.0028721630350216072
leaf_weight=6985.4642831087112 10.535683438181882 7.3383997678756705 8409.7435758113861 23.067240536212921 24.669710576534271 88.22047832608223 10.33528885245323 16.466121390461922 8.6536088138818723 111.03680485486984 33.642463400959969 88.82472075521946 11.27795499563217 325.21454387903214 276.31433629989624 1095.5234702080488 565.50280423462391 15.692755967378615 9.7615968585014361 5285.5918190032244 21.145681604743004 15.926140025258062 2846.8126859068871 8.3716989606618863 16.135764718055725 10.632205799221991 1964.109986320138 34.968230620026588 10.047547861933706 164.37693846225739 17.231309071183205 7.6451896280050269 66.577122211456299 29.408478483557701 7.849334552884101 11.512246638536451 30.126707166433334 27.772282540798187 41.459207832813263 143.5831069201231 8.0626208782196027 36.799009099602699 8.5973407626152021 1513.8094411641359 7.3675815314054516 32.370407238602638 67.083210304379463 7.3540159463882437 44.365063086152077 187.51962357759476 279.71605396270752 14.845828235149382 628.89010520279408 7.486251816153529 13.725643485784529 48.552781581878662 7.7708898633718482 8.4624919295310956 1248.4190545231104 7.3627545088529578 9.058059871196745 13.022367015480997 10.55817364156246 14.241729810833929 9.2134041339158994 13.116429850459097 15.452746152877806 9.4016704708337766 21.431659698486328 54.491276621818542 42.347402945160866 10.729383170604704 15.681580841541289 8.2410863488912565 10.739548504352571 42.126311644911766 71.315786063671112 967.32332357764244 16.477966472506523 109.07634375989437 25.231354206800461 15.72281965613365 63.633259356021881 17.483471944928173 9.4758448302745801 9.2166963517665845 7.72617940604687 14.455990642309187 20.427432626485825 66.51452574133873 14.214403375983236 15.931345149874685 94.911338672041893 577.06121429800987 6788.0215246528387 10.716307729482649 19.483807414770126 9.3476564884185773 10.583018586039541 74.435155585408211 12.240207344293596 513.34981550276279 7.6279118508100536 1183.2524633854628 44.588036507368088 17.923796832561493 9.1238053888082522 10.093896955251692 21.816675066947937 192.47862395644188 99.324257954955101 3424.4404577165842 36.047186732292175 78.439639374613762 1526.5300751328468 10.068465873599051 1418.6124873012304 274.4492372572422 141.59515860676765 18.67349012196064 9.2378782480955106 8.2469445019960386 12.304984897375105 225.38614343106747 9.312383905053137 146.44279463589191
leaf_count=37052 43 30 37651 95 99 355 42 69 37 465 142 373 47 1368 1160 4594 2369 66 41 22205 89 67 11619 34 66 43 8012 142 41 672 71 31 270 120 32 47 123 113 169 585 33 150 36 6166 30 132 273 30 196 767 1169 62 2645 30 55 201 32 35 5090 30 37 53 43 58 37 53 62 38 87 221 172 43 63 33 43 169 286 3879 66 439 101 63 255 70 38 37 31 58 82 267 57 64 381 2319 27194 43 78 38 43 300 49 2088 31 4824 181 73 37 41 89 783 404 13929 147 319 6208 41 5769 1117 576 76 37 34 50 919 38 598
internal_value=-6.65146e-05 -0.00492599 -0.0113966 -0.0085166 0.0043499 0.0019887 -0.00608385 -0.011018 -0.0110584 -0.00979934 -0.00864191 -0.0121626 -0.00514235 -0.0134612 -0.0102899 -0.0083361 -0.00812693 -0.0168494 -0.0115664 -0.0114782 -0.000476865 0.0102211 0.00675424 0.00618579 0.00807084 0.0055166 0.00649519 0.000986403 0.00704203 0.0115875 0.00622254 0.00992987 0.012642 0.00605753 0.00408679 0.0042249 0.00482104 -0.00107863 0.0193197 0.00202427 0.00781889 0.0025071 -0.00767627 0.0043214 0.00124054 0.00310562 -0.000139989 0.0112724 -0.021912 0.0123746 -0.0115609 -0.00750297 -0.0117626 0.00186608 -0.00889061 -0.0146091 -0.0184982 0.00120619 0.00785737 0.0191718 0.0119461 0.00757318 0.0030808 -0.00573996 0.00728924 0.00326636 0.000885512 0.00368847 -0.00382758 0.000793158 -0.0103234 0.00191711 0.00374566 0.00309247 -0.0130022 0.00361547 0.011628 0.00268818 -0.0214221 0.00163758 -0.00463999 0.00207965 0.00636841 -0.0130977 -0.000470217 0.0147726 0.0111512 0.00412543 0.00176995 0.0083455 0.00357244 0.0188633 0.00166792 0.00426144 0.00141496 0.0258728 -0.0206595 0.0223013 -0.0150033 0.00606001 -0.0189511 -0.00600782 -0.00671289 -0.00787056 -0.00814822 -0.00530225 0.00816328 0.00392494 -0.00521903 -0.00281726 -0.000648346 -0.0058571 -0.0159255 -0.0056899 -0.00839254 -0.00481166 -0.00466752 -0.00452948 -0.00678906 0.0188255 -0.026277 -0.0218702 -0.00665059 0.00734853 0.0112741 0.00814457
internal_weight=51837.4 44851.9 26421.2 18011.5 18430.7 9299.14 9131.45 8880.06 8856.99 2548.09 1711.13 836.958 130.912 706.046 365.139 1677.49 1661.03 340.907 6308.9 6255.88 46.8334 25.6877 9131.53 5954.41 1559.14 4395.27 2608.53 235.833 2372.69 361.944 2010.75 82.594 74.9488 1993.52 1786.74 1776.11 1596.91 179.205 52.9715 151.432 3177.12 183.862 119.634 1543.94 175.799 157.848 121.049 39.7244 53.0187 351.897 6209.04 294.562 5914.48 9089.3 42.69 80.3715 64.5706 15.8009 1543 37.5147 30.1519 1505.49 21.0939 81.3249 209.84 121.619 108.503 93.0502 153.239 89.4595 63.7791 9046.61 1198.69 1131.91 35.4586 1096.45 113.442 983.005 27.2175 7847.92 161.76 90.0855 74.3626 71.6745 26.9593 66.7849 57.5682 39.1257 7686.16 117.088 80.7289 36.3588 7569.07 671.973 6897.1 18.4425 44.7152 22.37 17.9506 83.8368 28.9643 9051.08 4525.66 2812.19 2764.46 4525.42 47.7302 54.6819 4507.49 946.748 612.674 3560.74 57.8639 3502.88 2709.78 1713.47 1703.4 1693.06 334.074 27.7973 21.4781 56.7997 19.9329 1483.12 234.699 2993.26
internal_count=223670 186618 112103 74452 74515 37274 37157 37295 37200 10689 7174 3515 548 2967 1533 7032 6963 1434 26511 26278 197 108 37241 24275 6357 17918 10640 957 9683 1480 8203 335 304 8132 7278 7235 6505 730 216 617 12966 749 501 6289 716 643 493 162 233 1439 26081 1231 24850 36429 171 332 267 65 6291 153 123 6138 86 331 845 490 437 375 622 363 259 36258 4807 4539 142 4397 455 3942 109 31451 648 361 298 287 108 268 231 157 30803 470 324 146 30333 2700 27633 74 179 91 73 338 116 36825 18417 11448 11254 18408 194 222 18335 3851 2492 14484 236 14248 11032 6969 6928 6886 1359 113 86 235 81 6047 957 12217
is_linear=0
shrinkage=0.03


Tree=28
num_leaves=127
num_cat=0
split_feature=0 18 18 0 18 17 40 11 43 20 37 2 37 9 40 43 9 18 43 26 5 5 30 10 6 26 26 43 41 21 4 25 20 19 26 2 4 19 4 21 36 9 2 3 3 9 20 9 9 37 4 2 11 21 28 25 9 25 37 28 20 28 7 18 28 26 8 6 1 40 26 24 43 25 37 6 30 3 5 26 19 4 4 36 41 25 36 37 41 41 19 19 21 6 39 28 18 9 25 43 3 43 2 9 8 10 21 3 3 19 9 19 36 8 9 30 43 10 37 40 37 9 2 3 31 6
split_gain=8334.01 2823.3 498.146 115.401 109.614 6.18266 5.82535 5.92187 7.2947 7.64749 9.39757 13.1916 10.0362 7.41459 7.17779 9.7544 7.17172 8.55832 8.50792 6.96082 6.04447 5.96283 9.20589 5.76624 7.84941 7.46448 7.15904 12.9789 10.2109 8.85546 11.2263 10.6036 6.4065 8.23961 7.03345 6.24868 9.05111 8.62992 10.4716 7.52621 7.27775 6.9414 6.71496 6.21489 6.17967 6.05124 5.92442 7.16615 6.395 5.9015 8.59152 9.41173 10.4778 7.8534 7.10437 6.85256 7.84468 10.7119 6.93809 6.73611 8.83889 6.31279 9.76207 5.85222 5.77604 9.53127 5.76907 5.69394 5.52798 5.45118 5.39471 5.37928 9.49841 7.90853 6.54407 6.0726 13.344 6.08643 5.25773 6.25673 8.02344 5.24744 5.1664 5.16317 5.0616 8.13595 5.51715 5.03242 4.98103 8.82371 8.15475 6.51282 4.9584 6.09805 9.8969 5.21736 8.03073 7.73503 5.0432 4.92139 6.29634 8.05179 6.61976 5.52389 4.9062 6.51342 5.5215 4.88944 8.15063 7.91084 5.955 5.56008 4.88826 8.30066 7.19457 7.09485 6.40491 7.50819 11.3502 9.91829 8.31804 7.29372 5.84261 8.30749 7.03138 5.50297
threshold=1.5000000000000002 0.55800000000000016 0.79750000000000021 4.5000000000000009 0.41550000000000004 7.5850000000000009 1695.5996131528047 1.5000000000000002 0.030712070599711001 3.5550000000000002 0.06000000000000006 29.950000000000003 -0.03833333333333349 6.7500000000000009 3864.4957983193281 0.024207614471864255 13.450000000000001 0.77250000000000008 0.03141170036599495 3.4850000000000008 0.055000000000000007 0.065000000000000016 4.2250000000000005 7.5000000000000009 6.6850000000000014 3.6850000000000005 3.6550000000000007 0.048786154683108103 0.064865953978772053 14.850000000000003 29.350000000000005 6.7625000000000002 3.2750000000000004 59.725000000000016 3.3750000000000004 42.350000000000001 15.050000000000002 47.525000000000013 49.750000000000007 16.650000000000002 0.054999999999999959 29.950000000000003 69.950000000000017 49.95000000000001 43.250000000000007 12.250000000000002 3.6750000000000003 9.4500000000000011 15.15 0.038333333333333504 52.250000000000007 21.550000000000004 4.5000000000000009 24.250000000000004 37.050000000000004 6.7345000000000015 15.450000000000001 6.7505000000000015 -0.16166666666666654 35.750000000000007 3.5550000000000002 36.750000000000007 3.5000000000000004 0.31500000000000006 26.950000000000003 3.6850000000000005 3.5000000000000004 6.745000000000001 3.4750000000000005 1928.119594761552 3.4650000000000003 0.15550000000000003 0.059115054804709959 6.7635000000000014 -0.016666666666666996 6.8250000000000011 3.0750000000000006 28.050000000000004 0.15500000000000003 3.4050000000000007 39.775000000000006 30.450000000000003 37.95000000000001 0.0099999999999999516 0.038280287303367008 6.7575000000000012 0.045833333333333302 0.0050000000000002508 0.073539781217857064 0.098393693953853625 59.57500000000001 74.975000000000009 10.850000000000003 6.8950000000000005 2.7500000000000004 35.250000000000007 0.91500000000000015 25.350000000000005 6.7505000000000015 0.021013051238194354 35.95000000000001 0.022756851256691305 50.150000000000013 17.350000000000005 5.5000000000000009 2.5000000000000004 18.950000000000003 77.550000000000011 82.450000000000017 92.575000000000003 20.950000000000003 95.475000000000023 -0.035833333333333293 3.5000000000000004 26.450000000000003 4.7750000000000012 0.017980163575827303 11.500000000000002 -0.023333333333332946 4745.4907161803721 -0.11166666666666585 15.350000000000003 23.650000000000002 27.650000000000002 5.7500000000000009 6.6450000000000005
decision_type=2 2 2 2 2 2 2 2 2 2 2 2 2 2 2 2 2 2 2 2 2 2 2 2 2 2 2 2 2 2 2 2 2 2 2 2 2 2 2 2 2 2 2 2 2 2 2 2 2 2 2 2 2 2 2 2 2 2 2 2 2 2 2 2 2 2 2 2 2 2 2 2 2 2 2 2 2 2 2 2 2 2 2 2 2 2 2 2 2 2 2 2 2 2 2 2 2 2 2 2 2 2 2 2 2 2 2 2 2 2 2 2 2 2 2 2 2 2 2 2 2 2 2 2 2 2
left_child=-1 4 3 5 23 78 -5 8 13 16 12 -12 -11 -8 19 -16 18 -18 -10 -15 68 22 -22 24 25 32 35 104 29 30 -29 -31 33 81 -35 37 -37 40 43 41 45 -38 -41 -39 -30 -26 63 -48 -49 54 51 52 59 61 64 -56 57 -57 -58 60 -51 69 -63 -34 65 -25 -27 -24 -9 -53 -60 75 73 -73 -74 77 -77 -66 -3 -80 -81 -2 -46 -68 86 -86 -23 -40 -6 90 -90 -92 93 95 -95 99 98 -98 -97 -4 101 -101 -102 -104 105 -28 -107 -7 109 -109 -110 -111 113 116 122 -115 -94 120 -119 -120 121 -118 123 -114 -125 -116
right_child=1 2 92 6 88 107 7 20 9 10 11 -13 -14 14 15 -17 17 -19 -20 -21 21 84 67 49 26 66 27 28 44 31 -32 -33 46 34 -36 36 39 38 87 42 -42 -43 -44 -45 82 -47 47 48 -50 50 -52 53 -54 -55 55 56 58 -59 70 -61 -62 62 -64 -65 71 -67 83 -69 -70 -71 -72 72 74 -75 -76 76 -78 -79 79 80 -82 -83 -84 -85 85 -87 -88 -89 89 -91 91 -93 112 94 -96 96 97 -99 -100 100 102 -103 103 -105 -106 106 -108 108 110 111 -112 -113 114 115 125 -117 117 118 119 -121 -122 -123 -124 124 -126 -127
leaf_value=0.030683084088714223 0.045176360714142792 -0.02167754057400496 -0.029824938685765537 0.0042744555096737519 0.0019775911520308795 -0.0058948100709203845 -0.02848291085033389 0.00034426518290142633 -0.021682114314478553 -0.003891762541511854 0.023534109022982148 -0.0057654276851903091 -0.016911979783545132 -0.0092774617568466052 -0.0056774360203560997 -0.013497053306196638 -0.014485227311259855 -0.029571469123960636 -0.0033102377964338062 -0.0043974606338730736 -0.02640511406343202 -0.011165141911962348 0.018321512486796317 -0.026215474769845013 0.011260103094819224 0.024849220913703954 -0.0061058193326709101 -0.027973870927649271 0.032103646729756997 0.0029441210769325064 -0.0039193610250900582 -0.019418085652915289 0.0057798678431814337 -0.016342855031283954 0.011866323327744789 -0.025754605511529405 0.006839089393220337 0.0072187425321564381 0.0064287992659086187 0.0018725493665827505 -0.018589940435650248 -0.020108441394132908 0.02462480636151362 0.013385295086713296 -0.0042821605337220172 0.00056457140645390876 -0.0073893431086257634 0.024407569567288828 0.010379812246492493 -0.017120988600606318 -0.012728164480306337 0.013531528631019899 0.019070325305405172 -0.013800764165101389 -0.015940846611350853 0.015266023769806073 -0.01000765125918548 -0.010408008853218598 0.015516384455667817 -0.034313717193866215 0.014128750452794452 -0.00052525827571345599 0.016841443364360029 0.022936134735338926 0.015436399660188322 0.0035473597985707307 0.016016844952260724 -0.0050784281842877581 -0.02570559951608898 0.0084198202395027316 0.040373679292415088 0 -0.0023035640586020786 0.026600006315751695 -0.040811861628013528 -0.025107792346005985 0.0086738092678537246 0.0066216422311026089 0.014834872159802202 0.0035810499684220871 -0.027654635821143924 0.019075505736684574 0.025337150832095912 -0.0067744360381918542 -0.010150860146323951 -6.6205404204868761e-05 -0.01419610364560773 -0.01042075892803483 0.0060752784293917851 0.011299327827832837 -0.039952322023679987 -0.0048003384919617946 -0.027466174635857436 -0.035750693138091469 0.0068887893147625461 -0.029101991972602465 -0.012269968982772776 0.024192347513463337 -0.010818378951114007 0.021686863849578165 -0.02837050924022276 -0.018726855305725463 -0.028038861793067457 0.005129858739377692 -0.0019607675202129755 0.029908530693638954 0.0021501991233672099 -0.011875422642040293 0.0018265277909509847 0.029935015715816478 -0.035332206871700272 0.0063439126461068054 -0.018448509429632755 -0.015604231072579813 -0.010021640051178522 -0.030594073702130617 -0.028721642942487177 -0.026373081230771707 -0.0089731030386276823 0.032802082785433687 -0.021996502737236415 -0.0031532343486630242 -0.017457959636527381 -0.016358432251275434 -0.0061838613046492335 -0.0154870424331048
leaf_weight=6877.1989467740059 9.2767197340726835 41.251659825444221 94.607279822230339 23.084145039319992 9253.7044090330601 8972.1530149877071 16.360931515693665 8.6543789207935315 29.688402593135834 96.613763242959976 17.952153146266937 58.961510792374611 119.88841778039932 497.40043441951275 222.99434997141361 408.36857937276363 377.56283193826675 37.459983110427856 96.567677691578865 562.81656810641289 9.6736693978309614 5115.8799986094236 18.10702833533287 12.774979367852209 61.013061940670013 39.94085867702961 7.6019498258829108 23.595829010009766 11.989648401737211 206.02563008666039 67.305718019604683 20.924788162112236 1179.4429841190577 9.0620339661836606 59.013371288776398 8.9078910052776319 733.6863095164299 1968.7084289193153 25.02428038418293 726.73743544518948 14.803646937012671 8.5835023969411832 11.779446080327032 159.75921042263508 15.704548016190531 217.06910638511181 15.436489850282667 39.428247094154358 117.11134044826031 19.162531331181526 15.370826095342634 538.42742724716663 15.19270373880863 11.736034065484999 7.834327980875968 29.862053513526917 9.0601352006196958 28.431016266345978 165.83203072845936 8.1228954941034299 13.984114661812781 95.326564401388168 41.748156756162643 18.146365165710449 74.013958632946014 38.785289242863655 27.725141972303391 19.042850837111473 44.003446727991104 292.60365855693817 8.2878873348236066 75.108879208564758 8.1045401096343976 11.529213905334471 7.8823379278182975 16.913750946521759 27.42272874712944 1600.0701391249895 9.4522314667701703 13.745179593563082 15.697407230734823 29.804067686200142 7.8389946371316901 13.007368639111517 377.21714501082897 89.350410804152489 610.74420596659184 43.315075099468231 9.2327720969915408 14.217552244663237 13.493352428078653 7.4919490516185752 118.22204293310642 6.9115440696477917 16.074302151799202 34.877667501568794 17.657467976212505 7.3194408863782874 23.01278980076313 6.6814612001180675 64.153973609209061 12.67264302074909 7.3298504054546383 11.330786094069479 12.517223447561262 30.611890703439713 8.3346270322799665 14.375222340226172 7.380125552415846 13.14445388317108 7.8998983502388 28.97685244679451 201.95402203500271 628.72005018591881 196.80830536782742 30.031298398971558 13.287129402160643 14.836226209998129 12.616762742400171 8.4289417266845685 443.46272088587284 41.004037469625473 4948.9733299165964 102.69578222930431 153.16994465887547 1144.2784387171268
leaf_count=37052 38 171 428 95 37096 36535 69 37 125 406 75 247 504 2088 938 1718 1593 158 407 2361 41 21542 76 52 248 163 31 96 49 839 274 85 4814 37 241 36 2993 8045 102 2961 60 35 48 652 64 882 63 161 478 78 62 2204 62 48 32 122 37 116 678 33 57 390 171 74 302 158 113 80 196 1197 34 306 33 47 32 69 112 6534 39 57 65 122 32 53 1587 376 2576 176 37 57 54 30 535 31 72 158 80 33 104 30 290 57 33 51 51 125 34 58 30 53 32 117 908 2839 884 136 60 67 57 38 2002 185 22278 462 687 5146
internal_value=-6.4085e-05 -0.00478788 -0.011088 -0.0082748 0.00422183 -0.00590631 -0.0107141 -0.0107534 -0.00952633 -0.0118303 -0.00791372 0.00107548 -0.0111131 -0.00839882 -0.00820201 -0.0107389 -0.0139488 -0.0158573 -0.00765589 -0.00668899 -0.0112489 -0.0111626 -0.000462671 0.0065582 0.00600583 0.00783813 0.00535557 0.00158783 -0.000585196 -0.0022958 -0.0102037 0.000868079 0.0073499 0.0144259 0.00807072 0.00574566 0.00420554 0.00666637 0.0073115 0.00438851 0.00182155 0.00652278 0.00224077 0.00768291 0.0146379 0.00291984 0.00679416 0.0120099 0.0139359 0.00759299 0.0094347 0.00976608 -0.00211844 0.0104526 0.00667908 0.0114436 0.0123445 0.00272208 0.0153953 -0.00998224 -0.00388919 0.0107495 0.00476152 0.00604297 0.00604339 -0.00383435 0.0167365 0.00630511 -0.0214033 0.0117347 0.0167307 0.00632408 -0.000333781 0.00357843 -0.021519 0.00672256 -0.00420715 0.00701315 -0.0142123 -0.00622096 -0.0130588 0.0254089 0.00558182 0.00870326 -0.0112433 -0.00822323 -0.0114889 -0.00422855 0.00192931 -0.00807336 -0.0172449 -0.0275562 -0.0171382 -0.020941 -0.00596669 -0.022164 -0.0157635 -0.00147107 -0.0218909 -0.0248424 -0.0201892 -0.00465829 -0.0237908 -0.00789878 0.0145932 0.0190715 0.0240273 -0.00583238 0.00194838 0.0072272 -0.0173921 0.0137948 -0.0169949 -0.0186862 -0.016666 -0.0162944 -0.0210981 -0.0196796 -0.00634363 0.0077632 -0.0206365 -0.00947968 -0.0171563 -0.0138888 -0.0102782 -0.0146869
internal_weight=51641.7 44764.5 26343.6 17982.5 18421 9124.08 8858.39 8835.31 2542.64 834.695 293.416 76.9137 216.502 1707.94 1691.58 631.363 541.279 415.023 126.256 1060.22 6292.67 6240.02 46.8235 9122.82 5949.23 1557.39 4391.84 412.451 353.385 317.852 90.9015 226.95 1476.72 107.156 68.0754 3979.39 1489.69 2489.69 2196.81 1480.79 292.886 742.27 738.517 2128.47 35.5332 278.082 1369.57 171.976 156.54 3173.59 1051.67 1036.3 56.4622 979.842 2121.91 249.307 241.473 58.2931 183.18 41.2695 33.1466 968.106 137.075 1197.59 1872.61 51.5603 80.6734 37.1499 52.6578 831.031 174.12 1821.05 102.625 86.6381 15.9869 1718.42 44.3365 1674.08 80.1465 38.8948 29.4426 39.0808 23.5435 40.7325 6193.19 466.568 5726.62 68.3394 9298.14 44.4356 30.2181 20.9853 8361.12 302.629 22.9858 279.643 82.8674 24.9769 57.8905 196.776 102.169 19.3541 82.8146 18.6606 59.0657 46.5485 38.9465 9043.93 71.7766 56.4965 15.28 42.1213 8058.49 1310.61 6747.88 658.751 651.858 533.636 35.8819 21.0457 497.754 54.2912 5406.79 457.82 255.866 1341.09
internal_count=223670 186618 112103 74452 74515 37157 37295 37200 10689 3515 1232 322 910 7174 7105 2656 2283 1751 532 4449 26511 26278 197 37241 24275 6357 17918 1680 1439 1294 370 924 6028 438 278 16238 6073 10165 8975 6037 1190 3028 3009 8697 145 1130 5590 702 639 12966 4302 4240 230 4010 8664 1019 987 238 749 168 135 3962 561 4888 7645 210 329 156 233 3401 712 7435 418 353 65 7017 181 6836 332 161 122 160 96 166 26081 1963 24118 278 37274 178 121 84 37651 1367 103 1264 375 113 262 889 461 87 374 84 241 190 159 36825 290 228 62 170 36284 5919 30365 2975 2944 2409 162 95 2247 245 24335 2057 1149 6030
is_linear=0
shrinkage=0.03


Tree=29
num_leaves=127
num_cat=0
split_feature=0 18 18 0 18 17 27 28 25 28 42 37 42 34 35 7 30 6 20 41 29 17 39 27 28 6 21 37 23 28 41 35 20 9 19 21 41 41 20 23 9 20 33 25 16 28 25 40 21 21 6 37 35 42 5 40 20 6 30 35 25 42 28 28 10 19 21 16 21 30 41 42 9 32 5 21 9 34 25 23 40 42 1 42 27 35 1 7 25 26 27 28 21 6 28 32 18 42 42 21 37 27 10 16 6 30 28 5 25 37 1 27 9 9 23 37 23 32 18 41 42 37 19 25 40 23
split_gain=7954.49 2664.83 475.913 109.394 103.369 5.85052 5.62035 6.78172 9.01371 8.51431 8.43184 10.6378 7.87477 7.75969 7.00274 6.97063 10.9097 6.84862 7.55306 6.68156 10.6649 6.36631 5.57416 11.445 8.2808 8.41374 7.23999 7.95908 7.02536 6.80823 8.18413 6.80401 7.23554 6.23277 6.0768 5.7558 9.30737 8.26947 8.10244 7.11155 7.10278 7.38546 8.3223 5.69368 5.61546 5.60699 8.9317 5.50369 5.50195 5.45102 8.41358 7.80796 5.73803 5.57189 5.39757 6.58248 5.19442 8.26002 5.4058 5.19415 16.7828 11.1703 15.6854 8.79048 8.23169 22.3322 9.81674 7.02654 6.27869 12.6093 7.87445 7.44595 7.14888 6.40826 5.19783 5.17572 5.11197 5.09284 5.04421 9.2216 9.01062 5.18767 6.50883 6.25507 4.98465 4.98211 9.36866 4.91621 4.85088 5.6193 6.77012 4.89083 4.76786 5.88608 4.72015 9.60665 8.25758 6.75265 12.4911 7.05629 5.56157 6.36456 7.15807 5.1769 9.65677 9.27163 8.15755 13.1273 8.54829 8.45997 8.24526 8.19592 7.84833 7.47187 5.33817 4.5813 4.56919 7.0416 5.70611 4.56756 9.53618 9.57427 6.75412 6.73994 8.66814 7.73652
threshold=1.5000000000000002 0.55800000000000016 0.79750000000000021 4.5000000000000009 0.41550000000000004 7.5850000000000009 10.050000000000002 28.050000000000004 6.7605000000000013 28.150000000000002 2341.4583333333335 -0.083333333333332524 2205.5867665418232 5.2500000000000009 -0.85333333333333272 3.5000000000000004 3.3650000000000007 6.8450000000000006 3.6050000000000004 0.073539781217857064 11.850000000000003 18.245000000000001 1.7500000000000002 20.350000000000005 34.95000000000001 6.5650000000000004 12.350000000000003 -0.056666666666667045 62.250000000000007 34.150000000000013 0.054268041606244453 -0.92166666666666652 3.6450000000000005 11.550000000000002 89.27500000000002 13.15 0.053991502882950411 0.052848355326390505 3.4650000000000003 52.550000000000004 26.750000000000004 3.3950000000000005 1.7500000000000002 6.7605000000000013 1.5000000000000002 32.050000000000004 6.7525000000000004 1695.5996131528047 7.8500000000000005 15.350000000000003 6.6350000000000007 -0.083333333333332524 0.74416666666666675 1565.3713188220233 0.115 2097.5900116144026 3.3050000000000002 6.8250000000000011 3.4000000000000008 1.7600000000000005 6.7355000000000009 2096.4070567986241 32.250000000000007 34.050000000000004 1.5000000000000002 93.27500000000002 23.650000000000002 1.0000000180025095e-35 23.900000000000002 3.0750000000000006 0.047300493492546454 1761.8823529411768 11.750000000000002 2.2500000000000004 0.15500000000000003 10.950000000000001 27.450000000000003 4.2500000000000009 6.7335000000000003 42.850000000000001 2324.1621621621625 1565.3713188220233 6.8550000000000013 1717.1961966604824 16.250000000000004 0.37166666666666642 4.3950000000000005 2.5000000000000004 6.7545000000000011 3.4050000000000007 17.450000000000003 32.45000000000001 10.850000000000003 6.8450000000000006 27.050000000000004 5.2500000000000009 0.58200000000000007 3035.1648351648359 3431.9433198380571 15.250000000000002 -0.029999999999999746 13.250000000000002 5.5000000000000009 1.0000000180025095e-35 7.0150000000000006 3.8450000000000002 32.350000000000001 0.065000000000000016 6.767500000000001 0.13499999999999937 4.3650000000000011 18.150000000000002 13.15 25.750000000000004 52.350000000000001 0.0083333333333332517 57.150000000000013 4.7500000000000009 0.42749999999999994 0.028377056116782106 3262.6453488372094 -0.18250000000000002 100.075 6.7535000000000007 2855.7777777777787 43.550000000000004
decision_type=2 2 2 2 2 2 2 2 2 2 2 2 2 2 2 2 2 2 2 2 2 2 2 2 2 2 2 2 2 2 2 2 2 2 2 2 2 2 2 2 2 2 2 2 2 2 2 2 2 2 2 2 2 2 2 2 2 2 2 2 2 2 2 2 2 2 2 2 2 2 2 2 2 2 2 2 2 2 2 2 2 2 2 2 2 2 2 2 2 2 2 2 2 2 2 2 2 2 2 2 2 2 2 2 2 2 2 2 2 2 2 2 2 2 2 2 2 2 2 2 2 2 2 2 2 2
left_child=-1 4 3 5 22 76 85 8 13 12 11 -10 -9 14 54 17 -17 18 -15 48 -21 -13 23 24 26 -26 27 45 59 34 33 32 -29 -31 77 -25 37 38 39 -37 41 -38 -43 -33 -32 -2 -47 84 -11 50 -27 52 -51 -53 -8 -56 57 -16 -58 68 63 64 -63 74 65 -62 -66 -64 78 71 -71 -70 -73 -72 -61 -52 88 -28 79 -24 -81 82 -80 -83 -5 86 -6 -23 89 -3 91 -91 93 -4 95 96 -7 99 -99 -98 -97 102 -102 106 105 113 109 111 -109 110 -96 -108 -107 -105 -111 -36 118 -118 -50 -49 122 -122 -121 125 -125 -123
right_child=1 2 92 47 6 94 7 9 10 19 -12 21 -14 15 56 16 -18 -19 -20 20 -22 87 28 35 25 49 29 31 -30 30 44 43 -34 -35 115 36 40 -39 -40 -41 -42 42 -44 -45 -46 46 -48 119 116 51 75 53 -54 -55 55 -57 58 -59 -60 60 61 62 67 -65 66 -67 -68 -69 69 70 73 72 -74 -75 -76 -77 -78 -79 81 80 -82 83 -84 -85 -86 -87 -88 -89 -90 90 -92 -93 -94 -95 103 100 97 98 -100 -101 101 -103 -104 104 -106 112 107 108 -110 114 -112 -113 -114 -115 -116 -117 117 -119 -120 120 121 123 -124 124 -126 -127
leaf_value=0.030242237207603578 -0.028182430761955243 0.0086267638176299299 -0.022367202762926093 -0.013247229197732047 0.025793168037512155 -0.025933871990451607 -0.0097942357576911651 0.045197243500863571 0.02209255846030795 -0.018856199691210346 -0.038987414508802228 -0.029179976399669745 0.0055713823132314926 0.00039107702518369924 0.024869555678475139 -0.0024068575790681629 -0.044564247456217607 0.021592020073674584 -0.0263389264829831 -0.024016464608059066 0.0061157394249567358 -0.01881472784652646 -0.014791212243719596 0.018302721199090578 -0.012191091392157105 -0.0084608334050057087 0.0066541506328321107 -0.0026741991232915843 0.02275090315887679 0.032014608635979533 -0.011078374650663331 0.0034032140061573601 0.034500376498694911 0.0052041824841742778 0.026271360813291282 -0.039184533820930824 0.016943205336507269 -0.036902522845044 0.0056587431653967162 -0.0038710125386359046 0.023929732952108075 0.020656629906211775 -0.014177341925945247 -0.023999614250542853 0.010602377834791614 0.020856187445838833 -0.024938487576233879 -0.011215070119816558 -0.0045874151467481415 0.028657158410260081 -0.0017497450479666537 -0.015043447020135459 0.0039670862916704542 0.0091512633391369301 0.00066008603014171643 0.026334263485370459 9.3432070732386429e-05 -0.011545090579438177 -0.01488324628938948 -0.046845637063633358 -0.023672276673258053 0.014241076960395962 -0.034510852627275594 0.0010126261693816376 0.005989030200158011 0.021422797952290368 0.040128508656913302 -0.0059378213959273129 0.01067284001865086 0.035887916207624694 0.020233034700306407 -0.044963409574441351 -0.01212174134122186 -0.002946931871441415 -0.013688356574620345 0.021963119559800643 0.0036106046172245153 0.011489921935916013 0.01147614792180077 0.014174568852610569 -0.018024677100695594 0.0039612987290703078 -0.016121627253447325 0.0064707685591083395 0.01520539649326666 0.031822977074998086 -0.015419920836927999 0.012161136619824974 -0.027928386108870287 0.0019126787355532374 -0.04113972505815431 -0.024520980975710947 -0.016581699453712372 -0.011066504156107727 -0.0013007255848417312 0.026082675154291787 0.0036508010192893305 0.017123036211203802 -0.021419431568081133 -0.011389098748879601 0.013339225803792631 0.026307909611953291 -0.024546699846950532 -0.0075042707399822954 -0.027491892453510771 -0.0019536495333167024 -0.0026203955081040608 -0.0079817161964304082 0.0039764256511462008 -0.017084604157355729 -0.0059161118961447937 0.022415611889880342 -0.0052162357779158754 -0.018674378140246251 -0.0024514912735273389 0.010085743849779774 0.0024780942485135306 0.010335768475668985 0.0019826880258933116 -0.011136301369417278 0.0048908392491439313 0.00023373898797191987 0.012613223007532409 -0.01873442204172017 -0.0096012786086837019 -0.0080556814770255218
leaf_weight=6769.7606829404831 12.968206509947779 9.943713963031767 249.63724312186241 8.9203434288501757 10.179813817143446 14.496863439679144 7.9743850380182257 7.731756970286372 8.4800663590431196 11.227929562330244 9.4830554127693159 15.729239091277121 10.970721408724783 31.428939700126648 16.939378365874294 11.467998310923578 10.727492198348044 8.4778893887996656 13.476759195327757 22.475187882781029 19.704176992177963 8.979576990008356 11.510497510433195 13.216795682907103 11.996899202466009 9.7935484200716001 568.41031919419765 7.5861596763134029 22.473620891571045 9.0505010038614255 48.008347377181053 49.134266003966331 11.982556417584417 55.281159892678261 30.871804088354111 9.3380142152309435 16.1407740265131 9.5828426480293256 23.85535803437233 11.536766976118086 13.919954642653463 7.5991877019405356 30.693965032696724 7.8201125562191001 13.693995475769041 7.8077587038278562 7.3322144746780396 3968.8262409716845 120.5067063421011 32.005458205938339 8.7911763936281186 8.8202129602432233 11.758063614368437 198.18263539671898 14.216030344367026 24.944530144333839 220.05722120404243 8.2183405607938749 23.939522713422775 9.5682418197393471 26.989927366375923 16.426425278186798 17.424408182501796 12.245266571640967 598.13617968559265 15.440857231616972 7.5983498692512503 14.229744270443915 9.3203787952661497 7.8012539744377127 14.931055396795271 7.6013383716344824 28.177357822656631 37.225604459643364 8.0886940211057645 114.10970790684223 12.576141133904455 302.23752310872078 229.61795999109745 175.43936304748058 8.0633289366960508 1091.7128183096647 7.828851029276847 5039.3751888424158 14.179992690682409 10.178381517529486 9.468972906470297 9.2347166240215284 24.059595867991447 14.721839487552645 7.8561778813600531 10.77323295176029 8012.3453313112259 50.81159320473671 557.18314242362976 15.304200261831282 43.754906550049782 31.953623369336128 9.7862333655357343 77.442861616611481 8.3933681249618584 7.4075883477926245 9.3698575198650342 301.37761424481869 17.110222354531288 840.36383205652237 27.291156083345413 2704.5735412985086 54.667978048324585 77.596270218491554 933.9340066164732 20.445900946855545 3186.492040336132 65.97609780728817 31.956161931157112 33.283181488513947 336.26424916088581 148.19122019410133 8146.7126325815916 2656.6695816665888 47.803654581308365 109.85539889335632 10.68357729911804 109.67403253912926 656.98319414258003 1253.2737594097853
leaf_count=37052 53 41 1137 37 41 59 32 31 34 45 38 63 44 126 68 46 43 34 54 90 79 36 47 54 49 40 2322 31 93 37 196 201 49 226 126 38 66 39 97 47 57 31 125 32 56 32 30 16767 483 131 36 36 48 810 57 100 882 33 96 39 110 67 71 50 2441 63 31 58 38 32 61 31 115 152 33 467 52 1236 938 717 33 4457 32 20598 58 41 38 37 100 61 33 45 36284 230 2270 62 178 130 40 315 34 30 38 1229 70 3422 111 11032 222 316 3804 83 12981 269 130 136 1351 596 32656 11220 200 462 44 463 2768 5276
internal_value=-6.17931e-05 -0.00465366 -0.0107878 -0.00803977 0.00409744 -0.00573378 0.00187158 0.00182946 -0.00178716 0.00201154 -0.0135227 -0.0077169 0.0221861 -0.000225805 0.00183447 -0.00885865 -0.0229581 -0.00293647 -0.0076383 0.00196826 -0.00992349 -0.0152512 0.00636788 0.00792234 0.00864929 0.0124068 0.00737208 -0.000142677 0.00601196 0.00811462 0.00155351 0.0048585 0.0200724 0.00904312 0.00899736 -0.000417503 -0.00246001 -0.0117276 -0.00623047 -0.019851 0.00488836 0 -0.00718975 -0.000368506 -0.00623299 -0.0137803 -0.00124164 -0.0104185 0.00202578 0.0131832 0.0181193 0.0105592 0.022082 0.00810634 0.0124886 0.0170777 -2.96768e-05 0.0129159 -0.00137534 0.00596058 0.00354549 0.00449333 -0.00943359 -0.0184154 0.00553003 -0.00721481 0.00642631 -0.0217726 0.00622328 -0.00103959 0.00795378 -0.0130203 -0.0192468 0.00368619 -0.0319033 0.0202547 -0.0138249 0.00833569 0.00633977 0.0111029 0.0127425 0.00619351 0.0105535 0.00602424 0.00414384 0.0148589 0.00587865 -0.00304729 -0.0171031 -0.0110023 -0.0169078 -0.00925072 -0.0167225 -0.0204653 -0.00566189 -0.00129059 -0.00430617 -0.00235798 0.00802101 -0.00594848 0.0118702 0.00310042 -0.00658665 -0.00576972 -0.00504133 -0.00495295 -0.00649824 -0.00747392 -0.00774411 -0.00478596 -0.0041927 0.00809568 -0.00453581 -0.00951902 -0.012836 0.0179265 0.00205296 0.00488643 0.00188668 -0.0104569 -0.00983536 -0.00835848 -0.0110401 -0.00865679 -0.010912 -0.00738656
internal_weight=51447.7 44677.9 26266.5 17953.7 18411.4 9116.81 9297.39 9267.56 443.775 8823.78 51.9067 42.4236 18.7025 391.868 316.289 75.5791 22.1955 53.3836 44.9057 8805.08 42.1794 33.9435 9114.04 1696.81 1560.93 395.458 1165.47 104.631 7417.23 1060.84 126.034 76.5231 19.5687 64.3317 934.803 135.884 122.667 54.313 44.7301 20.8748 68.3539 54.4339 38.2932 56.9544 61.7023 28.1082 15.14 8836.87 8762.9 383.461 132.694 250.766 43.7635 207.003 47.1349 39.1606 269.154 25.1577 243.997 7394.75 726.148 696.246 48.0806 29.9022 648.165 42.4308 605.735 31.6542 6668.6 105.057 59.9579 45.0991 35.7787 52.1567 17.6569 122.901 79.9307 870.648 6563.55 195.013 183.503 6368.53 237.447 6131.09 23.1003 29.8272 19.6488 18.2143 67.3546 43.295 33.3513 25.4951 8312.79 300.449 9036.88 217.91 177.434 162.938 41.7399 121.198 40.475 25.1708 17.7632 8818.97 4411.32 4394.21 4407.65 2806.98 2759.24 1600.67 1491.12 47.7371 4026.86 367.354 109.552 64.155 8751.67 484.455 8267.22 8813.77 4844.94 2177.59 2667.35 2129.79 766.657 1363.13
internal_count=223670 186618 112103 74452 74515 37157 37274 37154 1779 35375 208 170 75 1571 1268 303 89 214 180 35300 169 136 37241 6934 6380 1617 4763 428 30307 4335 515 313 80 263 3820 554 500 221 182 85 279 222 156 233 252 115 62 37295 35131 1568 543 1025 179 846 189 157 1079 101 978 30214 2963 2841 196 122 2645 173 2472 129 27251 429 245 184 146 213 72 503 332 3558 26822 797 750 26025 970 25055 95 120 79 73 280 180 139 106 37651 1367 36825 886 722 663 170 493 164 102 72 35939 17971 17901 17968 11448 11254 6520 6074 194 16403 1498 446 262 35086 1947 33139 37200 20433 9169 11264 8969 3231 5738
is_linear=0
shrinkage=0.03


Tree=30
num_leaves=127
num_cat=0
split_feature=18 0 18 18 0 27 40 5 20 19 21 36 9 5 35 23 23 37 30 4 35 21 23 43 40 23 27 4 41 18 28 26 41 9 35 4 28 28 36 35 2 30 35 27 28 6 27 36 8 29 2 40 21 16 41 37 40 21 35 41 9 37 29 28 40 21 5 2 28 43 35 27 20 23 27 9 19 35 11 9 4 28 26 8 11 27 36 19 6 35 27 8 21 27 16 37 23 40 17 30 28 37 23 23 23 28 23 27 37 5 29 2 5 43 40 27 2 37 10 27 18 26 27 2 18 37
split_gain=7700.79 2400.02 466.272 93.789 81.334 7.76175 9.31716 8.03464 12.2106 7.05911 6.91728 7.57884 6.96326 6.89706 7.12905 6.68542 6.52404 6.51912 7.06514 6.47028 6.35372 6.05819 8.36938 8.2465 8.13916 9.60467 7.29727 7.23033 11.0645 9.65169 9.00591 7.22488 6.87815 6.71469 6.54944 8.03375 8.59879 7.35433 12.7228 6.38496 8.68345 7.48441 6.34884 6.26025 6.04915 5.93598 5.79037 12.0173 8.47793 11.2538 7.75332 8.61813 7.74396 8.46691 7.2518 8.37545 8.17029 7.93681 6.64377 6.8446 6.42019 5.95923 5.88537 10.1408 7.58279 7.68282 7.31133 9.30233 6.86573 7.02813 7.68714 6.85318 8.68361 7.73014 6.76225 10.3609 9.019 6.70176 6.21538 6.19096 5.93533 5.87665 9.92681 6.27004 5.78595 12.348 11.5848 11.3727 10.9034 9.76167 8.76964 8.64463 9.13782 9.13896 8.49325 8.16031 10.8184 7.75565 10.4926 9.00349 8.42451 7.7187 11.7162 9.44435 7.973 7.55193 10.4176 7.52831 7.38802 7.32092 10.0787 7.86624 7.12698 6.91413 6.71515 6.70204 9.83422 7.33542 6.48632 6.31074 7.10807 6.19696 6.39759 11.4062 5.9659 7.16308
threshold=0.27700000000000008 3.5000000000000004 0.84300000000000008 0.31700000000000006 4.5000000000000009 21.750000000000004 2163.5632183908051 0.115 3.3950000000000005 89.575000000000031 14.350000000000003 -0.0024999999999999497 20.650000000000002 0.055000000000000007 -0.88 48.850000000000001 42.95000000000001 0.09333333333333417 3.0650000000000004 43.95000000000001 0.026666666666666554 17.050000000000004 47.650000000000013 0.070832914554826418 1856.7874692874695 48.45000000000001 15.15 43.45000000000001 0.066708648194794259 0.28100000000000008 29.550000000000004 3.4350000000000005 0.045759679628917457 30.350000000000005 -2.3908333333333331 36.050000000000004 32.95000000000001 39.850000000000001 -0.0024999999999999497 2.663333333333334 65.15000000000002 3.0650000000000004 -0.59999999999999976 18.650000000000002 38.150000000000013 6.5650000000000004 12.65 -0.032499999999999939 5.5000000000000009 11.65 33.550000000000004 1794.3529099123041 18.350000000000005 1.0000000180025095e-35 0.053263460860891058 0.010000000000000153 2029.05701754386 13.65 -0.86666666666666681 0.045759679628917457 29.350000000000005 0.09000000000000026 11.850000000000003 39.95000000000001 2479.4736842105267 16.150000000000002 0.055000000000000007 48.95000000000001 38.050000000000004 0.06319748566691992 -0.81000000000000016 13.250000000000002 3.6450000000000005 48.750000000000007 19.250000000000004 12.050000000000002 61.375000000000014 -0.63750000000000007 3.5000000000000004 17.750000000000004 31.750000000000004 30.350000000000005 3.5050000000000003 1.5000000000000002 1.5000000000000002 17.850000000000005 0.040833333333333312 60.925000000000011 6.5650000000000004 0.69166666666666676 20.850000000000005 1.5000000000000002 14.65 21.350000000000005 1.0000000180025095e-35 -0.081666666666665624 47.95000000000001 2855.7777777777787 8.2250000000000032 3.8750000000000004 38.550000000000004 -0.00083333333333344398 44.95000000000001 45.45000000000001 43.45000000000001 30.450000000000003 41.95000000000001 12.15 -0.12833333333333244 0.16500000000000004 7.4500000000000002 21.550000000000004 0.22500000000000003 0.036132757814038206 2901.1363636363644 19.250000000000004 40.350000000000001 0.036666666666666556 5.5000000000000009 17.750000000000004 0.57400000000000007 3.8250000000000006 14.050000000000002 33.850000000000001 0.59000000000000008 -0.11333333333333279
decision_type=2 2 2 2 2 2 2 2 2 2 2 2 2 2 2 2 2 2 2 2 2 2 2 2 2 2 2 2 2 2 2 2 2 2 2 2 2 2 2 2 2 2 2 2 2 2 2 2 2 2 2 2 2 2 2 2 2 2 2 2 2 2 2 2 2 2 2 2 2 2 2 2 2 2 2 2 2 2 2 2 2 2 2 2 2 2 2 2 2 2 2 2 2 2 2 2 2 2 2 2 2 2 2 2 2 2 2 2 2 2 2 2 2 2 2 2 2 2 2 2 2 2 2 2 2 2
left_child=-1 3 4 5 84 21 7 8 -7 10 20 12 -12 14 -6 -8 -5 18 -10 -13 -9 22 23 26 27 43 31 29 30 -24 -29 -2 -33 -28 35 -23 -37 39 -39 40 45 -42 -40 -26 -11 -36 47 48 49 -18 51 -49 60 -54 56 -56 61 -58 -50 -60 -53 -52 63 68 65 -65 67 77 69 79 -71 72 73 -68 75 -70 -76 -64 -67 -48 -74 83 -83 -73 85 94 88 109 113 101 107 92 -89 -94 97 96 -93 100 -99 -100 112 102 104 -104 -88 106 -96 -91 -108 110 -87 -112 -3 -86 -115 117 -117 -103 -97 120 -107 122 123 -90 -111 -126
right_child=1 2 -4 16 13 6 15 9 17 44 11 19 -14 -15 -16 -17 46 -19 -20 -21 -22 34 24 -25 25 -27 33 28 -30 -31 -32 32 -34 -35 37 36 -38 38 42 -41 41 -43 -44 -45 -46 -47 62 50 58 -51 54 52 53 -55 55 -57 57 -59 59 -61 -62 -63 66 64 -66 78 71 -69 74 70 -72 81 80 -75 76 -77 -78 -79 -80 -81 -82 82 -84 -85 86 87 89 91 121 90 -92 95 93 -95 105 118 -98 98 99 -101 -102 115 103 -105 -106 119 108 -109 -110 124 111 -113 -114 114 -116 116 -118 -119 -120 -121 -122 -123 -124 -125 125 -127
leaf_value=0.02991847622095601 0.015806907667898478 -0.0048780570064590719 -0.016374162455432061 -0.0015799155953778767 -0.0047585130022562159 0.023608382351354106 0.0049265556779355436 0.022907123826114654 -0.0058927171908567258 0.0044878508525820152 -0.00090517412521955902 -0.0021932839215820623 0.022489985372756687 -0.0096878961479940906 -0.024994430642573347 -0.029965559368597575 0.022541457845126945 0.007888587611797504 -0.035195497924811685 -0.027037695625389865 -0.0015904486575705255 -0.014472282945189882 -0.022747239929715685 0.027528746924695337 0.013396389134583277 0.0085395682126921703 0.005904546873283908 -0.019069419938861961 0.0240308465911118 0.007364241568564656 0.0013029650234012275 0.013672899878612026 0.00066985303199769994 0.016797443551963397 -0.00091913757322280353 0.031657173193347099 -0.0067949141034629075 0.0087850257643767009 0.0024605559488267773 -0.0026054687798989186 0.034314093768714478 0.010051184496949174 -0.028072003251486118 0.028273407829031101 0.039366971907399878 0.0057102949384454389 0.0013946378524306905 -0.022791794367686614 -0.048791460094288142 -0.0093380561062897955 -0.017412173763304596 0.014888531908411776 0.0091417573446534832 -0.016174585086059134 -0.0024435426810673648 0.026403176768015141 -0.013543675653942436 0.0019597045773529194 -0.03356676590084106 0.0042629012226618346 -0.012147239723437689 0.0092980405628853742 0.006029197928570984 -0.018270297835592756 -0.034982006525242478 -0.0047316746680378585 -0.0069009496279005137 -0.010196715211758547 -0.0067079627854919402 0.01345516406476171 -0.019040022228403099 -0.0071423118147310926 0.0049627749267361528 0.0091692097865187141 0.017952539381565744 0.021434565239733038 -0.0031151599461310578 0.032299056858089481 0.027921834108640478 0.0044314497015489731 0.039294241630192212 0.00049668092271951093 0.0033989919839209478 2.1678340189540913e-05 -0.017695656256665988 0.031134729380565898 0.003616969186886033 0.008012938479299108 -0.0031496220145559159 0.026651471408265862 0.028223560638989675 -0.021907785232995632 -0.014886392797494603 0.015621040371740069 0.023012083544239122 -0.011743941311565897 0.002216109023579551 -0.038410639997045949 -0.0045551161450553225 -0.01380462796518998 0.025137459401209959 -0.013053032584385881 -0.03277680190340862 -0.0018038793598072146 0.030831855700306905 0.014633574241760459 0.006745857983305157 0.00059315063294683109 -0.011516393946094316 -0.025566221371925709 0.010685847305985572 -0.0060122725262235117 -0.025918051326855818 -0.0090446901053216292 0.01921318050213898 -0.0092291147464819024 -0.039107714874059944 -0.0021859159797670779 -0.020355721444431346 0.016403802400518655 -0.0029250473436387954 0.016799949594741098 -0.0051033284898330932 -0.010563860904193914 -0.032469598180417641 -0.0044145799063661532
leaf_weight=6705.6152377128601 33.945203363895416 451.96452839672565 8148.578868329525 541.71869768202305 22.776530101895332 8.5349255949258787 7.3909572362899807 26.224110499024391 13.536535099148752 8.6104378104209918 25.01495561003685 72.331611603498459 20.822500050067902 8775.4360743463039 51.964446246623993 14.272926703095434 11.219246730208395 8.0850091427564603 16.764847546815872 10.788531765341757 14.74268291890621 32.867552801966667 9.5385712087154371 14.883239507675169 140.16206426918507 1176.4002682715654 1433.8355471342802 22.04935759305954 17.107419893145561 1209.5472451150417 164.44377712905407 39.261518925428391 530.11206315457821 52.913485452532768 125.43191978335381 8.813308924436571 12.504759937524794 29.057206273078918 8.529353857040407 85.739352539181709 16.650552377104759 37.459248840808868 20.793131247162819 31.505188673734665 9.5352826118469221 3555.9446546733379 1017.907662153244 8.4856034070253354 7.4902822077274349 82.341150373220444 49.391459211707115 95.73202320933342 27.18885737657547 20.943578854203224 19.455708339810371 16.689041301608086 35.679518610239029 175.07320596277714 8.4824014604091662 8.472848713397978 8.4802609086036664 8.7206816822290403 15.915582269430159 19.706682100892067 8.9826777279376966 13.95575734972954 36.670631542801857 11.450910344719885 14.463683426380156 8.7342214435338956 24.972152799367905 139.14499878883362 7.482283532619479 100.00252139568329 26.6830795109272 60.597663819789886 57.346923053264618 19.890379309654236 8.2306858748197538 1493.1516127884388 11.969043076038359 2958.3471679985523 1654.6852265149355 520.69650094211102 110.00397950410843 7.8351436704397193 24.812198877334595 32.77067568898201 287.63658095896244 10.358557701110838 11.778611645102499 24.907255858182907 66.87474462389946 10.051213309168814 9.0671714097261411 136.51839925348759 50.2310651242733 11.886599123477934 166.44880896806717 221.97601732611656 8.0738947838544828 78.826198548078537 9.0893111079931241 255.34928232431412 15.985023453831671 21.322966530919075 22.08262637257576 221.096769079566 191.26079218089581 22.507795661687851 30.027721226215363 160.09401358664036 14.917048692703245 73.341685444116592 8.3155037462711316 37.798488691449165 13.493403702974318 193.43751829862595 191.61992721259594 16.430164352059364 639.48338088393211 11.070305958390234 4595.6952474713326 536.46127024292946 9.2928462475538236 66.298025563359261
leaf_count=37285 139 1846 37127 2172 99 35 30 107 55 35 102 295 85 37129 233 58 45 33 68 44 60 134 39 61 574 4818 5868 90 70 4946 672 161 2167 218 513 36 51 119 35 350 68 153 85 129 39 14540 4081 34 30 330 198 384 109 84 78 67 143 702 34 34 34 35 64 79 36 56 147 46 58 35 100 558 30 401 107 243 230 80 33 5987 48 11862 6635 2088 451 32 101 134 1173 42 48 102 273 41 37 558 205 49 680 907 33 321 37 1040 65 87 90 900 780 92 123 654 61 300 34 154 55 787 783 67 2610 45 18738 2186 38 271
internal_value=-5.15246e-05 -0.00456774 -0.0104236 0.0037212 -0.00771898 0.00589579 0.000746116 0.00248991 -0.00859181 0.00526574 0.00334924 -5.38565e-05 0.00971567 -0.00976576 -0.0188624 -0.0180247 0.00161391 -0.015833 -0.0222168 -0.00546459 0.0140723 0.00604564 0.00675345 0.00532467 0.00783813 0.00951098 0.00516453 0.0062514 0.00100897 0.00712556 -0.00110658 0.00237729 0.00157136 0.00629434 0.00516781 -0.00516884 0.00910548 0.0053127 -0.00523485 0.00547436 0.00566028 0.0175945 -0.0191615 0.0161503 0.0230138 0.00548399 0.00181037 -0.00107479 -0.00962328 -0.00547924 0.00108909 0.00641885 0.0080696 -0.00185359 -0.00171754 0.0108705 -0.0034188 -0.000663015 -0.0253357 -0.0146605 0.0126646 -0.013369 0.00201521 0.00314673 -0.0101029 -0.00466203 0.00144571 0.0131861 0.00339695 0.00301785 -0.0105604 0.00134299 0.00753711 0.00484458 0.00944589 0.0159901 0.00357028 0.0207133 0.00738569 0.00320112 0.0262577 0.00115917 0.00153811 -0.00148762 -0.00572342 -0.00692622 -0.00524454 -0.0100004 -0.00574368 -0.00202428 0.00307477 -0.0127046 -0.00521008 -0.0108657 -0.00552363 -0.0147377 -0.00577916 -0.007629 -0.0107083 -0.00984706 -0.00502876 -0.00399929 -0.000571365 -0.00288614 0.0143662 -0.00347303 -0.00827012 0.00177685 -0.00961681 -0.0053071 -0.00197484 -0.00336286 -0.00555891 -0.0127812 -0.00612874 -0.00722731 -0.0171793 -0.00534132 -0.0167821 -0.00189442 -0.00235407 -0.00549481 -0.00554093 -0.00797857 -0.0120073 -0.00792171
internal_weight=51205.6 44500 26077.2 18422.7 17928.7 9066.15 256.655 234.991 46.9213 188.07 169.924 128.958 45.8375 8850.18 74.741 21.6639 9356.55 38.3864 30.3014 83.1201 40.9668 8809.5 4875.7 2104.95 2770.75 1348.07 2090.07 1422.69 203.601 1219.09 186.493 603.319 569.374 1486.75 3933.79 54.1856 21.3181 3879.61 58.3797 3821.23 3735.49 54.1098 29.3225 171.667 18.1457 3681.38 8814.83 583.846 118.006 93.5604 465.84 160.83 152.345 48.1324 305.01 36.1447 268.865 210.753 24.4455 16.9553 104.212 58.1121 8230.99 2754.73 50.8758 41.8931 5476.26 47.2569 2703.86 2544.77 33.7064 5429 156.124 136.673 159.091 75.0613 84.03 35.806 22.1864 2511.06 19.4513 5272.87 4613.03 659.841 9078.49 2583.94 6494.55 809.029 5622.52 872.025 243.234 512.973 109.697 76.926 1774.91 403.277 75.1383 875.267 400.311 388.425 474.955 628.791 305.236 264.439 40.7972 899.647 222.411 231.455 213.343 296.056 197.957 190.122 466.882 191.661 81.6572 323.556 51.2919 272.264 328.138 677.237 660.806 5430.86 5419.79 824.098 98.0987 75.5909
internal_count=223502 186217 111618 74599 74491 37082 1046 958 191 767 693 526 187 37461 332 88 37517 156 123 339 167 36036 19952 8614 11338 5521 8553 5817 832 4985 762 2467 2328 6086 16084 221 87 15863 239 15624 15274 221 120 703 74 15053 35345 2341 473 375 1868 645 611 193 1223 145 1078 845 98 68 418 233 33004 11045 204 168 21959 190 10841 10203 135 21769 626 548 638 301 337 144 89 10068 78 21143 18497 2646 37030 10553 26477 3306 22927 3550 990 2096 448 314 7247 1648 307 3576 1636 1587 1940 2560 1243 1077 166 3671 907 942 870 1210 809 777 1907 785 334 1317 209 1108 1341 2764 2697 22142 22097 3359 401 309
is_linear=0
shrinkage=0.03


Tree=31
num_leaves=127
num_cat=0
split_feature=0 0 0 0 0 27 25 23 9 23 40 25 9 25 36 42 41 9 23 22 5 22 10 23 27 4 3 29 25 33 3 4 42 22 22 4 11 19 9 4 22 27 36 21 8 29 41 24 4 9 22 36 6 3 21 22 9 25 21 27 5 9 4 28 9 28 36 24 28 25 4 28 36 43 28 40 22 23 19 40 36 21 28 17 29 28 40 21 5 3 3 9 21 40 20 28 6 25 25 27 43 39 28 11 11 36 27 6 19 25 4 17 8 21 30 21 19 21 21 24 7 30 23 17 4 5
split_gain=7351.59 2265.75 444.451 87.7145 76.7287 7.40911 10.4965 9.26027 8.33435 7.29222 6.43183 6.57856 8.45285 6.35746 8.0086 7.19847 6.68169 6.35677 6.34903 6.43407 6.33917 6.26027 6.04077 12.6497 12.4494 9.88225 8.97084 7.47924 7.29179 8.61461 6.76464 8.85405 13.506 7.26527 6.40234 5.97242 7.18384 5.87068 5.85726 5.79807 6.8859 5.78359 11.401 7.51841 7.28862 10.8606 6.36902 6.17191 6.15595 5.71203 7.06832 7.49692 6.09138 6.22485 5.70379 8.50622 9.64925 8.17653 8.90767 7.86746 7.20048 7.01363 10.234 6.4935 7.10039 9.65066 6.57406 6.40668 8.25582 5.89912 6.07302 5.89722 13.0396 5.78596 5.76781 5.71796 7.01997 5.55282 5.54976 10.3822 5.51621 5.514 6.38475 5.48112 5.47457 9.54481 7.12981 7.22751 6.88153 8.4937 7.00144 10.0533 10.7733 8.60499 10.1036 7.91104 7.91088 6.59788 8.54213 10.7191 6.97621 7.73985 6.49429 5.86171 5.453 12.9878 11.0501 10.784 9.1707 10.6451 12.9026 8.53514 7.7362 8.912 7.50466 7.498 7.32701 8.82884 6.86697 6.78208 6.72708 8.29074 7.70141 6.51299 6.49692 6.39743
threshold=1.5000000000000002 3.5000000000000004 5.5000000000000009 2.5000000000000004 4.5000000000000009 21.750000000000004 6.7395000000000005 54.95000000000001 10.350000000000003 50.750000000000007 2163.5632183908051 6.7615000000000007 21.450000000000003 6.7325000000000008 0.054999999999999959 3458.4175935288172 0.029645395504797552 17.550000000000004 42.95000000000001 33.850000000000001 0.055000000000000007 24.700000000000006 6.5000000000000009 40.850000000000001 17.450000000000003 43.650000000000013 30.850000000000005 12.800000000000002 6.7565000000000008 4.7500000000000009 35.750000000000007 35.150000000000013 2246.8635411210062 29.050000000000004 24.150000000000002 32.050000000000004 1.0000000180025095e-35 61.07500000000001 17.750000000000004 38.95000000000001 31.850000000000005 12.65 -0.032499999999999939 10.550000000000002 5.5000000000000009 11.65 0.045759679628917457 0.15350000000000003 38.050000000000004 19.350000000000005 36.150000000000013 -0.09083333333333328 7.0150000000000006 45.150000000000013 17.050000000000004 32.250000000000007 9.2500000000000018 6.7375000000000016 13.750000000000002 14.750000000000002 0.16500000000000004 30.650000000000002 30.950000000000003 26.150000000000002 11.65 28.850000000000005 0.079999999999999974 0.15750000000000003 34.45000000000001 6.7275000000000009 39.850000000000001 39.850000000000001 -0.0024999999999999497 0.070832914554826418 28.750000000000004 1976.1387163561078 36.750000000000007 48.850000000000001 64.02500000000002 2358.4770114942535 -0.040833333333333298 19.950000000000003 40.550000000000004 23.710000000000004 11.850000000000003 39.95000000000001 2479.4736842105267 16.150000000000002 0.055000000000000007 59.850000000000001 45.650000000000013 8.1500000000000004 16.050000000000004 2383.3001493280244 3.2450000000000006 35.150000000000013 6.5450000000000008 6.7705000000000011 6.7585000000000006 15.550000000000002 0.048198709291380308 2.7500000000000004 38.050000000000004 3.5000000000000004 1.5000000000000002 0.040833333333333312 17.850000000000005 6.5650000000000004 60.925000000000011 6.7455000000000007 22.850000000000005 17.155000000000005 1.5000000000000002 14.65 3.8850000000000002 23.250000000000004 79.175000000000026 16.250000000000004 9.4500000000000011 0.14650000000000002 3.5000000000000004 3.9050000000000007 40.150000000000013 18.735000000000003 33.850000000000001 0.16500000000000004
decision_type=2 2 2 2 2 2 2 2 2 2 2 2 2 2 2 2 2 2 2 2 2 2 2 2 2 2 2 2 2 2 2 2 2 2 2 2 2 2 2 2 2 2 2 2 2 2 2 2 2 2 2 2 2 2 2 2 2 2 2 2 2 2 2 2 2 2 2 2 2 2 2 2 2 2 2 2 2 2 2 2 2 2 2 2 2 2 2 2 2 2 2 2 2 2 2 2 2 2 2 2 2 2 2 2 2 2 2 2 2 2 2 2 2 2 2 2 2 2 2 2 2 2 2 2 2 2
left_child=-1 3 4 5 13 54 17 8 9 -8 11 12 -10 14 15 16 -3 -7 19 22 37 -4 30 24 28 26 -25 -28 29 -24 33 35 -33 38 -26 36 -32 39 -5 40 -6 42 44 -44 45 -20 -46 -45 80 52 51 -51 -23 -54 55 57 74 58 59 -2 -61 67 83 -58 65 -65 -66 73 -69 -60 -71 -56 81 -59 -57 76 -74 -19 79 -49 -47 82 -73 -63 85 97 87 -87 89 -86 93 92 -92 96 -95 -93 -90 98 102 -100 101 -99 -43 -89 106 107 118 114 109 -108 -111 -107 113 -110 124 -114 117 -113 -15 -116 121 -109 -122 -118 -106 -120
right_child=1 2 21 18 20 6 7 -9 10 -11 -12 -13 -14 104 -16 -17 -18 77 41 -21 -22 49 23 25 34 -27 27 -29 -30 -31 31 32 -34 -35 -36 -37 -38 -39 -40 -41 -42 84 43 47 46 48 -48 78 -50 50 -52 -53 53 -55 71 56 63 61 69 60 -62 62 -64 64 66 -67 -68 68 -70 70 -72 72 75 -75 -76 -77 -78 -79 -80 -81 -82 -83 -84 -85 88 86 -88 103 90 -91 91 95 -94 94 -96 -97 -98 100 99 -101 -102 -103 -104 -105 105 111 108 120 112 110 -112 116 115 -115 119 -117 123 -119 125 -121 122 -123 -124 -125 -126 -127
leaf_value=0.029499927253596289 -0.023142218117152252 0.01104465321163956 -0.02211577368311498 -0.010794533204361304 0.0044357604705120802 -0.00044539577573742212 0.026689255112636798 0.014458174106063398 -0.013653338294474862 -0.0096619761853449747 -0.024798733875434686 0.012846877876877367 0.00092945232565802419 -0.025031944469378498 -0.033236287858092801 -0.030608101077327813 -0.0094259150998296255 0.041080298010243384 0.021894760337547278 0.02275703993906382 -0.0094154772978831992 -0.016780817728238324 0.020482110729192933 0.015476637041898816 -0.02343358951884492 0.016557588372809927 -0.0065503446426235261 -0.030741187931534616 0.034566328044590644 -0.0092460750222418658 -0.022090731368990289 -0.002386010818625427 -0.025430560557987175 0.0022624152706471521 0.0045600726219776153 0.014757770290002444 0.0028128014169679773 -0.025594745223126224 -0.035620955500916887 0.0085994234040231328 -0.03146795427530949 0.0034884085444782716 -0.024966747770373506 0.00010707229582094862 -0.038993388332482358 -0.0092989766352076439 -0.0079848689443554801 0.028416741336178278 0.0027433321665772297 -0.031711742285735388 -0.017137202718951233 -0.014228519428803429 0.022691142660223516 -0.016264948959584826 0.0051431655774574559 0.037499976878173434 0.023652436082828805 0.0057768841644425233 -0.016133945380958296 -0.0097874044294230904 0.0090340025866780388 -0.01814878765448219 0.022221196497744584 -0.025394482271122225 0.0077471037076438584 0.0034372388488178576 0.025554712969834397 -0.021874351676907187 0.010968752957975584 0.0026538099843855544 0.016735981217491976 -0.019270013153048434 -0.023576526532386774 0.022502870918544582 0.014189571966049544 -0.040852205125597132 0.011431943212258293 0.0097238362673513976 0.00089101540529068816 -0.0089966547263387424 -0.030738309657461077 0.028663195772005996 0.014647262337393037 0.012051803531383926 0.018659256050404718 -0.017713101982387913 -0.033912045708574534 -0.004589771455277036 0.014020331060269052 -0.014672794309464089 -0.019861181195894511 0.0037369998359095247 0.0011741637133907718 0.013776380299163319 -0.0039024897525587517 0.00020332923984905146 0.00084933904032389511 0.047089471787801894 -0.0076770796396151064 0.0024604867586076012 -0.0047823865533135491 0.0082412249862798097 0.010327135468923805 0.0271314968124979 0.0021154142765620531 -0.0033278174987798272 -0.014548223347943095 -0.005040470080568041 0.0082065153971346561 0.028005117842975311 -0.0035997042238767978 0.021628455282906672 -0.014620527791170552 -0.010537394517459692 -0.03847387932853967 0.011806987730225942 -0.02654938138518748 0.0017689123477085177 -0.0037468153655427997 -0.015344333730638496 -0.022922031024646017 -0.0081746787119152311 -0.0034198212282079599 0.00096774347127663433 -0.01330433058430479 -0.0075932019955037627
leaf_weight=6597.432248711586 20.720208212733269 15.616984292864798 147.32263880968094 18.449146196246147 7.56736788153649 12.46334248781204 13.749525114893915 28.014608204364777 72.466470688581467 7.6026540100574485 15.070162534713743 17.708112835884094 70.178566187620163 15.629764705896376 13.365056425333021 13.121300831437109 159.74859756231308 11.00816021859646 11.207238554954527 9.4827506840229017 8716.885096564889 3692.8945941030979 28.658321544528008 14.961073651909826 10.723443716764448 18.959038004279137 116.78496743738651 12.731543183326719 17.686548933386803 12.474141642451285 12.232070967555044 84.309368386864662 31.424367368221283 14.975347593426703 22.691453516483307 29.431715980172157 67.112015873193741 42.221271231770515 16.44565886259079 11.391770929098127 12.669688805937765 2104.9358839988708 9.7321513295173627 388.52890963852406 12.488113060593607 41.680994257330894 11.722707003355024 24.92936497926712 25.45464788377285 22.341670200228691 1124.9980585426092 3138.5399950295687 7.063218414783476 7.4973936229944229 3890.5972363352776 10.498838126659392 22.215802505612373 2613.7834777534008 10.97344948351383 45.929104641079903 30.210017621517181 10.220782130956652 52.638944089412689 11.043200969696043 1583.5555141419172 166.10977524518967 18.878003805875778 16.712030455470089 11.521414816379545 99.060918599367142 38.305378764867783 8.3167199045419746 13.717547222971922 18.724032789468765 113.04568910598755 7.6011704802513114 8.0802648067474347 9.798525318503378 31.174771368503571 8.975042983889578 14.733570680022238 9.2544959187507612 12.174741655588148 11.232632696628569 38.99128957092762 19.719727024435997 8.9911182075738889 13.95866008102894 41.849588871002197 8.2209536582231504 37.169454529881477 1897.1512135267258 52.854545578360558 30.550480127334595 563.08468540012836 816.52190186083317 1941.4752050638199 9.4754319489002281 135.93754342198372 302.54847794771194 8.2209644913673383 9.2218823730945569 133.08239306509495 8.2194102853536588 41.462553396821022 623.75880774855614 80.964067980647087 2594.2859670072794 32.565305814146996 12.242956355214117 198.46497562527657 36.396459639072418 384.61147013306618 75.335907250642776 13.655230849981306 9.7773756533861143 8.1015552133321744 45.421807125210762 1119.0015123784542 73.280868545174599 18.365457400679588 1078.3244771659374 1611.333531409502 137.15152804553509 59.725232243537903 599.40751741826534
leaf_count=37278 85 64 677 74 33 51 56 115 295 31 61 72 286 64 55 54 655 45 45 38 36953 16936 115 60 43 76 468 51 71 50 49 338 126 60 91 118 269 191 66 50 56 8441 39 1558 50 167 47 100 102 103 5156 14367 32 34 15919 43 91 10705 45 188 124 42 218 45 6485 680 78 68 47 406 157 34 56 77 463 31 33 40 125 36 59 38 50 46 157 79 36 56 168 33 149 7606 212 123 2258 3273 7785 38 545 1213 33 37 534 33 170 2540 331 10584 133 50 812 148 1575 308 56 40 33 185 4572 301 75 4400 6573 558 245 2449
internal_value=-4.95078e-05 -0.00443859 -0.0101406 0.00361258 -0.00749258 0.00570446 0.000686794 -0.00163715 -0.00394242 0.0136914 -0.0061039 -0.00432323 -0.00647276 -0.00555645 -0.0108285 -0.0092149 -0.00758913 0.0163914 0.00156304 -0.00159385 -0.0094902 -0.0159506 -0.00203654 0.00127637 0.0101575 -0.00372961 -0.00641177 -0.00896177 0.018459 0.0114296 -0.00512835 -0.00289673 -0.00867264 -0.0151189 -0.00442196 0.00323719 -0.00103054 -0.0182651 -0.0226063 -0.00838363 -0.0180127 0.0017576 -0.00113384 0.000978786 -0.00948622 -0.00563775 -0.0241356 0.00154413 -0.00944714 -0.0158365 -0.015085 -0.0143536 -0.0167044 0.00255585 0.00585051 0.00653487 0.00809101 0.00552873 0.000274102 -0.00679162 -0.00229783 0.00599927 0.015112 0.00753252 0.00732913 0.00161818 0.00795941 0.00574439 -0.00842749 0.00489928 0.00660093 0.00500004 -0.00438236 0.00589727 0.0162114 -0.0185384 -0.0105377 0.0265024 0.0100872 0.0184714 -0.0149692 0.00957352 0.000781929 -0.00228414 0.00196298 0.0030528 -0.00979968 -0.00452111 0.00140964 0.0128048 0.00130914 0.00234665 -0.00750675 0.000179714 -0.00298798 0.00267435 0.00112871 0.00329564 0.00314593 -0.000679932 0.0180593 0.0281543 0.00389618 0.00716813 -0.00543618 -0.00496535 -0.00661636 -0.00549992 -0.00955006 -0.00530705 -0.00174381 -0.00151378 -0.0120094 -0.00486411 -0.0125633 -0.0139587 0.00346199 0.0106373 -0.00527178 -0.0190346 -0.0052488 -0.00596132 -0.00364191 -0.000573926 -0.0069753 -0.00508973
internal_weight=51015.5 44418 26002.5 18415.5 17861.9 9113.18 258.06 224.79 196.775 21.3522 175.423 160.353 142.645 9071.12 201.852 188.487 175.366 33.27 9302.34 539.533 8790.74 8140.66 530.05 255.671 92.2339 163.437 144.478 129.517 58.819 41.1325 274.38 224.51 115.734 49.8702 33.4149 108.776 79.3441 73.8501 34.8948 31.6288 20.2371 8762.81 580.628 463.34 117.287 93.0765 24.2108 453.608 81.8692 7993.33 4285.88 3160.88 3707.46 14.5606 8855.12 4905.38 1925.35 2980.03 245.199 96.8593 76.1391 2734.83 74.0924 1801.8 1779.59 177.153 1602.43 2660.74 28.2334 148.34 137.366 3949.74 59.1449 2632.51 123.545 29.399 21.7978 20.8067 65.0792 33.9044 56.4146 29.746 20.4915 21.4534 8182.18 2754.31 50.8889 41.8978 5427.87 47.2122 5380.66 2803.7 90.024 2576.96 593.635 2713.67 1983.32 2703.42 2676.5 438.486 26.9183 18.6973 2238.02 22.1781 8869.26 6341.26 2528 5490.43 793.962 291.672 210.708 850.83 502.29 107.901 188.124 394.389 227.071 81.8183 1734.04 86.9361 5302.31 3672.61 1629.7 145.253 101.188 1718.41
internal_count=223502 186224 111618 74606 74313 37306 1052 916 801 87 714 653 581 37030 828 773 719 136 37300 2163 37283 37305 2125 1025 370 655 579 519 236 165 1100 900 464 200 134 436 318 330 140 139 89 35137 2328 1858 470 373 97 1819 328 36628 19626 14470 17002 66 36254 20093 7885 12208 1005 397 312 11203 306 7379 7288 725 6563 10897 115 608 563 16161 242 10782 506 120 89 85 261 136 226 122 84 88 32809 11045 204 168 21764 190 21574 11240 361 10334 2381 10879 7953 10841 10733 1758 108 75 8975 89 36202 25868 10334 22404 3249 1193 862 3464 2056 441 772 1615 924 333 7085 357 21632 14984 6648 591 415 7021
is_linear=0
shrinkage=0.03


Tree=32
num_leaves=127
num_cat=0
split_feature=18 0 18 18 0 27 23 40 23 32 38 37 21 35 35 32 22 22 23 41 26 37 35 37 6 39 6 21 22 4 28 35 4 28 28 32 27 32 35 35 37 33 27 27 26 34 41 23 20 41 18 19 27 22 6 37 35 30 6 39 35 11 4 11 27 19 6 16 40 1 30 28 4 28 42 22 21 1 20 21 41 27 23 6 28 37 21 29 22 22 21 18 1 35 28 35 35 26 22 41 34 6 23 30 26 19 6 26 37 37 35 19 24 30 6 6 22 21 22 23 1 34 42 30 19 19
split_gain=7019.8 2138 425.295 83.3879 73.042 6.88403 8.74086 8.49864 8.23053 7.12837 6.63928 6.77295 6.0431 7.57883 7.10931 6.23194 5.96002 5.89807 10.2899 8.52861 9.09724 8.97095 9.03763 8.37359 8.14357 6.13102 6.08935 5.39284 7.91564 7.75434 7.17583 6.18493 7.54464 8.15878 6.53975 11.1282 7.58191 7.64995 6.02007 6.57107 5.89549 5.87762 9.16546 8.74008 6.66675 6.57359 6.51638 5.86892 5.70257 5.55578 5.39453 8.89425 8.29394 6.6465 5.92462 8.86684 6.89857 5.35465 5.34111 5.31876 6.46182 5.25234 5.22989 5.15828 11.0389 10.2008 9.52444 8.01848 7.32188 9.99717 8.52123 7.92646 7.29619 6.9967 6.98998 9.82959 14.3663 11.0234 7.57068 7.703 7.66877 7.23538 7.18912 6.95292 6.95828 6.62234 8.27943 9.26524 9.2066 6.27524 6.11562 5.89221 9.66741 8.20905 8.49346 7.08083 5.88378 8.82811 5.66411 5.42088 5.7975 5.12683 7.08125 7.77408 6.91317 7.93572 6.81605 6.58489 7.75924 6.17206 10.4089 7.59763 6.80559 6.14916 5.36717 7.96719 6.00949 5.11907 9.29501 9.22382 5.09002 5.08934 7.49308 6.07743 5.05911 5.32048
threshold=0.27700000000000008 3.5000000000000004 0.84300000000000008 0.31700000000000006 4.5000000000000009 21.750000000000004 54.95000000000001 2163.5632183908051 48.850000000000001 1.2500000000000002 4.2500000000000009 -0.012500000000000148 14.350000000000003 2.0483333333333347 0.026666666666666554 5.2500000000000009 24.700000000000006 24.900000000000002 46.250000000000007 0.051804515358732206 3.5550000000000002 0.0016666666666664504 -0.24499999999999983 0.043333333333333411 6.7150000000000007 3.7500000000000004 6.7650000000000006 17.050000000000004 32.250000000000007 23.150000000000002 26.150000000000002 -2.3908333333333331 36.050000000000004 32.95000000000001 39.850000000000001 1.7500000000000002 18.750000000000004 4.7500000000000009 2.663333333333334 2.413333333333334 0.19833333333333367 4.2500000000000009 20.950000000000003 15.15 3.2450000000000006 3.7500000000000004 0.05217918953144781 40.250000000000007 3.4950000000000006 0.058610249399723056 0.30700000000000005 79.925000000000026 18.050000000000004 32.550000000000004 6.6150000000000011 -0.13000000000000025 2.3116666666666674 4.7750000000000012 6.8250000000000011 5.7500000000000009 2.8325 2.5000000000000004 26.650000000000002 1.5000000000000002 17.850000000000005 60.925000000000011 6.5650000000000004 1.0000000180025095e-35 2855.7777777777787 2.7450000000000006 3.8750000000000004 38.550000000000004 53.95000000000001 34.45000000000001 2879.1575252303651 33.95000000000001 16.150000000000002 5.3550000000000013 3.6150000000000007 16.650000000000002 0.03449727156623706 15.15 45.850000000000001 6.535000000000001 30.350000000000005 -0.0075000000000002495 15.550000000000002 8.4500000000000011 33.050000000000004 42.050000000000004 23.250000000000004 0.63000000000000012 3.5850000000000004 -0.29166666666666669 32.150000000000013 -0.021666666666667094 -0.45499999999999935 3.3450000000000002 32.550000000000004 0.069061388754483366 3.2500000000000004 6.705000000000001 59.050000000000004 4.2250000000000005 3.4850000000000008 49.475000000000016 6.6850000000000014 3.3150000000000004 -0.0016666666666673498 -0.051666666666667145 1.861666666666667 88.075000000000031 0.14450000000000002 4.2250000000000005 6.6650000000000009 6.6850000000000014 29.850000000000005 17.950000000000003 32.150000000000013 52.150000000000013 4.245000000000001 1.2500000000000002 2533.6309523809527 3.9150000000000005 66.27500000000002 56.82500000000001
decision_type=2 2 2 2 2 2 2 2 2 2 2 2 2 2 2 2 2 2 2 2 2 2 2 2 2 2 2 2 2 2 2 2 2 2 2 2 2 2 2 2 2 2 2 2 2 2 2 2 2 2 2 2 2 2 2 2 2 2 2 2 2 2 2 2 2 2 2 2 2 2 2 2 2 2 2 2 2 2 2 2 2 2 2 2 2 2 2 2 2 2 2 2 2 2 2 2 2 2 2 2 2 2 2 2 2 2 2 2 2 2 2 2 2 2 2 2 2 2 2 2 2 2 2 2 2 2
left_child=-1 3 4 5 63 27 7 9 -9 10 11 -7 14 15 120 -14 57 18 19 20 23 22 -21 -5 -20 -22 -27 28 29 47 -30 32 62 -34 38 -36 -37 -38 39 40 -33 44 43 -43 -31 -44 -46 -2 61 -41 54 53 -53 -52 56 -56 -32 -4 -25 60 -40 -49 -29 64 67 85 74 68 71 -70 -71 73 83 -3 75 82 -77 -78 79 81 -81 -76 -65 98 -85 96 87 -87 -88 90 -67 99 -93 94 -94 -95 97 -66 -69 121 -101 102 104 -104 105 114 -105 108 -107 117 112 -112 -111 -109 116 -116 -6 118 -106 -119 -11 123 -123 -68 125 -8
right_child=1 2 16 17 101 6 124 8 -10 12 -12 -13 13 -15 -16 -17 -18 -19 24 21 25 -23 -24 58 -26 26 -28 31 30 41 50 34 33 -35 35 36 37 -39 59 49 -42 42 45 -45 46 -47 -48 48 -50 -51 51 52 -54 -55 55 -57 -58 -59 -60 -61 -62 -63 -64 66 65 89 91 72 69 70 -72 -73 -74 -75 78 76 77 -79 -80 80 -82 -83 -84 84 -86 86 88 -89 -90 -91 -92 92 93 95 -96 -97 -98 -99 -100 100 -102 -103 103 106 109 107 -108 113 -110 110 111 -113 -114 -115 115 -117 -118 119 -120 -121 -122 122 -124 -125 -126 -127
leaf_value=0.029082943416943282 -0.025213451975056252 -0.0033414337359993626 -0.022988790778155414 -0.003984964208674854 -0.0096155661276387805 -0.021230739186069724 0.022128758080260113 0.0049969865597926395 -0.034581607623372639 0.012878286849583212 -0.032378040629839899 0.014268323492563835 0.0012964097603705427 0.028277011543142907 -0.00079886458924953571 -0.014773383806156131 -0.015476450465376483 0.0016263372646271421 -0.046795090923526433 0.020826457511810514 0.017885599308725766 0.025745590869219338 -0.022502365622333129 -0.040168615016277477 -0.0092853827648549641 0.011850739859878636 -0.023123022137012041 0.0069741410133720592 0.024155570422192824 0.030498340865407005 0.01445402479842608 0.0053183882714745645 0.030735897157271232 -0.0067781291544780665 0.021814303203007167 -0.035848747948783892 0.0040950409222890267 -0.024252276151437421 -0.017760322423771728 0.021256400550789496 -0.0060607853260458838 0.0036750088347940702 -0.027193494186243415 0.010035689924525736 0.0069013683451932427 0.0042442319420097734 0.003199748985418097 0.0027327180412790334 0.0024909580239431254 -0.00043019527087592713 -0.00947760474866907 0.033655692989748791 0.0034121194283275136 0.010712362655720786 -0.008159699956720853 0.0068095836925961455 -0.013864796351187461 0.0024207875378309076 -0.012638869392605733 0.01551460154682688 0.0008007621641042456 -0.028546171662315996 -0.020867429432911505 0.0010385513776619542 -0.022486774311645773 -0.01201924642908405 -0.0020377291023176828 -0.0032807421043789661 -0.037396097840107084 -0.0042587419737687799 -0.013266423715674814 0.02449517761875027 0.024976327008068018 -0.012383224158762852 -0.022223382515537324 0.035087567714057161 -0.014008240920628282 0.014985088473539581 -0.031353821565028042 -0.013711208131699673 -0.047084340136505302 0.013786806783347837 -0.021972184212150102 -0.0086776358564220144 -0.0023596673095515647 0.0010481312390304648 0.021261341935487055 -0.023504459468558961 -0.00048728637634440201 -0.035833568820273505 0.011200775584581877 -0.018830145081536676 0.042358653868969566 -0.02545952648014637 0.0069169929005805262 0.0050141858374027288 -0.021489297526502218 -0.0022127057329626543 0.030588979661415945 -0.0069416445305261528 0.025161599470019502 -0.0087276869429931941 0.024434981949869913 -0.011692445754454177 -0.0063005693354573709 -0.0025841218456217753 0.015641751661124845 -0.016675869464910436 -0.034851859288916202 0.0046085751677966578 0.022557352795028601 -0.00744503739703867 -0.014707518503725885 -0.010929431164479217 0.0025332161595845539 -0.021655712358080156 -0.029545170437835357 -0.00035394153534074659 -0.013066301914096938 -0.0099341333155929593 0.041302290186818989 -0.0077510291623758614 -0.0047443371521664985 -0.0087364753046020767 0.030951323976271792 -0.0094371655892651497
leaf_weight=6493.7842212021351 8.0681838244199735 368.50645923614502 138.38204719126225 61.576478317379951 18.611532166600227 9.1108741760253942 9.2397854179143959 7.3902777433395412 12.632540747523306 17.583819225430492 10.353482961654661 10.061836138367653 92.531389132142067 7.5780993252992621 21.616173967719078 28.226753503084183 7909.1087555885315 9167.4274393618107 7.9857046455144909 7.4790011346340206 21.657925546169281 19.194271966814995 9.9851645082235319 10.978175863623621 15.218161880969999 8.7159288823604602 8.9633871018886548 7.8543895184993735 24.086173787713051 8.96178190410137 135.31589795649052 3633.2830500304699 8.7647638320922869 12.505027219653128 11.181102275848387 9.0712632387876493 25.42640133202076 12.759413138031958 25.956331700086594 40.802796587347984 41.242760971188545 276.30418546497822 11.250318333506586 664.2675474435091 710.19587558507919 12.473084732890127 1084.4492541104555 8.5429617315530795 172.34808243811131 14.178768426179884 15.60064424574375 27.836463421583176 11.725871264934538 213.84880006313324 36.3544682264328 1425.300930172205 8.0805310010910016 7.7580262571573249 15.711893513798712 12.240981191396711 47.511473387479782 10.739160463213919 25.053379520773888 17.203910544514656 24.417325496673584 491.02730908989906 887.07258668541908 8.0468130856752413 11.793939352035521 166.20210035145283 221.34216263890266 8.0959850847721082 8.0779007971286756 97.631886214017868 7.2837935835123089 9.8198498189449293 35.01709058880806 17.646887242794037 25.087563753128052 40.918140962719917 7.3147547841072074 15.551536321640013 41.000150710344315 205.56601543724537 667.23696847259998 31.518310010433197 23.212823897600174 24.387961730360985 69.949929088354111 9.7427258938550931 10.283901154994963 15.385338589549063 10.044413194060327 8.0509082376956922 15.648920476436613 43.287216544151306 29.539871975779533 92.552772328257561 9.5819881707429868 9.1001778692007083 11.059317871928213 5954.0523165911436 9.8623979538679105 33.054216995835304 405.364581823349 110.52289602160454 10.783657550811766 210.75808393955231 7.056953936815261 17.07524861395359 12.226092562079431 19.617583245038986 342.8819202631712 854.59759111702442 20.668760597705841 29.578635841608047 54.77064910531044 186.89898701012135 335.29329843819141 175.80014963448048 8.5627020448446256 909.19307892024517 4217.9139530807734 141.49898137152195 11.886321380734442 9.7388353347778303
leaf_count=37285 33 1507 641 247 79 37 38 30 51 72 42 41 377 31 88 115 36450 36765 32 30 87 77 40 44 61 35 36 32 99 37 555 14880 36 51 46 37 104 52 106 167 169 1133 46 2728 2915 51 4440 35 706 58 64 114 48 877 149 5845 33 36 63 50 194 44 102 71 100 2014 3619 33 49 680 907 33 33 400 30 40 143 72 104 168 30 64 169 840 2726 129 95 100 286 40 42 63 41 33 64 177 121 379 39 37 45 25316 42 141 1721 469 46 898 30 73 52 83 1459 3635 88 126 233 794 1427 749 35 3711 17219 577 49 40
internal_value=-4.75712e-05 -0.00431457 -0.00986515 0.00350489 -0.00728555 0.00555798 0.000706553 -0.00133782 -0.0199467 0.00047575 -0.0131311 -0.00254564 0.00277186 -0.000609486 0.011871 -0.00245655 -0.0155885 0.00151849 -0.00374547 -0.00108855 -0.0047615 0.011634 -0.00384854 -0.0101126 -0.0224043 0.00720273 -0.00582686 0.00569931 0.00636797 0.00539824 0.0078829 0.00487047 -0.00517494 0.00868179 0.00501149 -0.00492887 -0.0113207 -0.00537636 0.00516426 0.00534506 0.0051901 0.00581017 0.00770367 0.00816935 0.0047966 -0.010653 0.00466573 -0.000303731 0.00074982 0.015646 0.00767168 0.0116129 0.0247608 0.00932955 0.0070095 0.00643571 0.0128392 -0.0216289 -0.0241261 -0.00268245 -0.00575175 -0.014668 -0.0141758 -0.00539433 -0.00653136 -0.00944309 -0.00494188 -0.00520467 -0.00725262 -0.0102488 -0.00940936 -0.00472483 -0.00321129 -0.00524069 -0.0111277 -0.00629215 0.00195056 -0.00425461 -0.0171684 -0.0121028 -0.0188904 0.00218841 -0.0151548 -0.00347147 -0.00385024 -0.00499588 -0.00053234 -0.00965849 0.0049326 -0.0120108 -0.0115378 -0.00472748 0.00277875 0.00713292 0.020941 0.000165895 -0.0095237 -0.00647329 0.015113 -0.00484009 0.0106331 -0.00923111 -0.01028 0.000483577 -0.0104868 -0.0120854 -0.00491408 -0.0113246 -0.0045615 -0.00908815 -0.012331 0.00406171 -0.013786 -0.0120691 -0.019338 -0.0116908 -0.0245309 -0.00793426 -0.00936677 -0.00500305 0.0223659 -0.00489118 -0.00527795 -0.00296148 0.0156571 0.00588759
internal_weight=50827.3 44333.5 25928.5 18405 17873.3 9050.1 256.513 225.648 20.0228 205.625 29.5262 19.1727 176.099 128.336 47.7627 120.758 8055.25 9354.89 187.466 164.262 127.604 36.6584 17.4642 88.2665 23.2039 39.3372 17.6793 8793.58 4865.75 2967.6 1898.15 3927.83 54.1776 21.2698 3873.65 58.4382 47.2571 38.1858 3815.22 3729.51 3674.53 2767.9 964.295 940.572 1803.61 23.7234 1794.65 199.698 191.63 54.9816 1874.06 269.012 39.5623 229.449 1605.05 1461.66 143.396 146.14 26.6901 85.7088 73.4678 19.2821 32.9078 9063.81 2578.72 806.633 6485.1 1772.08 873.573 399.338 387.544 474.234 898.51 466.138 216.844 120.688 62.4838 52.664 96.1558 71.0682 48.2329 22.8353 58.2041 890.432 872.803 295.579 149.069 55.9063 93.1628 511.054 501.311 6268.25 92.4168 77.0315 25.6933 51.3381 146.51 116.97 17.6288 6175.84 20.1595 8809.48 2855.42 53.7003 2801.72 1306.57 43.8379 1182.94 117.58 1495.16 391.801 31.8437 359.957 1065.36 123.63 50.2474 73.3822 1103.36 740.658 362.699 26.1465 6155.68 5127.11 1028.57 30.8649 18.9786
internal_count=223502 186217 111618 74599 74491 37082 1046 919 81 838 120 78 718 523 195 492 37127 37517 752 659 512 147 70 354 93 158 71 36036 19952 12168 7784 16084 221 87 15863 239 193 156 15624 15274 15049 11350 3958 3861 7392 97 7355 818 785 225 7685 1103 162 941 6582 5994 588 677 107 350 300 79 134 37030 10553 3306 26477 7247 3576 1636 1587 1940 3671 1907 891 495 255 215 396 292 198 94 240 3638 3566 1210 610 229 381 2096 2056 25586 378 315 105 210 600 479 72 25208 82 37461 12145 229 11916 5558 187 5032 499 6358 1667 135 1532 4533 526 214 312 4691 3148 1543 107 25126 20930 4196 127 78
is_linear=0
shrinkage=0.03


Tree=33
num_leaves=127
num_cat=0
split_feature=18 0 18 18 0 25 36 42 26 17 28 42 36 22 23 22 9 22 36 2 2 9 37 20 28 9 3 26 28 3 25 4 6 2 30 3 3 42 10 23 4 2 40 3 4 42 37 22 4 11 9 4 1 30 33 18 29 28 40 21 28 39 4 36 41 28 22 41 41 25 10 43 28 25 34 2 28 6 37 9 23 9 11 7 37 42 18 9 26 42 3 26 29 22 1 20 21 20 36 9 18 4 39 25 4 6 36 10 42 26 9 1 36 22 11 18 4 6 39 22 43 11 23 9 2 37
split_gain=6703.13 2017.86 406.042 78.6177 69.2202 6.02362 7.61214 6.85344 6.60873 8.79451 8.73063 6.51467 6.41162 5.72483 5.71945 6.02314 5.57994 6.18596 7.22685 5.50724 11.3316 18.355 5.45425 6.42423 6.06936 11.4183 7.18686 10.9652 6.56823 5.97928 12.6703 7.09467 6.43137 5.65774 5.82004 5.50467 6.59295 5.40123 5.33943 11.9615 9.33837 9.23561 6.94493 6.56783 8.1101 13.0758 10.7665 6.81525 5.56022 7.60391 5.49156 5.16559 10.7304 5.12158 5.03013 5.0039 4.99713 8.62124 6.70938 6.79957 6.65693 6.41996 8.0968 6.53908 6.49805 6.20901 7.42215 11.1067 9.44568 6.45005 6.66942 6.3999 6.01102 14.2512 9.31663 17.1698 8.58251 7.64628 7.21886 6.81075 6.63291 8.20422 5.53083 5.13852 5.00549 8.35169 7.19858 5.26024 11.3972 5.69869 4.98914 9.01228 6.07279 5.53146 6.85152 5.49693 4.89504 7.42473 7.45057 7.40094 7.66863 7.68013 7.18688 6.62953 11.8657 8.79024 7.80369 7.53541 6.44528 7.32921 6.73213 6.44216 6.15684 6.13265 6.04974 5.86823 8.0116 7.36327 8.65777 6.43559 7.40332 8.19382 8.4006 8.59615 7.70903 7.20512
threshold=0.27700000000000008 3.5000000000000004 0.84300000000000008 0.31700000000000006 4.5000000000000009 6.7325000000000008 0.054999999999999959 3458.4175935288172 3.5150000000000001 15.130000000000001 37.45000000000001 3277.9953917050693 0.0058333333333333006 24.700000000000006 42.95000000000001 33.850000000000001 19.350000000000005 36.150000000000013 -0.09083333333333328 63.95000000000001 65.15000000000002 26.550000000000004 -0.17666666666666622 3.3350000000000004 28.850000000000005 17.850000000000005 31.450000000000003 3.6650000000000005 28.350000000000005 69.950000000000017 6.7515000000000009 28.150000000000002 6.7250000000000005 34.050000000000004 4.6950000000000012 42.550000000000004 52.650000000000013 6001.923076923078 6.5000000000000009 40.850000000000001 43.650000000000013 22.750000000000004 2225.611210494932 35.750000000000007 35.150000000000013 2246.8635411210062 0.10500000000000086 29.050000000000004 32.050000000000004 1.0000000180025095e-35 17.750000000000004 18.750000000000004 5.3750000000000009 4.7750000000000012 4.2500000000000009 0.44549999999999995 11.850000000000003 39.95000000000001 2479.4736842105267 16.150000000000002 38.050000000000004 4.2500000000000009 30.350000000000005 -0.024999999999999949 0.051198610069793003 26.550000000000004 32.250000000000007 0.042238564290263805 0.041574131979495457 6.7705000000000011 4.5000000000000009 0.06319748566691992 28.050000000000004 6.7605000000000013 5.2500000000000009 28.350000000000005 28.150000000000002 6.6950000000000012 0.030000000000000655 8.5500000000000025 47.95000000000001 20.950000000000003 3.5000000000000004 1.5000000000000002 0.063333333333332964 2944.1153846153852 0.44849999999999995 8.3500000000000032 3.6450000000000005 2259.730014025246 53.850000000000001 3.5550000000000002 11.950000000000001 24.900000000000002 3.9250000000000003 3.8450000000000002 17.050000000000004 3.4750000000000005 -0.07083333333333329 30.650000000000002 0.30900000000000005 30.950000000000003 2.7500000000000004 6.7375000000000016 41.050000000000004 6.8250000000000011 -0.069166666666666585 6.5000000000000009 1954.5875420875423 3.6750000000000003 8.5500000000000025 7.8550000000000013 0.027499999999999952 26.650000000000002 5.5000000000000009 0.29300000000000004 17.350000000000005 6.5650000000000004 1.2500000000000002 37.45000000000001 0.055635497564816859 1.5000000000000002 49.550000000000004 11.350000000000003 64.550000000000011 -0.064999999999999877
decision_type=2 2 2 2 2 2 2 2 2 2 2 2 2 2 2 2 2 2 2 2 2 2 2 2 2 2 2 2 2 2 2 2 2 2 2 2 2 2 2 2 2 2 2 2 2 2 2 2 2 2 2 2 2 2 2 2 2 2 2 2 2 2 2 2 2 2 2 2 2 2 2 2 2 2 2 2 2 2 2 2 2 2 2 2 2 2 2 2 2 2 2 2 2 2 2 2 2 2 2 2 2 2 2 2 2 2 2 2 2 2 2 2 2 2 2 2 2 2 2 2 2 2 2 2 2 2
left_child=-1 3 4 96 5 6 7 8 9 12 -11 -10 -3 53 15 38 22 18 -18 51 21 -21 23 -15 25 26 27 -24 -28 33 32 -32 -31 37 -35 -27 -37 -26 43 90 41 -41 -43 47 48 46 -46 50 49 -45 -5 52 -20 -4 -42 -50 57 60 59 -59 65 62 -62 -63 -64 66 68 -68 -16 71 -71 -67 73 74 75 -58 -74 -76 -79 -77 -75 -82 -61 -65 87 86 -86 88 -78 -89 93 92 -92 95 -95 -40 97 98 -2 103 101 102 -101 104 106 114 -99 -107 110 -110 -100 -105 -103 -108 -106 116 -98 118 -118 -117 121 122 -121 -124 -123 -122
right_child=1 2 13 14 -6 -7 -8 -9 11 10 -12 -13 -14 16 56 -17 17 -19 19 20 -22 -23 24 -25 29 35 28 -29 -30 30 31 -33 -34 34 -36 36 -38 -39 39 40 54 42 -44 44 45 -47 -48 -49 55 -51 -52 -53 -54 -55 -56 -57 72 58 -60 82 61 63 64 83 -66 69 67 -69 -70 70 -72 -73 76 80 77 79 84 78 -80 -81 81 -83 -84 -85 85 -87 -88 89 -90 -91 91 -93 -94 94 -96 -97 115 99 108 100 -102 112 -104 111 105 107 113 -109 109 -111 -112 -113 -114 -115 -116 119 117 -119 -120 120 125 124 123 -125 -126 -127
leaf_value=0.028677228923328184 -0.0065808975132660222 0.01286006419315955 -0.022495026364847803 -0.010492551944412886 -0.0089749242660724111 -0.0051198665183861871 -0.032298288603115274 -0.029743376899564272 -0.016752448614118034 -0.0060987144489865041 -0.042595668911546133 0.010817172164602755 -0.0074151198800485544 -0.0047846467897079553 -0.028239977253708231 0.022055788553987161 -0.030851551821374605 -0.016287021688637892 -0.013851871314792605 0.037319348936904036 -0.012496343636917739 -0.01726382231505388 0.027551302380192138 -0.026578636806785558 -0.015279369349718176 -0.0087325845000500897 -0.018491124870970318 -0.016605168670647329 -0.007107587164058184 -0.0070816442225792734 -0.01973603440884714 0.0056120672371521817 -0.023114347375536307 -0.025832778621241146 -0.017105612718364218 0.032734708525328615 -0.0028052340958113061 -0.006451543857934245 -0.019034384145702486 0.019734187444618381 0.0026615710467292187 -0.013811185773704769 0.00020622760862525205 -0.022317580189322245 -0.0061073987020189404 -0.024664924013748729 0.025925289459985307 0.0021467649009439685 -0.0066501403314317298 0.0030725034582704471 -0.034525843202378302 -0.013935797025689013 0.011974045978458728 0.0023469751570238916 0.034053108760254594 0.021543018540927092 0.035569899974302856 -0.017223027529890224 -0.032943336658020329 -0.0045009387620830498 0.027522139968239816 -0.018655625438409519 0.0036956907675290622 -0.008249015651806621 0.025105672218389559 0.0023096731919482368 0.044974659954394917 0.01017926579715131 0.0095239144262272354 -0.0046110996160683244 0.027025571289068261 -0.010870233453226847 0.0272101599133188 -0.045240733396542152 -0.031309673273197704 0.026824072760314361 -0.0069572746039816705 0.0096290244983667991 -0.017968466640590576 -0.0013652651091977676 -0.027292274496640852 0.0072777472306758285 0.026327107464576602 0.013440823243943785 0.0051648836483927036 0.027806245141963493 0.00073729900602987437 0.0017438888209107362 0.02367619793375136 -0.00070050748522738774 0.0071268851227392141 0.025605721393364492 -0.027653325372993393 0.0041472960356840182 0.028748238261609212 0.012773326313738032 -0.018508504506282445 0.027706478908319839 0.02093119592088314 -0.015527161165725214 -0.01203659920302105 0.016827839332089905 0.015054873870925399 0.0053879809276414616 0.010071055174461236 0.050578270778234659 -0.018388636393046526 0.0096966158622562078 0.011292652248522887 0.033806225093032757 0.0065588154610216722 0.014500661377625306 0.039441449686522925 -0.0015173754953470152 -0.018660748134947787 0.0032551540856967432 0.0058193928432269974 0.0083870086076139449 -0.032091573729576058 -0.031449675465566207 0.0021122848514563818 0.0056367588049079506 -0.015976659916668929 0.0028418256948212002 0.031566964011985672 0.011632210411182035
leaf_weight=6389.671194255352 29.645101711153984 37.031089752912521 137.19724158942699 18.456758305430412 8789.5557529777288 8855.2099778801203 13.274544596672056 13.041602075099943 69.56301711499691 30.188971325755119 7.2924353033304206 8.5372741818428022 22.388440892100334 14.66539780795574 7.9741272479295757 9.4730770438909513 21.951121851801872 1106.7477811723948 43.95946341753006 12.050191685557367 62.312532424926758 10.074204951524733 9.1446902304887789 78.564097136259079 1119.3373140245676 14.528683379292486 161.70052281022072 11.062747508287428 64.467189252376556 36.528429105877876 12.418673872947691 48.060300186276436 60.512058541178703 72.489879667758942 1857.1299241185188 9.7279831320047396 8.8344863802194578 66.911768332123756 7.467764467000964 11.214713528752325 10.972477450966837 83.101927578449249 51.158803030848503 12.484462738037108 74.091497763991356 31.453730255365372 10.713496938347815 14.973715290427206 7.475765228271487 67.593393698334694 16.469132453203201 2939.765115365386 21.422929540276527 7.7649918347597113 7.9721579402685157 21.935570999979973 12.941333577036856 19.72855943441391 8.9940420836210233 13.960399165749552 26.653409540653229 12.212382182478903 60.274088978767395 14.699639141559599 16.187787666916847 2597.0451530516148 10.938526302576063 33.877435684204102 22.666912719607353 8.7214171439409274 18.417879462242126 33.451761335134506 11.444008588790892 7.9915788471698752 13.714155778288839 7.9791138619184485 143.376902744174 16.216087684035301 17.707837790250778 170.33023220300674 15.717855930328371 9.9883141964673978 8.2044854462146741 28.903469040989876 587.04533027112484 11.918525904417036 758.27655933797359 2845.1498064547777 11.717530310153959 1228.0983539670706 7.7305663377046647 7.7258199453353873 10.480011597275732 15.933899119496344 29.136125013232231 13.685860380530356 10.51870049536228 7.5644125491380683 30.595607936382294 10.994747817516329 9.4425039589405042 46.456299990415573 18.192166924476624 3421.6682926863432 46.02808952331543 8.494029104709627 21.235979482531548 8.0016569346189481 291.25263455510139 13.635119423270224 731.7986097484827 71.423525676131248 14.411029204726217 216.90169867873192 7.5723615437746039 2360.1888022869825 13.666305810213091 590.70819035172462 8.8078731000423414 7.8180032968521109 94.731905862689018 464.5150106549263 25.415765047073364 151.75362715125084 10.488233417272566 298.20247340202332
leaf_count=37285 121 152 641 74 37461 36202 55 54 286 124 30 35 92 68 32 38 103 5133 203 55 285 46 42 364 5192 67 747 51 298 168 57 220 279 337 8631 45 41 311 30 45 44 333 205 50 297 126 43 60 30 271 66 13608 99 36 32 88 52 79 36 56 107 49 242 59 65 10416 44 136 91 35 74 134 46 32 55 32 575 65 71 683 63 40 33 116 2355 48 3041 11411 47 4925 31 31 42 64 117 55 43 31 126 45 39 193 75 14036 189 35 87 33 1198 56 3003 293 60 890 31 9669 56 2421 36 32 388 1905 104 622 43 1222
internal_value=-4.57208e-05 -0.00419322 -0.00959693 0.00340143 -0.00707811 -0.00523697 -0.0103755 -0.00880356 -0.0072184 -0.00196241 -0.013334 -0.0137096 0.00519584 -0.0152089 0.00147301 -0.00151736 -0.0150989 -0.0143506 -0.0136608 -0.0135372 -0.00593985 0.0124319 -0.0159638 -0.0231752 -0.0157735 -0.0115019 -0.0137253 0.00334084 -0.0152575 -0.0161374 -0.0103965 0.000358373 -0.0171082 -0.0164268 -0.0174356 0.00499852 0.0158153 -0.0147833 -0.00194382 0.00116581 -0.0036768 -0.00626658 -0.00846264 -0.00484316 -0.00265479 -0.00817338 -0.00201724 -0.0146883 0.00319344 -0.000890103 -0.0219344 -0.0137499 -0.00536159 -0.0211533 0.0160598 0.0143278 0.00165701 0.00266629 -0.00955622 -0.00443307 0.00288219 0.00885303 0.0132863 0.00062689 0.00827487 0.00253413 0.01102 0.0187866 -0.000314987 0.00229222 0.0168242 0.00214109 0.00115068 -0.00319719 -0.000610811 0.00234079 0.00136276 -0.012472 -0.00474288 -8.10928e-05 -0.021432 -0.0138256 0.0069099 0.0060922 0.00130904 0.00289454 0.00267068 0.000799709 -0.00461946 0.00100653 0.00981626 -0.00128202 -0.0128486 0.0141809 0.0201126 0.0014371 0.00539621 0.00602419 0.00820819 0.00541065 0.0134948 0.0161988 0.00346968 0.00519873 0.00102994 0.0119111 -0.00207182 0.0310159 0.00862096 0.0123152 0.00714023 0.00557515 0.0222624 -0.00303526 0.00595687 0.00461706 0.00729611 0.00774416 -0.00904822 0.00412686 0.00607892 0.00413281 -0.00121636 0.000126276 0.00621899 0.009342
internal_weight=50641.4 44251.8 25855.4 18396.4 17846.1 9056.53 201.317 188.043 175.001 96.9009 37.4814 78.1003 59.4195 8009.33 9354.23 541.701 7864.37 4218.28 3111.54 3089.58 84.4369 22.1244 3646.08 93.2295 3552.85 279.466 246.375 20.2074 226.168 3273.39 157.519 60.479 97.0405 3115.87 1929.62 33.0912 18.5625 1186.25 532.228 256.58 164.42 145.475 134.261 275.648 225.748 116.259 84.805 49.8996 109.489 80.0779 34.9259 3005.15 65.3824 144.962 18.9446 29.4113 8812.53 2942.91 50.8875 41.8934 2892.02 158.931 103.115 55.8155 76.4619 2733.09 75.457 44.816 30.641 2657.64 27.1393 2630.5 5869.61 272.587 238.889 191.251 5597.03 47.6381 33.9239 178.309 33.6977 25.7062 22.1649 43.6031 5585.58 1357.24 1345.32 4228.34 155.094 4073.25 92.16 25.9364 18.2106 66.2236 45.07 21.1536 9042.13 5005.31 1096.93 3908.39 99.4967 90.0542 29.1869 3808.89 315.798 70.0961 245.702 16.4957 1067.28 304.888 762.394 3493.09 60.8673 238.138 53.6005 4036.81 623.701 613.182 22.4742 3413.11 1052.93 659.991 184.987 177.169 475.003 392.934
internal_count=223502 186217 111618 74599 74491 37030 828 773 719 398 154 321 244 37127 37517 2172 36450 19532 14399 14296 386 101 16918 432 16486 1291 1138 93 1045 15195 724 277 447 14471 8968 153 86 5503 2134 1029 659 583 538 1105 905 466 340 200 439 321 140 13910 302 677 76 118 35345 11804 204 168 11600 638 414 224 307 10962 303 180 123 10659 109 10550 23541 1093 958 767 22448 191 136 715 135 103 89 175 22402 5444 5396 16958 622 16336 370 104 73 266 181 85 37082 20541 4504 16037 412 373 120 15625 1296 288 1008 68 4383 1254 3129 14329 253 977 220 16541 2556 2513 92 13985 4316 2706 758 726 1948 1610
is_linear=0
shrinkage=0.03


Tree=34
num_leaves=127
num_cat=0
split_feature=18 0 18 18 0 27 25 9 40 5 35 9 23 42 7 43 25 36 42 26 19 36 42 7 27 4 4 25 9 40 30 37 38 22 23 35 30 35 35 36 7 22 9 36 37 22 34 27 21 27 8 35 26 25 4 37 22 39 1 41 9 25 1 1 38 42 22 23 22 9 9 22 36 27 42 8 30 9 26 27 2 2 9 35 4 7 37 20 8 38 4 42 4 27 36 8 2 40 21 41 37 27 18 40 35 41 9 9 27 35 34 10 23 27 4 2 25 37 37 22 27 4 37 40 4 2
split_gain=6401.21 1904.43 387.664 74.1087 65.595 6.48366 10.1819 9.16713 7.56562 6.3588 6.68498 6.34049 6.42331 6.1034 10.846 6.14207 5.69676 7.23749 6.50845 6.2387 8.0793 8.6618 6.15292 5.64529 9.12613 8.63871 10.8284 10.734 8.84289 8.56169 8.44598 14.1218 7.99556 12.8532 13.5432 9.42683 7.93132 7.84533 13.9688 16.4436 10.184 9.63704 8.83299 9.01021 8.20503 7.54255 8.22512 9.29888 7.53793 7.47102 7.26287 7.24974 9.77915 7.52463 7.06945 6.89205 9.15258 6.5425 6.51995 5.7533 5.5897 7.81891 6.01657 5.6426 7.47331 6.36659 5.49965 5.37917 5.67626 5.36977 5.3471 5.92048 6.96379 5.52531 8.46769 7.07007 7.12043 6.82494 6.00247 5.80292 5.24485 10.6839 17.0881 5.66992 12.407 5.94236 5.24168 6.17038 7.49231 5.23428 6.02749 5.11957 5.1156 5.09194 10.6304 7.52885 7.20827 8.06823 7.31881 6.91247 6.70463 6.59966 6.3263 7.25304 6.16357 6.10983 6.07745 5.97383 5.27241 12.5479 6.20243 5.02804 11.262 11.4865 8.79694 8.69687 6.79673 10.3609 6.70144 5.80671 5.30345 5.24221 10.6737 10.1748 6.41846 9.96705
threshold=0.27700000000000008 3.5000000000000004 0.84300000000000008 0.31700000000000006 4.5000000000000009 21.750000000000004 6.7395000000000005 12.350000000000003 2163.5632183908051 0.055000000000000007 -0.88 17.550000000000004 48.850000000000001 1803.8784461152886 2.5000000000000004 0.049297185921138006 6.7325000000000008 0.054999999999999959 3458.4175935288172 3.5150000000000001 68.575000000000031 0.020833333333333304 3277.9953917050693 4.5000000000000009 11.350000000000003 35.45000000000001 30.650000000000002 6.767500000000001 9.4500000000000011 1763.7330754352031 3.0350000000000006 0.065000000000000765 2.2500000000000004 34.050000000000004 49.850000000000009 -0.44166666666666615 3.0350000000000006 -0.6775000000000001 -0.95166666666666633 -0.00083333333333331376 1.5000000000000002 25.850000000000005 27.050000000000004 0.010833333333333301 0.23083333333333297 39.650000000000013 1.7500000000000002 14.65 14.15 13.450000000000001 4.5000000000000009 -0.30499999999999944 3.6650000000000005 6.7245000000000008 46.550000000000004 0.078333333333333574 39.150000000000013 5.2500000000000009 4.7950000000000008 0.053263460860891058 21.550000000000004 6.7625000000000002 3.1150000000000007 4.205000000000001 5.7500000000000009 1910.0458715596333 24.700000000000006 42.95000000000001 33.850000000000001 7.9500000000000011 19.350000000000005 36.150000000000013 -0.09083333333333328 19.250000000000004 4283.9743589743603 4.5000000000000009 4.7250000000000005 28.650000000000002 3.3250000000000006 19.450000000000003 63.95000000000001 65.15000000000002 26.550000000000004 0.8133333333333338 21.950000000000003 7.5000000000000009 -0.17666666666666622 3.3350000000000004 3.5000000000000004 5.7500000000000009 45.95000000000001 1769.6938459952582 34.750000000000007 12.65 -0.032499999999999939 5.5000000000000009 33.550000000000004 1794.3529099123041 18.350000000000005 0.055013002206242306 0.026666666666666752 10.500000000000002 0.45149999999999996 2397.6467331118502 -0.86666666666666681 0.045759679628917457 28.150000000000002 29.350000000000005 12.450000000000001 0.52333333333333398 1.7500000000000002 6.5000000000000009 40.850000000000001 17.450000000000003 43.650000000000013 22.750000000000004 6.7565000000000008 0.056666666666666157 -0.023333333333332946 24.150000000000002 15.550000000000002 36.45000000000001 0.10500000000000086 2451.1416709911787 32.050000000000004 29.350000000000005
decision_type=2 2 2 2 2 2 2 2 2 2 2 2 2 2 2 2 2 2 2 2 2 2 2 2 2 2 2 2 2 2 2 2 2 2 2 2 2 2 2 2 2 2 2 2 2 2 2 2 2 2 2 2 2 2 2 2 2 2 2 2 2 2 2 2 2 2 2 2 2 2 2 2 2 2 2 2 2 2 2 2 2 2 2 2 2 2 2 2 2 2 2 2 2 2 2 2 2 2 2 2 2 2 2 2 2 2 2 2 2 2 2 2 2 2 2 2 2 2 2 2 2 2 2 2 2 2
left_child=-1 3 4 5 16 23 11 13 60 10 -6 -7 -13 14 -8 -15 17 18 19 20 21 -3 -21 30 92 26 27 48 91 -30 31 45 36 34 -34 -35 57 38 42 40 -40 -41 69 -44 51 46 47 -2 -26 -38 -46 52 -39 -53 -48 59 -57 -27 -47 -33 61 62 -9 65 -65 -62 -4 68 111 -32 86 72 -72 89 77 79 -77 78 -75 -76 83 82 -82 85 -85 -74 87 88 -68 90 -73 -28 -25 94 95 101 97 -96 107 108 -101 -69 -103 -104 -97 -106 -100 -99 110 -110 -98 121 113 116 115 -114 117 -113 -117 -115 -116 124 123 -123 125 -5
right_child=1 2 66 67 9 6 7 8 -10 -11 -12 12 -14 15 -16 -17 -18 -19 -20 22 -22 -23 -24 24 25 32 28 -29 29 -31 37 55 33 35 -36 -37 49 44 39 41 -42 -43 43 -45 50 58 54 -49 -50 -51 -52 53 -54 -55 -56 56 -58 -59 -60 -61 63 -63 -64 64 -66 -67 70 93 -70 -71 71 73 80 74 75 76 -78 -79 -80 -81 81 -83 -84 84 -86 -87 -88 -89 -90 -91 -92 -93 -94 -95 96 104 99 98 106 100 -102 102 103 -105 105 -107 -108 -109 109 -111 -112 112 114 119 120 118 -118 -119 -120 -121 -122 122 -124 -125 -126 -127
leaf_value=0.028278852434070034 -0.018099898142956573 0.010648887156993912 -0.020688786496887473 -0.024544484864201164 -0.0038488145007208518 -0.00058064212073351382 0.019842298386941185 0.01150280011264815 -0.027071843708547302 -0.0086507166275532187 -0.023570183981889342 0.042397689112621983 0.0082552735279357928 0.00012483103710739663 -0.022117817106339258 0.033326575124300165 -0.0049700548270894393 -0.031532072404475052 -0.029021881431627036 -0.016296163401191381 -0.013000777943359755 -0.017378976398656456 0.010479420086806071 0.011072410651705613 -0.0026386337136171866 0.013149602024579352 0.01002309858392964 0.039852769832150844 0.01892741182800671 0.0082248561063249549 0.014676782240893506 0.011080732463610838 -0.0001957921114715429 0.003330291726033178 0.021813222474182645 -0.015379675457967956 -0.0078369062481154043 0.0031657918219904937 0.013978126003328694 -0.0096132778576743863 0.0013710472731594499 0.017565107035404533 0.014781955821779321 0.0033312280930768547 -0.028265908890641019 0.028397246114041583 -0.0049771002943006818 0.011628116708410682 0.0072362978321683586 0.0066511667261203271 0.0070176933037493045 -0.025880398290129631 -0.0086606306793358522 0.0053454542879683275 0.011277313558931476 0.0090483533189445811 -0.024441279825874938 0.043460809228949814 -0.00050061119874454467 0.038841870719895519 -0.017455852224321985 0.019026392585720794 -0.015030405857318312 0.012391034286368596 -0.016745634968340153 0.014110203090942257 0.018467880303330679 0.021144956345326864 0.021426366795563218 0.0040973397902503862 -0.030296758260812587 -0.01482873808654505 -0.012814715184633804 -0.016710189348602023 0.0019346796313505221 0.012616889332956571 -0.014273991432375831 -0.025995162167228601 0.012694747996540879 -0.022381744801562544 0.035744893086722893 -0.012176956900142274 -0.016854718493863292 0.001534930969033299 -0.016760638933525415 0.0059939157878278393 -0.015392885400739156 -0.026044319064318318 -0.02428221440824448 -0.021814496235097906 -0.023301947772296869 0.041025742493897233 0.037599464847930565 0.001799675280480823 -0.022174334040888755 -0.046525199560300233 -0.0097068527322717972 0.014296967227631133 -0.0066666886194308899 0 0.034854665067766182 -4.882137073141641e-05 -0.022840309503643512 0.0089286059720511003 -0.031508784124186201 0.0042145600160167045 0.02221556946775638 -0.011778346829816846 -0.027570000135753212 0.0037994819732845666 0.0015470894555391123 0.019696621723956788 0.01916624063114639 -0.022561632792364499 -0.002845797072821852 -0.0002726217389493446 0.033103592861519461 -0.014435266408458604 -0.013883525071592196 0.0040912359360459642 0.02906380531098619 -0.0087832983148712126 0.014071495883276266 -0.035174598697698796 0.0076923473930661772 -0.0005873698501741737
leaf_weight=6286.8597259670496 11.010602533817289 47.808949127793312 143.78965158760548 19.470753520727158 22.565014809370041 12.453194007277487 11.217665210366251 8.5998919904232007 12.636749759316443 8696.5564319938421 50.812539950013161 10.677892014384271 9.5336166471242887 7.8686951994895962 10.763950318098066 14.184466600418089 8848.5726954489946 13.192866340279577 12.968444257974623 69.37116351723671 36.664009720087051 12.391514822840689 8.5510661453008634 13.369382783770563 89.856820791959763 32.636097371578217 7.289938852190974 8.0254191458225232 99.818307057023048 209.81820471584797 44.733034253120422 15.577834814786913 85.449025541543961 39.164047449827194 35.486798360943794 62.875054016709328 35.09286630153656 744.97830544412136 87.603739500045776 12.174587443470953 169.37568148970604 255.28255340456963 164.58967478573322 99.76834063231945 12.671431466937067 14.14536499977112 330.41216750442982 63.184017702937126 304.4172225445509 349.08656772971153 8.7644614428281766 6.8446327894926062 68.58040452003479 3817.7556392401457 25.830342218279839 101.98078934848309 7.7978882342576972 8.0287816375493986 13.662545219063757 12.160733848810194 20.539246127009395 8.0862444788217527 64.0522640645504 48.44142609834671 9.3393663614988309 7.8359644562005988 6.6903599351644498 7.7044585794210425 9.4619216024875623 1280.2079571634531 21.688328415155411 691.29441636800766 2291.9618628174067 7.9337042868137351 9.8566329926252347 14.366699934005736 22.683503702282906 7.0708923786878577 27.669101029634476 75.510963633656502 12.205495819449427 62.035387486219406 10.012539774179457 34.995699718594551 647.82640700042248 15.055192708969114 3531.8863409459591 77.784562289714813 7.9490010738372803 157.63940091431141 85.998016953468323 15.276046395301817 13.356325536966322 8227.9899192154408 8.4903699010610563 7.4940619170665768 58.102182045578957 95.623761013150215 40.401618704199791 11.468556419014933 8.6956606954336149 46.173388183116913 31.69927291572094 7.9844429492950431 8.4938804656267184 8.4718247205018979 7.7140405178070059 8.4815903007984144 23.456119820475578 22.194977819919586 181.0303003937006 30.342962592840195 11.203751131892203 10.732689037919043 7.9723230898380306 56.161434546113014 17.620302215218544 10.726833298802374 78.128420576453209 22.67118313908577 10.955388724803923 95.833252027630806 15.440402612090109 15.237422168254851 51.347492069005966 78.330798074603081
leaf_count=37285 45 196 677 78 99 51 46 35 51 37129 233 44 39 32 44 58 36202 55 54 286 151 51 35 55 369 134 30 33 410 863 184 64 351 161 146 258 144 3060 360 50 696 1051 677 410 52 58 1355 259 1250 1434 36 28 281 15665 106 419 32 33 56 50 84 33 261 198 38 32 31 31 38 5253 103 3225 10665 37 46 67 106 33 129 353 55 285 46 162 3013 70 16486 364 37 736 401 63 55 33004 34 30 233 384 162 46 35 185 127 32 34 34 31 34 94 89 726 122 45 43 32 225 71 43 313 91 44 384 62 61 206 314
internal_value=-4.38951e-05 -0.00407516 -0.00933568 0.00330112 -0.00687625 0.00523904 0.000528319 -0.00175383 -0.00476867 -0.00872546 -0.0175394 0.0161514 0.0264868 0.0104867 -0.000643901 0.0216018 -0.00508393 -0.0100859 -0.00855499 -0.00701213 -0.00190661 0.00483557 -0.013329 0.00537637 0.00711915 0.00678074 0.00900986 0.00569095 0.0130216 0.0116849 0.00504284 0.00161434 0.00425004 -0.00034411 0.00626272 -0.00818761 0.00666427 0.00534415 0.00686174 0.01111 0.00567837 0.0163192 0.00545834 0.010469 0.00465526 -0.000913406 -0.00189599 0.00717782 0.00498185 0.00532216 -0.0138043 0.00474119 0.00216608 0.0052885 -0.00379149 0.0100429 0.00663576 0.0192629 0.0141945 0.023401 -0.00305576 -0.00872613 -0.0118575 0.00224463 0.00763483 -0.0086671 -0.0148384 0.00142908 -0.0014711 0.00445674 -0.0147303 -0.0139959 -0.0133196 -0.0158965 -0.0107987 -0.0148079 -0.00380043 0.000674913 0.00607171 -0.0195576 -0.0131984 -0.00577576 0.0120044 -0.0134068 -0.0158207 -0.0126911 -0.0155798 -0.0226806 -0.00465041 -0.0167938 -0.015771 0.0311649 0.0244761 0.00160753 -0.00109838 -0.00913745 0.000937432 0.00607904 0.00767829 -0.00176845 0.0151502 -0.00523007 -0.00763615 -0.0164043 -0.0239404 -0.0136623 -0.00196862 0.0121489 -0.00297654 -0.0123108 -0.00118393 -0.00188497 0.00113308 0.00953099 -0.00356449 -0.00607701 0.017519 0.010732 -0.0082069 -0.00446936 0.0156004 -0.00469825 -0.00918894 -0.0124457 -0.000875516 -0.00539238
internal_weight=50457.9 44171 25783.4 18387.7 17819.5 9034.37 256.231 223.566 179.531 8769.93 73.3776 32.6647 20.2115 44.0348 21.9816 22.0532 9049.52 200.948 187.755 174.787 96.8645 60.2005 77.9222 8778.14 1409.05 1382.32 734.502 402.299 332.202 309.637 7369.09 595.762 647.819 222.975 120.936 102.039 424.844 6773.33 2113.74 524.437 256.979 267.457 1589.3 264.358 4659.59 458.245 430.437 74.1946 394.274 384.179 21.4359 4638.16 813.559 3824.6 356.243 137.517 109.779 40.6649 27.8079 27.7386 166.894 80.7384 72.6522 86.156 57.7808 28.3752 7963.9 9353.31 541.637 1324.94 7820.11 4195.8 3095.78 1100.02 165.091 122.418 37.0502 42.6737 35.6028 85.3676 3074.09 84.2534 22.218 2989.84 682.822 2307.02 3624.31 92.4239 14.6394 934.932 777.292 22.566 26.7257 8811.67 583.681 118.021 465.659 160.711 152.221 304.948 20.1642 93.5616 85.8571 39.6837 24.4598 16.9657 48.1157 104.105 284.784 45.6511 239.132 532.175 256.515 92.094 164.421 145.494 58.6901 41.0698 134.29 33.4039 18.9277 275.66 126.511 111.071 149.149 97.8016
internal_count=223502 186217 111618 74599 74491 37082 1046 912 732 37461 332 134 83 180 90 90 37030 828 773 719 398 247 321 36036 5789 5679 3018 1652 1366 1273 30247 2444 2661 916 497 419 1745 27803 8681 2157 1056 1101 6524 1087 19122 1879 1765 304 1619 1578 88 19034 3341 15693 1461 565 451 167 114 114 681 329 296 352 236 116 37127 37517 2172 5437 36450 19532 14399 5133 771 572 173 199 166 399 14296 386 101 13910 3175 10735 16918 432 68 4362 3626 93 110 35345 2341 473 1868 645 611 1223 81 375 344 159 98 68 193 418 1142 183 959 2134 1029 370 659 583 236 165 538 134 76 1105 507 445 598 392
is_linear=0
shrinkage=0.03


Tree=35
num_leaves=127
num_cat=0
split_feature=0 0 0 0 0 19 37 37 2 7 21 16 36 28 4 28 39 6 2 2 29 25 41 42 6 24 42 1 23 6 32 21 27 32 25 36 42 2 2 40 7 32 42 26 41 28 2 36 6 26 5 42 30 21 19 37 25 6 23 23 23 37 25 23 2 25 23 24 42 9 27 25 40 21 42 1 32 20 42 28 42 6 19 4 4 2 20 37 39 41 23 23 42 4 39 27 17 9 19 9 20 7 9 38 28 26 2 27 1 36 1 2 9 5 2 21 4 11 38 42 27 5 28 23 37 20
split_gain=6095.58 1796.81 332.367 78.1341 74.678 7.5411 10.349 10.8409 10.0097 15.4867 9.72537 9.40932 9.3335 8.55049 8.49529 8.77354 9.07246 8.25747 9.70074 8.80037 7.38127 7.30745 7.69258 8.1503 7.15208 7.11925 10.1403 7.11853 7.20216 8.96076 14.9438 7.48037 8.97891 11.2012 6.98149 6.72327 6.85469 6.70522 6.39265 8.19459 6.39092 9.48935 8.53998 6.36082 6.95422 6.29385 6.18564 6.11999 7.5871 6.58031 6.03747 6.03342 12.0389 13.7773 13.3708 14.261 10.6611 9.84832 7.72488 8.31137 7.6119 7.15725 7.04265 9.07723 7.71178 6.13638 15.274 6.00515 6.00369 6.00138 5.99827 12.735 5.97795 7.24066 7.00009 5.97572 7.18381 6.81272 5.85036 5.84464 5.78992 5.78444 5.66586 5.61504 8.46983 9.1316 8.77387 7.12046 6.64023 5.61735 8.26471 7.41505 6.89865 7.12119 5.62991 5.55641 5.47223 14.6791 7.23696 7.18958 11.0734 6.52638 8.17134 6.30725 6.49919 6.19142 5.64368 7.80074 5.7383 5.47897 5.46025 5.3853 5.27879 5.27757 5.22953 7.41337 6.39765 5.2258 7.88302 5.43904 5.09414 8.61713 7.31767 5.02659 5.00603 4.98885
threshold=1.5000000000000002 3.5000000000000004 5.5000000000000009 2.5000000000000004 4.5000000000000009 79.175000000000026 0.058333333333333057 0.15749999999999972 50.350000000000001 1.0000000180025095e-35 25.100000000000005 1.0000000180025095e-35 0.062499999999999951 26.550000000000004 39.350000000000001 34.650000000000013 3.2500000000000004 6.7550000000000008 43.250000000000007 48.550000000000004 13.700000000000001 6.7695000000000007 0.048851638207543104 1987.80612244898 6.745000000000001 0.15250000000000002 1895.7427536231887 7.9850000000000012 43.250000000000007 6.7250000000000005 3.2500000000000004 17.050000000000004 16.950000000000003 3.7500000000000004 6.7780000000000014 0.049999999999999954 2110.6132665832297 57.750000000000007 63.95000000000001 2825.4629629629635 1.5000000000000002 4.7500000000000009 1814.5095693779906 3.5750000000000006 0.03465598853463326 37.650000000000013 48.750000000000007 0.069999999999999965 6.8750000000000009 3.5950000000000002 0.14500000000000005 1717.1961966604824 3.0750000000000006 23.900000000000002 43.625000000000007 -0.092500000000000179 6.7695000000000007 6.6850000000000014 48.050000000000004 52.650000000000013 44.550000000000004 0.053333333333334058 6.7565000000000008 45.150000000000013 23.050000000000004 6.7375000000000016 53.850000000000001 0.14250000000000002 2928.7087912087914 29.550000000000004 16.850000000000005 6.7635000000000014 5874.1758241758253 15.65 5464.4009216589875 5.6350000000000007 4.7500000000000009 3.9350000000000005 2892.4501424501427 33.650000000000013 1702.7402402402406 7.0050000000000008 67.475000000000009 28.050000000000004 20.250000000000004 23.650000000000002 3.8150000000000004 0.081666666666667415 2.2500000000000004 0.045004091653027802 45.850000000000001 47.250000000000007 2393.4408602150538 42.650000000000013 3.2500000000000004 18.850000000000005 9.4300000000000015 20.850000000000005 49.675000000000011 29.150000000000002 3.5750000000000006 6.5000000000000009 22.550000000000004 4.2500000000000009 37.250000000000007 3.3750000000000004 27.350000000000005 19.350000000000005 5.1750000000000007 -0.012499999999999947 3.3550000000000004 61.550000000000004 14.450000000000001 0.16500000000000004 71.65000000000002 18.150000000000002 34.650000000000013 3.5000000000000004 4.7500000000000009 1778.4609720176734 17.750000000000004 0.13500000000000004 32.750000000000007 51.95000000000001 -0.028333333333333748 3.4950000000000006
decision_type=2 2 2 2 2 2 2 2 2 2 2 2 2 2 2 2 2 2 2 2 2 2 2 2 2 2 2 2 2 2 2 2 2 2 2 2 2 2 2 2 2 2 2 2 2 2 2 2 2 2 2 2 2 2 2 2 2 2 2 2 2 2 2 2 2 2 2 2 2 2 2 2 2 2 2 2 2 2 2 2 2 2 2 2 2 2 2 2 2 2 2 2 2 2 2 2 2 2 2 2 2 2 2 2 2 2 2 2 2 2 2 2 2 2 2 2 2 2 2 2 2 2 2 2 2 2
left_child=-1 3 4 5 27 6 51 10 9 25 47 35 13 37 17 16 -16 46 -19 -20 -13 22 69 -24 -17 26 -7 81 -29 30 43 -31 33 -33 38 36 80 -10 -4 -40 41 -22 -42 44 -30 70 50 75 49 -49 -11 56 53 62 55 -54 57 120 61 -60 -57 -56 64 -64 -53 66 -59 -67 78 -15 72 -72 74 -74 -41 77 -77 -8 96 -55 -9 83 123 84 85 88 87 -86 -3 92 94 -92 93 -85 -91 -34 97 109 101 106 111 103 -103 104 -98 -102 107 -100 -108 -5 -105 -101 -70 -87 -6 116 -116 118 -14 -119 121 -2 -122 125 -88 -83
right_child=1 2 34 68 114 8 7 11 12 14 -12 20 117 21 15 24 -18 18 19 -21 40 -23 23 -25 -26 -27 -28 28 29 31 -32 32 95 -35 -36 -37 -38 -39 39 45 42 -43 -44 -45 -46 -47 -48 48 -50 -51 -52 52 54 79 58 60 -58 65 59 -61 -62 -63 63 -65 -66 67 -68 -69 112 -71 71 -73 73 -75 -76 76 -78 -79 -80 -81 -82 82 -84 89 86 113 124 -89 -90 90 91 -93 -94 -95 -96 -97 98 -99 99 100 105 102 -104 110 -106 -107 108 -109 -110 -111 -112 -113 -114 -115 115 -117 -118 119 -120 -121 122 -123 -124 -125 -126 -127
leaf_value=0.027972922680286713 0.0021165721278330364 -0.0047839583304593999 -0.014175492818082188 0.01485522449997588 -0.0087093043410147435 0.0033051693651043532 0.0078216542189581528 -0.00051584324441967188 0.0062334841495562789 0.0060352157731917017 -0.01677308657201405 -0.031683425097256246 -0.0092457676573416032 -0.00087284423511665369 -0.038274148897096426 -0.011916634881849906 -0.004742441342207384 0.030335096571209471 -0.014512298931717078 0.0081637856884592096 -0.0013391321236074876 0.027962650460045681 0.0054339541278253124 0.015008197818650296 0.01718476790413791 -0.039468226595473006 -0.030271723674261026 0.024591555395239471 0.016356714969620142 -0.0033199084477447951 -0.025518754419997545 -0.019682699760633526 0.046301358710458866 0.024478467299725637 -0.037631461608031221 -0.012259814303615614 -0.013968336520139504 -0.028163707202649959 -0.033143075108188584 -0.01132306270679591 -0.0076485952911592697 -0.030484933180348821 0.010378681017425938 0.0299217146100316 -0.020829551199627837 -0.023711908919587327 -0.00072113802229467822 0.035200805521005123 0.0018653117971668754 0.0028346037668846554 0.026198628933806669 0.012062924868451452 0.01967687093130252 -0.028557508097989785 0.010056009272133702 -0.040074201297842053 -0.02288474604706749 0.0031944692235274419 0.0042603340450670648 0.008548304711741006 -0.0080667217365032375 -0.0082782906016091746 -0.010051112624280056 0.002423292651842972 0.004322190344916526 -0.02044289806524921 0.042903824666200754 0.00092081404815460893 0.031133403893442185 0.020307764115347047 -0.003280882867156899 0.039434791183503216 0.028870647028603348 -0.0096878614826732025 -0.042829658187939615 0.0095657360579451053 0.021398137841550105 -0.020961234093744386 -0.012995763126637607 0.00047188081236612233 0.015140590641640334 0.020055788493955399 -0.027856307219480021 -0.0028896658887437258 -0.0030615650377500809 -0.0031829064397323158 -0.037936601083180241 0.0024134479310441046 -0.038840274912588624 -0.0083174734208480358 -0.022166009956145184 -0.0088691761723961194 -0.0051939080129234224 0.0084424652763084376 0.007374274820276948 0.012330318164963128 0.0016901375184072706 0.038980203005672516 0.0062270505185166554 0.0020837522364953774 -0.021203405112182269 -0.034154647369988259 0.0012608251779110172 -0.0029094280985565994 -0.010640992218173257 -0.0054217119324939259 0.00083961050799069364 -0.0025722512383013277 0.0025738601738282984 -0.015844202308519038 -0.018588701076661416 -0.013776259618641004 0.0068851641910961754 -0.012063055724075854 0.0097636613374593798 0.02404303543158709 -0.025055374092272202 -0.035787418207984811 0.021334153480492796 -0.006530007028100567 -0.012610911015048153 0.013289856408234702 0.0056639335125458568 -0.025222969239545041 -0.0094178726879959318 -0.010041611757622257
leaf_weight=6180.2647979110479 94.90947961807251 8.2954967468976992 7696.3917032778263 9.4468383491039276 8683.3812023997307 18.536036968231201 1359.0049352049828 26.99902930855751 8.5445142686367053 24.160693630576134 13.429556578397749 7.5272426158189765 24.077906802296638 223.02432131767273 13.194027706980707 14.592007681727411 16.33684940636158 7.2925862669944754 40.506836786866188 24.644633054733276 32.323151513934135 12.681984603404997 867.29814487695694 88.358257874846458 15.604709684848784 10.743430003523825 14.153051033616064 11.524875223636625 8.5932266712188774 35.305720463395119 26.226750701665878 10.358786255121233 9.8422034829854983 10.109061196446417 11.309699624776838 13.600407510995863 9.9835577905178052 12.228828400373457 11.827778562903402 78.200316250324249 39.90652634203434 14.577016592025755 57.599779158830643 7.4008891135454169 9.3171300292015058 19.475078701972961 24.401437431573868 24.477064654231075 15.253288522362707 7.5005921870470038 30.678903356194496 127.90719306468964 15.843647614121435 16.618224114179615 807.7447662204504 7.6295405328273764 13.92108668386936 45.590082868933678 966.88154399394989 705.75772123038769 52.381098419427872 19.467252135276794 61.228896364569664 363.99947936832905 1251.2560578435659 11.954194292426108 10.716280102729796 660.58407074213028 9.7013728916645032 12.624471351504324 75.210815638303757 6.7526253014802924 6.936213061213496 11.466439470648764 6.879414126276969 165.61250925064087 64.682656645774841 7.3207025825977317 25.437207818031311 9.7956532537937147 96.678851708769798 7.8217865228653016 19.199881300330162 249.13382922112942 1158.585003644228 165.32036444544792 9.014591798186304 261.76870007812977 14.130297914147375 38.541203528642654 43.218501091003418 308.46943432092667 6444.6590355187654 62.282335862517357 43.918806850910187 8.1130643635988218 692.61760595440865 12.555784508585928 504.74331966042519 368.67467103898525 26.198409229516983 11.720256328582765 11.465227112174032 339.75760348141193 40.607993826270103 155.19594220817089 3693.6782880425453 110.19889056682587 3214.7659224718809 11.448896080255508 21.198385462164879 20.214714273810387 48.505843982100487 95.362130880355835 9.5451271831989342 10.500924423336981 9.2034833431243879 9.2271660715341586 10.954038158059118 15.353856250643728 24.133062198758125 181.88239161670208 105.25397725403309 9.2435410469770414 14.868019446730612 13.114827215671538
leaf_count=37257 389 34 36096 38 37165 76 5591 111 35 99 55 31 99 914 54 60 67 30 166 101 133 52 3558 363 64 44 58 47 35 144 107 42 40 41 53 56 41 50 55 361 164 60 237 30 38 90 100 101 63 31 126 525 65 68 3321 31 57 187 3975 2903 214 80 251 1494 5138 49 44 2709 39 52 347 31 32 53 32 681 266 30 102 40 398 32 79 1021 4739 676 37 1069 58 158 177 1264 26402 255 180 33 2779 51 2025 1478 105 47 46 1363 163 622 14816 442 12893 46 85 81 195 390 39 43 38 38 45 63 99 747 432 38 61 54
internal_value=6.96843e-05 -0.00383897 -0.0089547 0.00332571 -0.00668098 0.0053115 0.0057038 0.00758187 0.00339571 -0.00203073 0.00853103 0.00231826 0.00447367 0.00503872 0.00131725 -0.00824813 -0.0198532 0.00509655 -0.00220602 -0.00591234 -0.00291153 0.00536927 0.00512517 0.00632222 0.00307962 -0.0183275 -0.0112345 -0.00478044 0.00200256 -8.16794e-05 -0.00967986 0.00661135 0.0157607 0.00206852 -0.0140663 0.00772245 0.00977456 -0.0139815 -0.014032 -0.00892456 -0.00138051 -0.0104754 0.00298499 0.00670874 -0.00291288 -0.0075039 0.011786 0.00873968 0.019402 0.0276883 0.0173697 0.00504199 0.00554729 0.00368527 0.00687004 -0.00552154 0.00310242 0.00342447 0.00724685 0.00607091 -0.0122209 0.00962178 0.0040012 0.000621628 0.005042 0.00133544 0.0108412 0.000535867 0.00139869 0.00026364 -0.00578182 0.00026377 -0.0105804 0.00484179 -0.0139355 0.00842213 0.0129034 0.00766482 0.00133813 -0.0177741 0.011713 -0.0048841 -0.0151297 -0.00482703 -0.00328843 -0.00803456 -0.00235653 -0.00205137 -0.0263863 -0.0051964 -0.00850953 -0.0105133 -0.00498315 -0.000616475 2.07073e-05 0.031188 0.00137787 0.0134767 0.00133362 0.00164613 -0.00159982 -0.000928637 -0.0166471 -0.000592705 0.0010038 -0.00771972 0.0018924 0.0046476 0.00164687 -0.00188908 -0.0038393 0.00125215 0.0109988 -0.00644055 -0.00866659 0.00395059 -0.00729128 -0.00709936 0.000306992 -0.0176739 0.00716806 0.0094662 0.00223665 -0.00691847 -0.0203582 0.00117317
internal_weight=50300.4 44120.1 25740.8 18379.3 17816.4 9051.15 7511.93 1956.48 1539.22 254.845 1657.28 299.196 1284.37 1224.76 211.413 59.7276 29.5309 151.685 72.4441 65.1515 151.934 1203.99 1191.31 955.656 30.1967 43.4325 32.6891 9103.74 136.792 125.267 51.538 73.7288 38.4231 20.4678 7924.45 147.262 133.661 20.7733 7913.14 216.749 144.406 46.9002 97.5063 25.3112 17.9104 204.921 79.241 1643.85 47.2309 31.9777 54.8396 5555.46 4406.51 1830.81 2575.71 75.8543 1148.94 1135.02 2499.85 1672.64 60.0106 827.212 1804.39 425.228 1379.16 728.845 56.3064 672.538 9328.13 235.649 185.446 81.9634 103.482 18.4027 85.0797 1596.62 230.295 1366.33 9269.93 26.4139 123.678 8966.95 49.38 8917.57 1727.34 283.108 1444.24 1420.35 22.4258 7190.22 434.148 351.688 6756.08 311.416 82.46 17.9553 9244.49 33.4515 9211.04 8093.67 570.284 1117.37 23.1855 1094.18 733.226 181.394 7523.39 614.942 6908.44 20.8957 360.956 388.889 58.2072 260.682 8712.63 29.2495 18.7486 59.613 35.0319 24.581 406.179 276.792 129.387 30.1802 23.8826 20.9366
internal_count=223570 186313 111716 74597 74566 37181 30867 8049 6314 1045 6818 1231 5269 5024 867 245 121 622 297 267 625 4939 4887 3921 124 178 134 37281 557 510 210 300 156 83 37150 606 550 85 37097 1001 594 193 401 103 73 946 325 6763 195 132 225 22818 18105 7516 10589 310 4713 4656 10279 6878 245 3401 7408 1745 5663 2989 231 2758 37416 966 856 378 478 85 393 6568 947 5621 37182 108 509 36724 203 36521 7064 1158 5906 5808 92 29457 1779 1441 27678 1276 338 73 37080 135 36945 32462 2286 4483 93 4390 2942 727 30176 2467 27709 84 1448 1559 234 1066 37285 120 77 245 144 101 1667 1136 531 124 98 86
is_linear=0
shrinkage=0.03


Tree=36
num_leaves=127
num_cat=0
split_feature=0 0 0 0 0 22 42 19 3 37 37 21 16 25 35 35 23 21 22 4 33 7 9 4 22 23 23 26 42 29 9 29 28 38 35 4 4 41 26 22 21 25 1 23 6 5 25 29 25 23 3 19 35 25 28 4 21 28 38 3 9 25 2 23 2 41 22 23 28 30 42 25 26 28 3 43 30 21 19 37 6 22 1 8 25 23 23 41 23 37 28 3 5 21 4 33 19 25 7 21 19 29 28 38 37 28 37 24 3 35 9 21 21 8 3 3 3 6 41 23 4 21 22 2 24 34
split_gain=5822.58 1695.51 317.157 73.66 70.7355 7.17185 8.94372 7.11169 10.1838 9.76792 10.2355 9.15601 8.86549 7.96358 7.01764 6.94077 8.05778 6.92921 11.1224 11.5888 9.49816 8.88322 16.0886 8.09782 8.64459 7.28136 7.10574 7.69657 6.96319 6.90974 6.87898 6.84226 10.111 14.369 8.78278 7.77009 14.1213 7.40185 7.05127 6.98692 6.92737 6.74747 6.70837 6.75667 8.43889 7.04589 10.0238 6.6427 6.60851 6.64306 6.59312 6.46604 6.42159 6.41854 6.34045 6.33053 7.27201 6.322 6.40425 6.23905 6.11578 9.37528 9.38931 7.98202 6.09944 7.86314 6.66874 6.23288 8.02113 7.33151 7.12538 6.49382 6.24338 6.09894 6.08292 6.08219 11.648 12.9421 12.693 13.4319 9.86671 9.32725 9.03997 8.19721 7.36337 7.2767 8.01313 7.22569 7.12029 6.79012 6.60028 6.49881 8.51867 6.39621 6.06593 8.09342 13.2239 6.50223 6.06056 6.73499 7.78687 6.82211 6.61777 12.8045 8.53036 9.46025 7.26929 6.74251 6.55417 6.0174 6.00642 5.81912 5.78097 8.76616 8.97734 10.0152 8.84662 5.85063 5.77397 5.76611 6.0109 5.70429 5.67163 9.38805 7.42159 6.57884
threshold=1.5000000000000002 3.5000000000000004 5.5000000000000009 2.5000000000000004 4.5000000000000009 37.050000000000004 2928.7087912087914 79.175000000000026 57.850000000000001 0.058333333333333057 0.15749999999999972 25.100000000000005 1.0000000180025095e-35 6.7695000000000007 -1.2166666666666668 -0.68916666666666682 44.350000000000001 18.250000000000004 31.650000000000002 22.850000000000005 5.7500000000000009 4.5000000000000009 16.650000000000002 38.550000000000004 30.050000000000004 47.150000000000013 47.750000000000007 3.4350000000000005 1902.2116324535684 13.700000000000001 14.750000000000002 11.65 36.150000000000013 3.2500000000000004 -1.04 27.150000000000002 18.150000000000002 0.041290415357724708 3.2450000000000006 41.350000000000001 22.450000000000003 6.7780000000000014 7.9850000000000012 43.250000000000007 6.7250000000000005 0.14500000000000005 6.7435000000000009 13.450000000000001 6.7435000000000009 56.750000000000007 58.250000000000007 63.625000000000014 2.2191666666666676 6.7565000000000008 31.350000000000005 27.650000000000002 18.250000000000004 26.550000000000004 3.7500000000000004 74.550000000000011 29.150000000000002 6.7585000000000006 20.850000000000005 55.550000000000004 63.95000000000001 0.036371702831330108 38.250000000000007 49.550000000000004 36.850000000000001 4.7550000000000008 5071.5488215488231 6.7565000000000008 3.6050000000000004 27.850000000000005 29.650000000000002 0.058143708576103056 3.0750000000000006 23.900000000000002 43.625000000000007 -0.092500000000000179 6.705000000000001 38.750000000000007 3.8650000000000007 7.5000000000000009 6.767500000000001 48.050000000000004 52.650000000000013 0.063641927228218514 44.550000000000004 0.053333333333334058 30.950000000000003 26.050000000000004 0.12500000000000003 10.65 33.150000000000013 3.2500000000000004 57.025000000000013 6.7465000000000011 4.5000000000000009 16.650000000000002 82.375000000000014 15.250000000000002 34.45000000000001 3.2500000000000004 0.051666666666667159 34.95000000000001 0.068333333333333759 0.15350000000000003 57.250000000000007 0.35749999999999998 27.350000000000005 15.550000000000002 9.1500000000000004 5.5000000000000009 43.45000000000001 48.150000000000013 35.150000000000013 7.0050000000000008 0.034167068268283807 60.750000000000007 18.150000000000002 18.750000000000004 26.050000000000004 30.150000000000002 0.14850000000000002 5.7500000000000009
decision_type=2 2 2 2 2 2 2 2 2 2 2 2 2 2 2 2 2 2 2 2 2 2 2 2 2 2 2 2 2 2 2 2 2 2 2 2 2 2 2 2 2 2 2 2 2 2 2 2 2 2 2 2 2 2 2 2 2 2 2 2 2 2 2 2 2 2 2 2 2 2 2 2 2 2 2 2 2 2 2 2 2 2 2 2 2 2 2 2 2 2 2 2 2 2 2 2 2 2 2 2 2 2 2 2 2 2 2 2 2 2 2 2 2 2 2 2 2 2 2 2 2 2 2 2 2 2
left_child=-1 3 4 7 42 6 17 9 98 75 11 122 14 57 111 -16 -17 60 23 20 25 52 -23 26 51 -20 27 -19 -28 -14 -8 32 33 34 -7 36 -33 -34 -37 40 -36 64 112 -44 -45 59 -47 53 -39 121 74 -25 -21 110 -26 56 -40 58 -10 -46 -5 62 -62 -64 -4 66 67 70 69 -69 71 -66 -72 -59 -31 76 77 91 79 -78 -77 83 -83 84 -82 89 -87 -84 -81 -80 -85 92 -2 -93 95 96 -35 -97 102 101 -101 -100 103 107 105 -104 -106 -9 -107 -96 -38 -12 113 114 116 -116 -3 -114 -61 120 -75 -50 123 125 -125 -11
right_child=1 2 41 5 -6 31 30 8 13 10 12 -13 29 -15 15 16 -18 18 19 21 -22 22 -24 24 54 -27 28 -29 -30 50 -32 35 37 94 39 38 47 48 55 -41 -42 -43 43 44 45 46 -48 -49 49 -51 -52 -53 -54 -55 -56 -57 -58 73 -60 118 61 -63 63 -65 65 -67 -68 68 -70 -71 72 -73 -74 119 -76 80 78 -79 85 88 81 82 87 90 -86 86 -88 -89 -90 -91 -92 93 -94 -95 109 97 -98 -99 99 100 -102 -103 104 -105 106 108 -108 -109 -110 -111 -112 -113 117 -115 115 -117 -118 -119 -120 -121 -122 -123 -124 124 -126 -127
leaf_value=0.027588087738550673 0.029795142373176743 0.0095811189437208354 -0.013826913886486054 0.0016299241640717896 -0.0084256508142294267 0.022546004867457902 0.036428125136415919 -0.024583558734100702 0.0084106814962069485 -0.038948231770565889 0.010187941680913217 -0.016233687342805517 -0.030589329961834489 0.02780669603228806 0.025390198516347384 -0.015051696389478782 0.010604103092886676 0.0337459269150319 -0.037576861640091955 0.00059763226716719664 0.010605063675694158 -0.017288219464515687 -0.00063258064624239336 -0.030763058681398281 -0.012832368577200066 -0.011883729439417555 -0.021493532335870938 0.0098089941377987912 0.0074036973933777608 -0.020881820942374524 0.0080475946303504194 0.017619155643045729 0.022166651801422514 -0.028141913293087257 -0.0021712076203386256 -0.020823599680927528 -0.0091516605481709937 -0.028498729568280562 0.041397377640807205 0.018607656757617611 -0.032086727040125614 -0.03705633329620802 0.023786727214766695 -0.0094040123669054867 -0.015377373947826258 0.044568143324019795 0.0072254738481068535 -0.030049590125453815 -0.0094708055565092611 -0.025037947448948116 -0.025062044958659314 6.909848218965273e-05 -0.0098270925118549967 0.0073197102131797682 0.011919702664984412 0.003189253687126204 0.006939503349449855 0.018921396085855427 -0.02508488987647239 -0.0080579912694210415 0.016454644763184069 0.0074223168707185719 -0.0062649080007288905 0.018822119364868509 -0.022136881372943243 -0.032567900082275822 -0.021219431964808078 0.00027899583530157079 -0.021527240053910345 0.025972149527764075 0.0074618553107179079 0.0011548623701201034 -0.023344576781984337 -0.012384326942942846 0.0022982701031323207 0.006031960142104143 0.019150227255130631 -0.017198946943888901 0.009826584749967426 -0.038714566753023975 -0.00103605410348847 -0.0051099376121807949 0.028483397243299916 0.038806827116960534 -0.025693634716413317 0.0041558788597216914 0.0083791040927495373 0.0017984139972584913 -0.0078162620937883166 -0.008020535408355416 0.0065433406152885874 0.013297626244567932 0.0063976060499752185 0.0031686080286018256 0.04302528240190652 0.0066208034509190354 0.015547098027585984 0.033710060893819269 0.0066458078227418955 -0.022834427033201897 0.016374408413464527 0.042769074041024771 0.036701765083930617 0.00012903133575519149 -0.037901714077562043 0.0061526059032550803 -0.0038883107202106041 0.0063013801393259281 -0.023249334401487104 0.0147360975705128 0.0062406709510538644 -0.016542139681856517 -0.0047494155563925786 0.025945358379607972 0.038477209029921931 -0.00073254984036257606 -0.031181001708239099 -0.015149711144447839 0.027655889070880024 0.027463878552407596 0.0042187087215230261 0.021013773185978146 0.0088736225594679141 0.023661136354143446 -0.00044156932919980386 -0.0036474599672232499
leaf_weight=6080.0078503489494 19.223533973097801 7.3011769354343441 7654.3544174730778 5452.4447599202394 8693.2176697999239 15.930768355727194 9.6798620373010618 43.99716117978096 8.2965341508388537 7.5433984547853479 12.395422115921976 13.462319314479826 7.5655494779348365 12.873289570212362 23.487119942903519 12.615424260497091 81.044442683458328 19.198049023747444 11.482996582984923 1067.0720895081758 14.718484073877333 79.630407780408859 151.74567010998726 13.466472908854486 12.722055047750471 74.843921050429344 8.2359129786491376 33.418502196669579 73.818689942359924 11.000020906329153 37.530021578073502 27.331068515777588 7.9562851488590232 8.7155543267726916 51.788250088691711 10.708343550562857 138.00978934764862 11.46604438126087 8.2169568389654177 12.162398532032965 7.9805439412593833 11.144727542996405 11.560203850269316 51.45934484899044 18.396081149578094 8.131768271327017 31.206846341490746 9.2183801680803281 10.221387818455701 7.9745196402072898 9.7289330363273603 10.978431627154349 55.867719918489456 36.125718787312508 33.66879478096962 1237.8921456187963 16.918100222945213 25.585105538368225 13.007900208234785 7.857779964804652 18.633038371801376 76.085799634456635 318.38490152359009 11.716209173202513 45.9119703322649 11.679585397243498 26.876639261841774 59.700237601995468 12.286924526095389 11.936172962188719 26.201652079820633 13.896819412708281 7.5381932705640784 19.815745919942856 123.70407448709011 524.20688363909721 15.794477999210356 26.479182749986649 801.04517778754234 7.6635301411151877 542.79625049233437 19.465799644589424 27.481114834547043 7.3114414364099494 11.031389668583868 960.35368199646473 701.8329231441021 13.85971364378929 52.440066188573837 19.492898553609848 25.840660944581032 58.089084416627884 52.117150023579597 1664.308025971055 16.155142500996593 12.681572392582892 21.157979995012283 22.39668120443821 12.135097175836565 9.5281518250703829 8.5322324782609922 7.762722820043563 8.2812109887599927 61.253306865692139 7.3023918569088009 62.361734122037888 24.637582629919052 7.3057403713464728 7.5487791001796714 12.20232082903385 27.138283669948578 17.522178694605827 8845.2144594490528 13.118465289473532 7.5646194815635672 24.626686215400696 13.385099127888678 49.006149306893349 8.1823815405368787 9.3805785328149778 1188.7333712428808 11.708295762538908 1567.415316849947 16.482822373509407 37.10109831392765 12.907996222376823
leaf_count=37257 79 30 36096 21869 37285 64 39 180 34 31 51 55 31 53 97 52 334 77 46 4278 59 319 608 54 51 300 33 134 296 45 151 110 32 35 208 43 554 46 33 49 32 53 47 210 75 33 127 37 41 32 40 44 224 145 135 4971 68 105 53 32 75 305 1276 47 213 55 125 276 57 55 121 64 35 81 509 2153 65 108 3299 31 2226 80 113 30 45 3951 2891 57 214 80 106 239 214 6837 65 51 85 90 50 39 35 32 34 251 30 256 101 30 31 49 109 72 36251 54 31 101 55 202 33 39 4880 47 6458 68 153 53
internal_value=6.8428e-05 -0.00373066 -0.00870997 0.00322756 -0.0064903 0.00135683 0.000957861 0.00515689 0.00329591 0.00553811 0.00736402 0.00828735 0.00224854 0.0043987 0.00750011 0.0108144 0.00712005 0.000876028 -0.000834379 -0.00175779 -0.0115548 -0.00102493 -0.00637626 0.0056954 -0.00249668 -0.0153582 0.0100141 0.0186187 0.00446236 -0.00282429 0.0139631 0.00309302 0.00790952 0.011189 0.00245749 0.00235709 -0.00261634 -0.00410349 0.003287 -0.00199586 -0.00623761 -0.0137199 -0.00464062 0.00194374 -7.79639e-05 0.00641075 0.0150761 -0.00525803 -0.00923317 -0.00172591 -0.00133939 -0.0169111 7.68241e-05 -0.00410077 0.00508652 0.00349424 0.0183831 0.00415709 -0.0119924 -0.00345979 0.00135964 -0.00210546 -0.00419003 -0.00536453 -0.0136862 -0.00868874 -0.00730132 -0.00517433 0.000745424 0.00461118 -0.0104961 -0.016707 0.000486076 0.00443592 0.000380156 0.00489497 0.00540917 0.00357263 0.00671492 -0.00535337 0.00297221 0.000493306 0.0116692 -0.000663662 -0.00153445 0.00708466 0.00594037 0.0195993 -0.0118386 0.00939985 0.0137992 0.00388103 0.0127562 0.00351184 0.0193832 0.0142487 0.00269949 0.024006 -0.00210383 0.00894913 -0.00424031 0.020957 -0.00399777 -0.00911164 0.0012186 0.00656619 -0.0118056 -0.0201525 0.00292775 0.0309996 -0.00661096 -0.00542035 -0.00474133 0.00408784 -0.00134524 0.0085255 -0.0167451 -0.00480706 0.0101259 0.00412886 0.00394424 0.00675838 0.00849035 0.000354737 0.00697493 -0.0168671
internal_weight=50122.3 44042.3 25671.8 18370.5 17790.2 9327.4 7585.34 9043.15 1538.34 7504.81 1953.98 1654.91 299.063 1277.69 147.065 117.147 93.6599 7538.13 1660.87 1455.36 101.045 1354.32 231.376 205.507 70.8358 86.3269 134.671 52.6166 82.0546 151.999 47.2099 1742.06 230.498 181.171 87.862 1511.56 237.823 49.3265 1273.74 71.9312 59.7688 7881.53 9097.01 136.794 125.234 73.7749 39.3386 210.492 41.3702 29.9042 144.433 24.4449 1122.94 201.274 46.3908 1263.03 25.1351 1264.82 21.3044 34.4362 5877.26 424.82 348.734 330.101 7870.38 216.028 204.349 177.472 83.9233 71.6364 93.5486 59.8088 33.7398 1243.51 134.704 5550.83 4378.84 1820.22 2558.62 75.8981 1171.99 647.786 60.8066 586.98 553.828 2482.72 1662.19 41.3408 60.1036 820.538 33.1521 1793.74 71.3407 1722.4 93.3093 64.9518 29.8735 35.0783 260.646 37.9582 18.0604 19.8978 222.688 112.556 110.132 78.1917 31.94 51.3029 69.9105 28.3575 165.148 29.9176 8960.22 65.996 52.8776 32.1913 20.6863 8894.22 16.0402 1217.93 1208.55 21.9297 1641.45 74.0353 53.5839 20.4514
internal_count=223570 186313 111716 74597 74566 37416 30420 37181 6314 30867 8049 6818 1231 5245 606 483 386 30230 6658 5834 405 5429 927 824 284 346 540 211 329 625 190 6996 926 728 353 6070 955 198 5115 289 240 37150 37281 557 510 300 160 845 166 120 594 98 4502 808 186 5072 101 5192 87 140 23572 1703 1398 1323 37097 1001 946 821 388 331 433 277 156 5105 554 22818 18008 7477 10531 310 4810 2657 250 2407 2271 10221 6842 170 245 3379 136 7369 293 7076 375 261 120 141 1069 156 74 82 913 461 452 321 131 210 287 114 663 123 36724 271 217 132 85 36453 65 5000 4961 88 6763 305 221 84
is_linear=0
shrinkage=0.03


Tree=37
num_leaves=127
num_cat=0
split_feature=0 18 18 18 18 22 42 4 4 19 3 37 37 9 28 36 2 28 4 2 23 19 28 36 16 36 28 4 35 36 21 5 37 21 22 4 4 28 20 40 28 23 28 17 23 2 19 17 35 43 27 5 35 30 34 2 9 21 17 27 10 42 42 4 40 21 21 35 2 23 4 38 19 28 42 21 7 36 3 19 5 22 9 20 36 2 40 22 20 27 27 4 1 27 27 21 23 21 22 32 9 23 3 27 28 27 21 10 28 21 36 2 37 22 42 7 20 32 4 22 20 30 27 4 27 36
split_gain=5562.03 1599.94 304.163 71.942 67.8321 8.19033 9.26046 6.9282 11.0851 6.37042 10.5264 9.56266 8.3769 7.98605 7.28668 7.77962 7.06701 9.02564 7.13058 7.03477 10.0436 7.9926 7.30384 7.15071 6.54772 9.12237 6.38714 12.3488 8.62892 8.00943 6.66774 6.51628 7.09233 6.34413 10.7041 10.0517 8.79322 8.1533 8.99763 7.68687 7.33977 7.29495 7.01677 6.32823 6.34147 6.20862 12.4379 10.5091 10.0384 8.62246 9.98479 7.59071 7.50953 6.88284 6.72444 9.12761 6.70261 6.22412 6.10941 6.10041 8.85607 7.56262 6.07076 6.04315 6.0281 9.17161 7.57668 6.02555 5.95597 5.89219 5.83375 6.03339 5.81851 6.20524 8.42756 8.34911 5.81018 5.63651 9.5714 13.9444 8.7821 9.3703 7.08617 6.63878 6.44171 5.54494 7.85966 7.01801 6.33961 6.35328 7.90965 5.80728 9.15035 12.1324 8.86423 5.48607 5.47409 5.44918 6.61954 7.2382 5.62381 6.24773 5.38645 5.65551 5.38135 9.14569 7.91156 7.33135 6.32106 6.26996 6.63531 6.0713 5.67721 5.67605 5.37047 9.63542 5.54138 5.31979 5.29758 5.25817 7.56991 6.74233 9.86298 10.3873 9.6387 8.23523
threshold=1.5000000000000002 0.55400000000000016 0.84300000000000008 0.31500000000000006 0.70750000000000013 37.050000000000004 3105.1503094606546 27.150000000000002 18.150000000000002 79.175000000000026 57.850000000000001 0.058333333333333057 0.15499999999999978 11.350000000000003 26.550000000000004 0.062499999999999951 58.95000000000001 31.650000000000002 37.750000000000007 21.550000000000004 53.550000000000004 51.32500000000001 33.150000000000013 0.069999999999999965 1.0000000180025095e-35 0.049999999999999954 34.45000000000001 34.95000000000001 0.41500000000000031 0.0033333333333332503 21.950000000000003 0.115 0.0083333333333332517 18.250000000000004 31.650000000000002 22.850000000000005 21.350000000000005 38.850000000000001 3.3450000000000002 1882.9179331306993 31.350000000000005 47.150000000000013 32.45000000000001 23.965000000000003 43.250000000000007 43.050000000000004 67.625000000000014 21.685000000000006 -0.75499999999999912 0.04892667133461396 15.550000000000002 0.14500000000000005 -0.50333333333333352 3.4000000000000008 2.2500000000000004 42.550000000000004 32.650000000000013 16.750000000000004 16.330000000000002 12.950000000000001 3.5000000000000004 1858.3702064896756 1842.1217873831777 21.050000000000004 2106.366092536306 22.650000000000002 9.3000000000000025 -1.1833333333333329 47.750000000000007 49.650000000000013 27.650000000000002 5.2500000000000009 100.075 36.250000000000007 3262.6453488372094 15.850000000000003 1.5000000000000002 0.022499999999999954 40.95000000000001 64.475000000000009 0.18500000000000003 40.350000000000001 27.350000000000005 3.4450000000000007 -0.039999999999999945 63.95000000000001 3494.0285204991092 38.250000000000007 3.5950000000000002 15.250000000000002 14.15 34.250000000000007 7.5550000000000006 16.750000000000004 17.950000000000003 19.650000000000002 60.750000000000007 9.1500000000000004 25.950000000000003 4.2500000000000009 13.050000000000002 49.45000000000001 50.150000000000013 15.350000000000003 37.250000000000007 15.15 16.750000000000004 2.5000000000000004 34.050000000000004 25.750000000000004 -0.025833333333333295 40.350000000000001 -0.012500000000000148 41.350000000000001 1814.5095693779906 1.5000000000000002 3.3850000000000002 1.2500000000000002 21.950000000000003 34.050000000000004 3.3750000000000004 3.9050000000000007 16.950000000000003 48.550000000000004 14.950000000000001 -0.014166666666666598
decision_type=2 2 2 2 2 2 2 2 2 2 2 2 2 2 2 2 2 2 2 2 2 2 2 2 2 2 2 2 2 2 2 2 2 2 2 2 2 2 2 2 2 2 2 2 2 2 2 2 2 2 2 2 2 2 2 2 2 2 2 2 2 2 2 2 2 2 2 2 2 2 2 2 2 2 2 2 2 2 2 2 2 2 2 2 2 2 2 2 2 2 2 2 2 2 2 2 2 2 2 2 2 2 2 2 2 2 2 2 2 2 2 2 2 2 2 2 2 2 2 2 2 2 2 2 2 2
left_child=-1 3 4 9 43 6 33 8 58 11 26 -2 19 67 69 59 18 -18 -17 20 21 22 -13 64 25 117 27 -11 -28 -29 31 -30 -33 45 36 41 -35 39 -39 -37 -38 -36 -42 97 -45 46 54 49 -48 57 -51 -50 -49 -54 55 -5 -56 -47 -7 60 -16 -62 -19 -43 66 -66 -21 -14 -31 -12 71 -9 -6 74 -74 -75 -22 78 -10 84 81 -79 -82 -81 -80 -4 -87 88 91 90 -90 -88 94 -94 -93 -46 118 98 99 -3 -100 -102 103 -25 107 -106 -107 108 112 110 -109 -110 -72 -108 116 -116 -26 -15 -61 120 -99 122 -121 -124 -123 -126
right_child=1 2 85 5 72 7 -8 70 77 10 14 12 13 24 15 16 17 62 -20 23 76 -23 -24 102 114 -27 28 29 30 68 -32 32 -34 34 35 37 40 38 -40 -41 42 63 -44 44 95 47 48 52 51 50 -52 -53 53 -55 56 -57 -58 -59 -60 96 61 -63 -64 -65 65 -67 -68 -69 -70 -71 104 -73 73 75 -76 -77 -78 80 79 83 82 -83 -84 -85 -86 86 87 -89 89 -91 -92 92 93 -95 -96 -97 -98 119 100 -101 101 -103 -104 -105 105 106 113 109 111 -111 -112 -113 -114 -115 115 -117 -118 -119 -120 121 -122 124 123 -125 125 -127
leaf_value=0.027209238684946187 0.0047927471606438055 -0.017820087017731464 -0.013546082203320431 -0.0049647829366865053 -0.008269129864740439 -0.0072114753896395595 0.019642611677810451 0.029469598434058906 -0.016746214188691846 0.0016038493529669669 0.0029374293014789101 0.017635758570258977 -0.0079190160493318347 -0.0063588853547786586 -0.0065120433664424254 0.016584454408819282 -0.042117590675074749 0.0077822264319474307 -0.014853344093850971 -0.01536501909101253 0.002154942035534459 -0.017779473625194313 -0.00031853847417184674 0.0051152092238256029 0.0067912477944566283 -0.020725992498089367 -0.027893314444773141 -0.026531772216872921 0.021134639901787256 0.011352906222379935 -0.020932931967153894 0.010393337333512139 -0.0063672600150036793 0.033691795278219458 -0.031942331603932422 -0.0064519336705364016 -0.0054277934398575213 -0.037840075687507732 -0.0063674194720504361 0.00032139006168803105 0.0221212680280913 -0.0017152992431454987 0.0046520595852454017 0.023017073022948538 -0.0031411222512363313 -0.0043962988453342886 0.034693027848002066 0.029872223704976216 0.0015539759933259152 0.0004124781603370605 -0.019755741909834715 0.0090658316415313522 0.00027168176974912606 0.0073060825683690135 0.0016272376926602611 0.017919441777965929 0.023163519467236691 0.0059596117324463909 0.022905229418776128 -0.0046414775628728462 0.027525657793244028 0.0070016059947719325 -0.024891247352444489 -0.017848639996454224 0.0047663829660547314 -0.02820569693831261 0.0093145744262279808 0.019978960545635954 -0.018138774356622187 -0.028745604929284668 -0.0019857680391535547 0.0024052446105846149 0.018659150135426194 0.03995321835420855 -0.019227716400504462 -0.0017673267578107634 -0.029203526280906219 0.033602769977241202 -0.010802454948430018 -0.0049138891532087585 -0.0083908602337206661 -0.0075196745677709115 0.023269264503247324 -0.029603738224520351 0.020161713375475777 -0.026478803631706654 -0.0077867451589848265 -0.021605344242130658 -0.015449928048705625 -0.019319860343254652 0.02777920898320831 0.037155693073960397 -0.018692557003654159 0.013570152477131999 -0.0046598279270674368 0.012802855012595753 0.028374566249817018 -0.013917304470240548 0.033955097808207366 0.013620753684286228 0.015306772523638055 -0.014618357891024541 0.0035064423427970046 0.034704289166497246 -0.029145953960640941 0.01486954857677515 -0.0061106959306045016 -0.00035844764749486455 0.010946725621824891 -0.01291994404322019 0.0050618729667686281 0.032670817678465969 0.012200538604821816 0.0095388217662059471 -0.013310980665953367 0.0087435440931892764 -0.015501989841389199 0.010822782767348903 0.004941975122692472 -0.0014766539135877921 -0.0051647914580963926 -0.010333152419725907 -0.004392711265081551 -0.016604130730075266 -4.3332503999814984e-05 -0.0062472283018103324
leaf_weight=5981.2271066308022 5453.7227730304003 18.726895943284038 7588.4512967020273 231.33243840932846 8592.918680742383 7.9488900154829016 23.529395952820778 16.127200827002525 53.797582492232323 68.526419416069984 10.283565521240236 40.63250195980072 8.5112283527851087 19.176871582865715 16.345266938209534 17.248578101396564 8.5361230075359362 12.394738778471948 10.245974913239477 11.16581918299198 8.5174961686134356 11.6531885266304 40.50565779209137 7.9516779184341457 12.674075797200201 10.706041648983954 7.8135252296924582 34.034124985337257 21.659502312541008 11.729864016175272 8.550598278641699 50.316008999943733 41.174709513783455 9.4570590853691083 12.736351311206816 173.29986613988876 52.346640408039093 10.231037050485609 40.381787344813347 1154.542700573802 24.926541268825531 56.867335379123688 122.62120155990124 11.591211050748823 101.27406579256058 219.69436627626419 10.960670635104178 7.9598876535892478 217.16906604170799 34.663159683346748 60.111467272043228 275.19911220669746 1554.9159331023693 136.10828737914562 3133.7025488317013 16.707140788435936 12.972077116370199 68.328002691268921 24.057845219969749 54.412795022130013 35.230712845921516 30.381901577115059 8.5323135554790479 33.178258970379829 190.88548135757446 7.7978848814964286 1239.3940218538046 35.629692912101746 12.714254945516585 10.563198551535605 43.529481172561646 13.92204859852791 7.7193943113088634 7.6177501976490047 16.091935262084007 9.6316714733839017 13.635272502899168 14.441544905304911 7.4686747193336478 75.452766910195351 40.014257445931435 7.4619836062192908 7.4492855072021475 11.23001319169998 29.403904095292091 20.086238190531731 53.422793865203857 24.955350682139397 8.6030493974685651 39.411968320608139 6.6591816991567603 12.844471320509912 20.46926786005497 21.283888280391693 6.9230550378561011 23.9245475679636 8.613279849290846 90.751652657985687 8.3036613613367063 10.001081869006155 20.001376882195476 8.9975536316633207 12.077702090144156 23.314625039696693 9.9678127318620664 27.651715442538261 99.430420950055122 264.35265968739986 30.862480357289314 20.416673302650452 872.04026274383068 18.911588579416275 60.205940172076225 26.238825112581253 26.751262307167053 52.888941511511803 45.809874653816223 99.788451686501503 1036.3478803038597 1568.1201159805059 4845.3904674351215 308.71566206216812 1220.1427378952503 66.118433237075806 291.65390248596668 569.55074363946915
leaf_count=37257 22439 77 35983 928 36954 32 95 65 216 281 42 167 35 79 67 71 35 51 42 46 35 48 166 33 52 44 32 139 89 48 35 207 169 38 51 695 210 41 162 4629 100 228 492 47 413 881 44 32 871 139 241 1104 6237 546 12576 67 52 274 97 223 145 125 35 133 788 32 5115 147 52 43 175 56 32 32 68 41 56 58 30 303 161 30 30 45 118 95 248 117 40 183 31 59 95 98 32 97 36 373 34 41 82 37 50 97 40 111 399 1062 124 82 3505 76 242 106 110 218 188 412 4258 6420 19898 1266 5002 271 1197 2339
internal_value=6.72404e-05 -0.00362527 -0.00847248 0.00313147 -0.006307 0.00131272 0.000887923 0.00314542 -0.00119435 0.00507022 0.00329595 0.0054347 0.00725752 0.00275009 0.00442475 0.00472212 -0.00608718 -0.0162826 0.00480328 0.00813102 0.000963982 0.00531211 0.00866482 0.00868184 0.000793136 0.00563703 -0.00223856 -0.00701944 0.0024399 -0.0171355 0.00442099 0.00636699 0.00283526 0.000829941 -0.000792119 -0.00169042 0.00555427 -0.00101401 -0.0128211 -0.000561902 0.0041994 -0.0107377 0.00762643 -0.00450875 0.00188657 0.00128878 0.0019952 -3.32753e-05 0.00639648 -0.00452383 -0.0123709 0.00575661 0.000977812 0.000839157 0.00134202 -0.00341073 0.00171723 -0.00193313 0.0153798 0.00524503 0.0131472 0.0180699 -0.00552299 -0.00768965 0.00831984 0.00345122 0.00909181 0.01456 -0.00393705 -0.0131056 0.00395089 0.0170298 -0.00821524 0.0030179 -0.00685577 0.0166951 -0.0171236 -0.00335595 -0.00619409 -0.00157761 0.00387732 0.0195547 -0.00335187 -0.00816024 0.013837 -0.0134111 -0.0086294 -0.0067664 -0.00456291 -0.0129634 0.00337212 -0.000546258 0.00571926 -0.00221751 0.0224857 -7.45861e-05 0.00465342 -0.00460585 0.00396383 -0.00681326 0.0122998 0.00595197 0.0207042 0.0272673 0.00368204 -0.00144587 0.000363032 0.00432227 0.0104856 0.00350226 0.00379973 0.0192798 0.00623705 -0.00282628 -0.00374427 0.00130918 -0.0106419 0.00803753 0.00446215 -0.00466921 -0.00532629 -0.00386276 -0.0030753 -0.00502283 -0.00578231 -0.00414822
internal_weight=49946.8 43965.5 25600.4 18365.2 17797.2 9476.33 7693.94 1782.38 278.727 8888.85 1515.66 7373.19 1919.47 311.936 1259.14 1238.29 56.9577 29.4632 27.4946 1607.53 114.944 92.7913 81.1382 1492.59 267.796 129.671 256.519 127.005 129.514 58.4782 121.701 113.15 91.4907 7670.41 1690.59 1481.24 209.351 1378.46 50.6128 1327.84 199.894 102.782 147.548 9163.26 136.79 5979.82 3898.04 2081.78 503.329 382.797 94.7746 492.368 1698.98 1691.02 3394.71 248.04 3146.67 288.022 32.0067 1181.33 81.9579 65.6126 20.9271 90.0456 1449.24 198.683 1250.56 44.1409 24.4441 20.8468 1503.66 30.0492 8633.98 41.0608 23.8113 17.2494 22.1528 246.72 177.353 123.555 69.3671 21.9035 47.4635 86.6828 36.8726 7803.11 214.659 194.573 169.618 54.6742 15.2622 114.943 61.5207 41.7532 19.7675 125.199 1099.37 9026.47 66.0306 28.728 37.3026 28.9989 43.344 31.2663 1473.61 163.289 153.321 1310.32 153.509 1156.81 1136.39 49.7741 103.735 125.669 138.124 79.6402 58.484 118.965 1090.76 8960.44 4936.14 4024.3 2854.38 1286.26 1169.92 861.205
internal_count=223570 186313 111702 74611 74721 38029 30866 7163 1120 36582 6225 30357 7918 1285 5173 5088 234 121 113 6633 472 381 333 6161 1103 535 1052 520 532 239 500 465 376 30771 6779 5939 840 5527 203 5324 802 412 592 37594 557 23992 15642 8350 2019 1535 380 1975 6815 6783 13623 995 12628 1155 129 4854 337 270 86 361 5981 820 5161 182 100 85 6043 121 37127 173 100 73 91 991 712 496 279 88 191 348 148 36981 998 903 786 254 71 532 284 193 91 510 4517 37037 271 118 153 119 180 130 5922 656 616 5266 617 4649 4567 200 417 505 568 328 240 491 4481 36766 20271 16495 11693 5273 4802 3536
is_linear=0
shrinkage=0.03


Tree=38
num_leaves=127
num_cat=0
split_feature=0 18 18 18 18 22 42 30 25 4 4 29 27 9 35 25 11 28 17 6 23 4 28 29 21 22 4 33 4 28 28 37 6 1 3 23 35 25 42 27 5 21 20 40 27 19 19 18 36 42 19 42 37 21 9 37 4 30 35 6 28 18 41 17 3 21 4 19 6 42 4 20 23 35 5 42 28 42 24 1 22 22 2 37 5 41 4 25 19 6 30 2 40 22 23 9 39 22 42 9 25 22 2 31 19 3 28 1 3 4 28 41 21 27 21 23 27 3 2 9 1 5 9 4 1 35
split_gain=5313.33 1509.63 289.767 68.1357 64.0616 7.56368 13.1891 8.82693 6.54795 6.39964 10.4158 7.50257 8.11228 8.30888 7.40946 8.32033 6.20171 6.19083 6.14579 6.46772 6.41451 8.2839 8.81593 6.12352 6.07173 10.0777 9.45933 8.31444 8.30561 7.67261 6.91007 6.04696 9.58362 7.88532 11.4895 13.8275 10.2606 10.1986 11.5645 8.75878 8.41644 7.63569 10.7012 9.70856 7.49382 10.0507 6.61011 11.1489 7.59629 7.2972 7.09992 6.15683 10.8267 7.08963 6.05111 6.94288 8.02297 8.51282 7.24413 6.42326 5.997 9.13155 5.97016 5.84327 5.73713 5.63848 5.53286 5.49408 7.70912 7.03163 5.41078 6.71369 5.84852 8.24544 9.87756 8.00039 7.06519 5.35288 7.21462 7.89523 6.23374 5.94548 6.95507 5.6568 8.60576 7.48856 11.2156 8.7221 7.02953 5.31831 5.3058 5.28531 7.55336 6.72814 5.88725 7.93168 11.8391 6.16499 5.99387 6.66397 5.91564 5.27278 5.25558 12.8677 11.64 5.1764 5.24484 7.43093 8.6729 8.85941 6.38039 8.12453 6.03331 5.07709 9.01601 6.53127 5.37099 6.1498 5.24816 6.46854 5.29628 4.90839 4.96967 4.85066 10.6119 10.3434
threshold=1.5000000000000002 0.55800000000000016 0.84300000000000008 0.31500000000000006 0.70750000000000013 37.050000000000004 3105.1503094606546 3.8850000000000002 6.7780000000000014 27.150000000000002 18.150000000000002 12.65 15.15 25.450000000000003 1.9308333333333334 6.7545000000000011 2.5000000000000004 28.750000000000004 23.965000000000003 6.7350000000000012 54.050000000000004 31.550000000000004 31.050000000000004 11.950000000000001 18.250000000000004 31.650000000000002 22.850000000000005 5.7500000000000009 21.350000000000005 38.850000000000001 31.350000000000005 0.0050000000000002508 6.7950000000000008 6.1750000000000007 56.250000000000007 46.750000000000007 1.4266666666666672 6.7515000000000009 1717.1961966604824 13.050000000000002 0.20500000000000004 24.250000000000004 3.2150000000000003 1914.5643939393942 14.050000000000002 88.075000000000031 75.625000000000014 0.30900000000000005 0.092500000000000013 2070.2836499866207 77.125000000000014 2063.1965944272447 0.19833333333333367 21.450000000000003 29.250000000000004 0.0016666666666664504 41.550000000000004 3.0350000000000006 -0.57583333333333353 6.8050000000000006 29.850000000000005 0.30300000000000005 0.036988953441350052 36.080000000000005 64.050000000000011 16.550000000000004 27.650000000000002 100.075 6.7350000000000012 3445.1190476190482 30.750000000000004 3.1250000000000004 57.150000000000013 1.6624999999999999 0.12500000000000003 2905.7417582417588 41.500000000000007 1962.6337124197728 0.15150000000000002 6.6150000000000011 38.250000000000007 40.95000000000001 29.550000000000004 -0.066666666666665944 0.22500000000000003 0.048396618044711855 35.550000000000004 6.7615000000000007 86.375000000000014 6.7650000000000006 3.0850000000000004 63.95000000000001 3494.0285204991092 38.250000000000007 49.550000000000004 20.150000000000002 2.7500000000000004 35.250000000000007 5071.5488215488231 16.350000000000005 6.7565000000000008 40.650000000000013 43.050000000000004 4.2500000000000009 67.625000000000014 73.550000000000011 28.750000000000004 6.2150000000000007 65.65000000000002 35.45000000000001 28.450000000000003 0.021375859005276405 13.050000000000002 11.350000000000003 20.050000000000004 44.850000000000001 11.450000000000001 48.95000000000001 37.650000000000013 18.050000000000004 5.0750000000000011 0.12500000000000003 16.450000000000003 21.050000000000004 5.2350000000000012 0.69166666666666676
decision_type=2 2 2 2 2 2 2 2 2 2 2 2 2 2 2 2 2 2 2 2 2 2 2 2 2 2 2 2 2 2 2 2 2 2 2 2 2 2 2 2 2 2 2 2 2 2 2 2 2 2 2 2 2 2 2 2 2 2 2 2 2 2 2 2 2 2 2 2 2 2 2 2 2 2 2 2 2 2 2 2 2 2 2 2 2 2 2 2 2 2 2 2 2 2 2 2 2 2 2 2 2 2 2 2 2 2 2 2 2 2 2 2 2 2 2 2 2 2 2 2 2 2 2 2 2 2
left_child=-1 3 4 31 18 6 7 24 91 10 23 12 13 17 15 -14 89 -12 70 20 21 -20 -23 -7 63 28 27 -27 -26 -28 -30 32 113 41 35 36 -35 38 -37 60 44 46 -43 -44 45 -41 48 49 51 50 -48 53 -53 -33 55 56 57 -34 -58 -59 61 64 -24 102 -36 -46 -11 -6 -69 -70 71 -3 76 74 -74 -75 101 78 79 80 -68 82 -80 84 88 87 -87 -85 -79 -13 -51 105 -93 94 98 96 -96 -97 100 -100 -94 -73 104 -104 -5 106 107 110 -109 -110 112 -112 -4 114 115 -2 117 -115 119 -117 -120 -39 -123 124 -108 -126
right_child=1 2 8 5 67 9 -8 -9 -10 66 11 16 14 -15 -16 -17 -18 -19 19 -21 -22 22 62 -25 25 26 29 -29 30 -31 -32 33 54 34 39 37 -38 121 -40 40 -42 42 43 -45 65 -47 47 -49 -50 90 -52 52 -54 -55 -56 -57 58 59 -60 -61 -62 -63 -64 -65 -66 -67 77 68 69 -71 -72 72 73 75 -76 -77 -78 83 81 -81 -82 -83 -84 85 -86 86 -88 -89 -90 -91 -92 92 93 -95 95 97 -98 -99 99 -101 -102 -103 103 -105 -106 -107 123 108 109 -111 111 -113 -114 116 -116 118 -118 -119 120 -121 -122 122 -124 -125 125 -127
leaf_value=0.026835989994507578 0.042227624655302394 -0.02279688063720034 -0.019596719027004585 0.0013182081270924322 -0.0080389492293801608 -0.0028381187513924241 0.022277902604531444 -0.031824642733046506 -0.036302336081380983 0.016547289828632347 0.0054441693037048681 0.015818410728099502 0.00044239677451322538 0.0084878863314257133 -0.021412591531616398 0.017593822716288295 -0.025308949573488677 -0.022613812205290032 0.015944395290488814 0.00792697643729115 -0.026430184344626399 0.017222787629871828 -0.0066730043083040695 0.024539436942363699 0.032771747558305704 -0.0139761387723261 -0.00054501224199611292 0.0099533555609319958 -0.0052640603945498946 -0.012435283743961131 0.0074015117076718668 0.0052044766294660665 -0.031481973806158074 0.033207900830990282 0.032538262770870352 0.026330490337332969 -0.009299835977428967 -0.041439433748624396 -0.01096098518041046 -0.021531602695046302 -0.0087609630877680447 0.01037871077772883 -0.0053091496413069875 -0.046552561263125875 0.0084997942768958671 0.0077246972921484634 0.020786015784809476 -0.011825532577324955 0.025659765465895708 0.0080865288475132704 0.0091848592321471592 0.010773837994717421 -0.022786782216556334 0.011507014900264588 0.022411704833810237 0.010042895711050877 -0.049135008691599646 -0.011885722087579466 -0.011030925410192471 0.0055179412450983558 0.023646088640827321 -0.0208655401208378 -0.036424093850801524 -0.02519151835920035 0.0014224396675661646 0.0021920044520031714 -0.0035816306300255089 -0.0096456939323358425 0.034201375277075403 -0.0011738373229070299 -0.0049558324016690403 -0.003226215967607254 0.016204718363215298 0.0029751325567007338 -0.0050360742437173889 0.046185131847095703 -0.030631943207599661 0.0014672764034561673 0.00029979620843247182 -0.01726133169170015 0.010800858663907602 -0.0018384680753884468 0.021181181338626558 0.0064168353544309421 -0.028611924429274682 0.0066268920659665002 -0.00641703209913217 -0.0051318949303643772 -0.015952130974747916 -0.018399712470840913 -0.023620276463464526 -0.025962989972129796 -0.021002043837985783 -0.021137971418779499 0.03149278263321334 0.001536115216196091 -0.0019670409082764386 -0.022474930820285479 -0.016855615731193895 0.010809673405098658 0.0019580140085480734 -0.012118246586533304 0.00053234126188088685 -0.012278366061904935 0.006208336172774661 -0.0247769372731113 -0.013639249568794835 -0.026229312381812798 -0.022547122378104092 0.013975802580263477 -0.0092866048173341452 0.014861988712776521 -0.0085549008483019502 0.0061201777730327577 -0.014074041537933219 0.043324180714928225 0.0043461803146570589 -0.031855135012636586 -0.018315674792552278 0.011977162742944024 0.011308248926476175 0.0017577999895070882 -0.02689458270337482 -0.013505111438563486 0.013451386729030974 -0.0078395949804417001
leaf_weight=5883.9658702164888 7.7253492176532736 15.803432300686834 51.554870516061783 3397.9118808358908 8574.0852284729481 11.176692724227907 25.691997438669205 7.3604312986135474 10.915969938039778 30.007066145539284 8.7126339823007566 8.1996351182460803 104.85856145620346 15.431550607085226 10.474769547581671 33.600797593593597 22.864203453063965 35.133081182837486 17.483383387327194 74.075636193156242 10.5048231780529 8.3692479133605939 16.369389861822132 20.784996271133423 9.4340326189994794 87.596961140632629 1327.8665429055691 15.207086846232412 52.358508005738258 50.631267458200455 147.48896902799606 2659.7903007864952 9.2773121595382673 11.887639015913011 9.7197513133287483 9.5068013966083509 8.771014064550398 10.775075912475584 33.667247429490089 22.420865133404732 47.969869181513786 18.233541160821915 14.131999984383585 8.0873456001281721 253.60085642337799 19.740275174379349 97.904502645134926 17.007267534732819 17.827389001846313 12.411389052867891 93.917224824428558 327.57894448935986 8.767214968800543 171.42450386285782 7.4950908571481696 22.387433528900146 7.322500184178355 31.138332888484001 11.920451223850248 48.883909285068512 33.718551129102707 8.5495000928640348 9.7589747160673124 7.3974330127239218 11.926045313477514 258.29549416899681 42.093260884284973 21.112029761075974 9.8438756316900271 10.116777345538138 6318.9894542992115 2476.2428092509508 26.032179489731789 8.2516713440418226 79.979109272360802 7.2992547303438178 8.5470343977212888 246.38958898186684 18.334158644080162 15.205022841691969 75.312972754240036 18.514786884188652 68.635530069470406 652.78506195545197 9.7102168947458249 104.97983971238136 136.08741945028305 64.468245208263397 22.676348090171814 7.9462960958480826 7.5306039303541175 19.875932633876801 43.054359152913094 24.747306749224663 15.416320174932478 24.305957242846489 24.39193357527256 15.707340016961096 12.443812593817709 20.769088327884674 13.012707516551016 61.561547920107841 2003.2889627069235 73.041046798229218 503.16075518727303 34.79046243429184 189.08767932653427 49.343238160014153 11.716267183423044 11.964473113417624 28.504855915904045 22.204888075590134 341.22183483839035 7.2975582480430585 9.9663042426109296 8.6998881250619906 4435.7815952897072 7.8096467852592468 7.2763425558805492 19.158885672688484 20.353136047720909 8.316635727882387 15.131742104887961 6698.9998176842928 29.225741371512413 68.314272344112396
leaf_count=37257 32 65 245 13637 36954 45 104 30 53 121 35 33 421 62 42 135 92 141 71 301 43 34 67 84 38 351 5324 61 210 203 592 10967 38 49 40 39 36 44 138 92 197 75 58 33 1045 81 404 70 75 51 387 1354 36 707 31 92 30 128 49 201 139 35 40 30 49 1060 169 89 41 43 25958 10156 107 34 329 30 35 990 74 61 303 75 277 2623 39 422 547 259 91 32 31 95 202 117 71 112 113 73 58 96 60 253 8035 293 2019 165 901 236 55 56 135 105 1617 30 41 36 18261 32 30 79 84 34 62 31953 139 324
internal_value=6.60421e-05 -0.00352281 -0.00824419 0.00303373 -0.00613018 0.00126647 0.000858748 0.000786635 -0.0130796 0.00302682 -0.00114035 -0.00323054 -0.000957801 -0.0103398 0.00277068 0.00462516 -0.0152892 -0.0170045 -0.00438012 0.00192752 -0.00516206 -0.000792689 -0.00933996 0.01494 0.000818518 -0.00076847 -0.00163995 -0.0104156 0.00539056 -0.000983692 0.00407475 0.00492252 0.00417651 0.00574654 0.00298423 -0.00659254 0.0151303 -0.0124221 -0.00267298 0.00439739 0.00327177 0.0063569 -0.00656977 -0.0205294 0.00431765 -0.00781215 0.00651069 0.0114444 0.00615554 0.0133251 0.0151216 0.00604448 0.00988807 0.00558701 -0.00359112 -0.00510707 -0.008252 -0.00443197 -0.0257872 -0.00124185 0.014955 0.00515418 -0.0179388 0.00126707 0.0155489 0.00532095 0.00380077 -0.00798646 0.00292662 0.0162807 -0.00447599 -0.00334546 -0.00322883 0.00319132 0.000176044 0.0235183 -0.00353603 0.00353937 0.00766144 0.00298557 0.00563293 0.0135172 0.0168018 0.00274425 -0.00101246 0.00383864 -0.000730059 0.00537615 -6.05315e-07 -0.000939466 -0.00387004 -0.0130462 -0.00836741 -0.00654309 -0.0043871 0.00151645 0.0109996 -0.00788463 -0.00967779 0.000379863 -0.0156525 -0.00344298 0.00130048 8.03947e-05 0.00194946 -0.0131786 -0.0131243 -0.0101896 -0.0190727 -0.00405001 -0.00871958 0.00126655 -0.0100127 0.00441458 0.0122595 0.0164506 0.00428499 -0.0134928 0.0127653 0.02194 0.00341465 -0.0246337 -0.0167042 -0.0133409 -0.00949419 -0.00143761
internal_weight=49773.9 43889.9 25516 18373.9 17754.4 9492.82 7708.44 7682.74 7761.57 1784.38 279.183 247.222 208.211 59.2773 148.934 138.459 39.0101 43.8457 9139.27 136.561 62.4858 51.981 34.4976 31.9617 7675.38 1690.58 1481.3 102.804 209.282 1378.5 199.847 8881.1 4662.49 4218.61 763.997 98.0562 20.6587 77.3975 43.174 665.941 602.027 3454.61 40.4529 22.2193 554.057 42.1611 3414.16 228.771 3185.39 211.764 191.822 3167.56 336.346 2831.21 138.425 130.93 108.543 89.2996 19.243 80.0222 63.9138 30.1953 26.1284 5984.8 21.6458 511.896 1505.2 8615.16 41.0727 19.9607 9002.71 2683.72 2667.91 121.562 106.011 15.5509 2546.35 1475.19 238.096 132.611 117.406 105.484 86.9697 1237.1 278.776 958.321 241.067 717.253 269.066 16.1459 19.942 7750.65 213.725 193.849 169.102 79.8216 39.8083 40.0133 89.28 33.2129 56.0671 2537.8 5977.4 2076.33 3901.07 7536.93 7502.14 516.51 73.024 23.6807 443.486 50.7097 392.777 4524.07 73.1799 63.2136 4450.89 15.1072 55.4883 27.8588 27.6295 34.2235 23.4484 6985.63 286.628 97.54
internal_count=223570 186313 111631 74682 74650 38100 30927 30823 36981 7173 1122 993 836 238 598 556 157 176 37523 556 255 212 141 129 30793 6779 5939 412 840 5527 802 36582 19194 17388 3140 402 85 317 177 2738 2475 14248 166 91 2278 173 14082 943 13139 873 791 13064 1390 11674 569 538 446 367 79 329 263 124 107 24014 89 2105 6051 37127 173 84 36967 11009 10944 500 436 64 10444 5930 959 533 472 426 351 4971 1120 3851 969 2882 1081 65 82 36928 997 902 785 369 184 185 416 154 262 10409 23984 8328 15656 35931 35766 2449 347 111 2102 240 1862 18625 302 261 18323 62 229 115 114 140 96 33317 1364 463
is_linear=0
shrinkage=0.03


Tree=39
num_leaves=127
num_cat=0
split_feature=0 18 18 18 18 22 42 25 29 4 4 29 27 26 25 29 39 21 26 37 37 22 22 17 3 37 26 7 17 6 36 4 38 29 19 3 37 37 25 43 4 39 26 18 37 23 5 2 23 26 36 36 2 40 23 21 21 22 4 4 7 26 8 6 7 20 36 4 27 23 2 2 37 25 26 38 8 8 2 31 19 22 43 39 27 12 4 7 19 6 43 4 42 42 27 41 23 23 21 8 3 3 3 6 19 40 37 18 36 4 4 37 3 27 23 2 40 22 20 27 27 4 26 22 18 22
split_gain=5075.88 1424.38 276.374 64.2269 60.6649 7.11999 12.4365 6.3365 6.15196 6.023 9.81255 7.05506 7.62927 6.95765 9.26899 8.72124 6.60605 7.47835 5.95732 8.28934 9.25917 7.42837 9.99557 7.03221 7.65627 6.66262 6.4563 6.58357 5.78611 6.08628 6.29594 7.61832 6.05903 5.78558 5.76434 9.62799 8.74839 7.80792 7.4822 7.14449 8.02196 7.56828 8.90956 8.14139 9.47977 7.23142 7.23687 6.61974 9.44296 9.37127 6.69594 5.90114 5.90177 5.80092 9.11968 7.13183 5.74598 9.48612 8.89723 7.8562 7.21043 6.93993 6.54908 5.74143 5.68668 7.77341 10.9142 5.66322 5.64783 9.14985 8.26964 10.7721 7.64944 10.5068 7.52953 7.38908 6.7847 6.13694 5.50108 11.614 10.927 8.27624 7.03616 6.94217 5.64726 5.4295 10.0502 5.4261 5.1862 7.24378 6.56262 5.14943 6.88771 8.08294 6.89656 5.46743 7.8053 5.59993 5.14248 8.16788 8.35402 9.26823 8.36092 5.27452 5.26772 5.20146 5.17778 7.25203 7.32966 5.39579 7.40242 5.99676 5.13498 5.36877 5.11731 5.03834 7.22991 6.41326 5.70005 5.96375 6.53172 5.53588 9.83331 4.99098 8.46638 7.90225
threshold=1.5000000000000002 0.55800000000000016 0.84300000000000008 0.31500000000000006 0.70750000000000013 37.050000000000004 3105.1503094606546 6.7780000000000014 8.7000000000000011 27.150000000000002 18.150000000000002 12.65 15.15 3.5450000000000004 6.738500000000001 12.250000000000002 2.2500000000000004 20.950000000000003 3.5150000000000001 0.18166666666666617 0.12666666666666737 45.100000000000001 44.150000000000013 21.310000000000006 54.45000000000001 0.085000000000000367 3.5250000000000004 6.5000000000000009 23.965000000000003 6.7350000000000012 0.010833333333333301 32.45000000000001 2.7500000000000004 11.950000000000001 79.175000000000026 57.850000000000001 0.058333333333333057 0.15499999999999978 6.7695000000000007 0.057768389474548355 21.650000000000002 2.2500000000000004 3.5150000000000001 0.29900000000000004 0.19833333333333367 56.95000000000001 0.085000000000000006 21.550000000000004 53.550000000000004 3.4450000000000007 0.069999999999999965 0.062499999999999951 58.95000000000001 2106.366092536306 45.250000000000007 9.3000000000000025 18.250000000000004 31.650000000000002 22.850000000000005 22.850000000000005 4.5000000000000009 3.6150000000000007 7.5000000000000009 6.785000000000001 4.5000000000000009 3.3550000000000004 0.00083333333333331398 37.750000000000007 17.250000000000004 54.250000000000007 52.95000000000001 51.350000000000001 0.0091666666666667014 6.7495000000000003 3.3150000000000004 3.2500000000000004 2.5000000000000004 3.5000000000000004 43.050000000000004 4.2500000000000009 68.02500000000002 33.850000000000001 0.06319748566691992 2.7500000000000004 16.750000000000004 1.0000000180025095e-35 35.550000000000004 1.5000000000000002 100.075 6.7350000000000012 0.029044604250774455 22.550000000000004 1971.0101867572159 1873.294573643411 15.950000000000001 0.048851638207543104 59.650000000000013 54.850000000000001 9.1500000000000004 5.5000000000000009 43.45000000000001 48.150000000000013 35.150000000000013 7.0050000000000008 67.475000000000009 3024.0689655172418 0.19833333333333367 0.59800000000000009 0.039999999999999959 28.050000000000004 20.250000000000004 0.16333333333333358 50.150000000000013 15.350000000000003 51.750000000000007 63.95000000000001 3494.0285204991092 38.250000000000007 3.5950000000000002 15.350000000000003 14.15 34.250000000000007 3.3950000000000005 25.550000000000004 0.29100000000000004 26.350000000000005
decision_type=2 2 2 2 2 2 2 2 2 2 2 2 2 2 2 2 2 2 2 2 2 2 2 2 2 2 2 2 2 2 2 2 2 2 2 2 2 2 2 2 2 2 2 2 2 2 2 2 2 2 2 2 2 2 2 2 2 2 2 2 2 2 2 2 2 2 2 2 2 2 2 2 2 2 2 2 2 2 2 2 2 2 2 2 2 2 2 2 2 2 2 2 2 2 2 2 2 2 2 2 2 2 2 2 2 2 2 2 2 2 2 2 2 2 2 2 2 2 2 2 2 2 2 2 2 2
left_child=-1 3 4 34 28 6 8 115 -5 10 33 12 16 14 -14 -15 17 -12 21 20 26 22 23 24 -11 -25 -20 -28 98 30 31 -30 -33 -7 36 64 123 47 51 40 -39 42 -41 -43 -45 46 -42 48 49 -38 53 91 67 55 -55 -49 78 59 61 -58 -60 -59 -61 -13 68 -66 -67 -53 69 70 71 -36 74 76 -70 -75 -74 -76 80 83 82 -82 -10 -80 -81 86 -54 -50 -6 -90 -91 92 93 -37 -94 97 -97 -93 99 100 102 -102 -3 106 -105 -103 109 -108 -109 110 -100 -111 113 -52 -22 -4 -117 118 121 120 -120 -118 -123 124 -2 -125
right_child=1 2 7 5 88 9 -8 -9 56 18 11 63 13 15 -16 -17 -18 -19 19 -21 114 -23 -24 25 -26 -27 27 -29 29 -31 -32 32 -34 -35 35 38 37 39 -40 41 45 43 -44 44 -46 -47 -48 50 87 -51 112 52 85 54 -56 -57 57 58 60 62 -62 -63 -64 -65 65 66 -68 -69 72 -71 -72 -73 73 75 77 -77 -78 -79 79 84 81 -83 -84 -85 -86 -87 -88 -89 89 90 -92 95 94 -95 -96 96 -98 -99 103 -101 101 105 -104 104 -106 -107 107 108 -110 111 -112 -113 -114 -115 -116 116 117 -119 119 -121 -122 122 -124 125 -126 -127
leaf_value=0.026467972888760669 -0.017626708839180893 0.0093682692663636675 -0.012852657308923791 -0.019798395627505735 -0.0078149325485115783 -0.0027531709709952574 0.021650370527104768 -0.035776702149556958 0.0014597081595740856 0.00083427087662398154 -0.010800461390165574 -0.0061267300732401973 -0.025578209865451805 0.027374571148349677 0.0021866980555039026 -0.0053806534696100453 -0.017208416360324916 0.026334478462984368 0.015748571212289713 -0.018326107538505537 0.04129714289596613 0.027369133635917475 -0.02606867703398618 0.0039197827010563589 -0.017232843623401797 0.016518144120235553 0.0049358838271211861 -0.016798758211383012 0.019202061285216503 0.0076830153803227547 -0.018254466925733969 0.0041974185941384013 -0.02471616610845577 0.023864516040341191 -0.0061987364387433765 -0.0016895711557590812 -0.0096145688051767052 0.029555910564116897 0.026930646226603402 -0.005899412618953488 -0.024915695476886632 -0.032145828273981714 0.033035653417628909 -0.014082520525897622 0.018648260045198241 0.025403932719895224 0.0035894994532295397 -0.015046933459682249 0.0019000702155147651 0.011207119340285284 0.0047735398123830881 0.014890775604209368 0.013303706310639209 0.01863997204651659 0.00044599005206907025 0.0088774875211938119 0.028315908944755917 -0.0068436708446087619 2.5358475071719899e-05 0.0022436417350393772 -0.0057531054904946767 -0.02895132190287519 0.023699545673639355 -0.030220849256063595 -0.018222349365380763 -0.0022243148119365911 0.03407164750988062 -0.012843894938199041 0.035502555112326785 -0.02926980016108861 -0.033615072440852878 0.025933156656613433 -0.017375447141648237 -0.0011144647390624954 0.015060621444377177 -0.035392569291368137 0.017149689748243904 -0.0066231703486152125 0.0028199212605264576 -0.020290951514642358 0.003943453591428385 0.013312323209531622 -0.011732814016545783 -0.00087644298420545244 -0.0035227084200017598 -0.034826379916301213 -0.028034826909660963 -0.028391668900704506 -0.0093774917627138781 -0.001139280872124612 0.032980790488410287 -0.0012730771234495467 -0.011080466016968007 -0.028353809191045003 0.02499610620757543 0.0056148333116817477 0.031824143060483936 0.012664208458929597 -0.0073841787467177093 0.025025373739772948 0.036927712012815 -0.010337464095677118 -0.03028755262386084 -0.0063190088137556229 -0.026554818921893403 0.018923850270483614 0.012102967211971056 -0.0091684423766004372 0.022468928156286802 -0.0046621684630987715 -0.0020361629735705313 -0.010666477218044304 0.003121519112200355 0.033664730841192168 0.014646305111433033 -0.025459301618257307 -0.007555118162169438 -0.020680933760681332 -0.0148879916532739 -0.0187771394459968 0.023157821463198724 -0.017698483335997595 0.011783679773031646 -0.0042945939882203009 0.011407816592763437 0.0045075102221827151
leaf_weight=5788.2618928402662 9.4791367650032026 7.3085922002792385 7496.9047009348869 12.968515664339064 8555.5555138140917 11.178945973515512 25.647149607539177 10.748074129223822 3399.953852519393 522.15626439452171 12.209799662232401 25.099400579929352 11.949575856328009 19.656786724925045 105.8308048248291 11.464917615056036 39.121686860918999 7.9670714884996405 49.489461481571198 12.412237137556074 8.2128898948430997 10.189484670758246 11.390243887901304 237.50062204897404 21.897873908281326 45.012824401259422 541.24449382722378 12.715302333235739 14.56020714342594 74.137164428830147 21.22355991601944 15.668562307953836 10.96525229513645 20.735219895839691 82.049453899264336 35.1290532797575 27.579027757048607 11.375676944851874 12.792500361800192 13.585520893335344 8.2337070852518064 13.155019968748091 8.4886865466833097 28.212818995118141 10.958639889955519 13.0626805126667 204.40239182114601 11.183783873915671 8.5053102821111697 65.041972219944 7.9319849312305477 17.438555285334591 10.958222702145578 28.989932641386986 169.28665140271187 1235.9953632354736 12.398295998573301 87.858035489916801 1144.679391503334 183.11004102230072 233.86788557469845 14.965223476290701 13.697309941053389 13.936741545796393 7.5802166312932959 15.053036451339723 14.513316184282301 10.511697992682455 7.9879468977451316 16.398877009749413 8.3141178637742978 10.493428900837896 7.3114599734544781 9.5233158469200152 23.095843806862831 14.21814404428005 16.356423154473305 23.607310086488724 703.38917224109173 35.66069732606411 347.53192168474197 112.61548374593258 36.656368359923363 1305.7919865995646 37.17304365336895 8.5494719147682208 10.02012751996517 13.684241101145743 21.067910924553871 10.114000812172891 9.9046831578016263 189.3636147081852 7.5608316510915783 14.42493988573551 12.420210525393484 887.87636862695217 10.277171716094015 29.949984818696976 278.70078513026237 13.173626467585562 7.6122050285339347 16.595377892255787 13.299332082271574 30.244230046868324 19.023459851741791 8.0241761058568937 41.030361786484718 45.971734881401062 7.5747744441032401 6926.073114708066 1428.2093112319708 153.39439752697945 12.045564502477644 23.096650078892708 32.553576499223709 19.666261926293373 53.244447231292725 24.540752053260803 8.5266740173101443 37.922086268663406 7.5541619956493369 12.732667222619055 48.820095285773277 93.198966518044472 153.10524402558804 5189.1140997558832
leaf_count=37257 39 30 35931 53 36954 45 104 53 13646 2098 49 101 48 79 425 46 157 32 199 50 33 42 46 955 88 181 2177 51 59 301 87 64 45 84 336 144 113 47 53 56 34 54 35 116 45 54 844 46 35 268 33 72 45 120 700 5115 50 352 4590 735 937 60 55 56 31 62 60 43 33 67 34 43 30 39 95 58 67 97 2821 143 1395 452 147 5238 149 35 41 56 89 43 41 778 31 59 51 3655 43 123 1144 54 31 68 55 125 79 33 168 189 31 28474 5856 630 50 97 131 95 248 117 40 178 35 59 225 384 632 21384
internal_value=6.48292e-05 -0.00342319 -0.00801808 0.00294418 -0.00595484 0.0012286 0.00083303 -0.0127557 0.000763056 0.0029368 -0.00110595 -0.0031334 -0.000928531 0.00268814 -0.000636814 0.0152813 -0.0100247 0.00384628 0.00368779 0.00583415 0.00630475 0.00202384 0.00171063 0.00209835 0.00010129 0.00593752 0.00536443 0.00443135 -0.00425182 0.00186834 -0.00501535 0.00179694 -0.00769824 0.0145145 0.00477911 0.00309029 0.00512622 0.00687205 0.00417131 0.0025175 0.0050658 -0.00557832 0.00908697 -0.0117991 -0.00486337 0.00381227 0.00246748 0.00771685 0.000760809 0.00498735 0.00825227 0.00393401 -0.00543546 0.00790209 0.00312174 0.00866056 0.000798278 -0.000745369 -0.00159073 0.00523134 -0.000954205 -0.0101009 0.00375582 -0.0148224 -0.00220218 0.00862477 0.0155966 0.00439808 -0.00404558 -0.0085361 -0.00512439 -0.00251505 0.00110013 -0.00769397 0.00875086 -0.021768 0.00639288 0.00407721 0.00123502 -9.21008e-06 0.00190017 0.00624202 0.00131822 0.000416937 -0.0117699 -0.0147777 -0.00640945 -0.016757 -0.00776382 0.00283645 0.0157478 0.00438939 -0.00351531 -0.00952309 0.0112828 0.00488288 0.00591991 0.0006283 -0.00434491 0.003981 -0.00127467 0.00822556 -0.0161739 -0.00440667 -0.0142009 -0.000701759 -0.004352 0.00261772 -0.00463147 -0.00442723 -0.00291064 -0.00479263 0.0199231 0.0263664 0.0201401 -0.0127229 -0.00814679 -0.00636579 -0.00426471 -0.0122937 0.00292444 -0.000467232 0.00564192 0.00451187 0.00969601 0.00435185
internal_weight=49603.7 43815.5 25450.1 18365.4 17729.4 9491.89 7707.96 7720.66 7682.32 1783.93 279.151 247.237 208.201 148.902 117.78 31.1217 59.2986 20.1769 1504.78 656.628 644.216 848.147 837.958 826.568 544.054 282.513 603.449 553.96 9132.79 136.555 62.4176 41.194 26.6338 31.9142 8873.49 1513.78 7359.71 1914.82 1257.27 311.475 237.074 74.4007 22.0742 52.3265 39.1715 225.699 212.636 1603.34 114.811 92.621 1488.53 1244.48 57.4781 1445.46 198.277 1247.18 7669.35 1690.58 1481.37 209.206 1378.55 102.823 196.807 39.0361 256.503 37.1466 29.5664 27.9503 219.356 117.256 100.857 92.5429 102.1 47.4093 54.6911 23.7415 23.6679 46.7032 5978.77 2082.01 3896.76 460.147 3436.61 2009.18 72.8337 29.5278 20.9784 22.1896 8596.64 41.0866 20.0187 1187 69.535 49.554 19.981 1117.47 898.154 219.314 8996.24 66.0133 52.8397 32.2318 20.6079 8930.22 49.2677 24.6196 8880.95 94.5769 53.5465 8786.38 1706.91 7079.47 43.0742 31.0286 40.7665 7709.91 213.007 193.341 168.8 54.0029 16.0808 114.797 61.5528 5444.9 162.584 5282.31
internal_count=223570 186313 111631 74682 74650 38100 30927 36981 30823 7173 1122 993 836 598 473 125 238 81 6051 2641 2591 3410 3368 3322 2186 1136 2427 2228 37523 556 255 168 109 129 36582 6225 30357 7918 5173 1285 979 306 91 215 161 932 878 6633 472 381 6161 5120 236 5981 820 5161 30770 6779 5939 840 5527 412 790 157 1052 153 122 115 899 480 413 379 419 194 225 97 97 192 23991 8351 15640 1847 13793 8059 292 121 86 91 37127 173 84 4884 285 203 82 4599 3698 901 36967 271 217 132 85 36696 204 101 36492 388 220 36104 7000 29104 180 130 164 36928 997 902 785 253 75 532 284 22439 671 21768
is_linear=0
shrinkage=0.03


Tree=40
num_leaves=127
num_cat=0
split_feature=13 14 29 29 30 36 36 4 27 9 25 27 40 39 21 1 43 39 35 24 40 24 11 37 19 25 19 19 26 26 41 11 28 25 43 35 36 42 3 4 38 42 1 4 23 41 9 9 35 36 23 4 24 31 11 35 23 3 27 9 37 33 3 3 42 28 21 37 11 34 25 36 3 30 25 27 34 4 21 3 37 35 1 1 26 1 3 23 10 27 3 39 28 35 20 20 20 21 9 10 20 20 9 41 20 29 20 36 27 37 20 34 23 4 42 29 30 37 25 42 28 40 9 4 34 9
split_gain=4780.24 1336.19 288.114 48.4487 44.5667 10.6374 7.61246 7.03104 7.30104 9.66902 9.65843 7.99635 7.02689 9.55592 12.0475 9.69484 9.07083 7.23334 6.78474 9.41925 7.99077 7.56476 10.6445 6.71802 7.61491 6.63275 6.58005 6.57473 6.55182 12.636 10.4421 10.1378 8.25092 7.70194 7.59298 6.50344 6.48178 6.4677 6.66899 9.00292 7.38989 6.63412 9.27406 6.89611 6.25582 6.21323 6.27667 7.05476 6.73095 6.7063 6.58454 6.16188 8.20728 11.7694 9.69655 9.62548 9.05713 8.17258 7.87398 7.82309 7.7297 6.92986 6.39691 7.47591 8.5377 7.30765 9.01032 7.05738 6.12552 6.02851 5.93011 6.3703 6.70887 5.83511 6.37347 5.81908 5.80264 8.77739 7.0747 8.85152 5.78929 5.78927 10.2938 10.4486 9.42363 7.65322 8.61626 8.88253 8.59457 8.43458 7.66453 8.80127 10.631 9.19327 8.72917 9.42785 7.2859 7.24641 9.56502 8.37942 8.31625 8.19044 7.01717 6.89921 6.70083 6.65963 10.4402 6.36273 6.28902 6.02399 8.88761 8.19973 6.76643 5.76507 5.74367 5.65107 5.61861 11.1951 11.5392 9.14858 7.54734 7.03793 5.93245 8.64056 6.65188 5.60142
threshold=1.0000000180025095e-35 1.0000000180025095e-35 5.0000000000000009 7.4500000000000002 3.2200000000000002 0.10249999999999997 -0.035833333333333293 25.650000000000002 22.450000000000003 15.050000000000002 6.7395000000000005 23.400000000000002 2295.916666666667 1.7500000000000002 14.750000000000002 5.2550000000000008 0.036925349392114511 1.7500000000000002 -1.1833333333333329 0.14850000000000002 2631.6985645933023 0.14550000000000002 1.0000000180025095e-35 0.14666666666666697 50.07500000000001 6.7545000000000011 41.975000000000009 73.825000000000031 3.5350000000000006 3.4450000000000007 0.052650309046637901 4.5000000000000009 32.95000000000001 6.7565000000000008 0.043344442637625609 0.46000000000000024 -0.065833333333333285 2701.3899613899621 42.850000000000001 35.650000000000013 3.7500000000000004 2216.6734798160455 5.0150000000000006 51.350000000000001 51.850000000000001 0.043625596362404609 25.350000000000005 29.050000000000004 -1.6841666666666666 0.049999999999999954 50.350000000000001 28.050000000000004 0.14450000000000002 4.2500000000000009 1.0000000180025095e-35 0.21500000000000008 47.850000000000001 78.550000000000011 17.050000000000004 21.350000000000005 0.0083333333333332517 1.2500000000000002 73.850000000000009 71.550000000000011 3162.0833333333335 25.200000000000006 18.950000000000003 0.030000000000000655 4.5000000000000009 4.7500000000000009 6.7355000000000009 0.027499999999999952 82.450000000000017 3.0500000000000003 6.7345000000000015 13.950000000000001 5.7500000000000009 50.45000000000001 13.15 35.95000000000001 -0.061666666666666044 1.0083333333333335 5.1750000000000007 6.6150000000000011 3.4850000000000008 5.1950000000000012 47.45000000000001 58.150000000000013 3.5000000000000004 13.750000000000002 64.250000000000014 3.2500000000000004 33.400000000000006 3.2950000000000008 3.6350000000000002 3.2550000000000003 3.8850000000000002 18.950000000000003 26.250000000000004 4.5000000000000009 3.7650000000000001 3.2050000000000005 29.650000000000002 0.045004091653027802 3.9550000000000005 11.950000000000001 3.5050000000000003 0.020833333333333304 19.150000000000002 0.055000000000000153 3.4750000000000005 3.2500000000000004 45.550000000000004 39.850000000000001 2967.1794871794878 15.15 3.4000000000000008 -0.004999999999999399 6.7635000000000014 1971.0101867572159 29.150000000000002 2809.1966173361529 7.5500000000000007 24.850000000000005 3.7500000000000004 31.350000000000005
decision_type=2 2 2 2 2 2 2 2 2 2 2 2 2 2 2 2 2 2 2 2 2 2 2 2 2 2 2 2 2 2 2 2 2 2 2 2 2 2 2 2 2 2 2 2 2 2 2 2 2 2 2 2 2 2 2 2 2 2 2 2 2 2 2 2 2 2 2 2 2 2 2 2 2 2 2 2 2 2 2 2 2 2 2 2 2 2 2 2 2 2 2 2 2 2 2 2 2 2 2 2 2 2 2 2 2 2 2 2 2 2 2 2 2 2 2 2 2 2 2 2 2 2 2 2 2 2
left_child=1 2 6 36 5 7 76 23 73 -10 -11 68 13 14 15 25 -14 18 21 20 -20 44 -23 26 -25 -5 -3 -21 29 30 -28 34 -31 -33 -30 -16 -4 41 39 -39 -40 42 -19 -43 -18 -15 48 50 80 -50 -48 52 53 58 55 56 -54 60 59 -38 -56 -57 63 65 114 66 -53 -66 -12 -13 -64 72 -72 74 75 -9 -1 78 79 -78 -47 82 104 84 97 113 88 90 -87 -89 94 93 -93 -92 95 -88 -96 99 101 103 -101 -99 -100 -84 116 106 -90 -85 -91 110 111 -86 -112 -83 -65 -77 122 119 121 -118 -121 -119 123 -6 -125 -67
right_child=-2 4 3 12 81 -7 -8 8 9 10 11 69 16 45 35 -17 17 37 19 27 -22 22 -24 24 -26 -27 28 -29 31 32 -32 33 -34 -35 -36 -37 51 38 40 -41 -42 43 -44 -45 -46 46 47 -49 49 -51 -52 62 54 -55 57 61 -58 -59 -60 -61 -62 -63 70 64 67 125 -68 -69 -70 -71 71 -73 -74 -75 -76 115 77 -79 -80 -81 -82 85 83 107 109 86 87 89 105 108 91 92 -94 -95 96 -97 -98 98 102 100 -102 -103 -104 -105 -106 -107 -108 -109 -110 -111 112 -113 -114 -115 -116 -117 117 118 -120 120 -122 -123 -124 124 -126 -127
leaf_value=-0.015661775566285261 0.025885628575393341 0.0222682731386027 -0.011471285975890087 -0.025055208116082292 0.034012169850616204 0.025373047994628434 -0.012218800564266745 0.017403697527332646 0.0096343048145654947 0.018510133432905296 -0.029663642375239052 0.0093271355553151847 -0.0044365122765333944 -0.020137082747155262 -0.024552606828449446 0.017808549636275962 0.016558880227284939 0.023063398634066628 0.0053778910839065459 0.02752257463020856 -0.0047200759987437706 0.017482824624082346 -0.020779846491980166 -0.017002361179833145 0.015280684544641173 0.010045077056969619 0.0054866419970277473 -4.2987693262264842e-05 -0.027446946987727719 0.001283195042751409 -0.005253306803883087 -0.0055683045376086898 0.011415537041633948 -0.025230952421188342 0.0020751604329658016 -0.007886298524509526 0.015651600624714237 0 -0.014370091806194871 0.037679930578258004 0.012451721844282535 -0.0039259951008505708 -0.0095711002501114185 0.009780752026331576 -0.015034617094000122 -0.038767571431615015 -0.00761567897174049 0.0020652503369932239 -0.0011119398555541698 -0.01398401856675519 -0.025161336236741928 -0.028801573321521463 0.0068710226007073867 -0.02831446176691417 -0.0082114816915969582 0.026296967896051553 -0.0098832131763304919 0.019733635551369443 -0.018712300800844704 -0.011244209939319506 -0.0036217837273719812 0.0045592398393660095 0.012477842796288299 0.0051646544300733652 0.0022913044223251923 -0.0072753303327182271 0.0077139127531950574 -0.01924711692609363 -0.0056214904559009479 -0.01927887639136211 -0.021116585204527121 -0.0035784552007741199 0.0041634555838605163 0.0051159994023261832 0.0034652505428378654 -0.021905696389111391 0.017664253213994972 0.0230381422834115 -0.013407159684067426 -0.01925429664074638 -0.0092058243259001537 -0.007208329859762678 -0.012533124515253567 -0.015451432478079875 0.012385951818088582 -0.013106502327431173 0.01347602865772061 -0.03820619184539515 0.019956411774218325 -0.0016787347400107988 0.0064789039905346832 -0.0052012379945200219 0.0041925669581405738 -0.018220905973968672 0.0051950641739468839 -0.003824066227273033 -0.023061912945022623 -0.011756690203670447 -0.014985582725452157 0.0036456203576865297 -0.016956177730527641 0.014370298367729954 0.016224912337190481 -2.9954818655016608e-05 0.021500141115168951 0.022459739770119211 -0.01852133030798981 0.0073471835303509422 -0.031290212436336638 0.010785874068462908 0.0085566054777961708 0.00058081905279027703 -0.00087027840103556504 -0.038134856361741978 0.036876262728695333 -0.0020681080305082348 0.026866476638433518 -0.0066728055216376553 0.01944793667729254 -0.014031488981593225 0.0032268285644712967 -0.027776944409041493 0.0012408713599970499 -0.0071527429770720059 0.010004451686842662 -0.014320132076359357
leaf_weight=1065.7763646394014 5684.365979552269 13.374747693538664 315.93439984321594 13.838135167956354 10.46797740459442 21.485328152775764 6479.9855198562145 8.0019266903400403 38.221888810396194 10.174472123384474 26.554358020424843 19.167581513524059 5817.2571999132633 24.247095912694931 69.253428637981415 16.321087136864662 17.055775776505474 19.523237779736519 186.1193850338459 22.652399942278862 113.31182673573494 7.7798895239830008 37.960797116160393 7.3233824223279944 55.974178940057755 7.2850817888975135 135.19457848370075 11.674179613590239 7.9817791134119025 119.54295127093792 204.56301292777061 87.389835894107819 184.5559413433075 22.606692969799042 258.53536878526211 30.886997848749161 19.475709483027458 10.978786766529085 18.704115301370621 11.685752585530279 18.067824766039848 1545.1333909034729 12.896350800991057 33.603732734918594 8.2710697054862958 7.7466144859790793 41.611884742975235 26.259795397520065 414.67571546137333 39.887181669473648 36.468476533889771 28.179678454995155 43.504013687372208 33.362773582339287 711.42373879253864 16.10232250392437 86.487267464399338 11.012406498193739 27.36162294447422 19.223474696278572 619.82186344265938 73.169581726193428 7.2798847258090964 13.400457322597505 46.309565350413322 6614.8874815106392 7.6249925196170798 19.275939583778381 15.204281583428381 10.005030885338781 96.137543231248856 33.504828035831451 10.335703358054159 6180.1881922036409 1545.1031186431646 21.156764298677444 15.383969858288767 6.8209670931100836 174.75648503005505 9.2703915238380414 26.259518131613731 19.943373665213588 71.522819921374321 38.916865676641464 190.70453728735447 11.956233978271483 29.348478689789772 9.2263044118881208 13.941411659121515 37.808387070894241 365.97533881664276 225.62506864964962 208.46569739282131 13.959778368473051 186.22506001591682 740.29323735833168 8.4770498126745206 11.910970464348791 24.143430948257446 350.36796011030674 18.450001463294029 103.89199741184711 8.7205451726913434 89.712159857153893 14.446911871433256 37.83190231025219 11.46501165628433 15.181443512439726 7.7211692482233039 220.18099075555801 94.946246266365051 73.686135306954384 244.79457092285156 7.4802878350019446 8.4188950806856138 33.519258365035057 13.188345983624457 217.76538592576981 14.452985867857931 25.663776084780693 197.61290907859802 15.193790853023527 5143.494005009532 27.41028867661953 77.230818301439285 103.63675060868263
leaf_count=5157 37193 55 1390 57 42 92 31170 33 157 42 108 79 23911 100 285 67 70 80 764 93 465 32 156 30 231 30 558 48 33 493 842 360 761 93 1065 127 84 45 77 48 74 6347 53 138 34 32 171 108 1704 164 150 122 187 144 3073 69 373 46 118 83 2676 315 31 57 199 28533 33 83 62 41 412 143 43 25505 6371 87 74 33 844 45 108 80 287 156 766 48 118 37 56 152 1468 905 836 56 747 2969 34 48 97 1406 74 417 35 360 58 152 46 61 31 884 381 296 982 30 36 138 53 874 58 103 793 61 20642 110 310 454
internal_value=8.64208e-06 -0.00336193 -0.00781773 -0.00569637 0.00282232 0.00432212 -0.0126373 0.00427144 0.00458385 -0.00277083 -0.00864001 -0.0125762 -0.00409377 -0.0068619 -0.014016 0.000463361 -0.0038288 -0.00212455 0.0014705 0.00326592 0.00155127 -0.00693308 -0.0142152 0.00201809 0.011501 -0.0128887 0.00143493 0.0181313 0.00115823 0.00299729 -0.000974952 -0.00198265 0.00743912 -0.00964228 0.00117543 -0.0194401 -0.00724182 -0.00299665 0.00670602 0.019471 -0.00115253 -0.00335592 0.0100459 -0.00363269 0.00616375 -0.00526258 -0.00464846 -0.0113303 -0.00321637 -0.00224757 -0.0158515 -0.00708704 -0.00544047 -0.0138031 -0.0049062 0.000936663 -0.00426359 -0.00586177 -0.00642006 0.00225814 -0.0060761 0.00852198 -0.00747805 -0.00734421 0.00135738 -0.00745706 -0.0209836 -0.00403578 -0.0209801 -0.000464677 -0.0136771 -0.015056 -0.0186469 0.00469676 0.00308409 -0.00627878 -0.0147671 -0.0101307 -0.0112838 0.00370005 -0.0160779 0.00135864 0.00174476 0.00390913 0.0043762 -9.95084e-05 0.00012624 -0.000281483 0.010073 -0.0121717 8.44345e-05 0.00222872 -0.00068662 0.00556287 -0.0017241 -0.00316075 0.00394589 0.00175494 0.00760584 0.000109946 0.00260664 0.0116622 -0.00663419 -0.00558991 0.00115903 0.0144929 0.00252943 -0.0090241 -0.00679087 0.00653219 0.00497789 0.00910298 0.00176155 -0.0158065 0.0175813 -0.00979758 0.00110722 -0.00198474 -0.0064464 0.00267788 0.00123102 -0.008067 0.00139205 0.00812712 0.00549334 -0.00738443
internal_weight=49325.3 43640.9 25365.3 17613.3 18275.6 9025.82 7751.99 9004.34 7907.3 119.328 81.1057 70.9313 8647.42 754.741 137.585 37.4443 7892.68 2075.42 404.825 333.758 299.431 71.0675 45.7407 1097.04 63.2976 21.1232 1033.74 34.3266 1020.37 643.856 339.758 376.514 304.099 109.997 266.517 100.14 8965.87 1670.59 59.4365 22.6645 36.7719 1611.16 32.4196 1578.74 25.3268 617.156 592.909 104.34 488.569 454.563 78.0804 8649.94 1660.94 99.4236 1561.52 219.263 129.991 1342.26 66.0608 38.6992 1331.25 89.2719 6988.99 6841.73 87.4049 6754.33 35.8047 65.5855 41.7586 29.1726 147.258 139.978 106.473 7787.97 1607.78 62.6779 1272.01 206.232 199.411 24.6544 34.0061 9249.8 7314.06 1557.13 1503.03 1935.74 1908.32 1833.13 75.1946 54.7559 1778.37 814.026 434.091 379.935 964.344 769.642 194.702 678.72 148.667 530.053 368.818 115.803 32.864 161.235 5756.93 63.2383 25.4064 54.0983 45.5296 824.312 604.131 264.391 339.741 27.4237 21.8194 54.676 5742.48 483.877 247.412 236.465 223.277 232.959 5258.6 115.109 104.641 6718.52
internal_count=223113 185920 111565 74242 74355 37236 37323 37144 32623 489 332 290 35538 3103 566 154 32435 8524 1662 1370 1229 292 188 4521 261 87 4260 141 4205 2654 1400 1551 1254 453 1098 412 38704 6862 244 93 151 6618 133 6485 104 2537 2437 429 2008 1868 321 37314 7168 429 6739 944 560 5795 285 167 5749 384 30146 29517 375 29142 155 282 170 120 629 598 455 32134 6629 258 6153 996 963 119 140 37119 29354 6250 6033 7765 7655 7353 302 220 7133 3265 1741 1524 3868 3087 781 2724 597 2127 1480 465 132 647 23104 254 102 217 183 3309 2425 1062 1363 110 93 225 23046 1942 993 949 896 935 21104 462 420 28987
is_linear=0
shrinkage=0.03


Tree=41
num_leaves=127
num_cat=0
split_feature=0 18 18 29 18 36 2 35 36 7 18 35 37 6 2 22 41 41 25 6 3 3 27 41 35 19 9 24 30 3 41 22 30 9 36 35 17 1 20 23 28 20 21 6 2 2 9 9 9 20 21 3 27 6 28 36 37 25 28 6 35 35 36 30 27 2 2 36 2 42 37 16 25 42 28 22 41 22 3 6 17 18 23 28 27 25 23 11 41 41 21 27 36 41 10 22 30 20 33 37 29 36 6 9 37 9 21 27 36 33 36 41 29 28 9 35 30 29 9 11 41 33 34 2 36 3
split_gain=4565.88 1261.06 276.818 45.1388 42.7082 9.7022 8.30798 9.10288 7.13259 9.1743 9.303 10.1598 6.71237 6.59089 6.5694 8.1973 9.17748 10.4535 9.61596 8.32975 7.15699 7.26993 7.57258 6.65488 7.88677 7.73019 8.13301 7.19158 6.59713 6.51503 6.51187 6.49371 6.43815 6.61046 6.43329 6.28791 9.62154 9.85443 7.36666 9.34272 8.28168 8.57695 9.71889 7.56529 11.0452 10.1331 9.08928 9.07188 12.8034 7.1612 7.02303 8.36745 6.97243 6.85833 9.04614 6.65207 6.63903 6.42451 8.81352 9.59274 7.69605 8.2673 7.66836 10.0676 7.27612 6.58789 6.30391 6.15377 6.17057 6.20091 6.14756 7.93333 6.93343 6.17925 5.96952 5.96006 5.91218 7.58148 10.644 12.3825 8.75195 10.1426 10.0363 7.96999 7.8112 7.53399 7.47336 6.86808 7.69289 12.598 8.88165 8.21807 6.92676 6.47413 7.78276 6.32446 5.90988 5.89967 5.84622 6.37073 5.80561 7.09128 7.38095 8.68284 6.87393 6.83208 5.68144 5.67969 6.32912 6.70927 6.30251 5.79664 5.79049 5.53958 5.49612 12.5134 9.2729 11.2517 7.89982 5.91191 5.44493 5.39126 10.5871 7.00871 5.36214 5.34439
threshold=1.5000000000000002 0.48150000000000004 0.79750000000000021 7.4500000000000002 0.31700000000000006 0.10249999999999997 54.350000000000001 1.0916666666666675 -0.035833333333333293 1.5000000000000002 0.85499999999999998 -0.20833333333333362 0.20500000000000049 6.7150000000000007 65.750000000000014 39.350000000000001 0.034167068268283807 0.029645395504797552 6.7535000000000007 6.7950000000000008 72.050000000000011 75.350000000000009 16.950000000000003 0.043349687674808811 -1.6841666666666666 46.82500000000001 17.050000000000004 0.14450000000000002 3.8750000000000004 34.350000000000001 0.038611559888155608 34.550000000000004 4.705000000000001 26.750000000000004 -0.065833333333333285 1.0083333333333335 20.645000000000003 6.6150000000000011 3.6350000000000002 43.150000000000013 37.150000000000013 3.8950000000000005 15.450000000000001 6.745000000000001 71.65000000000002 70.750000000000014 11.750000000000002 11.450000000000001 20.450000000000003 3.9550000000000005 17.650000000000002 61.45000000000001 12.250000000000002 6.8650000000000011 35.650000000000013 0.020833333333333304 0.12666666666666737 6.7555000000000005 35.350000000000001 6.7750000000000012 -0.51500000000000024 -0.32999999999999979 -0.024999999999999949 3.4000000000000008 20.750000000000004 51.550000000000004 54.550000000000004 -0.084166666666666584 64.550000000000011 2716.8079096045199 -0.031666666666665795 1.0000000180025095e-35 6.7575000000000012 2751.8620689655177 31.950000000000003 19.950000000000003 0.039124531101710609 30.450000000000003 38.550000000000004 6.6850000000000014 10.225000000000003 0.70750000000000013 57.750000000000007 35.45000000000001 20.050000000000004 6.7615000000000007 50.150000000000006 3.5000000000000004 0.020760745072035604 0.021375859005276405 13.65 23.400000000000002 0.10083333333333332 0.017041731204575205 4.5000000000000009 32.750000000000007 3.3250000000000006 3.5450000000000004 1.2500000000000002 -0.053333333333333142 3.4000000000000004 0.030833333333333303 6.6550000000000011 11.350000000000003 -0.14916666666666681 28.250000000000004 13.850000000000003 13.050000000000002 -0.074999999999999942 2.7500000000000004 -0.084999999999999937 0.037535524800940308 5.8500000000000005 30.450000000000003 31.050000000000004 -1.4733333333333336 3.3350000000000004 12.350000000000003 30.850000000000005 3.5000000000000004 0.031585342456993008 1.2500000000000002 5.2500000000000009 23.650000000000002 -0.039166666666666593 41.95000000000001
decision_type=2 2 2 2 2 2 2 2 2 2 2 2 2 2 2 2 2 2 2 2 2 2 2 2 2 2 2 2 2 2 2 2 2 2 2 2 2 2 2 2 2 2 2 2 2 2 2 2 2 2 2 2 2 2 2 2 2 2 2 2 2 2 2 2 2 2 2 2 2 2 2 2 2 2 2 2 2 2 2 2 2 2 2 2 2 2 2 2 2 2 2 2 2 2 2 2 2 2 2 2 2 2 2 2 2 2 2 2 2 2 2 2 2 2 2 2 2 2 2 2 2 2 2 2 2 2
left_child=-1 4 3 34 5 75 7 8 9 -4 11 -11 -9 -7 20 16 17 28 74 98 23 70 -23 67 29 26 -26 -27 -16 -25 -21 -31 33 -8 107 36 49 57 39 -37 41 42 53 44 46 47 96 -45 -49 114 51 -44 -48 54 -40 106 -55 58 59 64 -60 -62 63 65 -38 -59 -61 97 69 -69 71 -22 73 -72 -19 -2 87 78 79 -78 81 -79 84 -81 -82 -83 124 88 93 90 -90 -91 121 95 -95 -36 -41 113 -18 -100 101 102 103 -10 -103 -104 -39 110 111 -110 -3 -109 -112 -5 118 119 -117 -118 120 -116 -6 122 -89 -123 -80 -111
right_child=1 2 6 14 35 13 32 12 100 10 -12 -13 -14 -15 15 -17 19 18 -20 30 21 22 -24 24 25 27 -28 -29 -30 31 -32 -33 -34 -35 76 38 37 55 40 43 -42 -43 50 45 -46 -47 52 48 -50 -51 -52 -53 -54 56 -56 -57 -58 62 60 66 61 -63 -64 -65 -66 -67 -68 68 -70 -71 72 -73 -74 -75 -76 -77 77 80 86 83 82 85 -84 -85 -86 -87 -88 92 89 91 -92 -93 -94 94 -96 -97 -98 -99 99 -101 -102 104 105 -105 -106 -107 -108 108 109 125 112 -113 -114 -115 115 116 117 -119 -120 -121 -122 123 -124 -125 -126 -127
leaf_value=0.025526520703610663 -0.022814518294701255 -0.022782080776849279 -0.010387236936341162 0.013939414891774502 0.021213343669274326 0.00045443121902199904 -0.021162571790181179 -0.016210276903444079 0.0064736836226088083 -0.01468257172157774 -0.017156651266146909 0.03460508408133639 0.014763180609171946 0.036246491348819868 0.026459250207602394 0.027869962331528317 0.02032313575770231 -0.0063512920431300773 0.002133770530333368 0.034925113650333649 0.0079584493545076015 -0.011466858973250105 0.018224159189908957 -0.026369041004782046 0.034981222273356205 -0.020224976501341339 -0.0022731096176337802 -0.0056620840263326812 -0.009070395543773797 -0.019557732888777934 0.0055273823326457061 0.011363088620863359 -0.0088639930775938885 0.0004583710833875144 0.004271318539007197 -0.032327716307567582 0.0048897059247577342 0.0075098544763858629 0.010187971047518157 -0.029002540738310437 0.015663443860749904 -0.022648411826280909 -0.024651194481210406 0.0087471073500515872 -0.030480202090960112 0.025680972161785671 -0.015464865460922973 -0.005320585187925218 0.002960576654400211 0.022369595675890426 0.01023004922111222 -0.0020772696113615561 -0.00046719354316861005 -0.022315326730003065 -0.0079409665016292146 0.0078638810865761018 0.004767470972294359 0.014555663942212275 0.024179671811642493 0.01002004074499312 -0.026783240308680706 0.00091116446078626375 -0.0011873130983505902 -0.021142644937576473 -0.024243669132999825 -0.0067474547957247551 0.027904404461921949 -0.0021733529616042176 -0.02608540088516987 -0.0041119955488682254 -0.0020588844716581513 -0.019981363957006046 -0.040984873384766814 -0.024019997231332559 -0.038137196859484385 0.0041941287311050394 -0.021224024620640269 0.02127050929572177 0.007615272694500832 0.0045373878067304614 0.0018857837163207491 -0.0055992598645980092 0.027010462076601297 0.039586489746034452 -0.016597479566456255 -0.022342356969772229 -0.034456316802772849 -0.0033928483966701286 0.004787513068881916 -0.0063132646667680833 -0.02762513069220375 -0.022822996407845447 0.016183482679745037 0.015415842769675959 -0.0012003560428136379 -0.021814106013142837 -0.0078448396369977403 -0.023142468376635545 -0.022719143074302364 0.0020630905820082854 -0.011476433788277753 0.010706719084338425 -0.012271139643397981 -0.024193306502703297 -0.021259309294755443 0.0010600983549958632 -0.020963829727290433 -0.0065958261162338489 -0.027534912730017059 -0.002229706067274679 -0.0098225604024143598 -0.024648763485920495 0.022318790719246792 -0.010618821047933004 -0.0016630506837484521 0.016570476864189172 -0.0045875016213704845 -0.027658545608901235 0.021056853560322351 0.032497771852205072 0.0011140841341498444 -0.0038978474368023533 -0.014639436760343355 -0.0092061470279223446 -0.013485150007992365 -0.018346671817398623
leaf_weight=5592.7990432679653 7.2446479201316825 7.0050023198127773 312.62298949062824 9.9913374781608564 12.065710380673407 7.0000179558992413 72.852879971265793 697.41948567330837 9.2181342542171461 8.6056128740310651 661.88980366289616 6.5114279538393012 6.2306538075208655 14.106188282370566 9.7780096381902712 10.292807921767233 10.524137839674948 7.8108011484146145 14.166655942797659 13.479897707700731 19.171062603592873 17.566253229975704 13.631506279110907 31.90541011095047 8.2609126567840594 32.018299639225006 14.072612583637236 659.83968904614449 8.8223334997892362 13.52918976545334 13.917395800352095 10.936219736933706 850.31506590545177 15.247690454125403 13.403654724359511 8.4869369566440565 498.03407448530197 7.7394456714391699 185.18365076184273 13.461848631501196 44.62194362282753 12.214270338416098 24.426183804869652 106.64110870659351 12.954606324434279 14.689903333783148 29.202210441231728 298.33119633793831 384.29839341342449 14.180058583617209 17.932194903492928 37.646992027759552 589.42529875040054 14.205821245908735 28.425126597285271 15.421115070581434 18.703092694282532 79.943821594119072 12.181662723422049 298.70318600535393 9.9625563919544202 269.74102261662483 323.50885985791683 9.4791918843984586 7.7230308353900901 15.44723232090473 18.91865411400795 2045.6450083702803 10.908481940627096 5459.3322719186544 18.744661420583725 17.248781621456146 12.357952028512953 30.620035916566849 17.758184388279915 8938.7612892538309 13.738704636692999 11.586370319128035 11.876257985830305 26.193711996078491 220.3362253010273 248.70122221112251 13.111570462584494 7.4769877791404715 22.595084264874458 26.810484275221825 14.16601739823818 425.24017262458801 9.2323769181966764 4293.1347761750221 40.591826468706131 27.294594556093216 10.374072819948195 32.592229828238487 112.66275978088379 21.665786936879158 102.23925146460533 27.688112765550613 12.400629341602324 36.499303832650185 4468.4585133641958 6.1798886358737937 364.32307405769825 74.944934576749802 154.55012059211731 37.984063193202019 31.447825968265533 145.19087608158588 41.356623768806458 29.087745621800423 8.0907461643219012 18.018313348293304 12.903755590319632 44.885162204504013 8.1836451888084429 10.230805054306982 49.160726949572563 31.191874757409096 17.923109203577042 9.9484310895204526 5594.3916718363762 246.75784157216549 91.667678162455559 2548.3982537984848 108.99866144359112 52.124980211257935
leaf_count=37193 30 32 1519 41 49 30 350 3385 45 41 3229 31 30 61 40 42 43 32 58 55 79 72 56 132 34 132 58 2714 36 56 57 45 4083 73 58 34 2000 31 743 54 179 49 98 428 52 59 117 1197 1542 57 72 151 2364 57 114 62 75 321 49 1200 40 1083 1299 38 31 62 76 8405 45 22459 77 71 51 126 73 36904 59 48 51 112 937 1076 56 32 96 116 61 1840 40 18549 176 118 45 141 488 94 410 114 51 149 21601 30 1770 364 751 184 126 646 181 127 35 80 56 184 33 41 197 125 72 40 22454 1069 397 11030 467 228
internal_value=8.90736e-06 -0.00326669 -0.00760102 -0.00551738 0.00274325 0.00422013 -0.0123251 -0.0126908 -0.0123167 -0.0146569 -0.0166245 0.00653663 -0.0159318 0.0245047 -0.0039736 0.00213049 0.000277104 -0.00890594 -0.0175939 0.00646767 -0.00408545 -0.0110931 0.00147514 -0.00397684 -0.00663594 -0.00577841 0.0115345 -0.00634103 0.00956857 -0.0174445 0.0201205 -0.00568484 -0.00966943 -0.0174073 -0.00701614 0.00131729 0.00171876 0.00377803 -0.000199632 -0.00111617 0.00352479 0.00191718 0.00284735 -0.00094237 -0.00311573 0.00107605 -0.00262686 0.000613005 -0.000656611 0.00114578 -0.00622355 -0.0110097 -0.00117997 0.00579866 0.00776593 -0.00872689 -0.00691013 0.00422192 0.00542166 0.00700964 0.000936103 -7.91209e-05 0.00109441 0.0081419 0.00443716 0.0110868 0.0110985 -0.0037069 -0.00361702 -0.00358381 -0.0151011 -0.00525152 -0.0208707 -0.0157323 -0.0285483 0.00417183 -0.00686156 -0.00426412 -0.00955641 0.00264238 -0.00248215 -0.00607863 0.00154548 0.0124591 0.000154358 -0.00724152 -0.013849 -0.00710069 -0.00634169 -0.00659226 -0.0215915 -0.00641844 -0.00813959 -0.000260497 0.0025257 -0.0118177 -0.0103424 -0.0118564 0.000124654 -0.00422441 -0.0118634 -0.0145308 -0.012712 -0.0208129 -0.020015 -0.0110088 -0.0152973 -0.011244 -0.0125076 -0.0176714 0.00159815 -0.00861193 0.00987338 -0.00610301 0.00109264 -0.00558293 -0.0101483 -0.0135853 0.00122204 0.017073 0.00115799 -0.00821671 -0.00539265 -0.00873822 -0.011395 -0.0126024
internal_weight=49162.1 43569.3 25313.5 17566.2 18255.7 8967.11 7747.35 6808.94 6105.29 989.63 677.007 15.117 703.65 21.1062 8653.8 155.45 145.157 58.336 39.7356 86.8214 8498.35 129.34 31.1978 8369.01 770.562 714.192 22.3335 691.858 18.6003 56.3708 27.3973 24.4654 938.416 88.1006 8912.39 9288.62 7345.53 1598.25 1943.09 1559.73 383.359 338.737 326.523 1551.24 747.283 803.961 734.329 789.271 682.63 5747.28 80.0054 62.0732 618.628 246.518 213.609 54.6084 32.9089 1543.64 1115.26 823.379 291.885 279.704 428.379 104.87 505.757 95.3911 317.622 7598.45 7515.89 7504.98 98.1425 36.4198 61.7226 49.3647 25.569 8946.01 8598.61 725.591 182.45 47.4094 543.141 287.098 256.043 33.6707 242.931 275.512 135.041 7873.02 4550.58 4370.25 49.8242 4320.43 3322.44 180.324 145.255 35.0694 115.701 82.5646 59.4241 48.8999 5115.66 647.2 486.47 84.1631 160.73 402.307 39.1873 313.778 285.779 122.569 27.9995 163.209 20.9945 54.8765 5733.1 108.715 90.5834 80.3526 5624.38 18.1321 5606.46 3312.06 516.908 2795.16 120.875 81.2127
internal_count=223113 185920 111614 74128 74306 37025 37486 32980 29565 4820 3301 72 3415 91 35587 636 594 239 163 355 34951 532 128 34419 3171 2938 92 2846 76 233 112 101 4506 423 38541 37281 29486 6418 7795 6257 1538 1359 1310 6223 2997 3226 2945 3167 2739 23068 321 249 2481 989 857 219 132 6199 4479 3307 1172 1123 1720 421 2031 383 1276 31248 30909 30864 404 150 254 203 105 36934 37156 3111 782 203 2329 1240 1089 144 1033 1192 579 34045 19664 18883 216 18667 14381 781 629 152 464 339 243 200 24745 3144 2363 409 781 1954 157 1385 1262 536 123 726 91 225 23011 436 363 322 22575 73 22503 14336 2237 12099 518 355
is_linear=0
shrinkage=0.03


Tree=42
num_leaves=127
num_cat=0
split_feature=0 0 0 29 0 36 2 35 5 7 29 5 10 21 25 4 4 23 21 37 28 4 30 7 37 22 23 23 3 5 28 1 2 35 26 30 37 25 7 40 39 43 3 28 10 39 22 25 3 4 26 35 24 24 7 21 36 40 3 4 21 7 4 24 2 11 1 23 37 35 21 35 4 22 23 23 30 40 42 28 21 3 2 42 28 19 42 2 28 3 36 1 28 7 22 40 22 11 4 3 9 9 39 3 37 9 3 33 35 21 22 11 22 3 35 5 25 41 9 23 22 4 9 35 1 1
split_gain=4361.11 1189.39 261.722 43.4205 39.5774 9.61921 7.8963 9.31203 8.33591 13.5874 7.36697 8.66094 6.87724 6.8524 9.2203 6.81573 6.80343 7.63392 7.31116 7.11742 6.97791 6.63684 6.74586 6.45689 7.84385 8.86445 8.29044 11.7684 9.24746 7.4875 7.3628 7.34602 8.20865 7.78052 6.43776 6.42949 6.4151 6.36915 7.40411 6.28974 8.96171 8.12928 7.10189 9.62407 7.01789 6.80737 7.56665 7.36502 7.15556 6.49618 6.44803 7.31069 8.90992 7.63977 6.3824 6.85287 6.25759 6.25069 9.75764 6.16031 6.04866 6.02622 5.98206 7.36241 17.8637 8.14355 8.29922 9.56323 7.59479 13.913 9.95509 8.83008 7.20264 9.44431 6.95143 8.13492 6.64174 6.56465 6.20974 5.98759 7.94314 6.31182 7.2271 11.8717 7.72075 6.62539 5.91517 6.81954 5.89726 5.77727 5.75193 8.38939 5.73559 8.71693 5.72962 5.66969 7.64349 7.45783 5.59014 5.53497 5.47155 5.46451 5.45969 5.44959 9.45587 12.3175 10.4053 9.20713 13.2058 9.822 8.18265 7.6415 11.1177 7.57256 7.55318 9.38833 7.46821 6.91606 5.37726 5.3392 5.32302 5.28691 5.22401 5.11656 9.13413 9.25167
threshold=1.5000000000000002 3.5000000000000004 5.5000000000000009 7.4500000000000002 2.5000000000000004 0.10249999999999997 54.350000000000001 1.0916666666666675 0.095000000000000015 2.5000000000000004 3.4000000000000004 0.19500000000000003 9.5000000000000018 12.950000000000001 6.7475000000000014 44.350000000000001 43.750000000000007 40.550000000000004 20.150000000000002 -0.11999999999999965 38.650000000000013 25.650000000000002 3.0500000000000003 1.0000000180025095e-35 0.029999999999999753 41.050000000000004 47.95000000000001 55.95000000000001 39.750000000000007 0.065000000000000016 31.150000000000002 7.3650000000000011 52.95000000000001 -0.021666666666667094 3.5350000000000006 4.705000000000001 0.20500000000000049 6.7345000000000015 1.0000000180025095e-35 2295.916666666667 2.2500000000000004 0.036925349392114511 45.850000000000001 32.150000000000013 4.5000000000000009 1.7500000000000002 26.450000000000003 6.7405000000000008 42.150000000000013 22.550000000000004 3.7250000000000005 -1.1833333333333329 0.14850000000000002 0.14550000000000002 5.5000000000000009 16.450000000000003 -0.064999999999999933 4369.3979933110377 69.65000000000002 29.750000000000004 13.450000000000001 1.5000000000000002 28.050000000000004 0.14450000000000002 32.550000000000004 1.0000000180025095e-35 5.8350000000000009 47.750000000000007 0.0083333333333332517 -2.3908333333333331 22.550000000000004 1.7941666666666667 25.850000000000005 33.550000000000004 45.750000000000007 47.850000000000001 4.2150000000000007 5032.291666666667 3382.5742240215932 25.200000000000006 18.750000000000004 73.850000000000009 62.550000000000004 3144.7822141560805 35.150000000000013 91.875000000000014 2701.3899613899621 37.350000000000001 34.650000000000013 26.050000000000004 0.014999999999999953 7.8850000000000007 31.650000000000002 1.5000000000000002 34.650000000000013 2115.5870445344131 36.95000000000001 3.5000000000000004 51.350000000000001 44.850000000000001 11.65 28.450000000000003 2.7500000000000004 49.250000000000007 0.095833333333333159 22.050000000000004 42.350000000000001 3.2500000000000004 2.7416666666666671 10.050000000000002 27.650000000000002 1.5000000000000002 40.650000000000013 76.15000000000002 0.76083333333333336 0.095000000000000015 6.7475000000000014 0.025366148849465305 22.450000000000003 42.250000000000007 33.050000000000004 38.250000000000007 13.450000000000001 1.0083333333333335 5.1750000000000007 6.6150000000000011
decision_type=2 2 2 2 2 2 2 2 2 2 2 2 2 2 2 2 2 2 2 2 2 2 2 2 2 2 2 2 2 2 2 2 2 2 2 2 2 2 2 2 2 2 2 2 2 2 2 2 2 2 2 2 2 2 2 2 2 2 2 2 2 2 2 2 2 2 2 2 2 2 2 2 2 2 2 2 2 2 2 2 2 2 2 2 2 2 2 2 2 2 2 2 2 2 2 2 2 2 2 2 2 2 2 2 2 2 2 2 2 2 2 2 2 2 2 2 2 2 2 2 2 2 2 2 2 2
left_child=-1 4 3 62 5 21 7 8 9 13 11 12 15 14 -4 -10 18 -18 60 -20 -19 23 37 31 25 29 28 30 -26 -25 -28 32 33 94 -31 57 -9 38 -23 40 54 103 89 44 -44 50 47 -47 -49 -45 51 53 -53 -43 56 -56 -5 58 -8 -16 -12 -40 63 64 -3 66 67 76 70 -70 71 -67 73 -68 -66 -76 -65 -71 -69 80 -64 82 -81 85 -85 -84 98 -88 -27 -42 91 -83 93 -91 -2 97 -97 -58 -48 -14 -92 -35 -30 104 114 106 -106 111 109 -109 -107 117 -113 -110 116 -116 -41 -105 -102 -51 -63 -94 -93 124 -6 -126
right_child=1 2 6 39 123 -7 35 36 10 -11 16 -13 99 -15 59 -17 17 20 19 -21 -22 22 -24 24 26 88 27 -29 102 34 -32 -33 -34 101 -36 -37 -38 -39 61 41 42 45 43 49 -46 46 86 48 -50 119 -52 52 -54 -55 55 -57 95 -59 -60 -61 -62 120 79 65 74 68 72 78 69 77 -72 -73 -74 -75 75 -77 -78 -79 -80 81 -82 90 83 84 -86 -87 87 -89 -90 92 100 122 121 -95 -96 96 -98 -99 -100 -101 118 -103 -104 107 105 110 -108 108 113 -111 -112 112 -114 -115 115 -117 -118 -119 -120 -121 -122 -123 -124 -125 125 -127
leaf_value=0.025171678938846163 0.017613299728241494 -0.031631538562397032 -0.01817252638066565 0.01413183165607278 0.0010901678467154358 0.024224645818118812 -0.019380825398368984 -0.015948666662102682 -0.010272954783001697 -0.020730583492986756 -0.013774542799526992 -0.022514618299501299 -0.0138752781902272 -0.012759018841713913 0.038886727563506633 -0.020749365248438269 -0.031827085608268316 -0.0086076376050758813 -0.0040810674317248363 -0.015939498386770262 0.0067795371204321707 -0.030633301992941658 0.0047785885660995226 -0.027670660265894157 -0.016364803707956947 0.028943904620612127 0.019292122724062888 -0.010147386191993868 0.014982672428196146 0.00092105861285972899 0.0065581641927257468 -0.018118826903111999 0.029416424032986044 0.0016009279023491221 -0.0058562805619455606 -0.0086298567198046759 0.014241354178172001 0.0029904099901653441 0.020330153099151906 -0.0064018395292796976 0.015427596284280771 0.0053908088617859295 0.0069958903949962391 0.023874105739317964 -0.013285093131989148 -0.029300490677524688 -0.0029763471788712458 0.0049805183327322391 -0.014537913529842782 -0.018668984933354837 0.025740942309915485 0.0010894182182201429 0.017372392438888988 -0.01538883823773432 0.027305688869646398 -0.012535395632117138 -0.015508609361167991 -0.022575497796872637 0.020121444398358442 0.0032141587097328202 -0.010600035761655682 -0.017416328876580869 -0.027123674905462854 -0.013182187616950093 -0.029315985420825388 -0.0079895440033774644 -0.011996770721727106 -0.015173300570502837 0.037402615792394789 -0.0032097550342399268 -0.024919257294781734 0.004030377625706804 0.026306370650329928 0.018393696135967585 0.026101432371371761 -0.0053302986877189389 0.012443410703396725 -0.022553244463972378 -0.0011327962518304445 -0.0071558503863001473 0.0047547951136691904 -0.024565832525756566 0.030911933124626666 -8.0676680984584679e-05 -0.019709592978124722 0.0040707931953276001 0.018077116993318872 -0.0031563730339535462 -0.0037194842349334107 0.016791895636123145 -0.028066736306695865 -0.02827567276270615 -0.015471974799595077 -0.0080822251470193205 0.0020248707511978459 -0.014642303316463146 -0.035100090703674862 0.0011794651842686481 0.0095405391468529315 -0.028047626412090673 0.0079077689011143384 -0.025090407542287609 -0.0024195498179356658 0.018484651764198987 -0.00025030469728690554 -0.022524475712399118 0.010957993484500182 0.013905522429975684 0.00029595262369800447 -0.0082056557789390045 -0.0032625997029874028 -0.0011497182294100295 -0.018972154107063436 0.024610290584128735 0.026551302578134654 0.0001720556245698243 -0.0031987905498401586 -0.0080361938518066448 -0.013144346785446981 0.0026732839807147679 0.0032180155361411326 -0.0045871013148892272 -0.00068727861955862157 -9.1943085698879373e-05 0.0041211521217049633 -0.008485134875761741
leaf_weight=5502.8609562963247 58.549239873886108 31.936007425189018 12.794374987483023 7.2848117649555197 5756.1759449988604 21.201391503214836 14.598425909876825 689.14629474282265 429.14169532060623 247.3343795388937 668.43719477951527 104.87228165566921 56.572960138320923 228.77931286394596 6.2039176076650646 64.740950480103493 12.240359008312224 622.35919559001923 50.47275722026825 511.96858513355255 27.524468913674355 9.7427516877651197 6251.2263083308935 10.022456973791121 31.02530762553215 13.995541840791704 55.889164745807648 29.784934118390083 23.638835534453392 336.47736738622189 154.60477486252785 9.7647270858287794 15.276932299137114 55.558870375156403 201.39987283945084 847.23354353010654 6.2682650089263907 1580.7658223211765 8.7391917854547483 1066.532243475318 8.9650253504514676 24.601555272936821 19.26924803853035 12.199604377150534 72.947302609682083 16.6994549036026 1494.1174544095993 27.002324968576431 44.52287021279335 11.156512066721914 9.5411418825387937 292.55160321295261 33.673347935080528 44.390790224075317 7.5408094674348813 7.7637390941381454 60.227458596229553 59.52377063035965 9.001278027892111 14.528024315834044 2942.3959717452526 21.649634480476379 28.1253722012043 11.23098151385784 8.7584532201290113 652.06030315160751 18.446451559662819 53.386758103966713 7.3919245898723593 622.09239858388901 28.95973838865757 59.839245438575745 17.849809408187866 18.133327782154083 8.539680138230322 51.874809443950653 45.543431282043457 16.136368781328201 60.894249960780144 6906.6487954854965 9.2337040454149228 59.767537117004395 14.016942128539084 64.331356793642044 25.044887229800224 20.464062333106995 26.861645355820656 27.245072230696678 7.5391983538866034 17.507866561412811 7.8759922534227362 7.7174752950668326 115.70643311738968 45.138288289308548 33.661021813750267 78.224192455410957 21.060115739703178 39.850123390555382 32.668403416872025 45.625070184469223 25.499204114079475 7.7718861401081076 50.892495319247246 8.9808603525161725 193.68220123648643 22.063205063343048 120.82694865763187 18.238274276256561 46.511722251772881 1129.280894562602 194.65866808593273 800.45800830423832 32.711429223418236 15.28517474234104 13.378999546170233 123.6945216357708 1708.0950053334236 314.52239027619362 18.921792179346085 165.82376411557198 23.053419187664986 62.348140850663185 30.048924788832664 1935.6172767877579 1502.2687433063984 54.122636377811432
leaf_count=37193 242 139 63 30 23104 92 71 3369 2097 1219 3255 514 277 1121 30 316 60 3023 246 2497 134 40 25838 41 128 58 231 123 98 1388 639 40 63 229 829 4083 30 6525 36 4395 37 101 79 50 300 69 6143 111 183 46 39 1201 138 183 31 32 249 289 43 71 14291 89 123 48 38 2831 79 231 32 2695 126 258 77 78 37 225 196 70 264 29940 40 259 60 278 108 87 110 112 31 72 34 33 477 186 139 323 87 164 134 224 109 32 210 37 796 91 496 75 191 4647 801 3292 135 62 55 509 7031 1298 81 683 95 257 128 7765 6033 217
internal_value=9.10936e-06 -0.00317413 -0.00739372 -0.00537461 0.00265784 0.00407273 -0.0120167 -0.0123752 -0.0119954 -0.0156784 -0.0116558 -0.0145399 -0.0131308 -0.0109028 0.00171985 -0.0116532 -0.0112372 -0.00840105 -0.0116866 -0.0148789 -0.0079527 0.00402477 0.00432858 0.00183439 0.000809341 -0.00135297 0.00437338 0.00745271 -0.00262234 -0.00209877 0.00995389 0.00701817 0.00847365 0.00638948 -0.00161444 -0.00941649 -0.0156724 0.0026163 -0.0067094 -0.00385737 -0.00647952 -0.00360662 -0.00435779 -0.00108307 -0.00902801 -0.00199272 -0.0028394 -0.0113895 -0.00715167 0.00278453 0.00149488 0.000899388 0.00277957 -0.00796036 -0.0115452 0.00704743 -0.0129322 -0.0173962 -0.00422945 0.0140964 -0.0111885 -0.00227089 -0.00684151 -0.00524387 -0.0131024 -0.00474924 0.000531965 -0.00270848 -0.00560918 -0.00322593 -0.00768333 -0.00697667 0.0107295 0.00303657 -0.00449277 -0.000826798 0.00733358 -0.00370462 -0.00771251 -0.00722041 -0.0192129 -0.00715754 -0.00702704 0.000143601 -0.00561371 0.0150833 -0.00236061 0.00737137 0.017475 -0.00804079 -0.0132622 -0.0175703 -0.00892716 -0.00109101 0.0119474 -0.0139352 -0.0190278 -0.00885403 -0.00270694 -0.0202382 -0.00518077 -0.00168535 0.00309243 -0.0041825 -0.00341934 0.000258743 0.004053 -0.0052922 -0.00712359 -0.00785174 -0.00523994 -0.00337571 -0.00185345 0.00636427 -0.0040909 0.0027752 -0.00443073 -0.00728982 -0.00103539 0.00130965 -0.00675826 -0.0116736 -0.0064243 0.00127886 0.00164191 0.00368129
internal_weight=49001.6 43498.8 25238.3 17566.6 18260.4 9012.23 7671.76 6741.41 6045.99 509.64 5536.35 700.953 596.081 262.306 33.5263 493.883 4835.4 662.124 4173.27 562.441 649.884 8991.03 7895.18 1095.85 915.27 569.434 345.836 240.279 105.557 547.9 210.494 180.583 170.818 155.541 537.877 930.357 695.415 1643.95 63.185 8635.81 753.013 7882.8 531.062 281.396 92.2166 2073.88 1669.12 88.2247 71.5252 189.18 404.758 395.217 326.225 68.9923 221.951 15.3045 206.647 83.1235 23.5997 20.7319 3610.83 53.4422 8930.77 1713.07 101.109 1611.96 225.485 171.055 1386.48 645.621 740.859 711.9 54.4296 36.5798 69.1729 60.4145 56.7744 638.229 114.281 7217.7 37.3591 7180.34 7030.51 123.857 89.3762 34.481 1580.89 54.1067 21.5347 249.666 149.831 97.5339 240.701 62.6462 92.2103 199.362 99.2843 100.078 1526.79 102.198 52.297 63.3308 74.5313 5808.92 3442.93 531.231 314.509 2365.99 1209.32 1147.52 216.722 1156.67 833.169 61.7969 2911.7 137.074 2774.63 323.503 44.421 176.98 44.7031 178.055 37.7664 9248.18 7312.57 1556.39
internal_count=223113 185920 111565 74242 74355 37236 37323 32837 29438 2504 26934 3428 2914 1285 164 2413 23506 3217 20289 2743 3157 37144 32623 4521 3776 2347 1429 993 436 2258 870 745 705 642 2217 4486 3399 6785 260 35538 3103 32435 2187 1158 379 8524 6862 363 294 779 1662 1623 1339 284 916 63 853 403 114 101 17546 220 38704 7424 439 6985 973 739 6012 2797 3215 3089 234 157 300 262 244 2765 495 31280 163 31117 30473 533 386 147 6499 222 89 1029 644 420 992 258 381 823 410 413 6277 501 224 261 308 23911 14174 2184 1292 9737 4975 4722 892 4762 3427 253 11990 564 11426 1335 190 729 184 734 161 37119 29354 6250
is_linear=0
shrinkage=0.03


Tree=43
num_leaves=127
num_cat=0
split_feature=0 18 18 29 18 36 2 35 5 7 6 10 29 5 10 36 8 38 19 42 19 21 2 41 21 38 27 6 29 35 31 37 9 27 9 8 29 3 3 3 35 9 21 35 39 41 23 3 3 37 37 38 42 42 11 27 41 18 22 3 28 7 21 36 43 28 22 42 42 37 2 41 41 18 11 28 28 9 35 24 24 41 22 32 3 3 28 28 24 28 29 41 27 10 41 36 41 6 29 9 37 9 21 11 5 8 34 30 7 37 27 23 9 28 8 35 28 7 21 39 7 28 42 23 36 35
split_gain=4165.47 1122.53 249.826 40.2983 39.1594 8.75598 7.58677 8.33485 7.58572 11.9977 7.24451 10.0761 7.0136 8.15921 6.59863 6.47147 8.28772 7.09204 11.9471 11.8495 8.26326 6.65054 6.79415 6.7361 6.36921 10.5448 7.79706 6.36199 6.19422 9.27454 10.5803 7.88024 7.31414 11.1214 8.08834 7.3105 6.86141 7.59967 9.02408 8.99618 7.52543 6.63453 6.2376 6.08481 6.05707 8.40187 10.5796 7.15927 7.83011 7.56534 6.03847 5.96311 5.92736 6.11712 6.38268 5.76864 5.71064 5.67381 5.66354 7.96276 6.68135 5.59379 5.5639 8.95287 6.02481 5.53782 6.40917 6.2917 7.32205 6.99296 5.47651 9.65098 10.1575 9.94481 5.45154 8.40768 7.9143 8.61207 7.46311 6.71724 6.56657 6.4851 11.6961 8.43348 7.60073 10.0628 7.58881 6.36331 5.99766 5.76506 11.4754 5.41465 13.9309 9.5983 7.64449 6.70054 8.36194 7.43058 7.40739 7.29969 6.65724 6.42813 6.39609 7.04661 13.767 5.82023 6.98463 5.64563 12.8127 5.36196 5.34222 5.3083 5.28963 5.25602 5.64658 5.24545 5.88812 5.23781 6.81165 5.75166 5.21918 5.21806 8.37531 10.9645 6.46062 5.18137
threshold=1.5000000000000002 0.56600000000000006 0.79750000000000021 7.4500000000000002 0.31700000000000006 0.10249999999999997 54.350000000000001 1.0916666666666675 0.095000000000000015 2.5000000000000004 6.4750000000000005 5.5000000000000009 3.4000000000000004 0.19500000000000003 9.5000000000000018 -0.065833333333333285 5.5000000000000009 3.7500000000000004 50.875000000000014 3162.0833333333335 46.32500000000001 14.350000000000003 33.550000000000004 0.030156789692241951 12.950000000000001 5.7500000000000009 17.750000000000004 6.7150000000000007 8.8500000000000032 -0.091666666666666494 3.7500000000000004 -0.20833333333333343 29.950000000000003 15.850000000000003 10.450000000000001 8.5000000000000018 8.3000000000000025 77.550000000000011 81.050000000000011 71.250000000000014 1.6325000000000001 32.850000000000001 11.65 2.5950000000000002 1.7500000000000002 0.032498839368616507 54.550000000000004 31.450000000000003 26.050000000000004 -0.14250000000000002 0.20500000000000049 5.2500000000000009 5731.666666666667 6059.7165991902848 3.5000000000000004 13.15 0.03465598853463326 0.60200000000000009 36.050000000000004 34.95000000000001 25.500000000000004 4.5000000000000009 23.150000000000002 0.0033333333333332503 0.016278712330799954 30.650000000000002 34.150000000000013 3431.9433198380571 2814.1428571428573 -0.056666666666666143 56.150000000000013 0.023873896914649202 0.024627904768936951 0.92100000000000015 1.5000000000000002 41.150000000000013 39.050000000000004 11.250000000000002 -2.3008333333333324 0.15350000000000003 0.14650000000000002 0.038280287303367008 30.450000000000003 5.2500000000000009 38.550000000000004 27.150000000000002 29.150000000000002 25.200000000000006 0.14450000000000002 30.350000000000005 5.5500000000000016 0.043349687674808811 15.350000000000003 7.5000000000000009 0.042929383220533711 -0.080833333333333285 0.061138337763432658 6.7650000000000006 13.900000000000002 31.150000000000002 -0.16583333333333342 24.750000000000004 16.750000000000004 1.5000000000000002 0.15500000000000003 3.5000000000000004 2.2500000000000004 3.0350000000000006 4.5000000000000009 -0.0075000000000002495 11.65 50.150000000000006 26.050000000000004 31.050000000000004 1.5000000000000002 2.3625000000000003 31.150000000000002 2.5000000000000004 17.050000000000004 5.7500000000000009 1.5000000000000002 36.45000000000001 4283.9743589743603 44.850000000000001 0.050833333333333307 1.0083333333333335
decision_type=2 2 2 2 2 2 2 2 2 2 2 2 2 2 2 2 2 2 2 2 2 2 2 2 2 2 2 2 2 2 2 2 2 2 2 2 2 2 2 2 2 2 2 2 2 2 2 2 2 2 2 2 2 2 2 2 2 2 2 2 2 2 2 2 2 2 2 2 2 2 2 2 2 2 2 2 2 2 2 2 2 2 2 2 2 2 2 2 2 2 2 2 2 2 2 2 2 2 2 2 2 2 2 2 2 2 2 2 2 2 2 2 2 2 2 2 2 2 2 2 2 2 2 2 2 2
left_child=-1 4 3 15 5 51 7 8 9 24 11 -10 13 14 -12 16 17 18 20 -19 -3 23 -23 -21 25 26 -4 -7 35 42 31 -31 34 -34 -33 36 37 39 -39 40 -5 58 56 -41 45 -44 -47 48 -46 -49 -9 91 70 113 115 -20 57 -30 59 -38 -60 -18 64 -64 -14 66 -37 68 69 -67 71 73 -73 -8 75 76 78 -78 -17 -79 -80 87 84 88 85 -83 -85 -76 -84 90 -89 92 102 94 100 96 98 -98 -93 107 -94 -100 105 -104 -105 -2 -107 108 -97 -57 -26 -86 -91 -54 -115 116 -55 119 -119 -101 -112 -72 -123 -124 -125 -6
right_child=1 2 6 28 125 27 52 50 10 -11 12 -13 62 -15 -16 74 61 19 55 21 -22 22 -24 -25 110 -27 -28 -29 29 30 -32 32 33 -35 -36 65 41 38 -40 43 -42 -43 44 -45 47 46 -48 49 -50 -51 -52 -53 53 54 -56 109 -58 -59 60 -61 -62 -63 63 -65 -66 67 -68 -69 -70 -71 121 72 -74 -75 81 -77 77 79 80 -81 -82 82 83 86 111 -87 -88 89 -90 112 -92 95 93 -95 -96 99 97 -99 101 117 -102 -103 103 104 -106 106 -108 -109 -110 -111 120 -113 -114 114 -116 -117 -118 118 -120 -121 -122 122 123 124 -126 -127
leaf_value=0.024820852210225331 0.025965543534774212 -0.015328010850333938 -0.017036012464991618 -0.0044101645959063011 0.0015659595486938866 0 -0.011744154038625398 -0.015463329057727928 -0.017813364420022116 -0.019982509138723133 -0.011455408492096805 0.028035583192255135 -0.0061603161300734554 -0.02205694143339023 -0.019929825072481814 -0.019110369614107305 -0.023176953527772319 -0.017884551895557897 0.0039082170669822629 -0.024054279005077488 0.024516567874376099 0.021954998335173725 0.0010431277025215293 0.011484471697156081 0.014353598619160128 0.035607452771476179 0.018039084304351052 0.035054731172097953 0.014017336957819978 0.021422025374771947 -0.024023902434490315 0.0025947154625691636 0.034371118841570431 -0.0088734855187484855 -0.010068383890934429 -0.031842946852962094 -0.0070028481849384212 0.022014804191637719 -0.01305359156744073 -0.016742396595053451 0.00037611618993220561 -0.025798187803457263 0.004567571041852906 -0.0019615226476526705 0.0051265101044126616 -0.020357667834781264 0.01542694035393437 -0.016104270222552952 -0.015630787847959446 0.0019625175873448086 0.01374203083709648 0.0022188609214120591 -0.006450540601976436 -0.032057671248967259 -0.019642564725267413 -0.028498823596379501 -0.028443681200875405 -0.021832036932963827 0.028145829741126727 -0.0022307587475956488 -0.00037662632516537598 0.00051714583654120523 -0.025256289864165789 -0.0093047389425576135 -0.011118028460186079 -0.01599529239243629 -0.0053015477310842246 0.016846173527744427 -0.016352011778436731 0.0055515066467189374 -0.0081665044555999725 0.039337232131295301 0.0019275151741033622 0.014315707288871621 -0.021307747332885311 -0.029802160801151084 -0.018903146332903152 0.013340672067567373 -0.0089811597292708146 -0.012859519835502247 -0.0045831797864511331 -0.031175572340726168 0.013697067526579423 0.037376651954643139 -0.013153583837930157 0.0078575556456962781 0.0047298640526337579 0.0034222040378403111 -0.0043158529359534001 -0.0070742211902667758 -0.0063373184908007366 0.027407932755040228 -0.02737863976747653 -0.029700702110411672 -0.024247297428362426 -0.0003854384553938531 -0.044962931475196498 -0.0030258690351904231 -0.0080066975401944622 0.021655269737846719 0.0003866355767860617 0.012001747689410652 -0.015318067835530171 0.026996460663001865 -0.012628438483967001 0.024041256236458735 -0.0050425386735049533 0.0046963657355660942 0.011851735821884724 -0.013560559946739135 -0.0096849465625988788 -0.036809697614758406 -0.0094846569761039227 -0.0092198043061494234 -0.0312029626593361 0.016961641889525387 0.0016564977479890232 0.014060227178421657 -0.0052917818108367768 -0.0045084753589445517 -0.019220827104012187 -0.027858140804245871 0.022595935359402106 -0.016845333833762272 0.014990542881217067 -0.00016764854042369495
leaf_weight=5414.5666825473309 28.401722326874733 7.7791025936603573 19.363726451992992 3475.8217797130346 7421.5428595244884 6.9550121426582363 87.937939301133156 687.94573411345482 7.5614321678876903 246.85915955901146 489.99694693088531 9.7298943847417814 233.98812820017338 103.85453628003597 100.49727383255959 35.547108456492424 62.198064908385277 34.223866656422615 10.048155784606932 13.643852695822718 11.384539365768431 20.547216504812241 43.86763970553875 7.2362879812717429 6.3320636600255957 6.4511835128068915 7.9429038614034644 13.865292176604269 8.2404645085334796 8.2289079874753934 37.390943288803101 50.496875897049904 8.9983444213867205 12.840094894170759 430.84977802634239 19.305375322699547 371.15496775507927 20.57052901387215 9.5682709515094739 84.368873581290245 322.49193799495697 10.686447709798811 26.719887286424637 36.028317660093307 23.455983996391296 54.170631572604179 8.4926304519176465 22.107571080327034 52.934339717030525 341.52826668322086 6.3042180985212317 1521.3997121602297 17.575084999203682 6.3688116371631649 23.929203152656555 38.0502739995718 16.205241873860359 7.4654298722743979 7.3551990389823905 2084.0611502826214 858.57547457516193 10.326197326183317 63.373029455542564 64.379869043827057 4460.7644075900316 20.020581856369972 14.511331349611281 9.2099920958280546 58.066656664013863 41.366220384836197 546.53314045071602 8.0232427567243558 33.930377557873726 15.36431275308132 28.949630871415138 12.463376089930533 11.799653321504591 52.031679168343544 362.08428728580475 10.457533448934553 1993.5961936116219 7.2633120864629737 17.490433111786842 6.983250379562377 95.155585497617722 30.726064324378967 70.278937473893166 123.55915090441704 297.60587966442108 3440.2762931883335 871.63076373934746 8.1507492363452894 7.9814673364162436 11.850911036133764 13.078808024525641 479.48420938849449 7.4323760718107206 7.8766147792339325 53.254137471318245 53.129675939679146 201.10478314757347 19.685840278863907 15.276665344834326 17.667464092373852 14.056566536426542 12.547728866338732 17.808483213186264 6276.0099036991596 91.59286430478096 52.259285166859627 137.66897217929363 9.4274570494890195 1083.9667689800262 14.604325473308561 40.678789228200912 11.491969004273413 16.400038227438927 38.118168964982033 28.420480668544769 8.6712716817855817 84.178112149238586 33.559104651212692 8.2566613554954511 60.196402192115784 6.2132844477891913 1959.8163492083549
leaf_count=37193 118 34 95 14319 29804 30 429 3385 37 1227 2406 47 1144 514 497 154 279 152 44 60 50 90 194 32 31 31 39 61 34 34 155 208 37 53 1782 80 1530 83 39 349 1326 44 110 148 97 223 35 91 218 1405 30 6284 85 31 116 169 67 31 30 8572 3529 46 312 316 21776 83 60 38 241 171 2638 39 165 75 127 54 51 225 1568 45 8622 31 75 30 410 132 302 537 1280 14951 3787 34 33 49 54 1978 30 32 218 222 832 81 63 73 58 52 74 25956 379 233 676 41 4714 71 197 55 80 160 118 36 417 163 40 292 30 7864
internal_value=9.2883e-06 -0.0030841 -0.0072068 -0.00522096 0.00255836 0.00397756 -0.0117193 -0.012071 -0.0117117 -0.0152289 -0.0113878 0.00791262 -0.0114487 -0.0142776 -0.0129034 -0.00663764 -0.0108926 -0.00818075 -0.0133488 -0.00299316 0.00826897 0.00297826 0.00776059 -0.0116703 -0.0107374 0.00138146 -0.00675011 0.0233797 -0.00375112 -0.00584362 -0.00861815 -0.00748438 -0.00796425 0.00895217 -0.00873655 -0.00343875 -0.00329789 -0.00414434 0.0108256 -0.00426013 -0.0040034 -0.00229415 -0.00312724 -0.012337 -0.00234587 -0.00946283 -0.0154671 -0.000894956 -0.00923919 0.000855881 -0.015194 0.00393191 -0.0091717 -0.0151006 -0.00778725 -0.0174959 -0.0159956 -0.00295824 -0.00221729 -0.00295302 -0.000129403 -0.0197866 -0.0110408 -0.017243 -0.0108714 -0.00973566 -0.020547 -0.00686871 -0.00872226 -0.00146592 -0.00819685 -0.00290947 0.00919398 -0.00784363 -0.00648249 -0.00529328 -0.00516758 0.00445989 -0.00546748 0.00891858 -0.00526017 -0.00696656 -0.00380498 -0.00112569 -0.0111619 0.000293049 0.00774449 -0.00727104 -0.0033072 -0.00719676 -0.00512388 0.00428332 0.000578745 -0.00350026 -0.00208318 0.00446108 -0.00338243 -0.0236429 0.000448453 0.00456974 -0.000678662 -0.00257702 0.00961347 0.0013236 0.00940746 0.0162056 0.00696945 0.00443639 0.00157634 -0.0198957 -0.0125367 -0.0153335 -0.00765227 -0.0209024 -0.0254498 0.000482412 -0.00780725 0.0116638 0.00577641 0.0179587 -0.013317 -0.00936692 -0.015402 -0.00975368 -0.0138262 0.00120364
internal_weight=48844.1 43429.6 25094.4 17426.1 18335.2 8953.82 7668.25 6737.19 6042.94 508.796 5534.15 17.2913 5516.85 694.349 590.494 8872.86 311.564 239.04 119.521 119.519 19.1636 85.295 64.4149 20.8801 261.937 33.7578 27.3066 20.8203 8553.29 1110.13 548.805 511.414 503.185 21.8384 481.347 7443.16 7280.68 3948.85 30.1388 3918.71 3798.31 3331.83 561.32 120.397 529.409 89.3831 62.6633 440.026 76.3903 363.636 694.25 8933 931.063 131.048 58.19 100.358 31.9111 15.7059 3321.15 2455.22 865.931 72.5243 4822.51 127.753 4694.75 162.48 33.8167 128.663 119.453 61.3868 800.014 145.256 41.9536 103.302 8561.29 2477.98 2465.52 74.2889 2391.23 62.4892 2355.68 6083.31 534.931 392.359 142.572 37.9894 77.2622 5548.38 315.096 5519.43 995.19 7411.6 339.775 234.016 222.165 7071.83 96.3997 15.309 81.0907 6975.43 209.086 72.94 105.759 47.0007 31.724 58.7579 30.3562 6847.09 571.077 90.3096 228.179 104.583 4524.24 72.8582 55.2831 34.2608 22.7688 128.34 66.5386 61.8009 221.847 654.759 108.225 74.6663 66.4097 9381.36
internal_count=223113 185920 111227 73741 74693 37025 37486 32980 29565 2516 27049 84 26965 3417 2903 38519 1383 1058 530 528 84 376 284 92 1289 165 134 91 35222 4580 2269 2114 2080 90 1990 30642 29969 16264 122 16142 15645 13705 2311 497 2179 368 258 1811 315 1496 3415 36934 4506 635 282 446 132 65 13661 10102 3559 325 23548 628 22920 673 140 533 495 254 3871 708 204 504 37136 10719 10665 321 10344 270 10190 26417 2301 1687 614 163 332 24116 1355 23989 4324 30650 1406 968 919 29244 395 62 333 28849 865 299 438 194 131 244 126 28313 2357 402 1124 451 19665 353 268 166 111 536 278 258 1093 3163 525 362 322 37668
is_linear=0
shrinkage=0.03


Tree=44
num_leaves=127
num_cat=0
split_feature=0 0 0 29 0 36 36 4 27 9 25 27 7 30 4 28 3 35 4 9 6 39 31 36 28 35 6 36 24 24 27 27 40 17 33 25 27 1 26 27 4 28 40 39 35 43 40 40 39 26 35 24 27 1 11 35 42 4 37 42 36 41 9 9 4 35 11 34 4 37 40 19 35 10 37 38 26 34 6 4 6 1 28 37 35 3 25 1 27 26 33 37 30 36 37 28 19 3 3 37 9 3 33 35 36 4 11 6 35 27 24 3 3 38 42 40 10 35 7 1 27 26 38 26 36 39
split_gain=3978.52 1058.76 237.571 38.8591 35.1235 8.7035 6.72259 6.05226 6.85689 9.12829 9.12949 7.49685 6.48497 10.0046 9.58988 13.3368 9.86558 9.53537 7.93257 7.28546 6.47042 7.27866 7.85108 7.59949 7.08239 6.7807 11.2556 10.5616 7.53231 8.75185 7.08875 11.5092 8.46851 7.98777 6.87381 6.80884 6.70747 5.98044 5.90859 7.16593 8.63824 7.13062 5.90715 8.46381 11.2209 7.66097 7.13249 7.30993 6.44688 6.03273 6.85415 8.35786 7.40418 5.91094 9.19956 9.4958 8.81578 7.3683 6.17338 5.94877 5.85036 5.84986 5.86296 6.66102 6.56456 5.81096 5.7325 5.72891 8.39609 6.54253 6.4684 5.75464 8.05738 5.72581 11.5523 6.65428 5.70251 5.67689 5.66183 5.52697 9.02135 8.78926 7.77205 7.70044 6.23143 5.96737 5.46645 5.44723 5.32262 7.50878 6.64867 12.3722 7.39345 6.13151 5.44648 5.3045 8.8362 6.38647 5.19176 8.90183 11.6007 9.73613 8.69421 12.3307 8.86524 7.994 7.20311 8.09344 7.12198 11.3946 7.07544 7.05491 6.83601 5.16654 5.14527 9.64973 9.64779 7.72476 7.41 6.24403 5.9351 9.98934 5.1568 5.09159 5.01135 4.99599
threshold=1.5000000000000002 3.5000000000000004 5.5000000000000009 7.4500000000000002 2.5000000000000004 0.10249999999999997 -0.035833333333333293 25.650000000000002 22.450000000000003 15.050000000000002 6.7395000000000005 23.400000000000002 4.5000000000000009 3.0350000000000006 35.95000000000001 36.45000000000001 34.350000000000001 2.0483333333333347 45.95000000000001 7.3500000000000005 6.7950000000000008 5.2500000000000009 5.2500000000000009 0.034999999999999955 34.45000000000001 -1.2499999999999996 6.7250000000000005 -0.035833333333333293 0.15250000000000002 0.14750000000000002 14.350000000000003 11.550000000000002 1525.2906976744189 25.815000000000001 3.2500000000000004 6.7445000000000013 16.950000000000003 2.9150000000000005 3.7950000000000004 11.850000000000003 36.050000000000004 25.800000000000001 2295.916666666667 1.7500000000000002 0.67333333333333367 0.036925349392114511 1763.7330754352031 2236.2669245647971 1.7500000000000002 3.7250000000000005 -1.1833333333333329 0.14850000000000002 18.350000000000005 5.5150000000000006 1.0000000180025095e-35 0.94499999999999973 2216.6734798160455 46.350000000000001 0.13083333333333333 2161.1145510835918 -0.065833333333333285 0.043625596362404609 25.350000000000005 29.050000000000004 18.150000000000002 -1.6841666666666666 4.5000000000000009 5.7500000000000009 50.45000000000001 -0.10333333333333304 4326.1363636363649 56.025000000000013 -1.5849999999999995 11.500000000000002 -0.058333333333333043 1.2500000000000002 3.1550000000000007 4.7500000000000009 6.7150000000000007 28.050000000000004 6.8250000000000011 7.3450000000000006 25.200000000000006 0.11916666666666662 -0.24499999999999983 73.850000000000009 6.7535000000000007 5.0550000000000006 12.65 3.6350000000000002 2.7500000000000004 -0.035833333333333543 4.2550000000000008 -0.087499999999999939 -0.048333333333333242 31.050000000000004 47.525000000000013 39.750000000000007 49.250000000000007 0.095833333333333159 22.050000000000004 42.350000000000001 3.2500000000000004 2.7416666666666671 0.054166666666666606 40.150000000000013 1.5000000000000002 6.8050000000000006 0.76083333333333336 17.750000000000004 0.15850000000000003 76.15000000000002 50.650000000000013 2.7500000000000004 6001.923076923078 6086.666666666667 9.5000000000000018 -0.49166666666666642 1.5000000000000002 4.5450000000000008 12.750000000000002 3.6950000000000007 5.7500000000000009 3.6050000000000004 0.034166666666666602 1.7500000000000002
decision_type=2 2 2 2 2 2 2 2 2 2 2 2 2 2 2 2 2 2 2 2 2 2 2 2 2 2 2 2 2 2 2 2 2 2 2 2 2 2 2 2 2 2 2 2 2 2 2 2 2 2 2 2 2 2 2 2 2 2 2 2 2 2 2 2 2 2 2 2 2 2 2 2 2 2 2 2 2 2 2 2 2 2 2 2 2 2 2 2 2 2 2 2 2 2 2 2 2 2 2 2 2 2 2 2 2 2 2 2 2 2 2 2 2 2 2 2 2 2 2 2 2 2 2 2 2 2
left_child=-1 4 3 38 5 7 67 20 12 -10 -11 66 13 -9 16 17 124 -16 -17 -18 25 22 125 87 37 26 28 -28 29 -2 31 -27 34 -34 -32 -33 -29 -24 60 -40 -41 -42 43 44 86 98 -46 -48 49 50 52 -52 -47 56 55 -55 59 -58 -56 -50 88 113 64 -64 -63 -66 -12 114 69 70 -69 72 -72 75 -75 -15 -62 -13 -7 80 81 -78 84 -82 -81 -84 -5 -23 94 90 92 -92 -90 -91 -3 96 -71 -98 99 108 101 -101 106 104 -104 -102 112 -108 110 -110 -44 -105 -100 -45 115 117 122 118 119 -4 121 -119 -117 -122 -14 -22
right_child=1 2 6 42 -6 78 -8 8 9 10 11 77 14 73 15 18 19 -19 -20 -21 21 23 24 -25 -26 30 27 36 -30 -31 32 35 33 -35 -36 -37 -38 -39 39 40 41 -43 45 61 46 48 47 -49 53 -51 51 -53 -54 54 58 -57 57 -59 -60 -61 76 62 63 -65 65 -67 -68 68 -70 95 71 -73 -74 74 -76 -77 79 -79 -80 82 83 -83 85 -85 -86 -87 -88 -89 89 93 91 -93 -94 -95 -96 -97 97 -99 102 100 105 -103 103 111 -106 -107 107 -109 109 -111 -112 -113 -114 -115 -116 116 -118 120 -120 -121 123 -123 -124 -125 -126 -127
leaf_value=0.024473803532213588 0.026010964776331615 0.025488098805406728 -0.014828528013864967 -0.024035360337143478 0.0012045641930459984 0.0013168682838557615 -0.011027498134772551 -0.0001201327795688234 0.009026836785635069 0.017721636384532165 -0.029083373064343922 0.0087125291765279278 0.0026587055956511945 0.0022481473813751379 0.0028242904861544337 0.010328256210532875 0.035022318544776637 -0.013060471030511363 0.035015877849893733 0.0098432505646539777 0.013187558803700919 0.027356075531726805 0.022723144306415248 -0.0090376633370069324 -0.025866876092906339 0.021993235756713185 -0.035426500797594247 0.013440910375028297 0.032092116148031521 0.00089427398697147591 -0.0050358391235995814 0.0014385669898236565 -0.0022439531701484018 0.0056294412664621325 -0.035132069210009678 -0.015626356643247689 -0.011082553820423766 -0.0079491103891869523 -0.014969918521497922 0.023337090251639773 -0.026433199068174359 0.013225568162482715 -0.004072318252021691 0.0013653471505999984 0.027004848438321676 -0.013709661097435667 -0.01350357082071074 0.019148237436263021 -0.0027428493509971319 0.024985472651945867 0.0011719482273256437 0.016929130565510122 0.00817083488580129 -0.0097075696144669626 -0.0080140182917201597 0.011630792274060843 -0.0024934560203294762 0.0068944464785694578 0.0046840529397716383 0.02862650779721344 -0.025225971757481262 0.021527916333481074 -0.014963378819039995 0.0024731314577762049 -0.015280347969463481 -0.0022834165157073062 -0.0058165695691533275 -0.022505209916163098 0.023761629926762461 -0.018101279194477429 0.023743223122538664 0.03615149016035122 -0.020602037898622728 -0.0085229812861221561 0.0036578228627150962 0.0048973082167455091 -0.0065852879511811863 -0.019051907733208969 0.034381029847446079 -0.039934672284469543 0.0028796070658548036 0.0043683851154070908 -0.0065188545046460256 -0.0058744126887028698 -0.010844793465225096 -0.012696197539478924 -0.0090800210962077819 0.0078420444812671124 -0.023021416193595722 -0.00053676278419319148 0.023142125245897691 -0.0086888462435228062 -0.0045297048888682219 -0.033147673697656942 -0.0073242809957425221 -0.015241474027216876 0.018717653320463063 -0.016713471807101518 -0.020622299081344345 -0.00012293668051917406 -0.0013586090827518791 0.01071614689126003 -0.008266835695027671 0.00034954985640015072 0.0018249452021326595 -0.014190526833649457 -0.0021184335079113773 0.019015217709237486 0.0085390423973293571 -0.010232731687724594 -0.023974996983321763 0.023805953692620011 -0.0055696218181004835 -0.028437206097327632 -0.021902182326147334 -0.011513698162852972 0.030445839910202391 -0.010259917250050021 -0.022465809422199765 0.0087494804549597977 -0.012348396704362861 0.02119023604310016 0.01527186502083713 -0.019799193848577038 -0.016626150122176182 0.0028585936184099279
leaf_weight=5327.9278606176376 18.148451924324036 7.0333922654390362 65.570802077651024 60.433407187461853 9246.9267870336771 7.1917244642972973 6351.9382356405258 533.99112811684608 38.090973645448685 10.120063945651053 26.606686010956764 19.097967326641086 70.662639945745468 1053.0725697278976 503.08564166724682 80.887787744402885 10.519922807812689 36.353879109025002 13.732163205742834 522.04516652226448 53.757570043206215 29.682020336389542 7.5093786269426372 10.41930368542671 14.308745473623274 10.409493818879126 8.2439612299203855 20.817984253168106 15.977726489305494 39.9846131503582 21.8258141130209 28.872369408607483 251.88247296214104 214.53132750093937 9.9717942476272565 75.840038329362869 19.16935658454895 22.940034583210945 13.321708366274832 20.806295901536942 7.7488944977521923 8.359270364046095 2754.5845517069101 7.4754320234060314 7.2579117417335501 49.685471907258034 25.453714072704315 8.0130207687616331 8.5452766418457049 9.5710557997226697 292.41266298294067 33.74213108420372 19.152033731341362 29.067091301083565 411.26711902022362 52.372148558497429 1033.244776904583 80.986100107431412 37.389870554208755 14.415682241320608 14.379790171980856 9.7532299757003766 77.637106135487556 26.198279812932014 33.252926424145699 444.05602142214775 15.191084384918211 6.3294253945350674 6.7680348902940741 18.960204631090164 7.2709046006202733 6.0875632315874091 7.2705918103456479 94.148028939962387 272.9447774887085 4558.0632376968861 1196.6124785095453 10.015167757868765 13.717085853219031 11.073372155427935 222.18912640213966 69.53855699300766 6709.765617236495 152.29181504249573 17.053044363856316 144.3231480717659 35.453843027353287 23.335413455963135 57.254553884267807 6.8015910834074047 11.675665304064749 161.25122794508934 29.877815112471581 23.192829564213753 12.403294056653975 125.70481444895267 17.268468752503399 6.0892871618270865 29.964562937617302 193.54569758474827 155.53225709497929 120.96876944601536 1060.9715744405985 46.498187139630318 84.294401049613953 60.854249238967896 815.86443631350994 16.530413538217545 95.312812581658363 41.73010727763176 16.106753617525101 15.310940518975256 292.90689903497696 16.604137271642685 76.1163320094347 33.978591725230217 7.4322391003370276 38.092252776026726 171.29696044325829 11.794856846332548 517.03764328360558 11.815028533339499 7.8521731942892066 99.632840558886528 14.528217747807501 197.28402952849865
leaf_count=37193 75 31 323 251 37119 31 31170 2203 157 42 108 79 293 4357 2084 335 44 150 57 2166 223 123 31 43 59 43 34 86 66 165 90 119 1041 884 41 312 79 95 58 90 34 36 11359 31 30 205 105 33 35 39 1201 138 79 120 1692 216 4253 333 154 59 63 40 321 108 138 1830 62 31 33 93 36 30 36 389 1131 18865 5206 41 61 49 963 299 29169 660 75 623 147 96 256 31 52 719 133 102 55 622 85 30 124 796 641 496 4375 191 347 251 3359 68 392 172 67 62 1211 69 378 169 37 188 853 58 2562 58 39 492 60 816
internal_value=9.43238e-06 -0.00299657 -0.00699214 -0.00507104 0.0025033 0.00383763 -0.0114241 0.00379225 0.00408268 -0.00305105 -0.00875124 -0.0125701 0.00419236 0.0038115 0.00617199 0.00357536 0.00883372 0.00174878 0.0139602 0.0103499 0.00169967 0.00499942 0.00301299 0.014219 -0.00853686 8.58829e-05 0.00653354 -0.00471732 0.0138723 0.00879237 -0.00119865 -0.00790518 0.000349299 0.0013747 -0.0146017 -0.0109098 0.00164898 -0.000286054 -0.00646227 0.00377219 0.0105985 -0.00580527 -0.00363561 -0.00617922 -0.0129381 -0.00339251 0.000220037 -0.00560723 -0.00182512 0.00156952 0.00099215 0.00281138 -0.00759727 -0.00264976 -0.00526682 0.0039938 -0.00142816 -0.00180921 -0.00695164 0.0169256 -0.0065206 -0.0046735 -0.00407766 -0.0105515 -0.00269257 -0.00319503 -0.0206971 -0.0134498 -0.00879598 -0.00994539 0.00371986 0.0119084 0.00147934 0.00416293 0.000528265 0.00440044 -0.00637311 -0.00081985 0.0231402 -0.00634083 -0.00477232 -0.00598222 -0.00671445 -0.000677042 -0.0224515 -0.00664933 -0.0185365 0.0188262 -0.0105807 -0.0116005 -0.00994435 -0.00651888 -0.0167102 -0.025829 0.00454217 -0.0121477 -0.00290824 0.00938506 -0.00395202 -0.00320674 0.00036284 0.00404331 -0.00503602 -0.00681759 -0.00752265 -0.00497914 -0.00317282 -0.00169471 -0.00385899 0.00280873 -0.00418942 0.00621331 -0.0069772 -0.0191557 -0.0143497 -0.0137499 -0.000781977 -0.0144461 -0.0189751 -0.0112079 -0.0127518 -0.00275694 -0.0064255 -0.0135576 -0.000628132 0.00508076
internal_weight=48689.5 43361.6 25115.7 17521.4 18245.9 8998.98 7594.31 8978.07 7883.16 119.122 81.031 70.9109 7764.04 6512.22 1251.82 634.059 617.756 539.44 94.62 532.565 1094.91 359.236 295.8 63.4367 44.7582 735.675 122.342 48.2313 74.1108 58.1331 613.333 115.122 498.211 466.414 31.7976 104.712 39.9873 30.4494 8896.95 50.2362 36.9145 16.1082 8624.42 751.589 136.612 7872.83 40.7246 33.4667 2071.85 404.563 394.992 326.155 68.8375 1667.29 530.096 81.4392 1137.19 1114.23 448.657 22.961 8846.72 614.977 590.898 103.835 487.062 477.309 41.7978 1242.37 201.749 194.981 26.9585 20.6291 14.5415 5978.23 367.093 5611.14 8537.23 29.1131 20.9088 8522.85 1640.63 1266.15 6882.22 374.481 28.1264 6854.09 95.8873 53.0174 309.49 290.054 260.059 172.927 87.1324 29.9944 19.4367 168.023 42.318 23.3578 5800.98 3438.64 530.901 314.514 2362.34 1207.08 1145.27 216.387 1155.27 832.395 2907.73 137.043 2770.69 61.8091 322.871 24.0796 1040.62 964.503 49.263 915.24 248.663 77.3657 666.578 49.9073 41.8308 616.67 85.1909 251.042
internal_count=223113 185920 111565 74242 74355 37236 37323 37144 32623 489 332 290 32134 26945 5189 2626 2563 2234 392 2210 4521 1486 1224 262 185 3035 505 199 306 240 2530 474 2056 1925 131 431 165 126 38704 218 160 70 35538 3103 566 32435 168 138 8524 1662 1623 1339 284 6862 2182 336 4680 4586 1846 94 38486 2537 2437 429 2008 1968 170 6153 996 963 133 102 72 24742 1520 23222 37107 120 92 37044 7128 5505 29916 1623 124 29792 398 219 1379 1293 1160 771 389 133 86 830 208 115 23911 14174 2184 1292 9737 4975 4722 892 4762 3427 11990 564 11426 253 1335 100 5157 4779 245 4534 1234 381 3300 246 208 3054 353 1039
is_linear=0
shrinkage=0.03


Tree=45
num_leaves=127
num_cat=0
split_feature=0 18 18 18 0 40 22 20 20 35 3 8 26 22 40 1 6 11 6 22 36 28 11 35 20 28 19 22 36 38 28 18 3 3 40 38 30 20 21 20 23 43 36 17 5 3 21 22 6 22 23 20 38 3 26 7 17 18 20 2 30 21 21 18 40 20 22 41 22 26 33 22 18 20 40 22 43 43 8 3 3 39 18 8 29 28 23 6 19 30 23 11 26 21 22 19 26 28 18 22 21 36 22 32 21 20 32 17 39 3 19 2 28 18 1 32 1 38 10 43 39 21 43 5 28 19
split_gain=3814.07 1027.69 212.755 39.9645 37.4873 7.40396 6.82423 10.128 9.26652 8.33445 8.17041 11.1242 8.42945 10.7835 9.02397 8.12422 7.56005 9.56885 9.50538 12.762 8.75791 8.63946 8.05329 7.46424 6.95323 9.35272 8.06241 6.55997 6.29176 9.92122 9.6118 6.08039 5.99012 13.5197 10.8747 10.0865 9.50744 8.88137 9.96055 8.25688 9.0537 8.46337 6.7212 7.97315 7.6558 7.10096 8.53075 7.99283 8.73833 7.12303 7.09536 6.69908 8.8532 6.47192 6.32716 6.25048 6.24208 10.3485 5.97328 5.93988 12.875 5.99857 5.9168 6.38183 5.7869 5.65315 5.55305 8.24259 13.7002 12.9924 9.94683 6.94569 13.1015 6.65743 5.54354 5.5027 8.58147 8.78224 9.28432 6.56112 8.58325 11.7408 6.98148 6.22101 5.94716 5.84509 8.71471 7.81119 6.03697 5.99893 5.89225 6.19468 5.60103 5.49346 6.3051 7.74101 5.42787 5.42158 9.91879 6.80382 12.8062 5.37836 5.31302 6.36822 7.41202 7.33062 5.8123 10.3726 6.07841 5.30966 5.29289 9.2459 8.91636 9.75634 8.30203 7.38404 6.70959 9.36779 6.66499 5.55231 5.32343 11.6479 8.7704 7.9018 10.9512 7.61521
threshold=1.5000000000000002 0.47250000000000003 0.79250000000000009 0.31700000000000006 4.5000000000000009 1695.5996131528047 33.95000000000001 3.3550000000000004 3.2050000000000005 1.4266666666666672 49.250000000000007 10.500000000000002 3.4650000000000003 40.050000000000004 3804.7727272727284 8.4750000000000032 6.5650000000000004 1.5000000000000002 6.5850000000000009 30.150000000000002 0.064166666666666608 40.050000000000004 2.5000000000000004 -2.3908333333333331 3.4150000000000005 38.550000000000004 94.075000000000003 25.300000000000001 -0.0058333333333332989 1.2500000000000002 30.050000000000004 0.60600000000000009 27.150000000000002 26.650000000000002 1922.1111111111115 4.2500000000000009 3.3750000000000004 3.7250000000000005 19.350000000000005 3.4750000000000005 46.550000000000004 0.051210488498752753 0.049166666666666602 10.490000000000002 0.22500000000000003 56.250000000000007 16.950000000000003 35.250000000000007 6.7650000000000006 25.750000000000004 46.550000000000004 3.3750000000000004 3.7500000000000004 55.050000000000004 3.4450000000000007 3.5000000000000004 10.090000000000002 0.45449999999999996 3.3350000000000004 44.650000000000013 3.8750000000000004 14.350000000000003 8.3500000000000032 0.29900000000000004 1914.5643939393942 3.3350000000000004 28.550000000000004 0.047706551938068102 24.900000000000002 3.6550000000000007 2.2500000000000004 26.750000000000004 0.44249999999999995 3.6650000000000005 2163.5632183908051 29.150000000000002 0.021349391394795653 0.020149371631216901 2.5000000000000004 30.550000000000004 35.150000000000013 4.2500000000000009 0.86699999999999999 3.5000000000000004 3.8500000000000001 28.850000000000005 42.250000000000007 6.8850000000000007 94.075000000000003 4.7750000000000012 57.750000000000007 4.5000000000000009 3.7350000000000008 12.15 31.450000000000003 50.07500000000001 3.1200000000000006 38.95000000000001 0.78250000000000008 38.150000000000013 18.550000000000004 -0.019166666666666596 36.95000000000001 4.7500000000000009 12.450000000000001 3.2950000000000004 1.7500000000000002 13.845000000000001 5.7500000000000009 23.950000000000003 46.32500000000001 16.250000000000004 37.350000000000001 0.31300000000000006 3.1750000000000003 3.7500000000000004 3.0650000000000004 4.7500000000000009 6.5000000000000009 0.05481625909570751 1.7500000000000002 9.6500000000000004 0.061410747091243056 0.10500000000000002 39.250000000000007 97.975000000000023
decision_type=2 2 2 2 2 2 2 2 2 2 2 2 2 2 2 2 2 2 2 2 2 2 2 2 2 2 2 2 2 2 2 2 2 2 2 2 2 2 2 2 2 2 2 2 2 2 2 2 2 2 2 2 2 2 2 2 2 2 2 2 2 2 2 2 2 2 2 2 2 2 2 2 2 2 2 2 2 2 2 2 2 2 2 2 2 2 2 2 2 2 2 2 2 2 2 2 2 2 2 2 2 2 2 2 2 2 2 2 2 2 2 2 2 2 2 2 2 2 2 2 2 2 2 2 2 2
left_child=-1 3 4 62 6 -6 7 -3 9 28 11 12 13 -10 -14 24 22 18 19 -18 21 -19 59 -20 26 -26 -12 -4 29 -8 -31 -22 33 34 35 39 -35 38 58 41 -41 -5 43 50 45 49 47 48 -47 74 -34 55 -53 65 -37 -40 -52 -58 -36 61 -61 -9 63 -2 -65 -51 67 68 69 -45 -70 73 -73 -69 -44 76 77 78 -29 -78 81 -81 84 -83 -82 86 -77 88 92 93 91 -91 -88 94 -87 -96 -7 -98 99 -99 -101 -11 103 104 -68 -105 107 -104 -108 -39 112 115 113 114 116 -112 118 -118 -64 -117 121 -113 -123 124 125 -122
right_child=1 2 27 32 5 96 8 16 10 101 15 -13 14 -15 -16 -17 17 20 23 -21 31 -23 -24 -25 25 -27 -28 75 -30 30 -32 -33 42 36 37 54 -38 109 51 40 -42 -43 44 66 -46 46 -48 -49 -50 53 56 52 -54 -55 -56 -57 57 -59 -60 60 -62 -63 110 64 -66 -67 102 71 70 -71 -72 72 -74 -75 -76 85 79 -79 -80 80 82 83 -84 -85 -86 89 87 -89 -90 90 -92 -93 -94 -95 95 -97 97 98 -100 100 -102 -103 106 105 -106 -107 108 -109 -110 -111 111 120 -114 -115 -116 119 117 -119 -120 -121 123 122 -124 -125 -126 -127
leaf_value=0.024138380796004895 0.029880578633305507 -0.017385952416852288 -0.016591142284287101 -0.0085355250290276297 0.010870452790234362 -0.028147928957091728 0.021387067718668815 0.0050742664842594667 -0.0027256945283716132 -0.012382654608702011 -0.0052919888054138754 0.035498244738419775 0.00046222375032782829 -0.014258375560440946 -0.010987967857291003 0.025464768002084383 0.036301654717086067 -0.0038025307284686952 -0.02905535656809325 -0.0066028231565942079 -0.00028625042308493432 0.0076485392752550863 -0.016772999275070161 -0.006355324721048025 -0.0013215689686471861 -0.016940482009837162 -0.01656455054851105 -0.015526702308329823 -0.015711977919389393 0.013651471768111803 -0.013955413553427623 0.012920995055395172 -0.0068125135942968826 -0.031070143291062609 0.02596216615628652 -0.0095781601631042823 -0.00017844002380113465 0.0013580554612725852 -0.027460163232116124 0.0083526861521556542 -0.030523632865605509 0.034536532042832239 0.0054170548381636315 -0.008448191808456431 -0.00054912639248892519 -0.0086708516538837321 -0.0078496198194615736 0.030316769534646428 0.013541230541021002 0.016640356077950325 0.0063716641115676613 0.019767954074016297 -0.015586383602604427 0.030241050507897504 -0.045055561704934875 0.0024237769096048375 0.039305405446448366 -0.0015856813448861546 0.0053810202060085794 0.036595960811027325 -0.012750032640207911 -0.017368256539917762 -0.0025152040294018937 -0.0091092462372114203 0.024981180941799512 0.0064303681362486457 -0.0038346251247508034 0.01690745113225009 0.013273234082033809 0.027871449309431202 0.004324382186414644 -0.016144961649969116 0.00034740515328409886 0.0014685782361587251 -0.029198180468513225 0.024538082537712658 -0.018327158778399515 -0.017286355375880483 -0.0057035658425720901 0.021468122523676868 -0.0095073845131592831 0.010784541403114781 -0.0071054376302807087 -0.026320383374875377 0.024260400707292996 -0.0207086345112742 -0.0074591149357095318 0.0035408759942641122 -0.037298877859209323 -0.011696358160403106 -0.036270502697922202 -0.022198727883408671 -0.015752122557961264 -0.011109725996117197 0.0077620757215207748 -0.01390572090359822 -0.0066677958490597954 -0.0035785572522141554 -0.037553188934798372 0.036377843162884713 -0.0012550814303381762 0.013921145547137416 -0.016752025904284769 0.015570435872506365 0.0010927433717812121 -0.0019783852092715246 0.0022978691646050723 0.00047932088147513142 0.0087365480564420769 -0.029758559040625316 0.033060267275793191 -0.023057947059387466 -0.018268022772446615 0.035905405574211603 -0.023229790959635111 0.020508283460383154 0.024719040366685967 -0.0099604709624814911 0.0047097891418193113 -0.01070382054443504 7.6014354808326946e-05 0.0065000203636922677 -0.0017477864712931376 0.0040299093663930304 0.019429460450520103 0.027422746068449459
leaf_weight=5246.4758475422859 16.341966465115547 54.085849791765213 190.28598645329475 8.212407514452936 21.886762768030167 10.401728764176367 11.137516438961027 17.290164723992348 806.62033919990063 10.152929931879045 815.73183797299862 7.2452854961156836 1374.0441349595785 80.241835251450539 64.769226938486099 8.1896772235631925 10.891025871038439 3230.1628273129463 13.112592995166777 14.270844221115111 96.317063003778458 60.231380879878998 88.523853987455368 1340.3002479374409 687.26471328735352 36.25912518799305 61.500949501991272 129.27083759009838 111.32752984762192 13.807202726602553 60.920528098940849 46.273402631282806 15.34529887139797 23.925107017159462 13.687390968203543 7.9772308170795467 14.463865906000136 8.1920175850391406 19.153759226202968 8.7125238478183764 13.689212664961813 7.9670113176107398 8.4316787570714968 91.972264498472214 239.26230680942535 30.61448073387146 65.358439028263092 11.138638243079184 32.970675930380821 57.9441929012537 28.452174037694931 13.697272911667826 11.724175706505774 12.139195308089255 10.963593259453772 9.2083375155925733 18.045072421431545 7.9266656041145316 169.71395362913609 9.1830600798130053 9.6271914541721326 27.592021822929382 241.9101352840662 11.394144266843798 7.2208080291748038 318.49614953994751 295.4551814198494 30.1294936388731 161.54968014359474 9.6972468942403776 365.76703844964504 57.79731285572052 171.86563657224178 151.18467624485493 7.9660189151763907 7.1497759222984305 34.414835855364799 159.97747345268726 265.11803376674652 24.508118227124214 7.4998666197061565 6.7562370002269772 351.16747079789639 9.8035282194614393 12.051003664731978 118.67542709410191 330.11172087490559 43.357102692127228 7.0066967755556098 162.77674949169159 12.420842468738554 74.484263271093369 94.990072250366211 5383.9801963865757 16.865950807929039 115.48997497558594 8121.0436331480742 285.9717675447464 7.1142462491989127 11.389159485697745 27.639525979757309 21.732586741447449 35.616735368967056 21.679917588829994 3886.3392706215382 1253.2806202322245 1085.053536221385 261.461081340909 150.44620443880558 11.954150170087813 17.553098127245903 12.555795162916182 20.701150298118591 7.3271647840738288 12.051378324627875 11.269631013274195 24.17263163626194 9.7201759517192823 218.52339038252831 9.1942187398672086 844.56207410991192 1410.4781572371721 126.08868849277496 5894.6864943653345 27.945312976837158 9.1666742414236051
leaf_count=37218 68 224 950 33 92 46 46 72 3320 42 3361 30 5650 331 267 33 45 13309 55 59 395 247 371 5546 2826 149 253 639 461 57 252 190 62 96 55 32 58 33 77 35 55 32 34 369 964 123 263 45 133 234 115 55 47 49 44 37 73 32 682 38 40 115 993 47 30 1283 1185 121 649 39 1469 232 690 607 32 35 169 788 1309 120 37 33 1729 48 58 588 1619 212 34 811 62 371 466 26580 83 572 35474 1246 31 49 120 90 143 87 15587 5027 4362 1051 605 48 73 52 84 31 49 47 100 40 900 38 3492 5849 522 24425 116 38
internal_value=-2.16188e-05 -0.00294219 -0.00685953 0.00249783 -0.00505789 -0.0064959 -0.00372973 -0.00447566 -0.00283189 -0.00869911 -0.00249033 -0.00135502 -0.001472 -0.00377233 -5.29003e-05 -0.00413538 -0.00433434 -0.00412542 -0.00623785 0.0119787 -0.00327654 -0.00359223 -0.0109214 -0.00657849 -0.00428933 -0.00210861 -0.00608579 -0.0110722 -0.011002 -0.0048668 -0.0088231 0.0039953 0.00111394 -0.00271541 -0.000658532 -0.0124427 -0.0195007 0.00197361 0.00360546 -0.00357106 -0.0153672 0.0126636 0.00126641 0.00100933 0.00391862 0.00588229 4.91666e-05 0.00697928 0.00282636 0.00789577 0.0111018 -0.00772411 0.00340685 0.0087159 -0.0303212 -0.0177306 0.0161837 0.0268096 0.00693849 -0.00275141 0.0113272 -0.00869722 0.00392859 0.0162443 0.00409723 0.00800994 0.000921312 0.00296689 0.00512566 -0.0049453 0.00707081 -0.000333833 -0.00380178 0.00405027 -0.0113832 -0.0109293 -0.00885151 -0.011347 -0.00893027 -0.00574583 -0.00468651 0.00829692 -0.0061307 -0.011118 0.011248 -0.0112554 -0.0080674 -0.00856591 -0.0097847 -0.0115164 -0.0160855 -0.0150077 -0.00931901 -0.0113134 -0.0156705 -0.0111295 -0.00654111 -0.00651401 -0.00274824 -0.00197043 0.00975334 0.00548611 0.000616692 0.000178031 0.000744169 -0.0016776 0.00217746 -0.00158644 0.00308376 -0.0170873 0.00387985 0.00406487 0.00098138 0.00176341 0.00125943 0.0188185 0.00186408 0.0147291 0.000910824 0.00642817 0.00399709 0.00558565 0.00582217 0.00363364 0.000982371 0.000374576
internal_weight=48648.4 43401.9 25232.4 18169.5 17674.3 8485.45 9188.81 5017.86 4170.95 229.078 3941.87 2332.92 2325.68 886.862 1438.81 1608.95 4963.78 4811.56 1378.57 25.1619 3432.98 3290.39 152.216 1353.41 1600.76 723.524 877.233 7558.16 197.193 85.8652 74.7277 142.59 9236.63 353.242 314.853 57.522 38.389 257.331 237.185 38.5812 22.4017 16.1794 8883.39 8099.07 784.322 545.059 140.082 74.7238 63.5852 404.977 69.7692 53.7835 25.4214 388.58 18.9408 28.3621 54.4239 25.9717 183.401 63.6924 18.8103 44.8822 8932.86 34.9569 18.615 376.44 8029.3 1039.96 628.986 101.67 527.317 410.977 229.663 181.314 16.3977 7367.88 1000.57 554.366 394.389 446.201 411.786 41.0679 370.718 16.5598 19.5509 6367.31 482.615 475.466 432.108 5884.69 249.682 237.261 425.102 5635.01 251.031 132.356 8463.56 8453.16 332.115 325 39.0287 31.8855 6989.33 5456.75 4181.79 1274.96 1532.58 297.078 1235.5 20.1462 8897.91 8363.5 534.406 513.705 506.378 38.0169 494.326 33.8928 460.434 20.4638 8325.48 1549.12 1536.57 6776.36 881.674 853.729
internal_count=223541 186323 112245 74078 74932 37058 37874 20706 17168 948 16220 9598 9568 3651 5917 6622 20482 19846 5705 104 14141 13556 636 5601 6589 2975 3614 37313 816 355 309 585 37084 1419 1265 231 154 1034 953 155 90 65 35665 32505 3160 2196 564 301 256 1632 282 216 102 1566 76 114 220 105 737 265 78 187 36994 145 77 1517 32223 4176 2526 408 2118 1650 922 728 66 36363 4930 2736 1948 2194 2025 201 1824 81 95 31433 2366 2331 2119 29067 1244 1182 2085 27823 1243 655 36966 36920 1446 1415 169 132 28047 21886 16772 5114 6161 1194 4967 81 36849 34652 2197 2113 2082 158 2033 140 1893 85 34494 6423 6371 28071 3646 3530
is_linear=0
shrinkage=0.03


end of trees

feature_importances:
top2_pct=283
motor_nirenritsu=276
water_temp=261
tenji_vs_avg=255
top3_pct=254
motor_win_pct=244
sanrenritsu=242
motor_top2_pct=236
st_vs_avg=236
win_pct=220
avg_tenji=204
st_x_course=186
tenji_time=184
nirenritsu=183
win_rate_vs_avg=183
motor_racer_score=165
win_rate=162
mkt_avg_payout_90d=162
mkt_avg_payout_180d=138
motor_avg_rank=135
avg_rank=132
jyo_course_win_pct=127
st=124
mkt_win_prob_90d=114
mkt_win_prob_180d=105
course=98
wave=89
wind_speed=88
jyo_course_avg_rank=85
dayofweek=82
avg_st_rank=77
tenji_rank=62
winrate_x_course=61
st_rank=59
motor_rank=58
avg_st=55
month=53
weather_num=40
nirenritsu_rank=37
win_rate_rank=24
is_course1=7
is_inner_course=5
racer_class_num=4
is_weekend=1

parameters:
[boosting: gbdt]
[objective: binary]
[metric: binary_logloss,auc]
[tree_learner: serial]
[device_type: cpu]
[data_sample_strategy: bagging]
[data: ]
[valid: ]
[num_iterations: 2000]
[learning_rate: 0.03]
[num_leaves: 127]
[num_threads: -1]
[seed: 42]
[deterministic: 0]
[force_col_wise: 0]
[force_row_wise: 0]
[histogram_pool_size: -1]
[max_depth: 10]
[min_data_in_leaf: 30]
[min_sum_hessian_in_leaf: 0.001]
[bagging_fraction: 0.8]
[pos_bagging_fraction: 1]
[neg_bagging_fraction: 1]
[bagging_freq: 5]
[bagging_seed: 400]
[bagging_by_query: 0]
[feature_fraction: 0.8]
[feature_fraction_bynode: 1]
[feature_fraction_seed: 30056]
[extra_trees: 0]
[extra_seed: 12879]
[early_stopping_round: 0]
[early_stopping_min_delta: 0]
[first_metric_only: 0]
[max_delta_step: 0]
[lambda_l1: 0.05]
[lambda_l2: 0.1]
[linear_lambda: 0]
[min_gain_to_split: 0]
[drop_rate: 0.1]
[max_drop: 50]
[skip_drop: 0.5]
[xgboost_dart_mode: 0]
[uniform_drop: 0]
[drop_seed: 17869]
[top_rate: 0.2]
[other_rate: 0.1]
[min_data_per_group: 100]
[max_cat_threshold: 32]
[cat_l2: 10]
[cat_smooth: 10]
[max_cat_to_onehot: 4]
[top_k: 20]
[monotone_constraints: ]
[monotone_constraints_method: basic]
[monotone_penalty: 0]
[feature_contri: ]
[forcedsplits_filename: ]
[refit_decay_rate: 0.9]
[cegb_tradeoff: 1]
[cegb_penalty_split: 0]
[cegb_penalty_feature_lazy: ]
[cegb_penalty_feature_coupled: ]
[path_smooth: 0]
[interaction_constraints: ]
[verbosity: -1]
[saved_feature_importance_type: 0]
[use_quantized_grad: 0]
[num_grad_quant_bins: 4]
[quant_train_renew_leaf: 0]
[stochastic_rounding: 1]
[linear_tree: 0]
[max_bin: 255]
[max_bin_by_feature: ]
[min_data_in_bin: 3]
[bin_construct_sample_cnt: 200000]
[data_random_seed: 175]
[is_enable_sparse: 1]
[enable_bundle: 1]
[use_missing: 1]
[zero_as_missing: 0]
[feature_pre_filter: 1]
[pre_partition: 0]
[two_round: 0]
[header: 0]
[label_column: ]
[weight_column: ]
[group_column: ]
[ignore_column: ]
[categorical_feature: ]
[forcedbins_filename: ]
[precise_float_parser: 0]
[parser_config_file: ]
[objective_seed: 16083]
[num_class: 1]
[is_unbalance: 0]
[scale_pos_weight: 1]
[sigmoid: 1]
[boost_from_average: 1]
[reg_sqrt: 0]
[alpha: 0.9]
[fair_c: 1]
[poisson_max_delta_step: 0.7]
[tweedie_variance_power: 1.5]
[lambdarank_truncation_level: 30]
[lambdarank_norm: 1]
[label_gain: ]
[lambdarank_position_bias_regularization: 0]
[eval_at: ]
[multi_error_top_k: 1]
[auc_mu_weights: ]
[num_machines: 1]
[local_listen_port: 12400]
[time_out: 120]
[machine_list_filename: ]
[machines: ]
[gpu_platform_id: -1]
[gpu_device_id: -1]
[gpu_use_dp: 0]
[num_gpu: 1]

end of parameters

pandas_categorical:null
