tree
version=v4
num_class=1
num_tree_per_iteration=1
label_index=0
max_feature_idx=70
objective=binary sigmoid:1
feature_names=course win_rate nirenritsu sanrenritsu motor_nirenritsu st tenji_time wind_speed wave water_temp month dayofweek is_weekend is_course1 is_inner_course racer_class_num weather_num winrate_x_course st_x_course motor_racer_score avg_rank win_pct top2_pct top3_pct avg_st avg_tenji motor_avg_rank motor_win_pct motor_top2_pct jyo_course_win_pct jyo_course_avg_rank win_rate_rank st_rank tenji_rank nirenritsu_rank win_rate_vs_avg st_vs_avg tenji_vs_avg motor_rank avg_st_rank mkt_avg_payout_90d mkt_win_prob_90d mkt_avg_payout_180d mkt_win_prob_180d form_win_3 form_top2_3 form_avg_rank_3 form_avg_st_3 form_win_5 form_top2_5 form_avg_rank_5 form_avg_st_5 form_win_10 form_top2_10 form_avg_rank_10 form_avg_st_10 form_trend_win form_trend_rank form_win_streak form_no_win_streak form_venue_win_5 form_venue_top2_5 opponent_avg_win_rate opponent_max_win_rate win_rate_vs_best opponent_avg_class relative_form_rank prob_win prob_win_max_in_race prob_win_rank is_likely_winner
feature_infos=[1:6] [1.71:9.5] [5:89.5] [10:95] [15:70] [0.01:0.34999999999999998] [6.2999999999999998:7.1799999999999997] [0:12] [1:13] [2:36.600000000000001] [1:12] [0:6] [0:1] [0:1] [0:1] [1:4] [0:3] [1.8300000000000001:56.100000000000001] [0.13700000000000001:1.02] [31.25:114.05] [3.0099999999999998:4.0499999999999998] [5.7000000000000002:30.199999999999999] [18.600000000000001:46.200000000000003] [33.299999999999997:64.400000000000006] [0.13700000000000001:0.17000000000000001] [6.7199999999999998:6.7809999999999997] [3.04:3.96] [8.9000000000000004:26] [21.300000000000001:44.799999999999997] [3.2000000000000002:56.5] [1.6799999999999999:4.7699999999999996] [1:6] [1:6] [1:6] [1:6] [-3.9199999999999999:4.541666666666667] [-0.155:0.16500000000000001] [-0.43833333333333341:0.38666666666666671] [1:6] [1:6] [633.33333333333337:11000] [0.0090909090909090003:0.1578947368421052] [633.33333333333337:11000] [0.0090909090909090003:0.1578947368421052] [0:1] [0:1] [1:6] [0.063333333333333297:0.28666666666666668] [0:0.80000000000000004] [0:1] [1.2:5.7999999999999998] [0.089999999999999997:0.27199999999999991] [0:0.80000000000000004] [0:0.90000000000000002] [1.6000000000000001:5.2999999999999998] [0.10299999999999999:0.26000000000000001] [-0.36666666666666659:0.63333333333333341] [-2.666666666666667:2.7666666666666671] [0:4] [0:56] [0:1] [0:1] [2.8560000000000003:7.6960000000000006] [3.1200000000000001:9.5] [0.2138728323699422:2.5164179104477609] [1:4] [1:6] [0.08780922066828796:0.59824146076682116] [0.12659287062695648:0.59824146076682116] [1:6] [0:1]
tree_sizes=4162 4256 4257 4247 4230 4266 4233 4228 4263 4283 4291 4278 4286 4295 4300 4292 4295 4290 4278 4302 4295 4290 4300 4284 4303 4268 4273

Tree=0
num_leaves=38
num_cat=0
split_feature=18 61 61 60 61 60 60 61 61 61 61 60 61 60 67 61 18 60 67 60 61 42 61 60 61 18 60 29 18 61 61 30 61 60 42 67 67
split_gain=32954.2 15446.7 11595.1 13864.1 11415.5 7208.86 4853.28 4251.08 4177.93 3387.91 3059.38 3876.76 2484.79 2367.22 2226.66 1779.53 1549.52 1180.06 1115.99 999.628 979.144 934.63 867.771 770.484 810.962 744.326 712.922 562.921 545.429 531.753 508.196 421.094 389.239 347.79 282.097 275.393 244.407
threshold=0.47850000000000004 0.29166666666666669 1.0000000180025095e-35 1.0000000180025095e-35 0.36666666666666675 0.36666666666666675 0.29166666666666669 0.55000000000000016 0.55000000000000016 0.22500000000000003 1.0000000180025095e-35 1.0000000180025095e-35 0.45000000000000007 0.22500000000000003 0.58265240678377306 0.55000000000000016 0.27900000000000008 1.0000000180025095e-35 0.305641306292596 0.45000000000000007 0.63333333333333341 984.31092249274081 0.45000000000000007 0.55000000000000016 0.63333333333333341 0.77750000000000019 0.55000000000000016 4.6500000000000012 0.879 0.77500000000000013 0.77500000000000013 4.1900000000000004 0.77500000000000013 0.22500000000000003 2842.9802955665027 0.37456005247766511 0.35589008877589295
decision_type=2 2 2 2 2 2 2 2 2 2 2 2 2 2 2 2 2 2 2 2 2 2 2 2 2 2 2 2 2 2 2 2 2 2 2 2 2
left_child=2 10 18 9 13 15 12 -8 19 16 -2 25 17 36 26 35 -4 27 -1 -7 31 -11 -23 24 -9 -12 29 -3 -19 -10 -28 -14 -25 34 -13 -6 -5
right_child=1 6 3 4 5 8 7 23 14 21 11 33 20 -15 -16 -17 -18 28 -20 -21 -22 22 -24 32 -26 -27 30 -29 -30 -31 -32 -33 -34 -35 -36 -37 -38
leaf_value=-1.600736063355755 -1.6174947338627537 -1.5801816893497409 -1.5395451335760884 -1.5937790126910294 -1.5602212833298545 -1.5915560553634542 -1.6136574950518763 -1.5801981803625653 -1.5617262680956931 -1.5257640001989843 -1.580425448088921 -1.5997917838628706 -1.5532450175367409 -1.6281097574929617 -1.6075125073702823 -1.5405492686967981 -1.5617999736460366 -1.5782925040228128 -1.5743666012845281 -1.6280637378392255 -1.5389731082019695 -1.5451864530365673 -1.5291779222745612 -1.6066557566900739 -1.5558597838718133 -1.5965544653093067 -1.5950648814725337 -1.5610835520587354 -1.5954850336310984 -1.5448445078597866 -1.5646615756229283 -1.5674736513182486 -1.5778676946191856 -1.6280863230014746 -1.6130126056417688 -1.5518790573090417 -1.5833957355369541
leaf_weight=1699.8564325869083 2671.5204420685768 517.91523712873459 1152.9134665131569 1244.5799045562744 2346.2435060739517 1279.718695551157 1243.32991746068 865.96983200311661 1525.1346684992313 1942.4945979714394 2099.9942038655281 516.24857893586159 899.71972957253456 454.58208695054054 271.38814264535904 2839.0198985934258 2274.0214851200581 1833.4671602249146 506.8041555583477 211.94386333227158 619.30383640527725 2277.0770177543163 1321.9407698810101 260.55483901500702 546.24848717451096 1045.5526762008667 218.61050894856453 1419.8571816980839 598.47057384252548 661.10927739739418 350.69347438216209 1204.5800026357174 204.1661029458046 287.22143471240997 1628.0510823130608 1724.717443048954 1006.2472238242626
leaf_count=9847 17775 2453 3057 6765 8713 6810 8028 4103 5781 3778 9976 2965 3018 3273 1666 7677 8629 8509 2249 1526 1623 6699 2802 1588 1905 5832 1202 5335 3305 1932 1381 4921 942 2068 10458 5666 4933
internal_value=-1.57207 -1.58791 -1.56052 -1.55725 -1.56688 -1.56006 -1.57509 -1.59131 -1.57538 -1.54209 -1.60378 -1.59721 -1.56797 -1.59568 -1.56486 -1.55005 -1.5543 -1.57526 -1.59467 -1.59675 -1.55627 -1.53454 -1.5393 -1.5765 -1.57076 -1.58578 -1.56066 -1.56618 -1.58252 -1.55661 -1.5763 -1.56138 -1.59397 -1.61199 -1.60982 -1.55668 -1.58913
internal_weight=43771.3 18462.2 25309.1 23102.4 14134 11428.6 10213.6 3120.27 4518.6 8968.45 8248.59 5577.07 7093.31 2705.41 3026.94 6909.98 3426.93 4369.71 2206.66 1491.66 2723.6 5541.51 3599.02 1876.94 1412.22 3145.55 2755.55 1937.77 2431.94 2186.24 569.304 2104.3 464.721 2431.52 2144.3 4070.96 2250.83
internal_count=189190 94804 94386 82290 57325 42354 45730 16566 20298 24965 49074 31299 29164 14971 11962 22056 11686 19602 12096 8336 9562 13279 9501 8538 6008 15808 10296 7788 11814 7713 2583 7939 2530 15491 13423 14379 11698
is_linear=0
shrinkage=1


Tree=1
num_leaves=38
num_cat=0
split_feature=18 61 61 60 61 60 60 61 61 61 60 61 60 61 67 61 18 60 67 60 61 68 42 61 60 61 18 60 29 18 61 61 30 61 68 68 60
split_gain=29708.2 14316.1 10425.6 12022.7 10331.1 6345.79 4417.78 3995.88 3804.1 2941.76 3680.07 2886.09 2286.79 2196.05 2024.33 1533.05 1350.18 1077.43 1038.23 966.545 846.497 819.662 792.267 744.639 693.636 722.018 688.742 640.603 506.105 496.74 467.94 458.453 364.794 360.409 346.065 339.474 334.893
threshold=0.55000000000000016 0.29166666666666669 1.0000000180025095e-35 1.0000000180025095e-35 0.36666666666666675 0.36666666666666675 0.29166666666666669 0.55000000000000016 0.55000000000000016 1.0000000180025095e-35 1.0000000180025095e-35 0.22500000000000003 0.22500000000000003 0.45000000000000007 0.58265240678377306 0.55000000000000016 0.27900000000000008 1.0000000180025095e-35 0.305641306292596 0.45000000000000007 0.63333333333333341 0.43178269674879183 984.31092249274081 0.45000000000000007 0.55000000000000016 0.63333333333333341 0.77750000000000019 0.55000000000000016 5.2500000000000009 0.879 0.77500000000000013 0.77500000000000013 4.1900000000000004 0.77500000000000013 0.43827062432678199 0.53120886670137779 0.22500000000000003
decision_type=2 2 2 2 2 2 2 2 2 2 2 2 2 2 2 2 2 2 2 2 2 2 2 2 2 2 2 2 2 2 2 2 2 2 2 2 2
left_child=2 9 18 11 12 15 13 -8 19 -2 26 16 35 17 27 21 -4 28 -1 -7 32 -6 -13 -24 25 -9 -11 31 -3 -19 -29 34 -15 -26 -10 -5 -12
right_child=1 6 3 4 5 8 7 24 14 10 36 22 -14 20 -16 -17 -18 29 -20 -21 -22 -23 23 -25 33 -27 -28 30 -30 -31 -32 -33 -34 -35 -36 -37 -38
leaf_value=0.0085590389951079888 -0.008069467921902428 0.029078624080245828 0.065696757206265888 0.0096968837495679111 0.027799258988318882 0.01746443993435964 -0.0043311465822802831 0.028139925576236732 0.02184499846767033 0.028020513540754164 -0.00050575244245360169 0.077947720414068611 -0.018609888063997933 0.05325714124596545 0.0018970263151508295 0.064766966451430499 0.04536222518208035 0.02993949396653622 0.033731140880477267 -0.018563388816502231 0.066213230909079435 0.052243463529281824 0.060460109633461677 0.074909330562407186 0.0028180114409919721 0.050827475653850783 0.012577664972163519 0.013874419751993855 0.046488012630005758 0.013611749964473114 0.042739871952262427 0.060906975509010586 0.040175753078731564 0.030430565732357737 0.047820706265268575 0.023354988428388269 -0.018585545916569319
leaf_weight=1721.6133655905724 2645.3126392811537 580.67902983725071 1207.0762323439121 604.80446362495422 368.684180945158 1301.2440683841705 1232.7742131948471 879.65585085749626 139.31337018311024 2123.9122810512781 2133.4085146337748 2051.9034187793732 451.41247281432152 922.26615805923939 271.73731642961502 2977.966459825635 2361.5256027132273 1856.0895765721798 518.7054138481617 209.59591832756996 645.87415778636932 3864.1147407442331 2385.9435083568096 1398.6830826252699 260.06496365368366 563.15190598368645 1054.5500841140747 221.68359041213989 1404.6681624352932 604.0487434566021 362.77925342321396 690.94735054671764 1238.4529919028282 206.92014312744141 1438.5898953080177 1686.9146269112825 281.73953208327293
leaf_count=9913 17709 2668 3057 3421 1685 6839 7993 4092 680 9897 13373 3778 3291 2983 1666 7701 8694 8447 2249 1528 1616 12763 6749 2815 1581 1898 5832 1209 5084 3305 1388 1936 4921 935 5113 8327 2054
internal_value=0.0358788 0.0208246 0.0465701 0.0495733 0.0407087 0.0470218 0.0329903 0.0175414 0.0327809 0.00547363 0.0118805 0.063321 0.013438 0.039682 0.042601 0.0561736 0.05225 0.0328525 0.014397 0.0124556 0.0504896 0.0501197 0.0700843 0.0658103 0.0316638 0.0370144 0.0229025 0.0464729 0.0414084 0.0259377 0.0318269 0.0502347 0.0457732 0.0150918 0.0455403 0.0197575 -0.00262207
internal_weight=44868.8 18633.6 26235.2 23994.9 14589.8 11846.7 10394.6 3142.57 4635.89 8238.92 5593.61 9405.13 2743.13 7252.08 3125.05 7210.77 3568.6 4445.49 2240.32 1510.84 2806.59 4232.8 5836.53 3784.63 1909.79 1442.81 3178.46 2853.31 1985.35 2460.14 584.463 2268.85 2160.72 466.985 1577.9 2291.72 2415.15
internal_count=189190 94388 94802 82640 57547 42508 45523 16499 20359 48865 31156 25093 15039 29024 11992 22149 11751 19504 12162 8367 9520 14448 13342 9564 8506 5990 15729 10326 7752 11752 2597 7729 7904 2516 5793 11748 15427
is_linear=0
shrinkage=0.01559


Tree=2
num_leaves=38
num_cat=0
split_feature=18 61 61 60 61 60 60 61 61 61 60 61 60 61 67 61 43 67 60 60 61 68 43 60 61 18 61 60 18 18 61 61 61 18 60 68 68
split_gain=26921.9 13384.2 9380.02 10590.2 9353.14 5636.5 4033.07 3755.25 3485.65 2835.35 3483.7 2478.01 2180.04 1976.42 1849.28 1326.61 1176.06 970.636 967.12 924.744 738.152 719.88 666.594 645.948 650.644 640.804 620.375 561.842 465.781 458.677 422.999 403.787 342.394 337.716 336.348 316.519 313.396
threshold=0.47850000000000004 0.29166666666666669 1.0000000180025095e-35 1.0000000180025095e-35 0.36666666666666675 0.36666666666666675 0.29166666666666669 0.55000000000000016 0.55000000000000016 1.0000000180025095e-35 1.0000000180025095e-35 0.22500000000000003 0.22500000000000003 0.45000000000000007 0.58265240678377306 0.55000000000000016 0.10253332236300801 0.305641306292596 1.0000000180025095e-35 0.45000000000000007 0.63333333333333341 0.43178269674879183 0.10253332236300801 0.55000000000000016 0.63333333333333341 0.77750000000000019 0.45000000000000007 0.55000000000000016 0.879 0.75250000000000006 0.77500000000000013 0.77500000000000013 0.77500000000000013 0.79750000000000021 0.22500000000000003 0.53120886670137779 0.38733113568646621
decision_type=2 2 2 2 2 2 2 2 2 2 2 2 2 2 2 2 2 2 2 2 2 2 2 2 2 2 2 2 2 2 2 2 2 2 2 2 2
left_child=2 9 17 11 12 15 13 -8 19 -2 25 16 35 18 27 21 36 -1 29 -7 33 -6 26 24 -9 -11 -13 31 -20 -3 -29 -10 -25 -15 -12 -5 -4
right_child=1 6 3 4 5 8 7 23 14 10 34 22 -14 20 -16 -17 -18 -19 28 -21 -22 -23 -24 32 -26 -27 -28 30 -30 -31 -32 -33 -34 -35 -36 -37 -38
leaf_value=0.008339150929773307 -0.0078881075221828058 0.046183564211278436 0.013554838838916505 0.0094303832567651461 0.026966736674749654 0.016927995899038709 -0.0041073057948067537 0.027280135558217063 0.043485289324152368 0.027069290240111305 -0.00036916298182117295 0.057407506944708905 -0.018552719942619544 0.047552764378631839 0.0018651215822979657 0.061184773990819008 0.062342774179059222 0.032478222371956682 0.028983546049292767 -0.018505937264362705 0.062467088004021842 0.049733407357086479 0.073123023782894231 0.0026881150577845341 0.048484615564640988 0.012278320981913199 0.070318792168739 0.013675374989515 0.01327881690116225 0.031216367060699933 0.040966001707181857 0.057670430175524333 0.029365825921629764 0.033866751538724156 -0.01852889832641377 0.022603528786620235 0.044595909375116163
leaf_weight=1719.4634467214346 2642.9973901957273 1152.0395191311836 83.26985228061676 604.32924631237984 372.9331700950861 1310.0068284422159 1236.3362842649221 899.3587581962347 1620.9561169743538 2180.5995808392763 2143.153331771493 2483.8014235049486 443.33928063511848 1619.8065572977066 272.08080276846886 3095.6876250207424 1219.9337492585182 530.23917907476425 1908.8717793822289 206.71496799588203 676.58409529924393 3980.4797883033752 2136.1099730730057 261.53619024157524 584.73303557932377 1063.3580584526062 1465.4229153841734 222.74208091199398 609.50697046518326 896.24132007360458 371.36109082400799 717.18932470679283 212.68007814884186 617.63169480860233 280.12685078382492 1706.9111475944519 2371.9833667874336
leaf_count=9847 17775 3941 424 3398 1672 6810 8028 4103 5781 9976 13423 6735 3273 5401 1666 7677 2942 2249 8509 1526 1623 12707 3733 1588 1905 5832 2811 1202 3305 3847 1381 1932 942 2538 2068 8300 8320
internal_value=0.034501 0.0202812 0.0445232 0.0473008 0.0390388 0.0449106 0.0318301 0.0171575 0.0315732 0.00544326 0.0116626 0.0599309 0.0130896 0.0380934 0.0407902 0.05336 0.049797 0.0140381 0.0316796 0.0120879 0.0481354 0.0477883 0.0660457 0.0305862 0.0356528 0.0222263 0.0622078 0.0443976 0.0251896 0.0396472 0.0307685 0.0478501 0.0146902 0.0437864 -0.00247558 0.019166 0.0435499
internal_weight=45920.5 18985.6 26935 24685.3 14924.7 12170.2 10675.3 3194.64 4721.05 8310.24 5667.24 9760.52 2754.58 7480.68 3204.33 7449.1 3675.19 2249.7 4566.66 1516.72 2914.02 4353.41 6085.33 1958.31 1484.09 3243.96 3949.22 2932.25 2518.38 2048.28 594.103 2338.15 474.216 2237.44 2423.28 2311.24 2455.25
internal_count=189190 94804 94386 82290 57325 42354 45730 16566 20298 49074 31299 24965 14971 29164 11962 22056 11686 12096 19602 8336 9562 14379 13279 8538 6008 15808 9546 10296 11814 7788 2583 7713 2530 7939 15491 11698 8744
is_linear=0
shrinkage=0.01559


Tree=3
num_leaves=38
num_cat=0
split_feature=18 61 61 60 61 60 60 61 61 61 60 61 60 61 67 43 61 67 60 60 68 61 18 60 61 60 61 18 29 61 61 60 40 68 61 68 30
split_gain=24514.7 12461 8527.09 9346.98 8542.85 5030.37 3699.65 3543.08 3195.98 2729.38 3315.11 2173.7 2109.17 1768.6 1695.05 1294.9 1168.78 905.962 895.301 891.655 653.422 651.737 595.732 584.816 586.084 511.892 456.803 426.207 423.358 392.596 354.62 323.921 322.432 319.979 317.877 302.637 299.975
threshold=0.55000000000000016 0.29166666666666669 1.0000000180025095e-35 1.0000000180025095e-35 0.36666666666666675 0.36666666666666675 0.29166666666666669 0.55000000000000016 0.55000000000000016 1.0000000180025095e-35 1.0000000180025095e-35 0.29166666666666669 0.22500000000000003 0.45000000000000007 0.58265240678377306 0.10253332236300801 0.55000000000000016 0.305641306292596 0.45000000000000007 1.0000000180025095e-35 0.43178269674879183 0.63333333333333341 0.77750000000000019 0.55000000000000016 0.63333333333333341 0.55000000000000016 0.45000000000000007 0.879 4.4000000000000012 0.77500000000000013 0.77500000000000013 0.22500000000000003 1527.5809716599192 0.38733113568646621 0.77500000000000013 0.43827062432678199 4.1900000000000004
decision_type=2 2 2 2 2 2 2 2 2 2 2 2 2 2 2 2 2 2 2 2 2 2 2 2 2 2 2 2 2 2 2 2 2 2 2 2 2
left_child=2 9 17 11 12 16 13 -8 18 -2 22 15 -5 19 25 33 20 -1 -7 28 -6 36 -11 24 -9 30 32 -21 -3 -27 35 -12 -13 -4 -25 -10 -15
right_child=1 6 3 4 5 8 7 23 14 10 31 26 -14 21 -16 -17 -18 -19 -20 27 -22 -23 -24 34 -26 29 -28 -29 -30 -31 -32 -33 -34 -35 -36 -37 -38
leaf_value=0.0082042882624317349 -0.0079062559390081551 0.02586209493243578 0.015548919102566731 0.018663557250278764 0.025996893039037402 0.016547087080400934 -0.0042237743875857903 0.026295628170807411 0.01995447464618445 0.02619058155187717 -0.00049240594629980209 0.065646949676218633 -0.018497368893689761 0.048429404815562772 0.0018337974019773295 0.060599304120831636 0.057952858520544694 0.03130741663195015 -0.018450081336872155 0.027914496601450962 0.047423247376266742 0.059153678556853918 0.011989011257713943 0.002722170963481292 0.046214398300715616 0.013201603574076555 0.068442287224378284 0.012957554623475224 0.042151272785085729 0.039239058988574972 0.054740247852018808 -0.018472557392967503 0.055374345245988665 0.043754299328669935 0.028361268329715722 0.043726281953505357 0.036903563325404939
leaf_weight=1740.8484885394573 2617.135072901845 524.26617059111595 102.97285272181034 2350.7570526897907 381.94068685173988 1330.8855950385332 1225.8343499004841 911.9477744102478 145.29246427118778 2201.4211805313826 2132.1640921831131 1250.7708681821823 440.20447604358196 983.325723066926 272.41864687204361 1492.1022009849548 3223.1452680975199 541.41762365400791 204.40515902638435 1928.4955345988274 4123.1391019225121 700.17997267842293 1071.98122215271 261.01914069056511 599.92405059933662 225.73656241595745 2400.5043849349022 614.8481405377388 1567.0909369438887 382.79164071381092 744.59673167765141 274.7499985396862 1989.4025247842073 2925.6157875806093 215.11085689067841 1525.1124977916479 1304.7403879910707
leaf_count=9913 17709 2352 502 11748 1685 6839 7993 4092 680 9897 13373 2315 3291 2983 1666 3310 7701 2249 1528 8447 12763 1616 5832 1581 1898 1209 4117 3305 5400 1388 1936 2054 5120 9729 935 5113 4921
internal_value=0.0332253 0.0196432 0.0425748 0.0451578 0.037476 0.0429588 0.0306519 0.0166137 0.0304699 0.00526333 0.0113331 0.0567593 0.0127967 0.0365678 0.0391249 0.0486828 0.0507628 0.0136943 0.011877 0.0305257 0.0456116 0.0459302 0.0215452 0.0294662 0.0342169 0.0424806 0.0632263 0.0243056 0.0380788 0.0296131 0.045713 -0.00255208 0.0593507 0.0428011 0.0143425 0.0416704 0.0418693
internal_weight=46928.3 19134.2 27794.1 25511.8 15350.4 12559.5 10836.8 3213.84 4831.24 8297.45 5680.32 10161.4 2790.96 7622.95 3295.95 4520.69 7728.23 2282.27 1535.29 4634.7 4505.08 2988.25 3273.4 1988 1511.87 3023.53 5640.68 2543.34 2091.36 608.528 2415 2406.91 3240.17 3028.59 476.13 1670.4 2288.07
internal_count=189190 94388 94802 82640 57547 42508 45523 16499 20359 48865 31156 25093 15039 29024 11992 13541 22149 12162 8367 19504 14448 9520 15729 8506 5990 10326 11552 11752 7752 2597 7729 15427 7435 10231 2516 5793 7904
is_linear=0
shrinkage=0.01559


Tree=4
num_leaves=38
num_cat=0
split_feature=18 67 18 67 68 18 68 67 67 69 67 60 68 68 68 68 67 68 60 22 29 29 22 29 30 28 22 68 67 68 68 22 30 22 67 28 28
split_gain=22413.4 5408.08 3510.86 2850.33 2789.31 2735.64 1312.61 1173.57 1081.42 850.358 819.409 647.75 959.767 645.085 581.399 533.49 519.729 478.132 453.821 396.236 394.881 343.197 249.955 229.825 218.666 217.293 211.942 201.11 186.895 177.784 155.07 152.568 147.968 163.562 167.574 145.754 140.62
threshold=0.55000000000000016 0.57058903167270503 0.27500000000000008 0.54142723294302531 0.54606635594804998 0.77750000000000019 0.5550512207455861 0.40413002747374022 0.14719872259212433 1.7500000000000002 0.14538541110822159 0.36666666666666675 0.59311289916365884 0.54606635594804998 0.40601412800803277 0.40991391608650901 0.5825876936676303 0.55375541347811474 0.22500000000000003 32.350000000000001 12.750000000000002 7.5000000000000009 34.550000000000004 12.550000000000002 3.3250000000000006 34.550000000000004 36.550000000000004 0.39027825838319868 0.15687622350522193 0.56305106816341977 0.39761490575174435 33.750000000000007 3.9150000000000005 38.45000000000001 0.2582581612291196 32.050000000000004 37.550000000000004
decision_type=2 2 2 2 2 2 2 2 2 2 2 2 2 2 2 2 2 2 2 2 2 2 2 2 2 2 2 2 2 2 2 2 2 2 2 2 2
left_child=1 2 3 7 8 6 14 -1 23 -10 24 -3 16 27 -2 -11 -13 -5 -19 -16 31 35 36 30 -6 -23 -15 -7 -22 -30 -4 -12 33 34 -21 -8 -17
right_child=5 11 4 17 10 13 21 -9 9 15 20 12 -14 26 19 22 -18 18 -20 32 28 25 -24 -25 -26 -27 -28 -29 29 -31 -32 -33 -34 -35 -36 -37 -38
leaf_value=0.064836691111215816 0.006403730623384154 -0.018374645845454552 0.01194115120571127 0.0446822207841963 0.061556506837153975 -0.0075903789967106065 0.019466476397537062 0.050872998830497812 0.011588874874029865 0.019364937488735901 0.035046273162284154 0.0143957819980769 -0.0071049706148222109 0.013190336514027958 0.015105396260963881 0.028657586614096238 0.040037348285615434 0.022316742832279593 0.039026681246004433 0.028064261985622767 0.061047091924138777 0.029041098721017261 0.036699006435043577 0.055032015239874194 0.04870292658274758 0.037649869575918919 0.022401621654134587 0.0066523381679700457 0.039929428269792074 0.046474488618732018 0.042299206412909157 0.04135720798802596 0.020207766454650455 0.035262616654205076 0.017398526446969577 0.027093902704990323 0.038884374840434187
leaf_weight=2326.8830993771553 837.35618783533573 165.35707515478134 46.82133461534977 1155.6277728676796 670.49163530766964 263.79056952893734 931.11818428337574 4031.092619612813 607.06257101893425 844.80761516094208 1908.2720530927181 544.36474466323853 351.93098706007004 2661.1171945929527 2283.3996851593256 2820.1161609590054 299.05743038654327 729.53438684344292 879.12395322322845 958.28752210736275 175.22873903810978 2059.0053461641073 2282.4287319928408 464.05331560969353 673.78975427150726 1124.6163618713617 794.57527326047421 2674.2346201986074 1554.146411895752 3229.9961093366146 423.66808100044727 1957.7713571637869 1916.5418044626713 405.11266842484474 588.05465412139893 1873.5831732749939 381.55140216648579
leaf_count=3864 4632 1252 225 3479 1294 1691 4486 10515 3131 3905 7087 2809 2354 14084 11618 11515 1017 3400 2958 4111 333 8803 8207 1055 1861 4270 3759 15058 5349 9968 1334 6549 9142 1569 2897 8268 1341
internal_value=0.0320403 0.0408296 0.0423491 0.0502375 0.0383586 0.0190972 0.0232103 0.0559889 0.0313818 0.029253 0.0437556 0.0104855 0.0144917 0.0107463 0.018614 0.0309447 0.0235152 0.0369988 0.0314628 0.0202739 0.0420181 0.0285709 0.032725 0.0471506 0.0551384 0.0320899 0.0153138 0.005369 0.0449509 0.0443541 0.0393138 0.0382489 0.0233203 0.0263668 0.0240208 0.0245687 0.0298844
internal_weight=47894 28523.2 27162.5 9122.26 18040.2 19370.8 12977.1 6357.98 7870.51 6935.97 10169.7 1360.71 1195.35 6393.72 6988.75 6328.9 843.422 2764.29 1608.66 6151.4 8825.41 5988.32 5484.1 934.543 1344.28 3183.62 3455.69 2938.03 4959.37 4784.14 470.489 3866.04 3868 1951.45 1546.34 2804.7 3201.67
internal_count=189190 94802 87370 24216 63154 94388 59796 14379 30713 28099 32441 7432 6180 34592 33969 24968 3826 9837 6358 29337 29286 25827 21063 2614 3155 13073 17843 16749 15650 15317 1559 13636 17719 8577 7008 12754 12856
is_linear=0
shrinkage=0.01559


Tree=5
num_leaves=38
num_cat=0
split_feature=18 61 61 60 61 60 60 61 61 61 60 60 61 61 60 61 18 67 60 60 61 60 61 61 30 60 68 61 67 61 17 68 18 60 68 68 69
split_gain=21540 11155.6 7507.23 7989.37 7482.51 3917.69 3140.79 3230.88 2796.25 2450.43 3108.24 2021.07 1755.58 1652.04 1610.7 948.081 943.271 914.845 852.38 829.416 814.441 643.652 642.499 550.385 523.755 506.231 422.541 399.68 383.09 374.42 363.027 319.779 318.043 308.952 303.394 279.621 237.999
threshold=0.55800000000000016 0.29166666666666669 1.0000000180025095e-35 1.0000000180025095e-35 0.36666666666666675 0.36666666666666675 0.29166666666666669 0.55000000000000016 0.55000000000000016 1.0000000180025095e-35 1.0000000180025095e-35 0.22500000000000003 0.45000000000000007 0.29166666666666669 0.55000000000000016 0.45000000000000007 0.27900000000000008 0.34941210383990823 1.0000000180025095e-35 0.45000000000000007 0.77500000000000013 0.55000000000000016 0.63333333333333341 0.63333333333333341 4.2550000000000008 0.77500000000000013 0.43149257639912836 0.77500000000000013 0.15292848018731761 0.45000000000000007 8.6450000000000014 0.42963222297570403 0.79750000000000021 0.22500000000000003 0.40396869726878631 0.43178269674879183 1.2500000000000002
decision_type=2 2 2 2 2 2 2 2 2 2 2 2 2 2 2 2 2 2 2 2 2 2 2 2 2 2 2 2 2 2 2 2 2 2 2 2 2
left_child=2 9 17 13 11 15 12 -8 19 -2 24 31 18 16 27 26 -4 -1 32 -7 -16 22 -9 28 -11 -22 -6 36 -14 -15 -20 -5 -3 -12 -18 -17 -10
right_child=1 6 3 4 5 8 7 21 14 10 33 -13 23 29 20 35 34 -19 30 -21 25 -23 -24 -25 -26 -27 -28 -29 -30 -31 -32 -33 -34 -35 -36 -37 -38
leaf_value=0.0074014236400458937 -0.0076755319704163074 0.03887302623001461 0.054804246379521283 0.00061516686844159077 0.024762580538433103 0.015812244599634914 -0.0041536551204117847 0.024224634115224727 0.032682055933506544 0.024505830961265216 -0.0010373365099593773 -0.01848867794690446 0.047388604196841988 0.054099108426426436 0.0024414923517131547 0.03655942843017395 0.020079326998216761 0.029942668648016531 0.015003702464214983 -0.018423331450038084 0.040790029502181704 0.011862521044679476 0.0447354896873354 0.054819474132980231 0.011369687550359525 0.00215582219926272 0.042741954745894463 0.05227219623994183 0.034445977747788521 0.062034664483116481 0.026800566095720246 0.019517135312901394 0.025356048781485521 -0.018469713301781258 0.041362749321419957 0.053045931717769924 0.044307674598753857
leaf_weight=1804.7896848320961 2654.1442509144545 1545.614378914237 1647.7748178690672 242.33269549906254 352.1567896604538 1344.5336585491896 1243.1645867526531 909.07171250879765 830.87481282651424 2235.4071555435658 2129.4877930134535 442.15181005001068 895.83309827744961 3449.3084810078144 409.33826966583729 277.02026645839214 175.63814137876034 578.42278859019279 1103.8159454762936 196.59353588521481 377.87156136333942 474.78756068646908 634.50248518586159 725.38737684488297 1108.3412463217974 106.23060937225819 3791.1643214821815 793.39695464074612 1525.3887793123722 2609.8098765164614 1515.110298499465 2235.0878596305847 595.17502507567406 279.42520849406719 2952.4639792591333 3714.1827676743269 928.45942716300488
leaf_count=9964 17794 5154 3433 1414 1500 6696 8018 3993 3000 9784 13232 3314 2603 7440 2413 898 774 2236 5547 1478 1239 2497 1884 1610 5908 608 11275 1871 5456 4138 6383 10524 2581 2091 9171 8469 2781
internal_value=0.0309401 0.0182796 0.0394092 0.0417609 0.0347713 0.039794 0.0284907 0.0156094 0.0289047 0.00471285 0.0104306 0.012191 0.0338022 0.0521064 0.0367121 0.0464672 0.0452281 0.012881 0.0278178 0.0114343 0.0186629 0.0277858 0.0326723 0.0428462 0.0201568 0.0323434 0.041219 0.0430211 0.0392462 0.0575228 0.0218357 0.017673 0.0351256 -0.00306666 0.0401739 0.0519081 0.0388321
internal_weight=48834.3 19574.7 29259.6 26876.4 16041.4 13121.8 11167.9 3261.53 4987.3 8406.81 5752.66 2919.57 7906.32 10835 3446.17 8134.52 4775.88 2383.21 4759.72 1541.13 893.44 2018.36 1543.57 3146.61 3343.75 484.102 4143.32 2552.73 2421.22 6059.12 2618.93 2477.42 2140.79 2408.91 3128.1 3991.2 1759.33
internal_count=189171 94535 94636 82436 57480 42228 45726 16392 20086 48809 31015 15252 29334 24956 11912 22142 13378 12200 19665 8174 4260 8374 5877 9669 15692 1847 12775 7652 8059 11578 11930 11938 7735 15323 9945 9367 5781
is_linear=0
shrinkage=0.01559


Tree=6
num_leaves=38
num_cat=0
split_feature=18 67 18 68 67 18 68 67 67 69 67 60 68 68 68 68 60 29 0 29 22 67 22 30 22 67 68 22 28 30 22 22 21 21 67 67 27
split_gain=19843 4746.79 2833.18 2556.69 2464.34 2458.66 1223.55 1061.25 860.913 663.333 566.488 562.937 862.065 486.46 428.742 377.089 363.113 324.955 316.807 282.4 280.073 262.289 254.215 238.108 225.34 215.743 205.642 197.604 193.03 179.027 165.314 165.136 161.594 155.902 160.339 152.361 187.329
threshold=0.55800000000000016 0.57058903167270503 0.27500000000000008 0.5461677636535972 0.54625935439790008 0.82500000000000018 0.55481125483479032 0.40743650638288836 0.15082690049059586 1.2500000000000002 0.15082690049059586 0.36666666666666675 0.59525846405031535 0.40991391608650901 0.42116277291054 0.43374678810966777 0.22500000000000003 6.6500000000000012 2.5000000000000004 12.750000000000002 32.350000000000001 0.5825876936676303 35.550000000000004 3.3350000000000004 32.050000000000004 0.55637635605372115 0.38914708261227343 31.250000000000004 34.250000000000007 3.9050000000000007 29.750000000000004 30.950000000000003 17.450000000000003 18.350000000000005 0.11011378118225588 0.13594619182859632 17.450000000000003
decision_type=2 2 2 2 2 2 2 2 2 2 2 2 2 2 2 2 2 2 2 2 2 2 2 2 2 2 2 2 2 2 2 2 2 2 2 2 2
left_child=1 2 4 8 7 6 13 -1 18 -10 23 -3 21 -2 -11 -7 25 24 -4 -12 -15 -13 -17 -5 -8 -6 -20 -16 -19 -22 -25 -21 35 -24 -35 -28 -37
right_child=5 11 3 10 16 15 17 -9 9 14 19 12 -14 20 27 22 -18 28 26 31 29 -23 33 30 -26 -27 32 -29 -30 -31 -32 -33 -34 34 -36 36 -38
leaf_value=0.058660681392059238 0.0069311651665923965 -0.018264549459041549 0.051198299039578961 0.05511214245208116 0.033580093234837009 -4.559332412933599e-05 0.016379681143498744 0.046177735697065812 0.011598702060618242 0.020091520398183123 0.036006268796478828 0.015109442116858622 -0.0076078591186645502 0.014366155619112614 0.025531519788864223 0.0086091022692343418 0.038315633096389599 0.026501887368256285 0.0031125199948468531 0.036482831156363776 0.025326253476794576 0.033353075512378344 0.02201041703027843 0.029439264669671956 0.025560510477448062 0.019940196714173002 0.042143012672256751 0.032386178718497659 0.033990823926256714 0.018527578604404068 0.04676013651721702 0.043210837850675921 0.050409887434011993 -0.013984025857654186 0.013626848707093332 0.016461301939157767 0.048965617213163115
leaf_weight=2641.2650928944349 1005.8645441383123 157.33194935321808 495.66121380031109 838.37722218036652 530.28501242399216 887.77779133617878 1000.5431419461966 4532.2410687506199 609.46741953492165 1175.1895768344402 3852.3403955101967 554.18782714009285 347.71687296032906 2397.4859151095152 1428.6256550252438 3427.3525255024433 1308.3511549532413 2159.5864536464214 47.685052409768105 1202.275252610445 1539.5610814392567 296.77273213863373 659.18077014386654 175.84325876832008 1919.5474585294724 621.6840523481369 205.47649121284485 3877.0701039880514 1412.3447719365358 2514.7008261531591 669.41079857945442 3949.2015356868505 164.31900800764561 53.835941955447197 815.02555547654629 195.75918813049793 55.984762981534004
leaf_count=4128 5423 1222 1022 1551 1828 5280 4858 11349 3058 5163 12851 2764 2353 11940 5717 18670 3972 9046 244 3998 6526 1013 3022 642 8205 2860 554 13788 5292 11756 1674 11496 352 382 4135 914 123
internal_value=0.0299058 0.0379145 0.039267 0.0357616 0.0461566 0.0177932 0.02135 0.0507784 0.0292369 0.0271885 0.0407992 0.00940051 0.0130456 0.0170361 0.0286521 0.00929915 0.0326702 0.0263024 0.0416816 0.0392357 0.0186093 0.0214973 0.0109754 0.0491424 0.0224212 0.0262379 0.0345905 0.0305446 0.0294695 0.0211142 0.0431852 0.0416457 0.0369845 0.016272 0.0118979 0.0320962 0.023799
internal_weight=49725.3 29932.5 28576.5 18942.7 9633.83 19792.8 13949.6 7173.51 8255.24 7090.35 10687.4 1356.01 1198.68 7457.61 6480.89 5843.17 2460.32 6492.02 1164.89 9003.82 6451.75 850.961 4955.39 1683.63 2920.09 1151.97 669.225 5305.7 3571.93 4054.26 845.254 5151.48 621.539 1528.04 868.861 457.22 251.744
internal_count=189171 94636 87284 63147 24137 94535 63046 15477 30935 27726 32212 7352 6130 35645 24668 31489 8660 27401 3209 28345 30222 3777 26209 3867 13063 4688 2187 19505 14338 18282 2316 15494 1943 7539 4517 1591 1037
is_linear=0
shrinkage=0.01559


Tree=7
num_leaves=38
num_cat=0
split_feature=18 67 18 68 18 67 68 67 67 69 60 68 67 68 68 68 60 22 0 29 22 22 67 67 68 22 29 28 30 21 28 30 23 67 21 28 28
split_gain=18343 4377.37 2584.05 2331.71 2312.16 2235.15 1139.14 957.427 793.871 617.653 544.52 821.734 517.834 458.964 396.672 366.269 333.696 305.969 286.823 282.078 262.478 246.094 244.186 199.794 191.005 181.794 173.874 173.824 166.648 161.168 158.47 150.663 149.567 148.598 146.981 146.92 145.926
threshold=0.55800000000000016 0.57058903167270503 0.27500000000000008 0.5461677636535972 0.82500000000000018 0.54625935439790008 0.55481125483479032 0.40743650638288836 0.15082690049059586 1.2500000000000002 0.36666666666666675 0.59525846405031535 0.14719872259212433 0.40991391608650901 0.42116277291054 0.40841503282758262 0.22500000000000003 32.050000000000004 2.5000000000000004 12.750000000000002 32.350000000000001 35.95000000000001 0.5825876936676303 0.55637635605372115 0.38914708261227343 31.250000000000004 6.6500000000000012 34.250000000000007 3.9050000000000007 18.350000000000005 32.95000000000001 3.3250000000000006 45.150000000000013 0.11011378118225588 17.550000000000004 34.350000000000001 30.050000000000004
decision_type=2 2 2 2 2 2 2 2 2 2 2 2 2 2 2 2 2 2 2 2 2 2 2 2 2 2 2 2 2 2 2 2 2 2 2 2 2
left_child=1 2 5 8 6 7 13 -1 18 -10 -3 22 31 -2 -11 -6 23 26 -4 35 36 -17 -12 -7 -20 -16 -8 -19 -22 -23 -21 -5 -33 -31 -26 -14 -15
right_child=4 10 3 12 15 16 17 -9 9 14 11 -13 19 20 25 21 -18 27 24 30 28 29 -24 -25 34 -27 -28 -29 -30 33 -32 32 -34 -35 -36 -37 -38
leaf_value=0.055980084390666734 0.0067930745460129879 -0.01821270854677777 0.049017854149524497 0.052844862268299798 -0.004924891337755981 0.032407400599443068 0.015958142660879481 0.044291979858320028 0.011335209323340176 0.01953640743436352 0.014730917682752259 -0.007528182744410728 0.032225736810287446 0.0042119776013842892 0.024749762317439375 0.0081446970513463588 0.036894405389762373 0.025361463850943122 0.0030587020247766026 0.036985303262601799 0.024543158143401821 0.021746901906139093 0.03219659673709746 0.019384567245070008 0.031142262102180431 0.031273773346904545 0.024686457022829497 0.031827816739674171 0.018027955445156185 -0.013869095539337099 0.042528153352739677 0.023775814814056294 0.045285921982022595 0.012904855559486651 0.048625267569122492 0.03838631721102434 0.015519437331112508
leaf_weight=2723.9353487938643 1010.2846523970366 155.33674702048302 509.54305830597878 737.88308642804623 419.06712184846401 540.83679157495499 1010.8900280743837 4650.5925775468349 613.88638128340244 1189.6354887038469 559.5339378118515 345.93699090182781 2427.056797966361 323.27697125077248 1450.6109547317028 3970.6393536329269 1337.3484647721052 2611.3393952399492 47.773895442485809 2243.0365308970213 1563.7344076037407 612.66440953314304 302.60694022476673 629.48271214962006 472.11647209525108 3951.7946953773499 1269.2464667856693 1706.642031788826 2543.8794610500336 52.961932554841042 3108.3071394115686 92.528757929801941 708.48209026455879 822.57541404664516 162.37022909522057 1624.5981032550335 2095.9925394356251
leaf_count=4128 5423 1222 1022 1312 2614 1828 4858 11349 3058 5163 2764 2353 8255 1769 5717 21578 3972 10818 244 6964 6526 2759 1013 2860 1608 13788 5328 6397 11756 379 8649 350 1702 4159 335 4980 10171
internal_value=0.0289268 0.0365202 0.0377942 0.0344758 0.0173211 0.0442858 0.0207388 0.0486135 0.0282889 0.026332 0.00920183 0.0127407 0.0392219 0.0165921 0.0277261 0.00909949 0.0315491 0.0254728 0.040099 0.0378394 0.0181067 0.0101784 0.0208859 0.025421 0.0333973 0.029526 0.020825 0.0279224 0.020513 0.0155935 0.0402098 0.0476504 0.0428278 0.0112673 0.0356612 0.0347022 0.0140139
internal_weight=50598.4 30585.2 29221.8 19339.6 20013.2 9882.2 14135.3 7374.53 8397.73 7205.93 1363.41 1208.08 10941.9 7537.17 6592.04 5877.91 2507.67 6598.12 1191.8 9403 6526.88 5458.84 862.141 1170.32 682.261 5402.41 2280.14 4317.98 4107.61 1488.2 5351.34 1538.89 801.011 875.537 634.487 4051.65 2419.27
internal_count=189171 94636 87284 63147 94535 24137 63046 15477 30935 27726 7352 6130 32212 35645 24668 31489 8660 27401 3209 28848 30222 28875 3777 4688 2187 19505 10186 17215 18282 7297 15613 3364 2052 4538 1943 13235 11940
is_linear=0
shrinkage=0.01559


Tree=8
num_leaves=38
num_cat=0
split_feature=61 60 18 61 30 61 60 61 60 60 60 61 60 61 61 61 67 30 60 60 67 42 60 68 67 30 68 61 60 60 68 68 30 18 17 68 61
split_gain=18356.2 9336.63 9112.17 7112.6 4541.32 2940.77 5841.83 2303.3 2893.34 2063.15 1484.83 1286.48 1178.19 977.325 972.986 943.433 771.914 720.985 700.388 884.184 641.165 564.242 524.015 482.464 459.383 439.254 387.069 351.508 296.755 286.001 277.932 267.783 240.894 208.696 203.112 197.665 194.315
threshold=0.29166666666666669 0.29166666666666669 0.50100000000000011 0.55000000000000016 3.8650000000000007 1.0000000180025095e-35 1.0000000180025095e-35 1.0000000180025095e-35 1.0000000180025095e-35 0.55000000000000016 1.0000000180025095e-35 0.45000000000000007 0.22500000000000003 0.55000000000000016 0.63333333333333341 0.77500000000000013 0.34941210383990823 3.0750000000000006 0.36666666666666675 0.45000000000000007 0.15687622350522193 2625.4723707664884 0.77500000000000013 0.51023169879191588 0.15687622350522193 4.2550000000000008 0.53464197736010199 0.45000000000000007 0.22500000000000003 0.63333333333333341 0.42963222297570403 0.37920772776248041 3.1100000000000008 0.77750000000000019 8.3050000000000015 0.54606635594804998 0.90000000000000013
decision_type=2 2 2 2 2 2 2 2 2 2 2 2 2 2 2 2 2 2 2 2 2 2 2 2 2 2 2 2 2 2 2 2 2 2 2 2 2
left_child=2 4 5 18 10 16 17 -4 25 14 27 20 30 23 26 29 -1 -7 -3 21 35 -20 -17 -12 -13 -9 -5 32 33 -11 -8 -19 -2 -10 -22 -6 -16
right_child=1 3 7 9 11 6 12 8 28 15 13 24 -14 -15 36 22 -18 31 19 -21 34 -23 -24 -25 -26 -27 -28 -29 -30 -31 -32 -33 -34 -35 -36 -37 -38
leaf_value=0.0059540229611641446 0.050265952596802166 -0.018621988716357618 -0.0079250655278729903 0.020392325284287079 0.02511607025472401 0.046700204141739844 0 0.022511003656008194 0.0019962806847087489 0.0067231101594352298 0.026694813369062206 0.046124949426112644 -0.018512676927516916 0.047207469240366694 0.042003457983636007 0.034363658872768474 0.025983261206475452 0.0059024314462469991 0.014112523760194647 -0.018588386735079468 0.013652179964704228 -0.001765387455075574 0.0026305549121552778 0.038782361526279209 0.032803933817529864 0.010643271926641173 0.033783016262301083 0.054197753255196178 -0.018511939013363683 -0.018762318514092054 0.017329233034174298 0.035707128086193453 0.042446702078198631 -0.0081400283173454629 0.02302762750749213 0.035684491337871431 0.054394408897790243
leaf_weight=1890.1424253433943 2491.9012986719608 341.9516126960516 2697.0647858977318 731.99463006854057 771.24028705060482 2316.7172595858574 248.84908655285835 2330.6677504628897 1420.214800670743 551.6135875582695 982.91134133934975 1059.9500723332167 269.95638281106949 3492.5525110214949 1726.9209988564253 566.57946732640266 622.22552978992462 76.36534920334816 1515.0384714752436 336.10824562609196 1064.0238955020905 846.66386039555073 163.85586477816105 4650.2959457933903 1595.9597333967686 1131.3572702258825 1921.6393994688988 3104.2186537384987 282.13151408731937 132.27481883764267 2350.1966241449118 2732.1335610449314 1638.9305195659399 755.48471000790596 1216.6308808773756 1021.4945291727781 390.81217892467976
leaf_count=9955 4496 2488 17803 3068 3029 4838 1414 9792 8297 3049 3647 2743 2007 7466 4449 1888 2236 381 7318 2462 5245 5230 902 12882 5334 5908 6240 4707 2092 918 10519 8151 4136 4940 5018 3375 748
internal_value=0.0280061 0.0351707 0.0158983 0.0219093 0.0404682 0.025644 0.0302685 0.00401339 0.00945451 0.0315049 0.0449042 0.0296793 0.0124482 0.0407104 0.0364086 0.0149488 0.0109222 0.0402401 0.00237761 0.00504572 0.0241632 0.0084164 0.0272653 0.0366772 0.0381305 0.0186375 0.030097 0.05019 -0.00347696 0.00176989 0.0156706 0.0349015 0.0471707 -0.00151929 0.0186615 0.0311506 0.0443051
internal_weight=51439.1 32315.6 19123.5 9225.45 23090.1 10506.6 7994.22 8616.92 5919.86 6185.69 16360.8 6729.3 2869 9125.76 4771.37 1414.32 2512.37 5125.22 3039.76 2697.81 4073.39 2361.7 730.435 5633.21 2655.91 3462.03 2653.63 7235.05 2457.83 683.888 2599.05 2808.5 4130.83 2175.7 2280.65 1792.73 2117.73
internal_count=189171 100838 88333 38760 62078 39501 27310 48832 31029 21262 37334 24744 13940 23995 14505 6757 12191 13370 17498 15010 16667 12548 2790 16529 8077 15700 9308 13339 15329 3967 11933 8532 8632 13237 10263 6404 5197
is_linear=0
shrinkage=0.01559


Tree=9
num_leaves=38
num_cat=0
split_feature=61 18 60 61 30 61 60 61 60 60 60 61 60 61 61 61 67 60 60 30 67 42 60 67 43 68 40 61 60 60 68 68 68 30 18 68 68
split_gain=17040.8 8609.56 8595.66 6677.46 4174.09 2748.92 5418.8 2224.66 2761.53 1909.63 1359.19 1184.74 1135.58 893.546 890.941 890.659 730.002 684.016 860.14 660.88 595.321 539.727 489.006 416.554 416.396 386.229 358.595 320.724 292.277 279.079 268.045 248.57 231.827 221.192 203.285 201.518 191.005
threshold=0.29166666666666669 0.50100000000000011 0.29166666666666669 0.55000000000000016 3.8650000000000007 1.0000000180025095e-35 1.0000000180025095e-35 1.0000000180025095e-35 1.0000000180025095e-35 0.55000000000000016 1.0000000180025095e-35 0.45000000000000007 0.22500000000000003 0.45000000000000007 0.77500000000000013 0.63333333333333341 0.34941210383990823 0.36666666666666675 0.45000000000000007 3.0750000000000006 0.15687622350522193 2625.4723707664884 0.77500000000000013 0.15687622350522193 0.025819516930499803 0.51805616070018956 3175.8787878787884 0.45000000000000007 0.22500000000000003 0.63333333333333341 0.53120886670137779 0.37920772776248041 0.41926562516166566 3.1100000000000008 0.77750000000000019 0.5171893989156332 0.55481125483479032
decision_type=2 2 2 2 2 2 2 2 2 2 2 2 2 2 2 2 2 2 2 2 2 2 2 2 2 2 2 2 2 2 2 2 2 2 2 2 2
left_child=1 5 4 17 10 16 19 -3 24 15 27 20 30 25 29 26 -1 -4 21 -7 -6 -19 -16 -13 -9 -12 35 33 34 -11 -8 -21 -15 -2 -10 -5 -22
right_child=2 7 3 9 11 6 12 8 28 14 13 23 -14 32 22 -17 -18 18 -20 31 36 -23 -24 -25 -26 -27 -28 -29 -30 -31 -32 -33 -34 -35 -36 -37 -38
leaf_value=0.0058393348093018623 0.048234425435781658 -0.0078430765587148218 -0.018564529442440848 0.022004085972032236 0.030105385323005274 0.044867507178566524 0.0068716556278786579 0.010390746417393839 0.0019626038540938298 0.006589627730108967 0.025734488244192645 0.044227095622955966 -0.018457132738348394 0.028540097582650997 0.033155438544852082 0.042568439824841382 0.025201190662679153 0.01377051572538006 -0.018531612089060262 0.0057901988408371723 0.013924396777411254 -0.0017399123214605153 0.0025853604338655165 0.0316849482915822 0.021884275227177643 0.036807625288211694 0.017790837938063818 0.051935650431177899 -0.018456428843011706 -0.018699332405380374 0.018246527148071599 0.034455625796022814 0.045230644968758282 0.040827705888113228 -0.0080567365631985521 0.034311916005569626 0.022964483688644486
leaf_weight=1897.1718148440123 2555.865878418088 2682.8881157338619 337.69699450582266 407.49659594893456 1825.8074076771736 2373.3114200234413 685.79060852527618 1142.8816499710083 1422.0555717498064 554.00252105295658 959.74835805594921 1087.9895794987679 266.57514856755733 219.2818144261837 577.99371537566185 2169.3698270022869 631.4716529995203 1528.3637846410275 331.91601324081421 76.637539252638817 1227.6350395083427 845.68121764063835 164.12588712573051 1626.3318857699633 2358.7742115110159 4036.1382030546665 548.00922471284866 3188.2550043314695 278.5972575545311 130.66519767045975 1938.0748440623283 2786.8021282404661 4113.7562025338411 1677.0636443793774 751.43132388591766 1744.4330596327782 1079.099318087101
leaf_count=9955 4496 17803 2488 1620 6404 4838 3536 5860 8297 3049 3498 2743 2007 721 1888 5197 2236 7318 2462 381 5780 5230 902 5334 9840 11083 2402 4707 2092 918 8397 8151 8693 4136 4940 5286 4483
internal_value=0.0271477 0.0155108 0.0339634 0.0213001 0.0389746 0.0248869 0.0293044 0.00394087 0.00925297 0.0304651 0.0431686 0.0287109 0.0121619 0.039196 0.014585 0.0351144 0.010682 0.00233644 0.00495119 0.0387625 0.0234434 0.00824146 0.0264143 0.036722 0.0181377 0.0346848 0.0291157 0.0481587 -0.00343116 0.00173943 0.0152792 0.0336931 0.0443912 0.0453066 -0.00149719 0.0319908 0.0181613
internal_weight=52229.2 19292.5 32936.7 9339.75 23597 10655.8 8127.19 8636.63 5953.74 6296.1 16750.1 6846.86 2890.44 9328.92 1426.79 4869.31 2528.64 3043.66 2705.96 5236.75 4132.54 2374.05 742.12 2714.32 3501.66 4995.89 2699.94 7421.18 2452.08 684.668 2623.87 2863.44 4333.04 4232.93 2173.49 2151.93 2306.73
internal_count=189171 88333 100838 38760 62078 39501 27310 48832 31029 21262 37334 24744 13940 23995 6757 14505 12191 17498 15010 13370 16667 12548 2790 8077 15700 14581 9308 13339 15329 3967 11933 8532 9414 8632 13237 6906 10263
is_linear=0
shrinkage=0.01559


Tree=10
num_leaves=38
num_cat=0
split_feature=61 60 18 61 30 61 60 61 60 60 61 60 60 61 61 61 60 60 18 42 60 40 60 61 43 68 68 42 60 60 61 30 68 67 68 30 61
split_gain=15780.6 8039.22 7870.42 6019.4 3800.49 2658.5 5185.62 2171.35 2490.41 1813.48 1212.5 1091.57 966.857 749.315 749.066 743.992 731.875 900.283 614.399 611.838 551.963 532.35 484.529 465.525 431.477 378.38 357.389 341.272 301.804 269.637 263.981 260.164 256.646 242.916 235.139 232.909 227.612
threshold=0.29166666666666669 0.29166666666666669 0.57400000000000007 0.55000000000000016 3.8250000000000006 1.0000000180025095e-35 1.0000000180025095e-35 1.0000000180025095e-35 1.0000000180025095e-35 0.55000000000000016 0.45000000000000007 0.22500000000000003 1.0000000180025095e-35 0.63333333333333341 0.55000000000000016 0.77500000000000013 0.36666666666666675 0.45000000000000007 0.28500000000000003 1570.4793028322442 1.0000000180025095e-35 2487.0680044593096 0.77500000000000013 0.63333333333333341 0.025819516930499803 0.51329780306526118 0.43149257639912836 1773.2316015106665 0.22500000000000003 0.63333333333333341 0.45000000000000007 4.2250000000000005 0.55887415692129683 0.15292848018731761 0.53424813323163844 4.2550000000000008 0.90000000000000013
decision_type=2 2 2 2 2 2 2 2 2 2 2 2 2 2 2 2 2 2 2 2 2 2 2 2 2 2 2 2 2 2 2 2 2 2 2 2 2
left_child=2 4 5 16 12 19 18 -4 24 13 20 27 30 25 26 29 -3 21 -7 -1 34 -18 -17 33 -9 -5 -14 -8 -10 -11 -2 -27 -26 -12 -6 -22 -15
right_child=1 3 7 9 10 6 11 8 28 15 23 -13 14 36 -16 22 17 -19 -20 -21 35 -23 -24 -25 32 31 -28 -29 -30 -31 -32 -33 -34 -35 -36 -37 -38
leaf_value=0.022727681201463672 0.043879774420640734 -0.018509244940962118 -0.007659748853182699 0.017019323998379344 0.023083431000289884 0.044525774030208659 0.02063765074527811 0.0098514508185188268 -0.00086662735967102552 0.0068265116931914413 0.039495197888929356 -0.018400935595485966 0.02112882186574196 0.038316907373784306 0.044399110968414625 0.031279787304367625 0.014500638776571205 -0.018478783954858777 0.033473932022831769 0.0054157664739779583 0.022698401506588708 -0.00054870136914252304 0.0008316692415712046 0.047133738950346636 0.017085270646800935 0.033605060324696324 0.03625177329810772 0.0094768295953851622 -0.018400175005979826 -0.018629934065204499 0.050102862665287275 0.018193055182533519 0.027534595886425615 0.029367159467339251 0.033734930074892359 0.012927031706056679 0.051528284684611091
leaf_weight=678.40403594076633 3953.0112366080284 340.95421820133924 2644.4917852431536 563.0062902122736 795.72511170804501 1905.0618661642075 1248.8140582740307 1144.084280371666 2158.6414366066456 563.49834021925926 940.63946387171745 266.08009469509125 417.70429329574108 1801.0260995775461 3488.8916238844395 589.88508312404156 1543.7304108589888 329.81756861507893 3499.6525245755911 1855.8610648214817 1792.2318744361401 904.56923705339432 162.82522356510162 769.47781617939472 1354.8917937874794 1889.4729630351067 4907.4170456081629 1440.5862002819777 268.11379367113113 122.72224204242229 2998.1394074857235 315.60608145594597 1005.1626279205084 1559.0051537007093 1439.0760773718357 898.92787711322308 397.34355638921261
leaf_count=2474 7668 2544 17631 2388 3011 3512 5244 5853 13097 3077 2504 2030 1657 4483 6900 1910 7244 2476 10045 9748 7113 5512 906 1556 5925 5616 12926 6914 2039 873 4187 1346 3755 5172 4504 4385 693
internal_value=0.026422 0.0329118 0.0152596 0.0207919 0.0377287 0.0240536 0.0282944 0.00408549 0.00932449 0.0294402 0.0291096 0.0116829 0.0422076 0.0339069 0.0387654 0.0140109 0.00302665 0.0056759 0.0373745 0.0100572 0.0242138 0.00893677 0.0247116 0.0364796 0.0177312 0.0284881 0.0350692 0.0146656 -0.00281096 0.00224994 0.0465682 0.0314078 0.0215442 0.0331885 0.029952 0.0194409 0.0407187
internal_weight=52954.5 33484.7 19469.8 9524.46 23960.2 10894.5 8360.19 8575.39 5930.89 6405.39 8195.08 2955.48 15765.2 4966.45 8814.01 1438.93 3119.07 2778.12 5404.71 2534.27 4925.96 2448.3 752.71 3269.12 3504.14 2768.09 5325.12 2689.4 2426.76 686.221 6951.15 2205.08 2360.05 2499.64 2234.8 2691.16 2198.37
internal_count=188918 100651 88267 39068 61583 39967 27745 48300 30669 21292 28245 14188 33338 14526 21483 6766 17776 15232 13557 12222 19013 12756 2816 9232 15533 9350 14583 12158 15136 3950 11855 6962 9680 7676 7515 11498 5176
is_linear=0
shrinkage=0.01559


Tree=11
num_leaves=38
num_cat=0
split_feature=61 18 60 61 18 61 60 61 60 60 60 60 61 61 60 60 61 61 42 43 40 60 43 67 61 68 68 42 60 61 60 18 68 61 68 30 30
split_gain=14722.3 7454.08 7449 5667.69 3550.57 2444.54 4804.46 2153.68 2418.69 1687.53 1057.08 1042.33 973.939 800.606 714.226 875.192 704.548 691.98 567.754 560.445 508.652 454.721 420.968 420.461 389.09 351.988 335.202 321.38 305.055 295.84 263.027 242.335 228.119 206.511 200.688 195.938 187.273
threshold=0.29166666666666669 0.50100000000000011 0.29166666666666669 0.55000000000000016 0.59800000000000009 1.0000000180025095e-35 1.0000000180025095e-35 1.0000000180025095e-35 1.0000000180025095e-35 0.55000000000000016 1.0000000180025095e-35 0.22500000000000003 0.45000000000000007 0.55000000000000016 0.36666666666666675 0.45000000000000007 0.77500000000000013 0.63333333333333341 1570.4793028322442 0.10253332236300801 2487.0680044593096 0.77500000000000013 0.025819516930499803 0.16000142703833845 0.63333333333333341 0.51329780306526118 0.39027825838319868 1773.2316015106665 0.22500000000000003 0.45000000000000007 0.63333333333333341 0.76750000000000018 0.55887415692129683 0.90000000000000013 0.53549264759253135 4.2550000000000008 3.3850000000000002
decision_type=2 2 2 2 2 2 2 2 2 2 2 2 2 2 2 2 2 2 2 2 2 2 2 2 2 2 2 2 2 2 2 2 2 2 2 2 2
left_child=1 5 4 14 10 18 19 -3 22 17 29 27 23 26 -4 20 30 25 -1 -7 -16 -18 -9 34 -14 -5 -12 -8 -10 -2 -11 -27 -24 -19 -6 -25 -28
right_child=2 7 3 9 12 6 11 8 28 16 13 -13 24 -15 15 -17 21 33 -20 -21 -22 -23 32 35 -26 31 36 -29 -30 -31 -32 -33 -34 -35 -36 -37 -38
leaf_value=0.022098894287817479 0.041951636526664268 -0.0075687610158686625 -0.018454180781575319 0.01658697328765411 0.021304899602175763 0.032573552194832295 0.020079041119677916 0.0096254089393763998 -0.00073317903542043312 0.0066907118164965373 0.009998693054567017 -0.018345863443815679 0.031121151760291885 0.0424607004240206 0.014147599616120729 -0.018424303493902179 0.03025614502439412 0.036976704972973631 0.0054737724468024969 0.0431758167316596 -0.00054034684955616991 0.0008183080209343581 0.016946855901595607 0.021731848808000727 0.044701463169253219 0.032181497630745799 0.034847485787164172 0.0092545724403885581 -0.018348725438932872 0.048249966937175821 -0.018569488776480216 0.015574623891556739 0.026637527199260408 0.04941301364845966 0.031787200528296554 0.012520967858657028 0.025863560009526623
leaf_weight=686.89383487403393 4317.4289743006229 2656.2945070266724 336.67490394413471 568.64069655537605 707.52419465780258 3605.8959726393223 1263.8547587245703 1151.6509943902493 2181.6218029856682 565.96084353327751 149.12682102620602 259.28400963544846 2206.9466061294079 3771.0268001556396 1557.4853638857603 325.66940915584564 600.2647754997015 1836.9317624270916 1836.9224752187729 1851.1688889414072 904.24364884197712 162.90974229574203 1400.1228069812059 1502.6936240643263 678.75916738808155 1999.899911403656 5012.7026130408049 1425.0526481717825 268.1627179607749 3258.265486702323 121.21533626317978 243.37761788070202 1040.6608437597752 407.82498073577881 1252.2035150527954 911.48313343524933 653.81323939561844
leaf_count=2473 8436 17795 2544 2388 2697 10078 5241 5856 13226 3077 676 2004 6812 7433 7244 2476 1910 4483 9585 3296 5512 906 6035 5910 1367 5903 13097 6788 2065 4542 873 1059 3825 693 3924 4414 2275
internal_value=0.0256543 0.0148988 0.031853 0.0202381 0.0364327 0.02347 0.0275109 0.00412791 0.00927199 0.0285246 0.0403007 0.0114675 0.0272851 0.0368496 0.0029736 0.00556791 0.0136821 0.0327781 0.0100056 0.036175 0.00874879 0.0239902 0.017417 0.0226354 0.0343249 0.0276035 0.0332066 0.0143486 -0.00266855 0.0446643 0.00221092 0.0303877 0.0210867 0.0392493 0.0280134 0.0182614 0.0338147
internal_weight=53680.7 19627.6 34053.1 9631.1 24422 10929.1 8405.26 8698.51 6042.22 6507.03 17162.4 2948.19 7259.61 9586.67 3124.07 2787.4 1450.35 5056.67 2523.82 5457.06 2461.73 763.175 3592.43 4373.9 2885.71 2811.92 5815.64 2688.91 2449.78 7575.69 687.176 2243.28 2440.78 2244.76 1959.73 2414.18 5666.52
internal_count=188918 88267 100651 39068 61583 39465 27407 48802 31007 21292 36459 14033 25124 23481 17776 15232 6766 14526 12058 13374 12756 2816 15716 16945 8179 9350 16048 12029 15291 12978 3950 6962 9860 5176 6621 10324 15372
is_linear=0
shrinkage=0.01559


Tree=12
num_leaves=38
num_cat=0
split_feature=61 18 60 61 30 61 60 61 60 60 60 60 61 61 60 60 61 61 43 18 40 60 67 68 43 18 61 61 42 60 60 30 68 67 61 43 68
split_gain=13765.9 7069.2 6922.14 5344.46 3326.9 2348.18 4522.5 2025.42 2272.16 1573.95 1017.02 965.637 821.249 805.055 697.104 850.987 667.896 641.583 552.485 533.24 486.218 427.425 403.204 383.195 382.706 336.884 311.183 304.63 303.608 292.278 256.616 226.158 223.735 215.53 188.531 169.91 167.61
threshold=0.29166666666666669 0.57400000000000007 0.29166666666666669 0.55000000000000016 3.8950000000000005 1.0000000180025095e-35 1.0000000180025095e-35 1.0000000180025095e-35 1.0000000180025095e-35 0.55000000000000016 0.22500000000000003 1.0000000180025095e-35 0.45000000000000007 0.55000000000000016 0.36666666666666675 0.45000000000000007 0.77500000000000013 0.63333333333333341 0.061201467349580103 0.28500000000000003 2487.0680044593096 0.77500000000000013 0.15687622350522193 0.51882555372914274 0.025819516930499803 0.58200000000000007 0.63333333333333341 0.45000000000000007 1773.2316015106665 0.22500000000000003 0.63333333333333341 3.3550000000000004 0.55887415692129683 0.14240219508097415 0.90000000000000013 0.037881065617084805 0.45708801309683827
decision_type=2 2 2 2 2 2 2 2 2 2 2 2 2 2 2 2 2 2 2 2 2 2 2 2 2 2 2 2 2 2 2 2 2 2 2 2 2
left_child=1 5 4 14 11 18 19 -3 24 17 28 27 22 23 -4 20 30 25 -1 -7 -16 -18 -6 -13 -9 36 33 31 -8 35 -11 -2 -26 -14 -19 -10 -5
right_child=2 7 3 9 12 6 10 8 29 16 -12 13 26 -15 15 -17 21 34 -20 -21 -22 -23 -24 -25 32 -27 -28 -29 -30 -31 -32 -33 -34 -35 -36 -37 -38
leaf_value=0.004978234790419013 0.042249343763295394 -0.0074997526718379916 -0.018400259548652837 0.017063018747987081 0.02673963643447767 0.041428551364337436 0.01951794530812696 0.0094306884696461132 -0.0025879160856736882 0.0065582737337738974 -0.018295588923605773 0.023908153777970172 0.036182936885195076 0.040909373441983463 0.01380704482977351 -0.018370949559276425 0.029292346386892619 0.035726762959944841 0.020910360829236464 0.0313260661767173 -0.00053211682123425249 0.00080516884998180498 0.016711629905872102 0.033807777790348575 0.016218239344197413 0.019290402710396129 0.04237211411001552 0.04620935386651133 0.0090842583857426492 -0.018294756089051636 -0.01851028155312498 0.034537024497883075 0.025848533504767946 0.025515680226474342 0.047480436624602662 0.010146983822370215 0.032266390682702692
leaf_weight=1815.6334971934557 3284.7060819417238 2617.6279237270355 332.43174327164888 202.17867648601532 1779.6235153079033 1983.7287432402372 1279.3748427182436 1158.084920167923 1861.9652929157019 568.3772015273571 259.38779662549496 1189.2042171508074 748.88882906734943 4003.8730607479811 1570.9235523939133 321.55663810670376 610.28154163062572 1871.2955551743507 747.98864901065826 3622.8546378314495 903.92306597530842 162.99291008710861 2184.4389584362507 5015.3798735290766 1382.5696316212416 975.71532259881496 604.3027681261301 3463.8392027169466 1456.6955113857985 261.37060438096523 119.72024187445641 1335.0958934128284 1037.386144772172 1253.6736409068108 417.74332302808762 294.41891978681087 1676.3484442681074
leaf_count=9496 5724 17631 2544 815 6007 3512 5244 5853 11508 3077 2030 4095 1981 7784 7244 2476 1910 4483 2726 10045 5512 906 9449 12922 5925 3914 1221 4846 6914 2039 873 3342 3755 4212 693 1589 4621
internal_value=0.0249281 0.0145523 0.0308595 0.0197102 0.0352234 0.0227383 0.0266419 0.0039388 0.00893459 0.0276612 0.0111695 0.0386431 0.0257003 0.0354445 0.00292172 0.00546259 0.0133656 0.0317196 0.00963352 0.0349052 0.00856612 0.0233053 0.0212186 0.0319138 0.0168234 0.0267671 0.0325069 0.0426791 0.0139691 -0.00273644 0.00217269 0.0400261 0.0203546 0.0295167 0.0378844 -0.000842585 0.0306399
internal_weight=54375.6 19779.1 34596.5 9733.49 24863 11165.7 8602.04 8613.42 5995.8 6604.65 2995.46 18292.1 6570.93 10208.5 3128.83 2796.4 1461.37 5143.28 2563.62 5606.58 2474.85 773.274 3964.06 6204.58 3578.04 2854.24 2606.87 8083.64 2736.07 2417.75 688.097 4619.8 2419.96 2002.56 2289.04 2156.38 1878.53
internal_count=188918 88267 100651 39068 61583 39967 27745 48300 30669 21292 14188 38713 22870 24801 17776 15232 6766 14526 12222 13557 12756 2816 15456 17017 15533 9350 7414 13912 12158 15136 3950 9066 9680 6193 5176 13097 5436
is_linear=0
shrinkage=0.01559


Tree=13
num_leaves=38
num_cat=0
split_feature=61 18 60 61 18 61 60 61 60 60 60 60 61 61 60 60 61 61 43 30 42 60 67 43 61 18 68 60 68 61 60 68 40 68 68 30 68
split_gain=12899.3 6709.34 6449.93 5046.82 3117.02 2212.58 4238.15 1956.92 2172.03 1471.29 982.231 922.481 845.387 689.265 680.487 827.629 633.778 596.947 525.131 502.034 465.683 402.367 369.119 361.219 336.043 315.595 302.762 287.671 287.482 258.678 250.396 209.291 199.535 183.571 178.638 178.579 174.996
threshold=0.29166666666666669 0.57400000000000007 0.29166666666666669 0.55000000000000016 0.59800000000000009 1.0000000180025095e-35 1.0000000180025095e-35 1.0000000180025095e-35 1.0000000180025095e-35 0.55000000000000016 0.22500000000000003 1.0000000180025095e-35 0.45000000000000007 0.55000000000000016 0.36666666666666675 0.45000000000000007 0.77500000000000013 0.63333333333333341 0.061201467349580103 3.0750000000000006 2625.4723707664884 0.77500000000000013 0.16000142703833845 0.025819516930499803 0.63333333333333341 0.60600000000000009 0.39027825838319868 0.22500000000000003 0.43149257639912836 0.45000000000000007 0.63333333333333341 0.55887415692129683 1804.3961352657007 0.53549264759253135 0.52718255834541738 4.2550000000000008 0.51478091183235219
decision_type=2 2 2 2 2 2 2 2 2 2 2 2 2 2 2 2 2 2 2 2 2 2 2 2 2 2 2 2 2 2 2 2 2 2 2 2 2
left_child=1 5 4 14 11 18 19 -3 23 17 28 29 22 26 -4 20 30 25 -1 -7 -16 -18 33 -9 34 36 -13 -10 -8 -2 -11 -25 -30 -6 -14 -24 -5
right_child=2 7 3 9 12 6 10 8 27 16 -12 13 24 -15 15 -17 21 -19 -20 -21 -22 -23 35 31 -26 -27 -28 -29 32 -31 -32 -33 -34 -35 -36 -37 -38
leaf_value=0.0048854913229381004 0.039146114607005025 -0.0074205304503036102 -0.01834745055210691 0.019127400479805351 0.019968913035618818 0.038928530543932728 -0.0017935624855926675 0.0092291751113677475 -0.0008299185942290463 0.0064290864845878435 -0.018244514388639915 0.0092894008933674683 0.022491987809550768 0.039572204704433886 0.013283215888092888 -0.01831869366064693 0.028383091216282776 0.036612778127065128 0.02034905157090517 0.029583550140117553 -0.00089394027342537498 0.00079224690676757544 0.020552609349201303 0.015813293056819892 0.041503104384995645 0.017448920987978376 0.03170389416710781 -0.018243655779550894 0.019345112137111157 0.04492443192306525 -0.018452277594157265 0.025071300929564444 0.010459495347655312 0.029848475150737099 0.032054103317033428 0.011847124335049319 0.031162363260918414
leaf_weight=1821.2207877337933 4483.1905410587788 2604.4375444352627 328.22510498017073 362.031353905797 727.31098352372646 2561.9127744287252 263.99439561367035 1164.8768750578165 2155.1641376763582 570.74837066233158 256.08571173995733 152.04897457361221 699.84274113178253 3920.4451305121183 1629.4476615339518 317.47958782315254 619.94786684215069 2331.2973565161228 756.58056290447712 3139.1249878108501 858.21302329003811 163.0747552216053 1539.8459104001522 1395.7728688120842 708.34685263037682 779.96217902004719 5858.0451194047928 258.04367163777351 1350.1944852918386 3390.7591493576765 118.23712882399559 1052.7605995982885 1144.4429865926504 1293.7259556502104 1582.449690297246 927.96944530308247 1753.0174254029989
leaf_count=9496 8436 17631 2544 1381 2697 4825 1477 5853 13097 3077 2030 676 2367 7433 7478 2476 1910 5176 2726 8732 5278 906 5910 5925 1367 3168 15372 2039 5444 4542 873 3755 5237 3924 4445 4414 4801
internal_value=0.0242399 0.014219 0.0299252 0.0192066 0.0340924 0.0221277 0.0258812 0.00386872 0.00874941 0.0268459 0.0109241 0.0376421 0.0256395 0.034471 0.00287097 0.00535983 0.0130606 0.0307252 0.00943068 0.0337873 0.00838855 0.0226541 0.0213502 0.0163978 0.0320703 0.025976 0.0311393 -0.00269917 0.013638 0.041638 0.00213522 0.0198017 0.0152754 0.0263031 0.0291312 0.0172859 0.0291115
internal_weight=55040.3 19924.6 35115.7 9831.68 25284 11293.6 8715.76 8631.06 6026.62 6698.32 3014.72 17804.5 7479.49 9930.54 3133.37 2805.14 1472.01 5226.31 2577.8 5701.04 2487.66 783.023 4488.85 3613.41 2990.64 2895.01 6010.09 2413.21 2758.63 7873.95 688.985 2448.53 2494.64 2021.04 2282.29 2467.82 2115.05
internal_count=188918 88267 100651 39068 61583 39967 27745 48300 30669 21292 14188 36459 25124 23481 17776 15232 6766 14526 12222 13557 12756 2816 16945 15533 8179 9350 16048 15136 12158 12978 3950 9680 10681 6621 6812 10324 6182
is_linear=0
shrinkage=0.01559


Tree=14
num_leaves=38
num_cat=0
split_feature=61 18 60 61 18 61 60 61 60 60 60 61 60 60 60 61 61 61 42 43 40 60 60 61 18 68 60 68 68 60 67 68 18 18 30 61 43
split_gain=12111.1 6374.14 6025.37 4771.82 2942.21 2088.23 3979.73 1891.04 2077.32 1378 949.028 905.352 721.105 664.359 805.082 601.966 557.148 539.711 500.332 476.339 446.195 433.16 379.308 355.216 345.591 298.888 283.147 274.224 270.298 244.36 209.238 206.941 204.368 199.615 197.686 197.096 199.303
threshold=0.29166666666666669 0.57400000000000007 0.29166666666666669 0.55000000000000016 0.57000000000000006 1.0000000180025095e-35 1.0000000180025095e-35 1.0000000180025095e-35 1.0000000180025095e-35 0.55000000000000016 0.22500000000000003 0.45000000000000007 1.0000000180025095e-35 0.36666666666666675 0.45000000000000007 0.77500000000000013 0.63333333333333341 0.55000000000000016 1570.4793028322442 0.10253332236300801 2475.2551020408168 1.0000000180025095e-35 0.77500000000000013 0.63333333333333341 0.77250000000000008 0.51329780306526118 0.22500000000000003 0.43149257639912836 0.43149257639912836 0.63333333333333341 0.15292848018731761 0.55887415692129683 0.76750000000000018 0.78250000000000008 4.2350000000000012 0.63333333333333341 0.10253332236300801
decision_type=2 2 2 2 2 2 2 2 2 2 2 2 2 2 2 2 2 2 2 2 2 2 2 2 2 2 2 2 2 2 2 2 2 2 2 2 2
left_child=1 5 4 13 12 18 19 -3 24 16 27 21 35 -4 20 29 25 28 -1 -7 -15 33 -17 30 31 -5 -10 -8 -14 -11 -13 -9 -27 -6 -23 36 -2
right_child=2 7 3 9 11 6 10 8 26 15 -12 23 17 14 -16 22 -18 -19 -20 -21 -22 34 -24 -25 -26 32 -28 -29 -30 -31 -32 -33 -34 -35 -36 -37 -38
leaf_value=0.020375579774635215 0.037468660933393683 -0.0073418619354584502 -0.018295725108268528 0.015217496171095796 0.029421273328121545 0.029527201568512497 -0.0017676177837534497 0.015391676106655285 -0.00081743001104206978 0.0063030440221542609 -0.018194470695226669 0.034672013952470701 0.018939525031770356 0.013209076546070318 -0.018267505480660959 0.027523692545729131 0.035423035258379428 0.038624893223826451 0.0050120362566639905 0.03902890765479132 -0.00045843529332541754 0.020989941309499011 0.00077953862953425868 0.040626844566233042 0.0091971794939460921 0.029317828637021693 -0.018193588535720059 0.014903589605981144 0.031918568213832418 -0.018395444491987083 0.025707595472509795 0.024629199803589168 0.014305199617327584 0.019535380877679188 0.012641887014239477 0.047211588330709806 0.043290388526261242
leaf_weight=711.00668880343437 4153.177779302001 2591.4129039943218 324.05531596392393 586.97922034561634 1743.6456934958696 3837.4025986045599 263.70129911601543 1378.0687317401171 2153.99372638762 573.07527080178261 252.8134066388011 1034.1861300617456 428.66127197444439 1587.4366593658924 313.43856932967901 629.27574169635773 2371.7192827314138 3716.856263011694 1880.6240328848362 1954.0256424248219 912.73463056981564 1731.3779422193766 163.15529030561447 863.47401459515095 1219.8369595259428 2096.4708369672298 254.74670619517565 2516.8486112952232 5179.550450861454 116.76615859568119 1711.7209910005331 1049.9341981709003 250.91952769458294 710.83587519824505 1165.2952018529177 965.00871767103672 2281.9597330540419
leaf_count=2474 7601 17631 2544 2388 5017 10261 1477 5770 13097 3077 2030 2542 1601 7199 2476 1910 5176 6775 9748 3296 5557 6422 906 1599 6094 5903 2039 10681 12696 873 5305 3669 1059 2682 5340 1045 2958
internal_value=0.0235865 0.0138981 0.0290446 0.0187251 0.0330317 0.0215459 0.0251599 0.00380023 0.00856953 0.0260738 0.0106865 0.0258165 0.0368959 0.00282133 0.00525957 0.0127666 0.029788 0.0339997 0.00923366 0.0327374 0.00821588 0.0217367 0.0220341 0.0318589 0.0159886 0.0252255 -0.00266234 0.0133186 0.0309299 0.0020985 0.0290924 0.0193941 0.0277204 0.0265663 0.0176376 0.0405421 0.0395373
internal_weight=55676.2 20064.4 35611.8 9926.03 25685.8 11416.4 8824.79 8647.99 6056.58 6788.36 3033.36 8960.54 16725.2 3137.67 2813.61 1482.27 5306.09 9325.07 2591.63 5791.43 2500.17 5351.15 792.431 3609.38 3647.84 2934.37 2408.74 2780.55 5608.21 689.841 2745.91 2428 2347.39 2454.48 2896.67 7400.15 6435.14
internal_count=188918 88267 100651 39068 61583 39967 27745 48300 30669 21292 14188 28907 32676 17776 15232 6766 14526 21072 12222 13557 12756 19461 2816 9446 15533 9350 15136 12158 14297 3950 7847 9439 6962 7699 11762 11604 10559
is_linear=0
shrinkage=0.01559


Tree=15
num_leaves=38
num_cat=0
split_feature=61 18 60 61 61 60 60 61 29 61 60 60 61 61 67 60 61 60 61 67 60 43 18 61 68 68 43 69 68 18 18 68 68 68 18 61 43
split_gain=11983.2 7802.73 3774.11 4472.76 2935.58 2450.52 2009.38 1588.79 1551.49 1525.76 1433.41 1200.82 888.719 828.927 815.169 796.35 676.902 612.393 570.866 424.752 404.441 384.092 339.145 326.682 294.316 282.675 256.116 251.009 246.506 240.689 232.764 232.266 231.637 224.542 216.803 196.834 194.971
threshold=1.0000000180025095e-35 0.58200000000000007 1.0000000180025095e-35 0.36666666666666675 0.45000000000000007 1.0000000180025095e-35 0.36666666666666675 0.55000000000000016 12.350000000000003 0.36666666666666675 0.22500000000000003 0.36666666666666675 0.22500000000000003 0.22500000000000003 0.58265240678377306 0.36666666666666675 0.55000000000000016 0.45000000000000007 0.55000000000000016 0.31519955091738666 0.22500000000000003 0.10253332236300801 0.79750000000000021 0.63333333333333341 0.53424813323163844 0.42182380485621507 0.10253332236300801 1.7500000000000002 0.5171893989156332 0.29100000000000004 0.88500000000000001 0.38914708261227343 0.42182380485621507 0.55352132351788785 0.74750000000000016 0.45000000000000007 0.037385785213618107
decision_type=2 2 2 2 2 2 2 2 2 2 2 2 2 2 2 2 2 2 2 2 2 2 2 2 2 2 2 2 2 2 2 2 2 2 2 2 2
left_child=8 2 12 10 5 13 18 17 36 20 32 23 21 25 27 28 -13 -8 31 -10 -7 -2 -15 30 -18 -3 35 29 -11 -9 -6 -5 -4 -29 -27 -14 -1
right_child=1 4 3 6 11 9 7 14 19 15 -12 16 26 22 -16 -17 24 -19 -20 -21 -22 -23 -24 -25 -26 34 -28 33 -30 -31 -32 -33 -34 -35 -36 -37 -38
leaf_value=-0.0090106841902848119 0.027496547830998985 -0.00096701010487859607 -0.0028260249751056016 0.0090945234779278451 0.030552928314180418 -0.0010413237777017346 0.011880915270882924 0.026836279566904552 0.0056458423837604278 0.0088223691950583896 -0.018173888055868937 -0.018272186929404761 0.034676203413764789 0.028746996340373636 0.00049189710029973535 -0.0004841582678946592 0.011230783741342745 -0.018077306510330033 0.03709542761894058 0.020845056828569502 -0.018241095222616265 0.036766968417763508 0.017030425833511633 0.038391346510429573 0.023476634184664877 0.019810591255403891 0.042651071536697636 0.025995939910378428 0.019057726668882616 0.012009343389779435 0.019299442397622244 0.030043769535426597 0.013799055228303301 0.036753958498981221 0.011064744656812908 0.040842914611154059 -0.00058271715816197881
leaf_weight=2267.031369715929 3260.5757147073746 281.54287692904472 219.72029389441013 133.58676344156265 2170.9689029753208 2102.8466819822788 1527.2289121299982 1514.3926667422056 1249.7894842475653 809.14902976155281 425.66985108703375 127.34321413934231 3516.2269953936338 2143.714827015996 273.66804188489914 935.25110571086407 788.07145518064499 185.41690003871918 4292.3552961498499 698.11396710574627 394.64079302549362 1655.7577522695065 845.04862143099308 1081.1278326511383 1230.7626932561398 1371.5567910224199 3024.0772598385811 826.5190239995718 1998.8365462571383 327.50541900098324 573.71775524318218 5659.0725918412209 2599.1458517760038 1150.5261844992638 1406.0706138461828 2045.547896578908 949.35718588531017
leaf_count=15705 8955 1479 1256 580 5759 12825 6928 4051 6378 3680 3464 981 7119 6276 1669 5691 3384 1524 7826 2328 3143 2878 3373 2074 4261 5168 3734 2436 7779 1387 1988 14159 11101 2615 6565 2818 5512
internal_value=0.0227507 0.0250466 0.029613 0.0251565 0.016884 0.0125241 0.0285627 0.0212475 0.000120727 0.0056676 0.00846986 0.0258523 0.0359267 0.0195964 0.0265245 0.0119643 0.0165028 0.00862774 0.0327715 0.0111019 -0.00376597 0.0306236 0.0254406 0.031092 0.0187049 0.0138807 0.0389605 0.0283869 0.0161138 0.024209 0.0282077 0.0295632 0.0124991 0.0322681 0.0153895 0.036949 -0.00652682
internal_weight=56061.9 50897.6 32637 19134.8 18260.6 12288.7 15890.3 5805.26 5164.29 6240.72 3244.54 5971.99 13502.2 6047.93 4092.61 3743.24 2146.18 1712.65 10085 1947.9 2497.49 4916.33 2988.76 3825.81 2018.83 3059.17 8585.85 3818.94 2807.99 1841.9 2744.69 5792.66 2818.87 1977.05 2777.63 5561.77 3216.39
internal_count=188849 158926 84500 58996 74426 55979 43175 20610 29923 33118 15821 18447 25504 22861 12158 17150 8626 8452 22565 8706 15968 11833 9649 9821 7645 13212 13671 10489 11459 5438 7747 14739 12357 5051 11733 9937 21217
is_linear=0
shrinkage=0.01559


Tree=16
num_leaves=38
num_cat=0
split_feature=61 18 60 61 61 60 60 61 29 61 60 60 61 61 67 60 61 60 61 67 60 43 18 67 68 68 43 68 69 18 68 68 68 68 18 18 43
split_gain=11357.9 7364.76 3551.14 4218.27 2772.25 2326.39 1885.66 1500.21 1500.11 1466.88 1388.19 1126.67 839.958 780.291 769.204 759.693 650.212 593.157 541.131 403.875 398.46 363.773 317.714 309.961 277.261 269.542 243.628 233.963 232.999 226.961 224.032 221.457 208.306 207.233 204.95 191.281 191.039
threshold=1.0000000180025095e-35 0.58200000000000007 1.0000000180025095e-35 0.36666666666666675 0.45000000000000007 1.0000000180025095e-35 0.36666666666666675 0.55000000000000016 12.350000000000003 0.36666666666666675 0.22500000000000003 0.36666666666666675 0.22500000000000003 0.22500000000000003 0.58265240678377306 0.36666666666666675 0.55000000000000016 0.45000000000000007 0.45000000000000007 0.31519955091738666 0.22500000000000003 0.10253332236300801 0.79750000000000021 0.15860556688523247 0.53497062922080596 0.42182380485621507 0.10253332236300801 0.4023645636661774 1.7500000000000002 0.29100000000000004 0.55629051194072276 0.42182380485621507 0.55352132351788785 0.38733113568646621 0.74750000000000016 0.86699999999999999 0.037385785213618107
decision_type=2 2 2 2 2 2 2 2 2 2 2 2 2 2 2 2 2 2 2 2 2 2 2 2 2 2 2 2 2 2 2 2 2 2 2 2 2
left_child=8 2 12 10 5 13 18 17 36 20 31 23 21 25 28 27 -13 -8 33 -10 -7 -2 -15 -6 -18 -3 -14 -11 29 -9 -25 -4 -30 -5 -27 -29 -1
right_child=1 4 3 6 11 9 7 14 19 15 -12 16 26 22 -16 -17 24 -19 -20 -21 -22 -23 -24 30 -26 34 -28 35 32 -31 -32 -33 -34 -35 -36 -37 -38
leaf_value=-0.0089251541123093348 0.026710625412340573 -0.00095250693497686773 -0.002786990763432052 0.0072293456095348686 0.035808706798854853 -0.0010257974582420018 0.011613562509299425 0.026088381645129225 0.0055385928314267349 -0.0036912176604702303 -0.018126138881353518 -0.018219394776047788 0.03583616078616552 0.027883994546211623 0.00048408238971202604 -0.0004767659036604236 0.011047132632433114 -0.01802987330922589 0.035370694924209911 0.020300282655326921 -0.018191820753021119 0.035670151207916209 0.01660433073227564 0.022130904810345839 0.02286016215210172 0.019287163057599421 0.041356640287371862 0.019239675167842297 0.025263222146656189 0.01174346625096867 0.031735410392470811 0.013475987324298628 0.035552440286046351 0.028647969406011348 0.010820215149621549 0.0097566311163234023 -0.00057385057893690513
leaf_weight=2253.187611758709 3303.8494552075863 281.38098603487015 219.33289813995361 113.99075104296207 1477.3653370440006 2101.4124234169722 1537.9528879225254 1533.3797535300255 1254.1024334281683 142.31135950982571 420.18149127811193 125.73490770161152 5644.4372972249985 2175.3650391548872 273.75638180971146 934.95417742431164 801.39698633551598 183.02620241045952 5149.6093997806311 705.62323372066021 389.58126892149448 1679.8811089545488 853.16692458093166 1269.2504300028086 1237.9736292213202 1386.7056703269482 3069.7505240738392 1982.7348586767912 837.15780784189701 329.69051216542721 1135.8654601126909 2619.8092025667429 1170.7165193706751 4967.3496571332216 1415.3657400161028 708.57022063434124 949.0055405497551
leaf_count=15705 8955 1479 1256 503 3143 12825 6928 4051 6378 753 3464 981 9937 6276 1669 5691 3415 1524 9638 2328 3143 2878 3373 3877 4230 5168 3734 7338 2436 1387 2801 11101 2615 12424 6565 3368 5512
internal_value=0.0221669 0.0243778 0.0287804 0.0244787 0.0164761 0.012245 0.0277539 0.0206987 0.000118425 0.00556173 0.00829895 0.0251285 0.0348574 0.0190871 0.0257803 0.0116977 0.016102 0.00845123 0.0317968 0.0108623 -0.00371734 0.0297354 0.0247126 0.0301572 0.0182265 0.0135557 0.0377839 0.0157181 0.0275662 0.0235588 0.0266759 0.0122156 0.0312738 0.0281702 0.0150164 0.0167488 -0.00645392
internal_weight=56634.9 51473 33053.9 19356 18419.1 12371.5 16096.6 5865.68 5161.92 6259.56 3259.32 6047.59 13697.9 6111.98 4144.7 3768.57 2165.11 1720.98 10230.9 1959.73 2490.99 4983.73 3028.53 3882.48 2039.37 3083.45 8714.19 2833.62 3870.94 1863.07 2405.12 2839.14 2007.87 5081.34 2802.07 2691.31 3202.19
internal_count=188849 158926 84500 58996 74426 55979 43175 20610 29923 33118 15821 18447 25504 22861 12158 17150 8626 8452 22565 8706 15968 11833 9649 9821 7645 13212 13671 11459 10489 5438 6678 12357 5051 12927 11733 10706 21217
is_linear=0
shrinkage=0.01559


Tree=17
num_leaves=38
num_cat=0
split_feature=61 18 60 61 61 60 60 29 61 61 60 60 61 61 67 60 61 60 61 60 67 43 61 18 68 68 43 68 69 18 18 68 68 18 68 61 43
split_gain=10777.3 6964.51 3349.56 3984.53 2621.07 2210.21 1773.49 1450.63 1418.58 1410.74 1344.82 1058.91 796.265 735.626 726.836 725.199 624.953 574.701 512.164 392.577 384.323 345.578 305.104 298.327 261.492 257.161 233.05 227.108 216.87 215.137 214.354 211.815 206.42 197.382 193.886 190.714 187.337
threshold=1.0000000180025095e-35 0.58200000000000007 1.0000000180025095e-35 0.36666666666666675 0.45000000000000007 1.0000000180025095e-35 0.36666666666666675 12.350000000000003 0.55000000000000016 0.36666666666666675 0.22500000000000003 0.36666666666666675 0.22500000000000003 0.22500000000000003 0.58265240678377306 0.36666666666666675 0.55000000000000016 0.45000000000000007 0.55000000000000016 0.22500000000000003 0.31519955091738666 0.10253332236300801 0.63333333333333341 0.79250000000000009 0.53424813323163844 0.42182380485621507 0.10253332236300801 0.5171893989156332 1.7500000000000002 0.88500000000000001 0.29100000000000004 0.42182380485621507 0.38914708261227343 0.81250000000000011 0.55352132351788785 0.45000000000000007 0.036308527912904461
decision_type=2 2 2 2 2 2 2 2 2 2 2 2 2 2 2 2 2 2 2 2 2 2 2 2 2 2 2 2 2 2 2 2 2 2 2 2 2
left_child=7 2 12 10 5 13 18 36 17 19 31 22 21 25 28 27 -13 -8 32 -7 -9 -2 29 -15 -18 -3 35 -11 30 -6 -10 -4 -5 -27 -30 -14 -1
right_child=1 4 3 6 11 9 8 20 14 15 -12 16 26 23 -16 -17 24 -19 -20 -21 -22 -23 -24 -25 -26 33 -28 -29 34 -31 -32 -33 -34 -35 -36 -37 -38
leaf_value=-0.0090094237591989163 0.025964350691802619 -0.00093821345976494554 -0.0027484351934837551 0.0086785395201700727 0.028741455790979954 -0.0010104926221861028 0.011354537637524191 0.0054337920611674207 0.0253771467749845 0.0083744987373327098 -0.018079350302700546 -0.018167641139273917 0.032587310376276865 0.027090084590574465 0.00047639364583135045 -0.00046948449046803705 0.010747474681576724 -0.017983364909437846 0.034911680238616009 -0.018143544383299025 0.019778393951740594 0.034640288251837709 0.036221053830295301 0.016251133750210759 0.022194209228675422 0.017318762481707873 0.040150887597283025 0.018128329815668906 0.024566125182020438 0.018062555249240036 0.011485725972619473 0.013163761875333545 0.028320014461077618 0.0082358826543860123 0.034427186866765623 0.038568808261610667 -0.00093422790376556134
leaf_weight=2149.1647371500731 3345.4990670681 281.2215354591608 218.95100383460522 135.10469372570515 2235.2140552550554 2099.9998442530632 1548.4392289221287 1258.3356956392527 1551.6443115025759 819.26674501597881 414.74488142132759 124.14090066403151 3621.2493215501308 2196.6315748989582 273.8433374017477 934.66182637214661 797.90259562432766 180.65834350138903 4419.8891967236996 384.56841567903757 712.90369997918606 1702.6843408495188 1113.537581294775 870.30761943757534 1261.4118954688311 1996.0173029899597 3112.3100736290216 2039.0784706473351 847.42059251666069 588.35961802303791 331.82549948990345 2639.9841761291027 5815.2950818985701 829.87434674799442 1189.9909152388573 2101.8975033462048 1039.0050083696842
leaf_count=15104 8955 1479 1256 580 5759 12825 6928 6378 4051 3680 3464 981 7119 6246 1669 5691 3384 1524 7826 3143 2328 2878 2074 3403 4261 7617 3734 7779 2436 1988 1387 11101 14159 4116 2615 2818 6113
internal_value=0.0216099 0.0237413 0.0279921 0.0238337 0.016084 0.0119754 0.0269873 0.000116179 0.0201741 0.00545857 0.00813275 0.0244393 0.0338514 0.018599 0.0250733 0.0114403 0.0157163 0.00827956 0.0308772 -0.00366925 0.01063 0.0288953 0.029272 0.0240204 0.0177673 0.0132419 0.0366804 0.015338 0.0267883 0.026523 0.0229385 0.0119411 0.0278765 0.0146568 0.0303366 0.0347885 -0.00638162
internal_weight=57183 52023.6 33451.4 19567.8 18572.2 12451.6 16294.1 5159.41 5923.82 6277.58 3273.68 6120.57 13883.6 6174.05 4194.72 3793.01 2183.46 1729.1 10370.3 2484.57 1971.24 5048.18 3937.11 3066.94 2059.31 3107.11 8835.46 2858.35 3920.88 2823.57 1883.47 2858.94 5950.4 2825.89 2037.41 5723.15 3188.17
internal_count=188849 158926 84500 58996 74426 55979 43175 29923 20610 33118 15821 18447 25504 22861 12158 17150 8626 8452 22565 15968 8706 11833 9821 9649 7645 13212 13671 11459 10489 7747 5438 12357 14739 11733 5051 9937 21217
is_linear=0
shrinkage=0.01559


Tree=18
num_leaves=38
num_cat=0
split_feature=61 18 67 61 67 61 18 67 61 29 61 67 61 61 67 68 67 61 61 68 67 67 43 68 18 18 67 68 30 67 67 67 61 43 68 68 61
split_gain=10238 6604.26 2626.6 2604.28 2065.5 1455.3 1491.6 1818.57 1455.03 1402.97 1284.72 849.027 733.563 687.343 665.01 662.222 574.569 538.839 478.58 451.584 403.322 365.989 349.509 331.532 310.894 296.663 300.295 279.056 250.128 237.084 213.936 198.603 290.241 183.666 182.413 170.221 158.457
threshold=1.0000000180025095e-35 0.47250000000000003 0.55637635605372115 0.45000000000000007 0.16825566876796272 0.45000000000000007 0.27900000000000008 0.22835696851577875 0.36666666666666675 12.350000000000003 0.36666666666666675 0.16000142703833845 0.22500000000000003 0.22500000000000003 0.3683253221207356 0.59525846405031535 0.34014804267536564 0.45000000000000007 0.22500000000000003 0.55629051194072276 0.43552025830059887 0.31519955091738666 0.037638227028347952 0.48268979285200053 0.79750000000000021 0.82500000000000018 0.28434190119064973 0.54078233075135773 4.6950000000000012 0.21691054161372889 0.58109365362802134 0.35114834939034606 0.70833333333333337 0.037385785213618107 0.50678536405884289 0.38733113568646621 0.63333333333333341
decision_type=2 2 2 2 2 2 2 2 2 2 2 2 2 2 2 2 2 2 2 2 2 2 2 2 2 2 2 2 2 2 2 2 2 2 2 2 2
left_child=9 2 5 4 13 6 20 27 12 33 18 -5 -9 28 35 17 -7 30 22 31 -2 -11 -6 -18 -15 26 34 -8 -3 -27 -4 -13 -33 -1 -12 -10 -21
right_child=1 3 15 11 10 16 7 8 14 21 25 19 -14 24 -16 -17 23 -19 -20 36 -22 -23 -24 -25 -26 29 -28 -29 -30 -31 -32 32 -34 -35 -36 -37 -38
leaf_value=-0.0087570813121911201 0.036781039370332301 0.015591173299858487 0.011034856413765105 0.03392476194478488 -0.0025676934132830265 0.037489730774932825 0.024617619194784481 0.010012542063510405 0.0069336429751538494 0.0053313668582632952 0.00934996899411248 0.018796495544247886 -0.018127784959090305 0.026304431094503054 0.010685820056668573 -0.00664835187843034 0.021672850507399258 0.023241233706919075 -0.018102201611019143 0.02309981749241671 0.028614646547533533 0.019277920467069384 0.012813119875715541 0.031778543202589188 0.015435357497423124 0.0090641500680886146 0.0053708410036782984 0.031348267717095597 0.0052967859960009614 -0.007202012495709704 -0.01755992346905165 -0.0014056850561151729 0.020338860527782641 -0.00055088862427936142 0.019651792623145061 0.026662794968488487 0.032047363427467918
leaf_weight=2226.2323651462793 2947.7028354853392 2441.4000315219164 1380.8435025587678 1602.371047437191 1866.0783240050077 4736.6190069466829 2385.1248152852058 1854.8550184071064 112.0569237023592 1262.4908535778522 568.68821689486504 2100.8113829195499 255.64290807396173 2372.8946384340525 893.0590153336525 336.47054941952229 940.68364274501801 1427.1127135902643 398.45467775315046 1499.8340853005648 2999.5892203748226 719.96249222755432 444.16495071351528 5292.9541066884995 886.7316796630621 796.58440689742565 718.61031083762646 4176.7023514062166 755.14728482067585 298.6155858784914 66.029067903757095 323.64846418052912 274.95755323767662 948.09559850394726 1637.1188232749701 3026.7367395460606 730.57775923609734
leaf_count=15705 4111 9557 6271 3279 11576 6519 6034 8137 490 6378 2421 6830 2083 6623 3906 2371 2907 3851 3296 4736 6791 2328 2115 10937 3468 3735 3951 8712 3867 1964 601 1875 921 5512 5772 7581 1638
internal_value=0.0210783 0.0231354 0.0274189 0.0160015 0.0120111 0.028871 0.0262165 0.0231954 0.0170925 0.000113985 0.00596365 0.0240528 0.006596 0.018311 0.0225831 0.0140156 0.033382 0.0164392 -0.00233156 0.0208394 0.0326662 0.0104046 0.000386411 0.0302568 0.0233532 0.0115559 0.0141494 0.0289051 0.0131636 0.00461813 0.00971793 0.0165346 0.00857101 -0.00630989 0.0170029 0.0259629 0.0260407
internal_weight=57705.7 52548.9 32832.2 19716.7 13184.5 29621.7 18651.5 12704.2 6142.35 5156.78 6728.32 6532.2 2110.5 6456.17 4031.85 3210.46 10970.3 2873.99 2708.7 4929.83 5947.29 1982.45 2310.24 6233.64 3259.63 4019.62 2924.42 6561.83 3196.55 1095.2 1446.87 2699.42 598.606 3174.33 2205.81 3138.79 2230.41
internal_count=188849 158926 81302 77624 58345 68208 47845 36943 22197 29923 34830 19279 10220 23515 11977 13094 20363 10723 16987 16000 10902 8706 13691 13844 10091 17843 12144 14746 13424 5699 6872 9626 2796 21217 8193 8071 6374
is_linear=0
shrinkage=0.01559


Tree=19
num_leaves=38
num_cat=0
split_feature=61 18 60 61 61 60 60 29 61 61 60 60 61 60 61 67 61 60 61 60 67 43 61 18 68 68 43 68 60 68 18 61 18 43 43 67 68
split_gain=9733.8 6271.67 3018.54 3577.24 2350.14 2002.01 1598.43 1357.05 1305.65 1279.74 1267.95 965.495 742.383 666.14 657.48 643.842 588.4 553.114 466.566 380.782 348.775 320.939 282.653 263.983 243.742 236.762 215.378 214.161 211.218 200.25 200.234 185.107 180.765 180.213 175.491 174.923 174.499
threshold=1.0000000180025095e-35 0.58200000000000007 1.0000000180025095e-35 0.36666666666666675 0.45000000000000007 1.0000000180025095e-35 0.36666666666666675 12.350000000000003 0.36666666666666675 0.55000000000000016 0.22500000000000003 0.36666666666666675 0.22500000000000003 0.36666666666666675 0.22500000000000003 0.58265240678377306 0.55000000000000016 0.45000000000000007 0.45000000000000007 0.22500000000000003 0.31519955091738666 0.10253332236300801 0.63333333333333341 0.79250000000000009 0.42182380485621507 0.53106592707525457 0.10253332236300801 0.4023645636661774 0.55000000000000016 0.42182380485621507 0.88500000000000001 0.77500000000000013 0.74750000000000016 0.036308527912904461 0.037638227028347952 0.1840708524601902 0.38733113568646621
decision_type=2 2 2 2 2 2 2 2 2 2 2 2 2 2 2 2 2 2 2 2 2 2 2 2 2 2 2 2 2 2 2 2 2 2 2 2 2
left_child=7 2 12 10 5 14 18 33 19 17 29 22 21 27 24 28 -13 -8 36 34 -9 -2 30 -16 -3 -18 -14 -10 -11 -4 -6 -30 -26 -1 -7 -29 -5
right_child=1 4 3 6 11 8 9 20 13 15 -12 16 26 -15 23 -17 25 -19 -20 -21 -22 -23 -24 -25 32 -27 -28 35 31 -31 -32 -33 -34 -35 -36 -37 -38
leaf_value=-0.0088412688324197367 0.024511333060070545 -0.0011187817732240535 -0.0028433927490531582 0.0067852139929212903 0.027191517799288602 -0.0027994927575815134 0.010867493450533639 0.0052312477639255344 -0.0038768624685120313 0.027046217711065197 -0.017999009603686777 -0.018139279238957189 0.032931529519923779 -0.00049026997863771502 0.025578927072512692 0.00053023111581188519 0.010008144766265806 -0.017968857538234947 0.032457183867289345 -0.018049871156401498 0.018797522163576004 0.032771745384862529 0.034296909631079377 0.015480438133459057 0.017950831443063892 0.020874412882881856 0.038025785096633062 0.0072845883181691566 0.0072091936363492268 0.012588777387975569 0.017003419508996885 0.023443632186703162 0.010092227330260153 -0.00090130482889582482 0.010251438135230185 0.017456428291628086 0.026321190228784708
leaf_weight=2123.1269305497408 3427.8836680203676 283.21855352818966 219.88949893414974 115.44712352752686 2291.7134372442961 1807.7564157247543 1568.4053255915642 1266.5695393681526 143.47148662805557 3254.5835679769516 405.53769190609455 123.22748894244432 5862.6766170412302 935.45891895890236 2254.0724142193794 273.15372769534588 783.30393882095814 179.62551631033421 5356.4199251830578 374.6820350587368 726.80658572912216 1744.2009976804256 1142.889969855547 885.55789291858673 1426.3795853704214 1317.1486485600471 3186.6857670247555 508.41007736325264 263.25101147592068 2677.5611125379801 601.19847433269024 499.86227694153786 1443.2991632819176 1037.5187776386738 290.10851134359837 2253.7864449471235 5154.701218187809
leaf_count=15104 8955 1479 1256 503 5759 11284 6928 6378 753 7824 3464 981 9937 5691 6246 1669 3285 1524 9638 3143 2328 2878 2074 3403 5168 4360 3734 2391 1244 11101 1988 1421 6565 6113 1541 8315 12424
internal_value=0.0205682 0.0225552 0.0265373 0.0226252 0.0153374 0.0114578 0.025563 0.000111844 0.00525243 0.0191505 0.00779736 0.0231479 0.0320289 0.0109407 0.0176815 0.0237323 0.0148843 0.00789467 0.0292053 -0.00358033 0.0101859 0.0273014 0.0276964 0.0227364 0.0126422 0.01683 0.0347282 0.0146241 0.0253068 0.0114136 0.0250806 0.0178642 0.0140041 -0.00623876 -0.000987932 0.0155895 0.0258958
internal_weight=58209.6 53055.6 34189.9 19968.4 18865.7 12606.2 16665.4 5154.02 6313.67 6038.88 3302.99 6259.48 14221.4 3841.13 6292.53 4290.85 2223.68 1748.03 10626.6 2472.55 1993.38 5172.08 4035.8 3139.63 3152.9 2100.45 9049.36 2905.67 4017.7 2897.45 2892.91 763.113 2869.68 3160.65 2097.86 2762.2 5270.15
internal_count=188849 158926 84500 58996 74426 55979 43175 29923 33118 20610 15821 18447 25504 17150 22861 12158 8626 8452 22565 15968 8706 11833 9821 9649 13212 7645 13671 11459 10489 12357 7747 2665 11733 21217 12825 10706 12927
is_linear=0
shrinkage=0.01559


Tree=20
num_leaves=38
num_cat=0
split_feature=61 18 60 61 30 61 60 60 61 60 60 60 61 61 60 60 43 61 18 61 40 60 67 68 60 61 30 60 30 18 68 68 68 68 68 43 68
split_gain=8747.87 5001.25 4228.6 3659.33 2385.41 1555.98 1783.45 1472.83 2719.43 992.835 789.379 769.539 648.801 567.689 550.951 666.649 486.277 466.268 386.949 371.061 336.322 328.432 299.509 289.77 243.716 240.992 236.469 228.321 208.234 196.331 192.695 191.633 191.509 179.369 178.424 160.529 149.432
threshold=0.29166666666666669 0.55400000000000016 0.29166666666666669 0.55000000000000016 3.9250000000000003 1.0000000180025095e-35 1.0000000180025095e-35 1.0000000180025095e-35 1.0000000180025095e-35 0.55000000000000016 1.0000000180025095e-35 0.22500000000000003 0.77500000000000013 0.55000000000000016 0.45000000000000007 0.36666666666666675 0.061201467349580103 0.63333333333333341 0.28500000000000003 0.63333333333333341 2459.31712962963 0.90000000000000013 0.15687622350522193 0.5171893989156332 0.22500000000000003 0.63333333333333341 3.1100000000000008 0.63333333333333341 4.6950000000000012 0.30100000000000005 0.40396869726878631 0.53497062922080596 0.41108207236206468 0.39761490575174435 0.47341577111401906 0.036148269548783356 0.5562112868628396
decision_type=2 2 2 2 2 2 2 2 2 2 2 2 2 2 2 2 2 2 2 2 2 2 2 2 2 2 2 2 2 2 2 2 2 2 2 2 2
left_child=1 7 4 14 10 -3 28 8 16 17 25 29 27 23 15 -4 -1 31 -10 22 -17 -14 -6 -12 35 26 -2 -11 36 -9 -20 -5 -28 -24 -15 -8 -7
right_child=2 5 3 9 19 6 24 11 18 12 13 -13 21 34 -16 20 -18 -19 30 -21 -22 -23 33 -25 -26 -27 32 -29 -30 -31 -32 -33 -34 -35 -36 -37 -38
leaf_value=0.0042405279187602545 0.034972574320477796 -0.0070065110994720556 -0.018011921467999119 0.014934945645794251 0.022089567663152173 0.012591798287485065 -0.0035430841310466286 0.015627629560820158 0.032800459628351382 0.0044837553465021983 0.018483677136528431 -0.017915243457783805 0.022779174099880943 0.023885374953435862 -0.018055424422374417 0.011101980624018633 0.018673207859047237 0.030294410186968185 0.010006448871186242 0.031706050528435323 -0.00077586623289090475 -0.017423032539957688 -0.0025728652495457848 0.026396450970036536 -0.017914462903555205 0.04008542226239608 0.015385804863936276 -0.01854430369385714 0.0073143093434507693 0.0073848430762072908 0.025484036483860165 0.023647671023254439 0.030568074202535926 0.015478915934321854 0.032977567694898506 0.0071201394880570784 0.019554127832550249
leaf_weight=1822.9987806379795 4758.2647038847208 2531.8744691982865 293.46836121380329 853.27419999241829 2343.9884316027164 1628.2782788872719 1748.8835701644421 1469.4953769445419 2250.3175083249807 593.30638559162617 1406.4039301127195 230.51609875261784 827.13657879829407 617.16120798885822 298.96011818945408 1598.6936680525541 825.53898166120052 2546.9772187024355 209.42208227515221 520.87749783694744 905.95323270559311 51.932093635201454 139.05074819922447 5939.3192891925573 242.78712768852711 1235.3352296054363 218.62293550372124 126.61366225779057 910.96810467541218 1361.2345861792564 3768.0683093070984 2291.9479835927486 3538.400108769536 2908.0964205116034 4164.5144543796778 426.05814698338509 1418.9334201812744
leaf_count=9350 6515 17788 2483 3124 6937 6600 11011 5749 3543 3060 4471 2000 2525 1427 2502 7032 2721 5163 745 964 5507 338 691 14102 2102 1295 622 924 4476 6121 9138 6214 6852 10821 7018 2318 4916
internal_value=0.020296 0.0121721 0.0247311 0.0162414 0.027904 0.00333036 0.00743701 0.0187685 0.0219854 0.0222718 0.0302795 0.00943594 0.011401 0.0276161 0.0020401 0.00419332 0.00874537 0.0253226 0.0276133 0.0191101 0.00680188 0.020385 0.0178888 0.024884 -0.00310901 0.0335897 0.0326443 0.000410665 0.0138811 0.0116693 0.0246729 0.0212896 0.0296892 0.0146514 0.0318084 -0.00144831 0.0158395
internal_weight=59023.7 20845.4 38178.3 10388.3 27790 8907.78 6375.91 11937.6 8876.35 7291.19 21878 3061.25 1598.99 12127.4 3097.08 2798.12 2648.54 5692.2 6227.81 5912.01 2504.65 879.069 5391.14 7345.72 2417.73 9750.62 8515.29 719.92 3958.18 2830.73 3977.49 3145.22 3757.02 3047.15 4781.68 2174.94 3047.21
internal_count=189165 88578 100587 38872 61715 49211 31423 39367 25497 21348 42302 13870 6847 27018 17524 15022 12071 14501 13426 19413 12539 2863 18449 18573 15431 15284 13989 3984 15992 11870 9883 9338 7474 11512 8445 13329 11516
is_linear=0
shrinkage=0.01559


Tree=21
num_leaves=38
num_cat=0
split_feature=61 18 60 61 29 61 60 60 61 60 60 60 61 61 60 60 43 61 61 18 40 60 68 68 60 60 61 29 67 68 67 68 68 18 18 68 68
split_gain=8302.43 4778.48 4006.26 3484.56 2245.19 1505.35 1711.1 1403.32 2583.84 939.856 748.686 745.27 619.021 543.93 538.715 649.758 464.061 442.002 395.636 370.837 322.708 314.396 285.355 271.793 240.172 223.356 216.565 204.172 196.475 189.488 188.808 183.867 181.77 181.653 177.744 177.41 155.557
threshold=0.29166666666666669 0.55400000000000016 0.29166666666666669 0.55000000000000016 7.7500000000000009 1.0000000180025095e-35 1.0000000180025095e-35 1.0000000180025095e-35 1.0000000180025095e-35 0.55000000000000016 1.0000000180025095e-35 0.22500000000000003 0.77500000000000013 0.55000000000000016 0.45000000000000007 0.36666666666666675 0.061201467349580103 0.63333333333333341 0.63333333333333341 0.28500000000000003 2459.31712962963 0.90000000000000013 0.53738580249309209 0.5171893989156332 0.22500000000000003 0.63333333333333341 0.63333333333333341 12.750000000000002 0.15687622350522193 0.5562112868628396 0.35589008877589295 0.37920772776248041 0.47341577111401906 0.74250000000000005 0.73250000000000004 0.41108207236206468 0.35983335750000506
decision_type=2 2 2 2 2 2 2 2 2 2 2 2 2 2 2 2 2 2 2 2 2 2 2 2 2 2 2 2 2 2 2 2 2 2 2 2 2
left_child=1 7 4 14 18 -3 29 8 16 17 26 30 25 23 15 -4 -1 33 22 -10 -17 -14 -2 36 -8 -11 27 35 -24 34 -9 -21 -15 -5 -7 -6 -12
right_child=2 5 3 9 10 6 24 11 19 12 13 -13 21 32 -16 20 -18 -19 -20 31 -22 -23 28 -25 -26 -27 -28 -29 -30 -31 -32 -33 -34 -35 -36 -37 -38
leaf_value=0.0041636227929012252 0.013644916867818182 -0.0069309612757372614 -0.017966879720175844 0.022547564011012513 0.014000613981943407 0.015559058174607834 -0.0014271465377517615 0.0077369594006736877 0.031954496129714162 0.004401821134319985 -0.0024518879886185302 -0.017871661890247026 0.022177830481076397 0.022942513790134251 -0.018009554711111864 0.010859108469149005 0.018213025166549664 0.029474083555527945 0.031390863740808406 0.0032814613228359314 -0.00076416593534839186 -0.017340550310994247 0.024785118400680654 0.025748963665416152 -0.017870970725128433 -0.018485963184516591 0.039026029113183529 0.033885771435461245 0.017377384594657909 0.017237436348767111 0.015823070739263447 0.024578288773908784 0.032280374900991789 0.012918493119271197 0.0064694041932912283 0.029751644807197615 0.019326594212119574
leaf_weight=1827.6952882260084 2327.6611226052046 2519.6711012646556 289.64831059426069 2582.4374728798866 188.15480953454971 924.39496777951717 2172.802423030138 1555.786570161581 2273.7035141587257 594.92279233038425 83.986233681440353 227.50028805434704 836.25710028409958 592.99721437692642 295.08027233183384 1608.8961653262377 833.15151378512383 2576.8235770761967 584.57862515747547 102.41990415751934 905.4937266856432 51.371929258108139 1591.2257515639067 5866.2255680859089 239.60955771803856 125.04663523286581 1225.2929577976465 5158.4219093620777 1975.4286220520735 1843.4801624119282 1293.2604297995567 3916.0726539641619 4129.0957886874676 593.53176474571228 1220.0397154837847 3075.9242164343596 1278.4121547937393
leaf_count=9350 8503 17788 2483 7058 546 3465 13329 6916 3543 3060 400 2000 2525 1362 2502 7032 2721 5163 1050 411 5507 338 4279 13690 2102 924 1265 7090 6920 6825 4954 9472 6817 2280 5702 5913 3880
internal_value=0.0198225 0.0119218 0.024117 0.0158778 0.0271857 0.00327341 0.00729254 0.0183333 0.0214556 0.0217166 0.0296014 0.00924191 0.0111618 0.0269853 0.00200612 0.00411858 0.00856886 0.0246632 0.0191294 0.0269026 0.00666951 0.0198717 0.0179095 0.0242865 -0.00306759 0.000403486 0.0328396 0.0319365 0.0206877 0.0135621 0.011413 0.0240386 0.0311121 0.0207533 0.0103949 0.0288488 0.0179758
internal_weight=59486.5 20949.6 38536.9 10459.5 28077.4 8920 6400.33 12029.6 8953.04 7360.39 21598.5 3076.55 1607.6 11950.7 3099.12 2804.04 2660.85 5752.79 6478.89 6292.2 2514.39 887.629 5894.32 7228.62 2412.41 719.969 9647.79 8422.5 3566.65 3987.91 2849.05 4018.49 4722.09 3175.97 2144.43 3264.08 1362.4
internal_count=189165 88578 100587 38872 61715 49211 31423 39367 25497 21348 40963 13870 6847 26149 17524 15022 12071 14501 20752 13426 12539 2863 19702 17970 15431 3984 14814 13549 11199 15992 11870 9883 8179 9338 9167 6459 4280
is_linear=0
shrinkage=0.01559


Tree=22
num_leaves=38
num_cat=0
split_feature=18 61 61 60 61 61 60 67 60 60 61 60 61 61 60 68 43 68 60 68 60 61 70 61 60 68 18 30 30 40 61 61 61 43 67 68 60
split_gain=7932.7 4750.85 2793.61 2423.16 2936.82 1459.48 1647.59 1436.41 1267.52 1141.59 977.135 1171.31 605.225 565.096 818.292 501.45 442.733 437.714 427.439 302.883 301.439 365.199 281.286 246.267 236.639 216.82 208.779 201.782 195.184 179.658 178.806 165.055 163.427 154.781 154.151 149.706 149.238
threshold=0.50100000000000011 0.29166666666666669 1.0000000180025095e-35 1.0000000180025095e-35 0.36666666666666675 1.0000000180025095e-35 1.0000000180025095e-35 0.56654003206197123 1.0000000180025095e-35 0.22500000000000003 0.55000000000000016 0.29166666666666669 0.22500000000000003 0.70833333333333337 0.45000000000000007 0.43178269674879183 0.061201467349580103 0.59311289916365884 0.55000000000000016 0.5528247113096415 0.36666666666666675 0.55000000000000016 1.0000000180025095e-35 0.63333333333333341 0.22500000000000003 0.4023645636661774 0.79250000000000009 3.0750000000000006 4.6950000000000012 1804.3961352657007 0.63333333333333341 0.77500000000000013 0.45000000000000007 0.036148269548783356 0.5825876936676303 0.41108207236206468 0.55000000000000016
decision_type=2 2 2 2 2 2 2 2 2 2 2 2 2 2 2 2 2 2 2 2 2 2 2 2 2 2 2 2 2 2 2 2 2 2 2 2 2
left_child=2 5 16 12 9 -2 28 13 23 29 11 25 22 14 15 -6 -1 34 19 -12 32 -22 -4 26 33 -10 35 -14 -7 -5 -21 -20 -17 -8 -9 -3 -16
right_child=1 8 3 4 7 6 24 17 10 -11 18 -13 27 -15 36 20 -18 -19 31 30 21 -23 -24 -25 -26 -27 -28 -29 -30 -31 -32 -33 -34 -35 -36 -37 -38
leaf_value=0.0040937882385699183 -0.0068580447582138699 0.011518347198323934 0.022895463144798976 0.014942074017137767 0.014480763487890153 0.015147808907238226 -0.0034786576931227944 0.010587625700063115 -0.0023242615356247626 -0.017856708416888332 0.017259086145460321 -0.0034466542373250424 0.034662256623625411 0.0321609997342963 -0.017891257275660221 0.025185589584646527 0.017770506243751431 -0.0057782498526437586 -0.0010178030616157668 0.022511903506795057 0.011949662508048063 0.025001645719607512 0.030408883761883429 0.035703590111353274 -0.017828416568592933 0.015118609624777169 0.017509075062278851 0.02999919291752379 0.006944747037211387 0.007105673531758735 0.03248245287501008 0.015765301365927062 0.029487230023402661 0.0069749916814166582 0.022188917496422229 0.026583676451201424 0.0060313935619589962
leaf_weight=1831.8734364211559 2508.06030472368 174.10150350630283 3416.87320291996 1485.2240122109652 1052.0480445325375 3098.2592639774084 1743.3221933841705 898.27589631080627 181.40764373540878 371.38535992056131 1911.4427966028452 1228.1160719394684 4386.0011157244444 2610.0228118896484 86.691993333399296 4930.9086631834507 840.53716479241848 332.3666837066412 290.12989854812622 1267.9845055341721 768.89166022837162 1650.0452832430601 1910.4107462018728 453.46351461112499 236.58074602484703 3351.9428071379662 1052.8826791793108 4864.6044464558363 921.17882293462753 1381.0376283377409 686.42624785006046 277.13614484667778 3952.8569247722626 428.10611084103584 409.00141702592373 2706.0578576922417 232.15974609553814
leaf_count=9347 17791 578 8559 5701 3577 11520 11012 3629 900 3311 5965 8002 5348 4527 727 11110 2721 2357 1598 3575 3175 3943 3057 648 2103 12218 3463 8091 4476 6165 1236 974 6947 2321 1040 6358 1095
internal_value=0.0193682 0.0120557 0.023769 0.0249507 0.0214466 0.00322542 0.00716197 0.0240494 0.0178643 0.00783666 0.0145706 0.00966096 0.0297955 0.0255376 0.0241718 0.0248082 0.00840152 0.0101681 0.0198401 0.0216959 0.0257679 0.02086 0.025594 0.0247638 -0.00303186 0.0142198 0.0234963 0.0322127 0.0132714 0.0111716 0.0260252 0.00716773 0.0271021 -0.00141178 0.0142312 0.0256785 -0.000453127
internal_weight=59927.8 22516.6 37411.2 34738.8 20160.9 8935.51 6427.45 16923.3 13581.1 3237.65 9194.59 4761.47 14577.9 15283.6 12673.6 12354.8 2672.41 1639.64 4433.12 3865.85 11302.7 2418.94 5327.28 4386.51 2408.01 3533.35 3933.04 9250.61 4019.44 2866.26 1954.41 567.266 8883.77 2171.43 1307.28 2880.16 318.852
internal_count=189165 94738 94427 82359 57304 49223 31432 42127 45515 15177 34468 21120 25055 35101 30574 28752 12068 7026 13348 10776 25175 7118 11616 11047 15436 13118 10399 13439 15996 11866 4811 2572 18057 13333 4669 6936 1822
is_linear=0
shrinkage=0.01559


Tree=23
num_leaves=38
num_cat=0
split_feature=18 61 61 60 61 61 60 67 60 60 61 60 61 61 60 68 43 68 60 68 30 60 61 61 60 68 30 30 30 18 61 61 61 69 43 67 60
split_gain=7565.1 4536.87 2663.2 2315.82 2795.57 1412.25 1581.64 1364.22 1202.12 1107.15 930.324 1122.97 583.259 534.623 778.263 477.079 422.993 420.407 405.913 286.53 271.35 256.493 334.3 234.692 233.206 207.22 198.545 195.32 185.845 173.784 169.845 158.943 158.197 152.265 149.801 146.93 145.987
threshold=0.50100000000000011 0.29166666666666669 1.0000000180025095e-35 1.0000000180025095e-35 0.36666666666666675 1.0000000180025095e-35 1.0000000180025095e-35 0.56654003206197123 1.0000000180025095e-35 0.22500000000000003 0.55000000000000016 0.29166666666666669 0.22500000000000003 0.70833333333333337 0.45000000000000007 0.4360709721038995 0.061201467349580103 0.59311289916365884 0.55000000000000016 0.5528247113096415 3.0750000000000006 0.36666666666666675 0.55000000000000016 0.63333333333333341 0.22500000000000003 0.4023645636661774 4.2550000000000008 3.0750000000000006 4.6950000000000012 0.30100000000000005 0.63333333333333341 0.45000000000000007 0.77500000000000013 1.7500000000000002 0.036148269548783356 0.5825876936676303 0.55000000000000016
decision_type=2 2 2 2 2 2 2 2 2 2 2 2 2 2 2 2 2 2 2 2 2 2 2 2 2 2 2 2 2 2 2 2 2 2 2 2 2
left_child=2 5 16 12 9 -2 28 13 23 29 11 25 20 14 15 33 -1 35 19 -12 -4 31 -23 26 34 -10 -3 -14 -7 -5 -21 -17 -20 -6 -8 -9 -16
right_child=1 8 3 4 7 6 24 17 10 -11 18 -13 27 -15 36 21 -18 -19 32 30 -22 22 -24 -25 -26 -27 -28 -29 -30 -31 -32 -33 -34 -35 -36 -37 -38
leaf_value=0.0040199493587945124 -0.006783565430757252 0.025194384613787427 0.028792986145146006 0.014601965910882655 0.0058014228821487747 0.014793151117834889 -0.0034323818105396571 0.010364371540276479 -0.0022911029578872753 -0.017815175906666144 0.016856461274426641 -0.0034008345860593132 0.033832591657401732 0.031312329705833419 -0.017844296932699691 0.024539542491007864 0.017344616585156344 -0.0057111160357196517 -0.0010025875698039879 0.021935029646734886 0.021721687419182664 0.011995836359648777 0.024585196663939966 0.034749872945576452 -0.017786584669867121 0.014767210486498733 0.01753848752956565 0.029264789429422594 0.0068080863183604193 0.0069157629802886868 0.031599775502319093 0.028788747256021763 0.015396860087675962 0.0182651628584375 0.0068356790870788605 0.021647372729942219 0.0059167620107315527
leaf_weight=1836.4093481749296 2496.1654529199004 2778.5976646244526 2462.0986272394657 1504.2500517070293 330.85598085820675 3122.8913138657808 1739.31800994277 903.28822164237499 181.17165733873844 366.48702271282673 1926.4767616540194 1225.2860362529755 4423.212657392025 2638.7497879713774 85.574841365218163 4918.2442354112864 847.702910810709 331.04626674205065 289.94866167008877 1280.9503115713596 2914.1027346253395 751.81249964237213 1648.4087910354137 458.61481338739395 233.46549536287785 3378.0063777714968 1193.9817376881838 4908.5962044298649 924.99808546900749 1379.4673700332642 694.5456884354353 3936.7857391536236 279.33595246076584 882.45468156039715 430.01376758515835 412.67794927954674 232.96942275762558
leaf_count=9347 17791 6584 4255 5749 1389 11520 11012 3629 900 3311 5965 8002 5348 4527 727 10970 2721 2357 1598 3575 7361 3069 3871 648 2103 12218 3815 8091 4476 6117 1236 6843 974 2610 2321 1040 1095
internal_value=0.0189319 0.0118053 0.0232082 0.0243551 0.0209422 0.0031706 0.00702434 0.0234654 0.0174486 0.00768396 0.0142478 0.00946392 0.0290695 0.0249059 0.0235821 0.0241968 0.00823418 0.00996428 0.019363 0.0211586 0.024964 0.0251998 0.0206491 0.0241302 -0.00299138 0.0138957 0.0228981 0.0314324 0.012972 0.0109304 0.0253442 0.0264311 0.00703037 0.0148784 -0.00139112 0.0139164 -0.000446802
internal_weight=60349 22633.8 37715.2 35031.1 20323.1 8946.85 6450.69 17072.9 13686.9 3250.2 9255.72 4784.46 14708 15425.9 12787.1 12468.6 2684.11 1647.01 4471.26 3901.97 5376.2 11255.3 2400.22 4431.19 2402.8 3559.18 3972.58 9331.81 4047.89 2883.72 1975.5 8855.03 569.285 1213.31 2169.33 1315.97 318.544
internal_count=189165 94738 94427 82359 57304 49223 31432 42127 45515 15177 34468 21120 25055 35101 30574 28752 12068 7026 13348 10776 11616 24753 6940 11047 15436 13118 10399 13439 15996 11866 4811 17813 2572 3999 13333 4669 1822
is_linear=0
shrinkage=0.01559


Tree=24
num_leaves=38
num_cat=0
split_feature=18 61 61 60 61 61 60 67 60 60 61 60 61 61 60 68 43 68 60 60 61 68 70 60 61 68 30 68 67 18 61 18 61 61 43 60 61
split_gain=7222.88 4335.13 2542 2216.73 2664.16 1366.68 1518.78 1297.36 1141.41 1074.04 886.543 1076.99 563.413 506.874 740.916 454.9 404.352 403.916 385.849 276.586 330.728 271.516 263.683 229.825 228.81 198.138 189.546 177.606 167.057 163.539 161.699 155.616 151.681 151.521 144.989 142.821 142.638
threshold=0.50100000000000011 0.29166666666666669 1.0000000180025095e-35 1.0000000180025095e-35 0.36666666666666675 1.0000000180025095e-35 1.0000000180025095e-35 0.56654003206197123 1.0000000180025095e-35 0.22500000000000003 0.55000000000000016 0.29166666666666669 0.22500000000000003 0.70833333333333337 0.45000000000000007 0.43178269674879183 0.061201467349580103 0.59311289916365884 0.55000000000000016 0.36666666666666675 0.55000000000000016 0.5528247113096415 1.0000000180025095e-35 0.22500000000000003 0.45000000000000007 0.4023645636661774 3.0750000000000006 0.5562112868628396 0.35589008877589295 0.73250000000000004 0.63333333333333341 0.74750000000000016 0.77500000000000013 0.45000000000000007 0.036148269548783356 0.55000000000000016 0.63333333333333341
decision_type=2 2 2 2 2 2 2 2 2 2 2 2 2 2 2 2 2 2 2 2 2 2 2 2 2 2 2 2 2 2 2 2 2 2 2 2 2
left_child=2 5 16 12 9 -2 27 13 24 28 11 25 22 14 15 -6 -1 -9 21 33 -21 -12 -4 34 31 -10 -14 29 -5 -7 -23 -3 -20 -17 -8 -16 -28
right_child=1 8 3 4 7 6 23 17 10 -11 18 -13 26 -15 35 19 -18 -19 32 20 -22 30 -24 -25 -26 -27 36 -29 -30 -31 -32 -33 -34 -35 -36 -37 -38
leaf_value=0.0039476397116632624 -0.0067096266114934945 0.024206202852920956 0.021773632421927751 0.0072520478998751876 0.013838675629651465 0.014527566369882866 -0.0033866288408669885 0.013611729506632544 -0.002258379661709292 -0.017774449031134724 0.016468135672293986 -0.0033555311094342452 0.033047671473703626 0.030508385804917285 -0.017798196553709952 0.023954203677501895 0.016934404516220695 -0.0056445465924407807 -0.00098759059520143371 0.011421875454109035 0.023749838528892734 0.021382723615824929 0.028985160862939618 -0.0177455525340782 0.028186582552763833 0.014427774623015878 0.027622228104910187 0.016196639371795905 0.014787928553605037 0.0059021560258171232 0.030764641003458784 0.01681730101707999 0.015041179099124188 0.028058773075628193 0.0066998422271940476 0.0058047631878975414 0.036219901179578094
leaf_weight=1840.8648759126663 2484.4255428910255 1534.0091595351696 3480.0364084392786 1577.0395736694336 1066.2253241091967 947.9341117888689 1735.3703207969666 1324.4011272937059 180.93901377916336 361.63897346705198 1941.0548393428326 1222.4961149841547 4457.4069817215204 2665.8552999347448 84.468618832528591 5023.5669313669205 854.65556533634663 329.74353933334351 289.77015687525272 779.09780812263489 1682.9068005681038 1293.4609398245811 1942.9288454502821 230.38222568482161 1638.9545889496803 3403.3838884681463 4409.4620089679956 1886.9672716259956 1323.7360141575336 1240.7245759367943 702.22690089046955 1301.1725123524666 281.47597534954548 4025.2644085586071 431.8855068385601 233.76371179521084 540.48262029886246
leaf_count=9347 17791 3679 8559 6912 3577 3467 11012 4669 900 3311 5965 8002 5348 4527 727 11110 2721 2357 1598 3175 3943 3575 3057 2103 3234 12218 7537 6827 4954 5702 1236 4134 974 6947 2321 1095 554
internal_value=0.0185124 0.0115628 0.0226716 0.0237858 0.0204587 0.00311691 0.00689017 0.0229069 0.0170484 0.00753517 0.0139358 0.00927237 0.0283785 0.0243028 0.0230181 0.0236126 0.00807121 0.00976611 0.0189046 0.0245164 0.0198556 0.0206434 0.0243613 -0.00295138 0.0235244 0.0135823 0.030692 0.0126822 0.0106963 0.00964485 0.0246949 0.0208218 0.00689643 0.0257824 -0.00137075 -0.000440568 0.028566
internal_weight=60750.2 22746.6 38003.5 35308 20477.7 8957.69 6473.26 17215.3 13788.9 3262.41 9314.81 4806.82 14830.3 15561.1 12895.3 12577.1 2695.52 1654.14 4507.99 11510.8 2462 3936.74 5422.97 2397.64 4474.14 3584.32 9407.35 4075.63 2900.78 2188.66 1995.69 2835.18 571.246 9048.83 2167.26 318.232 4949.94
internal_count=189165 94738 94427 82359 57304 49223 31432 42127 45515 15177 34468 21120 25055 35101 30574 28752 12068 7026 13348 25175 7118 10776 11616 15436 11047 13118 13439 15996 11866 9169 4811 7813 2572 18057 13333 1822 8091
is_linear=0
shrinkage=0.01559


Tree=25
num_leaves=38
num_cat=0
split_feature=61 29 30 67 61 67 61 67 61 18 67 61 70 68 67 18 68 68 43 30 61 43 61 68 67 61 61 68 18 67 69 61 67 68 61 67 18
split_gain=7249.41 4070.25 2495.04 1607.04 1405.21 1392.1 1090.28 988.554 923.736 673.616 661.48 551.734 569.502 506.5 419.755 1206.92 737.825 319.445 311.178 306.992 303.478 281.861 272.466 265.308 256.893 212.482 205.698 189.784 217.344 332.697 307.553 193.293 213.276 188.788 185.242 182.264 173.821
threshold=0.29166666666666669 11.15 3.9250000000000003 0.56654003206197123 1.0000000180025095e-35 0.16825566876796272 1.0000000180025095e-35 0.21905587968713999 0.36666666666666675 0.43649999999999994 0.13594619182859632 0.55000000000000016 1.0000000180025095e-35 0.52383351716645643 0.22369874038749885 0.27900000000000008 0.54606635594804998 0.59525846405031535 0.037881065617084805 4.6950000000000012 0.55000000000000016 0.061201467349580103 0.45000000000000007 0.57562048754470097 0.40901001764924977 0.45000000000000007 0.36666666666666675 0.56633173267447645 0.16150000000000003 0.51947338514404495 1.2500000000000002 0.55000000000000016 0.40234299837720716 0.40601412800803277 0.63333333333333341 0.3683253221207356 0.28500000000000003
decision_type=2 2 2 2 2 2 2 2 2 2 2 2 2 2 2 2 2 2 2 2 2 2 2 2 2 2 2 2 2 2 2 2 2 2 2 2 2
left_child=1 4 3 7 -1 19 21 22 -9 27 25 12 -12 34 36 16 -16 26 -7 -6 24 -3 -2 -18 -15 -4 -5 28 29 -10 -30 32 -32 -13 -11 -17 -8
right_child=2 6 10 17 5 18 14 8 9 13 11 33 -14 20 15 35 23 -19 -20 -21 -22 -23 -24 -25 -26 -27 -28 -29 30 -31 31 -33 -34 -35 -36 -37 -38
leaf_value=-0.0067292951670441942 0.026906222228190842 0.0041688556596161368 0.017708681776194155 -0.017289140482186671 0.014729818857052612 -0.004914237605359896 0.033066240602690707 -0.017819693596400739 0.030360842453596083 0.011802916398969302 0.011527254822909701 0.00081101183248614463 -0.0029919546420296072 0.019815581103082989 0.027914574149086106 0.0076517632456425009 0.013806888328600034 -0.0045619824110666157 0.0078143696459685823 0.0044615304960871367 0.026022174043894866 0.015144129769874727 0.032653296818493535 -0.017325543797997493 -0.0011881792209319359 0.026892862096156819 0.0138165105661835 0.030246831126005288 0.0092401544516725106 0.023570348730457602 0.022290223282641537 0.026921561742551985 0.0087046262701541578 0.017769622885223761 0.023136613215882035 -0.017736126134922835 0.021913025723915552
leaf_weight=2582.5347215086222 4456.3192551285028 1716.642017826438 1643.1718468517065 53.171205312013626 3206.3731325566769 2051.2461770102382 378.61202657222748 132.32641357183456 3072.1207190304995 1985.2229939103127 2290.7573356032372 170.96609157323837 918.67246121168137 2522.724742308259 2006.2369863539934 1902.5257255733013 957.50200164318085 326.78462758660316 603.47147676348686 912.84002812206745 2796.5385295152664 853.59165343642235 3744.441361695528 70.859626121819019 148.86556737869978 994.71014572679996 1301.7432781457901 1834.6357699632645 419.24377092719078 4186.7980094105005 1571.8631316572428 1892.4465068429708 346.26509903371334 2717.8140804767609 429.56457406282425 70.691405013203621 3882.2076502144337
leaf_count=18412 8146 8662 4936 521 11436 13579 458 1159 4150 7069 8878 723 5800 7307 3288 8323 3565 2327 2857 4485 5937 2754 4632 707 822 2055 4545 3386 1650 8701 3790 3639 1444 8220 991 621 9160
internal_value=0.0181106 0.0107393 0.0220203 0.0240817 0.00305283 0.006784 0.0168129 0.0249259 0.0231543 0.0234108 0.0146513 0.0118244 0.00736802 0.0197896 0.019305 0.0162344 0.0224071 0.00924474 -0.00201594 0.0124576 0.0224196 0.00781983 0.0295331 0.0116453 0.0186412 0.0211796 0.0125831 0.0255518 0.0248001 0.0264472 0.0219686 0.0233651 0.0198457 0.01677 0.013827 0.00673333 0.0229096
internal_weight=61152.5 21195.3 39957.2 31221.1 9356.47 6773.93 11838.9 29539.4 21338.6 21206.3 8736.09 6098.21 3209.43 7882.92 9268.64 5007.82 3034.6 1681.7 2654.72 4119.21 5468.13 2570.23 8200.76 1028.36 2671.59 2637.88 1354.91 13323.4 11488.7 7258.92 4229.82 3810.57 1918.13 2888.78 2414.79 1973.22 4260.82
internal_count=189135 88307 100828 70216 50769 32357 37538 62823 50045 48886 30612 23621 14678 22126 26122 16504 7560 7393 16436 15921 14066 11416 12778 4272 8129 6991 5066 26760 23374 12851 10523 8873 5234 8943 8060 8944 9618
is_linear=0
shrinkage=0.01559


Tree=26
num_leaves=38
num_cat=0
split_feature=61 29 60 61 30 61 60 60 61 60 60 60 60 60 61 61 61 61 60 43 30 42 42 60 61 60 68 68 18 67 61 43 68 68 61 28 68
split_gain=6914.47 3900.57 3063.53 2713.43 1766.78 1360.22 1618.22 1045.06 1972.66 688.572 679.297 610.766 515.93 609.599 461.37 425.365 418.797 376.592 302.271 296.916 282.89 278.298 270.015 242.254 223.056 222.045 210.766 203.971 194.125 167.025 164.164 160.879 158.253 155.639 146.981 143.494 142.515
threshold=0.29166666666666669 11.15 0.29166666666666669 0.55000000000000016 3.9150000000000005 1.0000000180025095e-35 1.0000000180025095e-35 1.0000000180025095e-35 1.0000000180025095e-35 0.55000000000000016 1.0000000180025095e-35 0.22500000000000003 0.45000000000000007 0.36666666666666675 0.45000000000000007 0.77500000000000013 0.45000000000000007 0.63333333333333341 0.90000000000000013 0.10253332236300801 4.6950000000000012 2600.5494505494512 1657.9012345679014 0.63333333333333341 0.63333333333333341 0.22500000000000003 0.38914708261227343 0.54449305316634999 0.58200000000000007 0.35589008877589295 0.63333333333333341 0.10253332236300801 0.42182380485621507 0.39220052413644929 0.90000000000000013 32.850000000000001 0.55648409864401327
decision_type=2 2 2 2 2 2 2 2 2 2 2 2 2 2 2 2 2 2 2 2 2 2 2 2 2 2 2 2 2 2 2 2 2 2 2 2 2
left_child=1 5 4 12 10 -1 20 8 22 17 24 29 13 -4 26 23 27 28 34 36 35 -15 -3 -11 31 -8 -12 -6 -5 -9 -18 32 -2 -16 -17 -7 -10
right_child=2 7 3 9 16 6 25 11 19 15 14 -13 -14 21 33 18 30 -19 -20 -21 -22 -23 -24 -25 -26 -27 -28 -29 -30 -31 -32 -33 -34 -35 -36 -37 -38
leaf_value=-0.0066556638714213943 0.018826780552440761 0.014593314436188248 -0.017823436987683725 0.021033020492022582 0.0094738921874726097 0.010708371166843242 -0.0018758560105877043 0.0067330261887874228 0.018626088877302605 0.005639759290052484 0.002657395569897933 -0.017675649861941332 -0.017905819560485484 0.010142806409901822 0.010502299836611514 0.016205499086084828 0.019565406915105166 0.026153684023858856 -0.018840506713183006 0.028489479747611922 0.0046607409822980068 -0.00070995802468968683 0.0039832648385845874 -0.018486245631262131 0.035155187322724865 -0.017708264477674214 0.021357707046496054 0.016747177353919809 0.013037533963787118 0.014324695291174028 0.028823633578435624 0.031562425901372766 0.02766925046007257 0.027299916609884893 0.031526611272590863 0.017210679060601339 0.024520631816976401
leaf_weight=2570.4974728375673 551.18884027004242 894.52992022037506 274.98018142580986 2189.8491014391184 1636.7087355107069 1446.5968174934387 2230.8306376487017 1464.0832945257425 2195.6215263158083 621.99539195001125 151.3157861828804 200.86728462576866 280.68880166858435 1739.8718782812357 140.05409999191761 654.57958778738976 1993.1059584021568 2734.6128404438496 51.476337879896164 2207.129054710269 910.43664781749249 854.35379077494144 1685.9367015212774 120.30012345314026 1337.4068176746368 238.277009986341 6560.7574654072523 2230.1459957361221 1131.7646186500788 1374.1261476874352 620.11107948422432 2599.0496271252632 5720.4940115958452 5849.0957654118538 202.11997263133526 1969.8625265806913 1888.612237483263
leaf_count=18412 1219 2919 2467 5376 6270 5381 13701 6377 5522 3107 657 1879 2454 7344 414 1973 5383 5220 346 3262 4431 5270 8497 893 1318 2205 15744 7281 3939 5057 1038 2991 9563 10086 475 6639 4025
internal_value=0.0177198 0.0105305 0.0215202 0.0144398 0.0241351 0.00300161 0.00665612 0.0164498 0.0191536 0.0194226 0.0261692 0.00855165 0.0022444 0.00422165 0.0237555 0.0104796 0.0169412 0.0218571 0.0176338 0.0238623 0.012403 0.00656493 0.00766718 0.00170733 0.0291703 -0.00341075 0.0209379 0.0136727 0.0183139 0.0104139 0.0217706 0.0282652 0.0268951 0.0269096 0.0198459 0.0144622 0.0213566
internal_weight=61523.4 21277.4 40246 10856.6 29389.4 9366.5 6796 11910.9 8871.83 7706.7 22909.4 3039.08 3149.89 2869.21 12701.2 1650.47 6480.07 6056.23 908.176 6291.36 4326.9 2594.23 2580.47 742.296 10208.1 2469.11 6712.07 3866.85 3321.61 2838.21 2613.22 8870.73 6271.68 5989.15 856.7 3416.46 4084.23
internal_count=189135 88307 100828 38864 61964 50769 32357 37538 24225 21329 41992 13313 17535 15081 26901 6794 19972 14535 2794 12809 16451 12614 11416 4000 15091 15906 16401 13551 9315 11434 6421 13773 10782 10500 2448 12020 9547
is_linear=0
shrinkage=0.01559


end of trees

feature_importances:
form_venue_top2_5=276
form_venue_win_5=232
prob_win_max_in_race=138
st_x_course=90
prob_win=90
jyo_course_avg_rank=42
mkt_win_prob_180d=42
jyo_course_win_pct=19
top2_pct=15
mkt_avg_payout_180d=14
mkt_avg_payout_90d=10
motor_top2_pct=9
prob_win_rank=9
win_pct=4
is_likely_winner=3
course=2
winrate_x_course=2
top3_pct=1
motor_win_pct=1

parameters:
[boosting: gbdt]
[objective: binary]
[metric: binary_logloss,auc]
[tree_learner: serial]
[device_type: cpu]
[data_sample_strategy: bagging]
[data: ]
[valid: ]
[num_iterations: 2000]
[learning_rate: 0.01559]
[num_leaves: 38]
[num_threads: -1]
[seed: 42]
[deterministic: 0]
[force_col_wise: 0]
[force_row_wise: 0]
[histogram_pool_size: -1]
[max_depth: 12]
[min_data_in_leaf: 46]
[min_sum_hessian_in_leaf: 0.001]
[bagging_fraction: 0.648663]
[pos_bagging_fraction: 1]
[neg_bagging_fraction: 1]
[bagging_freq: 5]
[bagging_seed: 400]
[bagging_by_query: 0]
[feature_fraction: 0.972905]
[feature_fraction_bynode: 1]
[feature_fraction_seed: 30056]
[extra_trees: 0]
[extra_seed: 12879]
[early_stopping_round: 0]
[early_stopping_min_delta: 0]
[first_metric_only: 0]
[max_delta_step: 0]
[lambda_l1: 0.696299]
[lambda_l2: 0.399214]
[linear_lambda: 0]
[min_gain_to_split: 0]
[drop_rate: 0.1]
[max_drop: 50]
[skip_drop: 0.5]
[xgboost_dart_mode: 0]
[uniform_drop: 0]
[drop_seed: 17869]
[top_rate: 0.2]
[other_rate: 0.1]
[min_data_per_group: 100]
[max_cat_threshold: 32]
[cat_l2: 10]
[cat_smooth: 10]
[max_cat_to_onehot: 4]
[top_k: 20]
[monotone_constraints: ]
[monotone_constraints_method: basic]
[monotone_penalty: 0]
[feature_contri: ]
[forcedsplits_filename: ]
[refit_decay_rate: 0.9]
[cegb_tradeoff: 1]
[cegb_penalty_split: 0]
[cegb_penalty_feature_lazy: ]
[cegb_penalty_feature_coupled: ]
[path_smooth: 0]
[interaction_constraints: ]
[verbosity: -1]
[saved_feature_importance_type: 0]
[use_quantized_grad: 0]
[num_grad_quant_bins: 4]
[quant_train_renew_leaf: 0]
[stochastic_rounding: 1]
[linear_tree: 0]
[max_bin: 255]
[max_bin_by_feature: ]
[min_data_in_bin: 3]
[bin_construct_sample_cnt: 200000]
[data_random_seed: 175]
[is_enable_sparse: 1]
[enable_bundle: 1]
[use_missing: 1]
[zero_as_missing: 0]
[feature_pre_filter: 1]
[pre_partition: 0]
[two_round: 0]
[header: 0]
[label_column: ]
[weight_column: ]
[group_column: ]
[ignore_column: ]
[categorical_feature: ]
[forcedbins_filename: ]
[precise_float_parser: 0]
[parser_config_file: ]
[objective_seed: 16083]
[num_class: 1]
[is_unbalance: 0]
[scale_pos_weight: 5]
[sigmoid: 1]
[boost_from_average: 1]
[reg_sqrt: 0]
[alpha: 0.9]
[fair_c: 1]
[poisson_max_delta_step: 0.7]
[tweedie_variance_power: 1.5]
[lambdarank_truncation_level: 30]
[lambdarank_norm: 1]
[label_gain: ]
[lambdarank_position_bias_regularization: 0]
[eval_at: ]
[multi_error_top_k: 1]
[auc_mu_weights: ]
[num_machines: 1]
[local_listen_port: 12400]
[time_out: 120]
[machine_list_filename: ]
[machines: ]
[gpu_platform_id: -1]
[gpu_device_id: -1]
[gpu_use_dp: 0]
[num_gpu: 1]

end of parameters

pandas_categorical:null
